,gene,pathway,frac_in_Hcar2-,frac_in_Hcar2+,frac_in_Hcar2-high,mean_in_Hcar2-,mean_in_Hcar2+,enrichment(+/-),spearman_rho,fisher_p,population,n_cells,n_Hcar2+
0,Bdh1,Ketone body synthesis,0.05648519282406506,0.08563476771569258,0.044444444444444446,0.13251061737537384,0.1890104115009308,1.5160569245540145,0.031325376034012975,1.888224278601673e-14,Microglia,56065,4671
1,Acss1,Ketone body utilisation,0.12215433708214966,0.22457717833440377,0.1358974358974359,0.30083605647087097,0.5207952857017517,1.8384707714747288,0.0778087483647537,2.6748952728357427e-76,Microglia,56065,4671
2,Acss2,Ketone body utilisation,0.05720512122037592,0.08092485549132948,0.06068376068376068,0.1349223256111145,0.1800585687160492,1.4146435452793835,0.025488001148281158,3.0252055941432347e-10,Microglia,56065,4671
3,Ffar3,Ketone / SCFA receptors,0.00040860800871697086,0.0,0.0,0.0010047623654827476,0.0,0.0,-0.005828360465072353,0.4136231089322183,Microglia,56065,4671
4,Ffar2,Ketone / SCFA receptors,0.010351402887496594,0.008349389852280027,0.003418803418803419,0.025151384994387627,0.018715064972639084,0.8065950038873678,-0.006373646963712525,0.22267031118359837,Microglia,56065,4671
5,Slc16a1,Monocarboxylate transporters,0.17439778962524807,0.20873474630700065,0.14444444444444443,0.43234479427337646,0.48696956038475037,1.1968887149059457,0.018912906857817144,8.050571999877143e-09,Microglia,56065,4671
6,Slc16a3,Monocarboxylate transporters,0.2428299023232284,0.31213872832369943,0.20598290598290597,0.6421050429344177,0.7686881422996521,1.2854212983548243,0.03320055587666584,1.0995408461317782e-24,Microglia,56065,4671
7,Slc2a1,Glucose transporters,0.19430283690703196,0.262684649967887,0.18205128205128204,0.4975104331970215,0.6315827369689941,1.3519341979220492,0.039039954446877946,2.1850295379814296e-27,Microglia,56065,4671
8,Slc2a3,Glucose transporters,0.039206911312604585,0.05223720830657247,0.029914529914529916,0.09391088783740997,0.11357930302619934,1.3323469398054517,0.01595448174543126,3.102576360575141e-05,Microglia,56065,4671
9,Slc2a4,Glucose transporters,0.061135541113748686,0.08242346392635409,0.06581196581196581,0.1594875305891037,0.19532985985279083,1.34820862668079,0.022643119335259847,3.41883797359338e-08,Microglia,56065,4671
10,Hk1,Glycolysis,0.16949449352064444,0.18497109826589594,0.11196581196581197,0.40792956948280334,0.414783775806427,1.091310368990639,0.005036218816488141,0.0078035511186983235,Microglia,56065,4671
11,Hk2,Glycolysis,0.43041989337276726,0.6486833654463712,0.5085470085470085,1.1865339279174805,1.783994436264038,1.5070942942792278,0.11339622702477112,2.898408208667397e-181,Microglia,56065,4671
12,Gpi1,Glycolysis,0.3553138498657431,0.4414472275743952,0.2777777777777778,0.9141062498092651,1.0685793161392212,1.2424149178006936,0.030827189697616744,5.166198840945872e-31,Microglia,56065,4671
13,Pfkl,Glycolysis,0.32665291668288127,0.4193962748876044,0.2811965811965812,0.8500305414199829,1.0207322835922241,1.2839201901104087,0.03687603753434214,1.1029275164791593e-36,Microglia,56065,4671
14,Pfkp,Glycolysis,0.2360975989415107,0.2269321344465853,0.13162393162393163,0.6017444133758545,0.5271100997924805,0.9611793405099559,-0.016564619588433502,0.16003711679879967,Microglia,56065,4671
15,Pfkfb2,Glycolysis,0.08672218546912092,0.11218154570755727,0.0735042735042735,0.20524020493030548,0.24943198263645172,1.2935737850783482,0.02174902024042201,1.3888427917189153e-08,Microglia,56065,4671
16,Aldoa,Glycolysis,0.7475969957582597,0.8512095910939842,0.688034188034188,2.5166351795196533,2.7593820095062256,1.138594183662595,0.014944366860483081,1.101456808516708e-61,Microglia,56065,4671
17,Aldoc,Glycolysis,0.36274662411954706,0.5739670306144294,0.4666666666666667,1.1055611371994019,1.7309081554412842,1.5822808330954237,0.1110828417595398,2.9032900622158064e-172,Microglia,56065,4671
18,Tpi1,Glycolysis,0.37835155854769037,0.46992078783986296,0.3128205128205128,1.0025831460952759,1.1780887842178345,1.2420215464254007,0.03291006782481554,4.1206673671381075e-34,Microglia,56065,4671
19,Pgk1,Glycolysis,0.35529439234151844,0.4617854849068722,0.2914529914529915,0.9357215166091919,1.1496174335479736,1.2997263533025079,0.042937351963575,3.132490925526892e-46,Microglia,56065,4671
20,Eno1,Glycolysis,0.09913608592442698,0.12909441233140656,0.0829059829059829,0.2313636988401413,0.28875991702079773,1.3021939602277348,0.024449881265078504,3.353965119572069e-10,Microglia,56065,4671
21,Eno2,Glycolysis,0.18626687940226486,0.23592378505673303,0.14188034188034188,0.471600741147995,0.5751515030860901,1.266590098109865,0.02951924104425523,7.041931803600622e-16,Microglia,56065,4671
22,Pkm,Glycolysis,0.4810289138809978,0.603082851637765,0.44358974358974357,1.3437755107879639,1.6253103017807007,1.2537351378153585,0.04685985290368664,1.2088656274856052e-57,Microglia,56065,4671
23,Ldha,Glycolysis,0.2776394131610694,0.36416184971098264,0.23675213675213674,0.7171028256416321,0.8835082650184631,1.3116360014048807,0.039486116989523784,1.2608532339274391e-34,Microglia,56065,4671
24,Ldhb,Glycolysis,0.4864575631396661,0.7638621280239777,0.6444444444444445,1.4341456890106201,2.3072919845581055,1.5702543981306472,0.1535903640019854,2.6400516952635356e-303,Microglia,56065,4671
25,Pdk1,Pyruvate fate,0.096081254621162,0.11753371868978806,0.06666666666666667,0.22668081521987915,0.2574784457683563,1.2232741875947686,0.015900608661283264,4.077271451204749e-06,Microglia,56065,4671
26,Pdk4,Pyruvate fate,0.03613262248511499,0.04024834082637551,0.024786324786324785,0.08456502109766006,0.08535120636224747,1.1139058849923227,0.004293873973021698,0.15358928183735776,Microglia,56065,4671
27,Mpc1,Pyruvate fate,0.20479044246410086,0.31021194605009633,0.17435897435897435,0.5022174119949341,0.7166534662246704,1.5147774589357388,0.0608487266508192,1.186720837696456e-58,Microglia,56065,4671
28,Mpc2,Pyruvate fate,0.09617854224228509,0.13851423678013272,0.09914529914529914,0.22537006437778473,0.30847302079200745,1.440178168132337,0.03525090815245471,1.062703038249858e-18,Microglia,56065,4671
29,Pcx,Pyruvate fate,0.07938669883644005,0.11967458788268037,0.05299145299145299,0.18725194036960602,0.263256311416626,1.5074891592260968,0.035992049733811496,1.092816377023066e-19,Microglia,56065,4671
30,G6pdx,Pentose phosphate pathway,0.01953535432151613,0.023121387283236993,0.011111111111111112,0.043554723262786865,0.0496627502143383,1.1835663127835478,0.006267589952701866,0.0998183181566509,Microglia,56065,4671
31,Pygb,Glycogen,0.1882904619216251,0.23549561121815457,0.1452991452991453,0.4605756998062134,0.537646472454071,1.2507038796058525,0.024715466808952768,1.994027463472569e-14,Microglia,56065,4671
32,Agl,Glycogen,0.14881114526987585,0.19289231427959752,0.12222222222222222,0.3572351336479187,0.4332834482192993,1.29622222804467,0.028075512737847412,6.560715348687969e-15,Microglia,56065,4671
33,Cs,TCA cycle,0.3045880842121648,0.36630271890387495,0.25555555555555554,0.7752975225448608,0.8782078623771667,1.2026167072534657,0.023859416064544937,7.672675594556114e-18,Microglia,56065,4671
34,Idh2,TCA cycle,0.18912713546328366,0.18903874973239135,0.10598290598290598,0.46315205097198486,0.42364463210105896,0.999532664994498,-0.007894241433276194,1.0,Microglia,56065,4671
35,Ogdh,TCA cycle,0.287329260224929,0.38878184542924427,0.25213675213675213,0.7215210795402527,0.9304460287094116,1.3530882483910462,0.04906334372873625,7.470543663386371e-46,Microglia,56065,4671
36,Sdha,TCA cycle,0.39418998326652915,0.5054592164418754,0.34273504273504274,1.036347508430481,1.2676806449890137,1.2822731116942467,0.04435621262944704,5.96633349575667e-49,Microglia,56065,4671
37,Sdhb,TCA cycle,0.4109623691481496,0.50417469492614,0.34102564102564104,1.0883903503417969,1.2681883573532104,1.2268147469832886,0.03263668498283895,1.1703864537648668e-34,Microglia,56065,4671
38,Fh1,TCA cycle,0.12301046814803285,0.16120745022479127,0.1111111111111111,0.2910343110561371,0.3604896068572998,1.310518142494926,0.027283735401453003,3.223355890526914e-13,Microglia,56065,4671
39,Got2,Anaplerosis / amino acids,0.1160252169513951,0.15928066795118817,0.09829059829059829,0.2738936245441437,0.3525419235229492,1.3728107745569957,0.03208142091747716,4.3959032445330243e-17,Microglia,56065,4671
40,Glud1,Anaplerosis / amino acids,0.31562050044752304,0.4074074074074074,0.26495726495726496,0.8098019361495972,0.9920403361320496,1.290814148097916,0.04019634833105851,1.7782835662622657e-36,Microglia,56065,4671
41,Idh1,Anaplerosis / amino acids,0.2420710588784683,0.21879683151359453,0.12735042735042734,0.6050204038619995,0.500213623046875,0.9038537383497851,-0.024742286436016038,0.0003455706297155198,Microglia,56065,4671
42,Ndufs1,Oxidative phosphorylation,0.24816126396077362,0.32262898736887174,0.19829059829059828,0.6155182123184204,0.7560325860977173,1.3000779501988236,0.036376811863802934,9.098778668409295e-28,Microglia,56065,4671
43,Atp5o,Oxidative phosphorylation,0.43647118340662333,0.5731106829372725,0.41965811965811967,1.1757712364196777,1.508351445198059,1.3130550302638277,0.06191436754545966,9.485591472914343e-72,Microglia,56065,4671
44,Ppargc1a,Mitochondrial biogenesis / dynamics,0.01803712495622057,0.028901734104046242,0.01282051282051282,0.04176361858844757,0.062175191938877106,1.6023470577598196,0.02037478651162532,9.55270107011783e-07,Microglia,56065,4671
45,Tfam,Mitochondrial biogenesis / dynamics,0.06457952290150601,0.07600085634767716,0.05299145299145299,0.1513311266899109,0.16591967642307281,1.1768568879579753,0.010370809338397171,0.0030191332612286713,Microglia,56065,4671
46,Nrf1,Mitochondrial biogenesis / dynamics,0.09458302525586644,0.1314493684435881,0.08205128205128205,0.22322437167167664,0.29532429575920105,1.3897775852272716,0.03120950100779846,6.469307136595026e-15,Microglia,56065,4671
47,Opa1,Mitochondrial biogenesis / dynamics,0.13622212709654824,0.18068935988011134,0.09914529914529914,0.3269209861755371,0.4050590991973877,1.3264317899840654,0.029826787747653,4.613044324391683e-16,Microglia,56065,4671
48,Mfn2,Mitochondrial biogenesis / dynamics,0.1562439195236798,0.1948190965532006,0.11623931623931624,0.37473708391189575,0.4347130358219147,1.2468907407540712,0.022512935060257425,1.712275800469196e-11,Microglia,56065,4671
49,Dnm1l,Mitochondrial biogenesis / dynamics,0.21693193758026227,0.29329907942624706,0.17692307692307693,0.5292253494262695,0.6777485013008118,1.3520327283193598,0.041849116141340216,2.3435721384940403e-31,Microglia,56065,4671
50,Pink1,Mitochondrial biogenesis / dynamics,0.38237926606218625,0.4789124384500107,0.33931623931623933,1.0360394716262817,1.2238543033599854,1.2524539925554574,0.03598344886224175,1.3679664472491707e-37,Microglia,56065,4671
51,Prkn,Mitochondrial biogenesis / dynamics,0.01803712495622057,0.019267822736030827,0.011111111111111112,0.042950619012117386,0.04246816784143448,1.0682313718398795,0.0015874899224871306,0.5289266356178177,Microglia,56065,4671
52,Cd36,Fatty acid uptake / activation,0.10670506284780325,0.2920145579105117,0.2170940170940171,0.2857239842414856,0.7609156370162964,2.736651383890014,0.15185323233306916,1.237053882129045e-235,Microglia,56065,4671
53,Fabp7,Fatty acid uptake / activation,0.19169552866093317,0.2575465639049454,0.16153846153846155,0.4972235858440399,0.6294242739677429,1.343518890106655,0.03797870941054579,9.174119237846949e-26,Microglia,56065,4671
54,Acsl1,Fatty acid uptake / activation,0.15176868895201776,0.1383001498608435,0.09145299145299145,0.37038516998291016,0.3111110329627991,0.911256141275409,-0.015365395575699754,0.014007320433527863,Microglia,56065,4671
55,Acsl6,Fatty acid uptake / activation,0.11421566719850566,0.21258831085420682,0.13760683760683762,0.2856457531452179,0.4960799515247345,1.8612885260717384,0.07612043049498896,4.062785489491013e-74,Microglia,56065,4671
56,Cpt1a,Fatty acid beta-oxidation,0.17922325563295327,0.1738385784628559,0.10598290598290598,0.432346373796463,0.3905738890171051,0.9699554773119115,-0.009688245368371302,0.3694972920202768,Microglia,56065,4671
57,Cpt1c,Fatty acid beta-oxidation,0.051698641864809124,0.04131877542282167,0.019658119658119658,0.11865036934614182,0.08748070895671844,0.7992236146332318,-0.014922200202848698,0.001727789503995439,Microglia,56065,4671
58,Cpt2,Fatty acid beta-oxidation,0.0595011090788808,0.0708627702847356,0.0452991452991453,0.13812658190727234,0.151974618434906,1.1909487298932968,0.010762921908124248,0.0023019929061897657,Microglia,56065,4671
59,Slc25a20,Fatty acid beta-oxidation,0.1112775810405884,0.11410832798116036,0.07008547008547009,0.26306062936782837,0.2522907853126526,1.0254386095932428,-0.0014841292494941676,0.5601327246643917,Microglia,56065,4671
60,Hadhb,Fatty acid beta-oxidation,0.1575475736467292,0.19310640119888675,0.10170940170940171,0.37587302923202515,0.4301169812679291,1.2257021592213888,0.01993430823663995,6.051893935877344e-10,Microglia,56065,4671
61,Echs1,Fatty acid beta-oxidation,0.35585866054403237,0.4786983515307215,0.37094017094017095,0.9281138777732849,1.1953983306884766,1.3451923603570397,0.055412618577842826,1.2603667029588315e-60,Microglia,56065,4671
62,Acaa2,Fatty acid beta-oxidation,0.10209362960656886,0.09184328837508028,0.0547008547008547,0.23965409398078918,0.20089378952980042,0.8995986206877981,-0.012168861005699996,0.02579217997569723,Microglia,56065,4671
63,Decr1,Fatty acid beta-oxidation,0.09847453010078998,0.12224363091415115,0.05897435897435897,0.22891801595687866,0.2682749927043915,1.2413730818419055,0.01790901265834141,4.6960780376553637e-07,Microglia,56065,4671
64,Acox1,Fatty acid beta-oxidation,0.3432890998949294,0.4176835795332905,0.2794871794871795,0.8867666125297546,1.0278884172439575,1.2167108704037823,0.029444603719008134,6.716837481254788e-24,Microglia,56065,4671
65,Ehhadh,Fatty acid beta-oxidation,0.015896797291512627,0.02547634339541854,0.01452991452991453,0.03652134910225868,0.055112119764089584,1.6026085587076384,0.019576269431120043,4.005150652022178e-06,Microglia,56065,4671
66,Acly,Lipid synthesis,0.4799782075728684,0.6381931064011989,0.4948717948717949,1.336926817893982,1.726445198059082,1.3296293380242912,0.06866366094631662,3.2420724263951898e-96,Microglia,56065,4671
67,Acaca,Lipid synthesis,0.12894501303654124,0.18432883750802825,0.12307692307692308,0.3089560866355896,0.4178251326084137,1.4295150558152412,0.04036397705803401,1.7882498745337674e-24,Microglia,56065,4671
68,Fasn,Lipid synthesis,0.17169319375802622,0.2607578676942839,0.1623931623931624,0.41894903779029846,0.6064075827598572,1.5187431836219432,0.05728448500652439,8.364617798783848e-48,Microglia,56065,4671
69,Elovl1,Lipid synthesis,0.16778223138887807,0.24812673945621921,0.18034188034188034,0.4032112956047058,0.5708856582641602,1.4788618401499398,0.052888428648047506,3.5110233493303325e-40,Microglia,56065,4671
70,Srebf1,Lipid synthesis,0.12153169630696191,0.1273817169770927,0.08034188034188035,0.28959783911705017,0.2820102274417877,1.0481357608582615,0.000918866327985922,0.24309897654731083,Microglia,56065,4671
71,Mlxipl,Lipid synthesis,0.20911001284196598,0.4497966174266752,0.33247863247863246,0.5693777203559875,1.1498373746871948,2.1510046855891454,0.1446996508175622,2.5098268421282123e-267,Microglia,56065,4671
72,Hmgcr,Cholesterol synthesis,0.1569249328715414,0.2254335260115607,0.15042735042735042,0.3821573257446289,0.5246235728263855,1.4365692046916492,0.04609523991057395,2.041044743827132e-31,Microglia,56065,4671
73,Lss,Cholesterol synthesis,0.05448106782892945,0.07942624705630486,0.046153846153846156,0.1290302574634552,0.1744760423898697,1.4578687647184756,0.02707629193951322,1.6403356551227976e-11,Microglia,56065,4671
74,Srebf2,Cholesterol synthesis,0.24059228703739735,0.2466281310211946,0.16495726495726495,0.6153995394706726,0.5758143067359924,1.0250874375821493,-0.006358651133957809,0.3622653236484216,Microglia,56065,4671
75,Ldlr,Cholesterol / lipid transport,0.08096275829863409,0.09227146221365874,0.07179487179487179,0.19889786839485168,0.21543483436107635,1.1396778488365242,0.00962380927624607,0.008089028733169596,Microglia,56065,4671
76,Abca1,Cholesterol / lipid transport,0.5251002062497567,0.518946692357097,0.358974358974359,1.5729398727416992,1.3914539813995361,0.9882812579019767,-0.04094445691207106,0.4262507058777428,Microglia,56065,4671
77,Apod,Cholesterol / lipid transport,0.66412421683465,0.5731106829372725,0.4341880341880342,2.533112049102783,1.8328794240951538,0.8629570619617422,-0.11156712880784975,4.4932279268270264e-35,Microglia,56065,4671
78,Lpl,Cholesterol / lipid transport,0.16354049110791144,0.18754014129736674,0.11538461538461539,0.4401659369468689,0.4958868622779846,1.1467505082494784,0.01435698325818791,3.2537600752541657e-05,Microglia,56065,4671
79,Nr1h2,Cholesterol / lipid transport,0.14600926178153092,0.17126953543138515,0.1094017094017094,0.35441088676452637,0.38542795181274414,1.173004598075774,0.014092065961961815,5.034724670222257e-06,Microglia,56065,4671
80,Nr1h3,Cholesterol / lipid transport,0.08931003619099506,0.047741383001498605,0.022222222222222223,0.21199075877666473,0.10292643308639526,0.5345578731980434,-0.04335046595595388,2.0123458630169635e-25,Microglia,56065,4671
81,Plin2,Cholesterol / lipid transport,0.34219947853835075,0.32798116035110253,0.2,0.9501122832298279,0.801823079586029,0.9584502049857602,-0.03012808347381744,0.051121082079266064,Microglia,56065,4671
82,Plin4,Cholesterol / lipid transport,0.042436860333891116,0.05908798972382787,0.035897435897435895,0.10453741997480392,0.13978153467178345,1.3923742062661209,0.020680257483911314,3.5920246872953766e-07,Microglia,56065,4671
83,Ugt8a,Myelin lipid synthesis,0.11154998637973304,0.1738385784628559,0.12393162393162394,0.2902708947658539,0.4285283088684082,1.5583917497854556,0.04970173065379023,3.14008361927577e-33,Microglia,56065,4671
84,Cers2,Myelin lipid synthesis,0.3082655562906176,0.4050524512952259,0.2948717948717949,0.7787963151931763,0.9775275588035583,1.3139724598792426,0.045790015847746966,1.177701741961789e-40,Microglia,56065,4671
85,Hif1a,Nutrient sensing / regulators,0.4388644588862513,0.5290087775636909,0.3564102564102564,1.2085579633712769,1.3743464946746826,1.2054035519445059,0.02635989464571071,3.290850580963832e-32,Microglia,56065,4671
86,Epas1,Nutrient sensing / regulators,0.27999377359224814,0.2990794262470563,0.18205128205128204,0.765721321105957,0.7605160474777222,1.0681645609827108,-0.00016249518515433638,0.005913166101660593,Microglia,56065,4671
87,Prkaa1,Nutrient sensing / regulators,0.16805463672802273,0.2179404838364376,0.15042735042735042,0.40593886375427246,0.49206164479255676,1.2968430272420834,0.029937185184576474,4.6883419549315405e-17,Microglia,56065,4671
88,Prkaa2,Nutrient sensing / regulators,0.014982293652955598,0.01327338899593235,0.004273504273504274,0.03431849181652069,0.02804793417453766,0.8859383818921391,-0.0047144750627059985,0.37672792010008127,Microglia,56065,4671
89,Mtor,Nutrient sensing / regulators,0.1497451064326575,0.2132305716120745,0.1564102564102564,0.3595658838748932,0.48267364501953125,1.4239568603730455,0.042786349587855155,3.166259888829718e-28,Microglia,56065,4671
90,Rptor,Nutrient sensing / regulators,0.1920457640969763,0.27767073431813316,0.18461538461538463,0.4752550721168518,0.6508386135101318,1.4458571144423644,0.05206166382897079,1.4338234586599037e-41,Microglia,56065,4671
91,Tsc2,Nutrient sensing / regulators,0.18634470949916332,0.2607578676942839,0.1717948717948718,0.4501790404319763,0.5949917435646057,1.3993306726824712,0.04456892777672371,9.34382112441868e-33,Microglia,56065,4671
92,Ddit4,Nutrient sensing / regulators,0.1654667860061486,0.1599229287090559,0.08461538461538462,0.4140683114528656,0.36165884137153625,0.9664956488797293,-0.011117435302808393,0.33334213049027117,Microglia,56065,4671
93,Txnip,Nutrient sensing / regulators,0.589718644199712,0.5589809462641833,0.41367521367521365,1.7849409580230713,1.488803505897522,0.9478773509403932,-0.070478344585041,4.760660077572046e-05,Microglia,56065,4671
94,Sirt1,Nutrient sensing / regulators,0.05080359575047671,0.047313209162920145,0.026495726495726495,0.1184762567281723,0.10020682960748672,0.9312964656143692,-0.0062046346875018876,0.3115971424652376,Microglia,56065,4671
95,Sirt3,Nutrient sensing / regulators,0.03720278631746896,0.045600513808606295,0.028205128205128206,0.08694782108068466,0.10062409192323685,1.225728455376314,0.010714673248617539,0.0050512254694913645,Microglia,56065,4671
96,Ppara,Nutrient sensing / regulators,0.012511188076429156,0.0074930421751231,0.0017094017094017094,0.0277902539819479,0.015865804627537727,0.5989073243363555,-0.013340837000317341,0.0020162374490160775,Microglia,56065,4671
97,Pparg,Nutrient sensing / regulators,0.010331945363271977,0.002569043031470777,0.0008547008547008547,0.02312440797686577,0.005265813320875168,0.24865046621357648,-0.0221357035971445,2.812049902236449e-09,Microglia,56065,4671
98,Nfe2l2,Nutrient sensing / regulators,0.45931431684632446,0.6037251123956326,0.46068376068376066,1.2631134986877441,1.618625283241272,1.314405169298532,0.06388329439424863,6.357128011060857e-80,Microglia,56065,4671
99,P2ry12,context,0.4201852356306184,0.769642474844787,0.6974358974358974,1.4549834728240967,2.6191627979278564,1.8316742464539468,0.17579921497874879,0.0,Microglia,56065,4671
100,Tmem119,context,0.386056738140639,0.7289659601798331,0.6666666666666666,1.2501357793807983,2.2818639278411865,1.8882352984971693,0.17122699817691248,0.0,Microglia,56065,4671
101,Cx3cr1,context,0.6233217885356267,0.883536715906658,0.82991452991453,2.1639976501464844,3.158038377761841,1.4174648346279628,0.14760523113270177,0.0,Microglia,56065,4671
102,Hexb,context,0.8446705841148773,0.9773067865553414,0.9726495726495726,3.799229621887207,4.996363639831543,1.1570271357081203,0.16942545749499124,6.42236577356009e-191,Microglia,56065,4671
103,Csf1r,context,0.8699653656068802,0.974095482766003,0.941025641025641,3.4758973121643066,4.2417378425598145,1.1196945548360797,0.16117470562278716,3.1938287100146497e-132,Microglia,56065,4671
104,Cd68,context,0.6742615869556757,0.7764932562620424,0.6324786324786325,2.215257406234741,2.4224905967712402,1.1516201890841025,0.013970790236866698,1.879848954538816e-49,Microglia,56065,4671
105,Itgam,context,0.6955092034089583,0.8903874973239135,0.7914529914529914,2.2798397541046143,3.022691011428833,1.2801951332344443,0.12535694608079948,1.0141934397236894e-205,Microglia,56065,4671
106,Ccr2,context,0.0949721757403588,0.06037251123956326,0.029914529914529916,0.24741332232952118,0.13250833749771118,0.6356863025294232,-0.036365982591821416,1.6927731083641423e-16,Microglia,56065,4671
107,Gpnmb,context,0.2984784216056349,0.11646328409334189,0.06068376068376068,1.12313973903656,0.35983073711395264,0.39018996236591996,-0.11885834495264963,1.2560993695040413e-179,Microglia,56065,4671
108,Trem2,context,0.643363038486983,0.8195247270391779,0.7025641025641025,2.123440742492676,2.64194393157959,1.273813815861228,0.071231429193658,1.634911070338786e-143,Microglia,56065,4671
109,Igf1,context,0.26108106004591974,0.12631128238064654,0.05641025641025641,0.7378145456314087,0.32245710492134094,0.48380101704210376,-0.09155563797974967,8.111191604590355e-105,Microglia,56065,4671
110,Cst7,context,0.3205821691248006,0.6082209377007065,0.49230769230769234,0.9816429615020752,1.9112085103988647,1.8972388244834977,0.16723962466690795,2.5e-323,Microglia,56065,4671
111,Tnf,context,0.04928590886095653,0.13316206379790194,0.11794871794871795,0.12378506362438202,0.3382185995578766,2.7018283090522592,0.09981491683692308,3.8453710952308735e-96,Microglia,56065,4671
112,Ccl2,context,0.14988130910222983,0.3964889745236566,0.3623931623931624,0.45270663499832153,1.2685147523880005,2.645353025661276,0.18355431293943253,0.0,Microglia,56065,4671
113,Cd74,context,0.904988909211192,0.8807535859558981,0.8427350427350427,5.034156322479248,4.561679840087891,0.9732203091014475,-0.07502405495220688,1.7928136401792181e-07,Microglia,56065,4671
114,H2-Ab1,context,0.7963964665136009,0.7482337829158638,0.676923076923077,3.5059573650360107,3.000727891921997,0.9395242374585366,-0.08992972055516954,2.917935678400168e-14,Microglia,56065,4671
115,Mki67,context,0.062419737712573455,0.0817812031684864,0.05555555555555555,0.1541358232498169,0.19739067554473877,1.3101817816836627,0.0199091364620768,5.680485443038493e-07,Microglia,56065,4671
116,Top2a,context,0.031637934389228316,0.038321558552772424,0.021367521367521368,0.07570625096559525,0.08620982617139816,1.2112534933955632,0.008879427789077474,0.01526478264140749,Microglia,56065,4671
117,Msr1,context,0.1522551270576332,0.1111111111111111,0.06068376068376068,0.3826702833175659,0.25642725825309753,0.7297692580759673,-0.0362979370897061,5.840610105886469e-15,Microglia,56065,4671
118,Mertk,context,0.5681207923103865,0.77991864697067,0.6188034188034188,1.741064190864563,2.394796848297119,1.372804265443202,0.10607765059433838,5.315020114393931e-187,Microglia,56065,4671
119,Axl,context,0.6547456901583842,0.7433097837722115,0.582905982905983,2.049208879470825,2.2498927116394043,1.1352648745078466,0.021448343389886194,7.125370808698139e-36,Microglia,56065,4671
120,C3,context,0.6832509631474492,0.6148576321986726,0.49230769230769234,2.5809741020202637,2.0185365676879883,0.8999001323997887,-0.0989040383348563,3.5161725067863594e-21,Microglia,56065,4671
121,C4b,context,0.5996419815542671,0.679083707985442,0.5299145299145299,1.968936562538147,2.123337507247925,1.1324819290091441,0.01473450525845477,6.050913083630832e-27,Microglia,56065,4671
122,Serpina3n,context,0.5686461454644511,0.6925711839006636,0.5547008547008547,1.7956026792526245,2.1534230709075928,1.217929971784113,0.05149354071219251,1.9193838162686545e-62,Microglia,56065,4671
123,Bdh1,Ketone body synthesis,0.2109903381642512,0.25510876730388926,0.15223097112860892,0.4808655381202698,0.520433247089386,1.2091016561397843,0.01740534413988595,8.716694584594452e-05,Activate Mic_Mac 1,18077,1517
124,Acss1,Ketone body utilisation,0.20821256038647343,0.2867501647989453,0.2020997375328084,0.473222941160202,0.5995434522628784,1.377199167363844,0.0431855760687774,4.8007959496051776e-12,Activate Mic_Mac 1,18077,1517
125,Acss2,Ketone body utilisation,0.18556763285024155,0.23203691496374423,0.13648293963254593,0.41484498977661133,0.47204074263572693,1.2504169579562656,0.023267817790877197,1.574414215133873e-05,Activate Mic_Mac 1,18077,1517
126,Ffar3,Ketone / SCFA receptors,0.0006038647342995169,0.0006591957811470006,0.0,0.0012018326669931412,0.0012705693952739239,1.091628213579433,0.00041346207264940924,1.0,Activate Mic_Mac 1,18077,1517
127,Ffar2,Ketone / SCFA receptors,0.002294685990338164,0.0026367831245880024,0.0,0.005183772649616003,0.004532447084784508,1.1490823300836137,0.0008828862456360294,0.7774958257798972,Activate Mic_Mac 1,18077,1517
128,Slc16a1,Monocarboxylate transporters,0.21298309178743963,0.2854317732366513,0.19160104986876642,0.4874928891658783,0.6018123626708984,1.3401616571587598,0.038126848358065776,2.2953070926357758e-10,Activate Mic_Mac 1,18077,1517
129,Slc16a3,Monocarboxylate transporters,0.12155797101449275,0.1951219512195122,0.13385826771653545,0.2768631875514984,0.40064749121665955,1.6051761113736325,0.05431970554192075,8.226180976116535e-15,Activate Mic_Mac 1,18077,1517
130,Slc2a1,Glucose transporters,0.2343599033816425,0.2762030323005933,0.13910761154855644,0.5748117566108704,0.5953349471092224,1.1785421836892103,0.012850086922660974,0.0003255422458191702,Activate Mic_Mac 1,18077,1517
131,Slc2a3,Glucose transporters,0.14468599033816426,0.18391562294001318,0.12860892388451445,0.3168855905532837,0.3741116225719452,1.2711363588842313,0.025163541046584335,6.084433292278714e-05,Activate Mic_Mac 1,18077,1517
132,Slc2a4,Glucose transporters,0.04692028985507246,0.05207646671061305,0.028871391076115485,0.10585348308086395,0.09931262582540512,1.1098922634848805,0.0041476086796608394,0.3762630842556063,Activate Mic_Mac 1,18077,1517
133,Hk1,Glycolysis,0.3691425120772947,0.45088991430454844,0.27296587926509186,0.8799135088920593,0.9720010757446289,1.2214521480260627,0.01988758261064412,5.164313017734223e-10,Activate Mic_Mac 1,18077,1517
134,Hk2,Glycolysis,0.4489130434782609,0.6453526697429136,0.48031496062992124,1.139067530632019,1.5622732639312744,1.4375894822360302,0.08525977853049141,6.821079122331794e-49,Activate Mic_Mac 1,18077,1517
135,Gpi1,Glycolysis,0.49293478260869567,0.6137112722478576,0.4120734908136483,1.2353439331054688,1.4298688173294067,1.245015149874375,0.03173648730781918,1.8789116120202059e-19,Activate Mic_Mac 1,18077,1517
136,Pfkl,Glycolysis,0.35483091787439613,0.4891232696110745,0.3464566929133858,0.8523638248443604,1.095824122428894,1.3784685746697403,0.05699827222181085,1.6991217243024417e-24,Activate Mic_Mac 1,18077,1517
137,Pfkp,Glycolysis,0.4947463768115942,0.5945945945945946,0.3753280839895013,1.2973299026489258,1.4301726818084717,1.2018169762585729,0.017344582725378033,9.399491375486801e-14,Activate Mic_Mac 1,18077,1517
138,Pfkfb2,Glycolysis,0.12028985507246377,0.15820698747528017,0.08923884514435695,0.2578416168689728,0.3121020197868347,1.3152147151559435,0.026785872318791724,3.1054422637171074e-05,Activate Mic_Mac 1,18077,1517
139,Aldoa,Glycolysis,0.8904589371980677,0.954515491100857,0.8530183727034121,3.2335991859436035,3.4110820293426514,1.071936561279682,0.00678188740449285,1.1771157386942604e-17,Activate Mic_Mac 1,18077,1517
140,Aldoc,Glycolysis,0.8963164251207729,0.9400131839156229,0.8556430446194225,3.4293413162231445,3.4659626483917236,1.0487514872763402,-0.018298197054264928,9.243243788585525e-09,Activate Mic_Mac 1,18077,1517
141,Tpi1,Glycolysis,0.603743961352657,0.7264337508239948,0.5091863517060368,1.6474188566207886,1.8492237329483032,1.2032149343514056,0.020471883795719965,1.0183281256270017e-21,Activate Mic_Mac 1,18077,1517
142,Pgk1,Glycolysis,0.5988526570048309,0.7158866183256427,0.5013123359580053,1.6349245309829712,1.8463701009750366,1.195430311532988,0.02449293852973279,8.79202150999917e-20,Activate Mic_Mac 1,18077,1517
143,Eno1,Glycolysis,0.17282608695652174,0.22610415293342123,0.13123359580052493,0.37942928075790405,0.45307019352912903,1.3082756018789152,0.029455730848759753,4.0915960007323407e-07,Activate Mic_Mac 1,18077,1517
144,Eno2,Glycolysis,0.7181159420289855,0.8127883981542519,0.6535433070866141,2.3490793704986572,2.514158010482788,1.1318344999524395,0.006420925139637901,2.8437907995647476e-16,Activate Mic_Mac 1,18077,1517
145,Pkm,Glycolysis,0.7051328502415459,0.8378378378378378,0.7007874015748031,2.0672190189361572,2.345235824584961,1.1881985608113894,0.029964805508166967,1.1477734213910248e-30,Activate Mic_Mac 1,18077,1517
146,Ldha,Glycolysis,0.29535024154589373,0.43836519446275546,0.3123359580052493,0.6942310929298401,0.968658983707428,1.484221553936461,0.07040654174296151,2.6851438441398603e-29,Activate Mic_Mac 1,18077,1517
147,Ldhb,Glycolysis,0.8583937198067633,0.9340804218852999,0.8136482939632546,2.9699833393096924,3.2004499435424805,1.0881724788195968,0.023769941613330577,4.2143754903669788e-19,Activate Mic_Mac 1,18077,1517
148,Pdk1,Pyruvate fate,0.08375603864734299,0.1041529334212261,0.05511811023622047,0.1819753795862198,0.19909748435020447,1.2435274531041849,0.015459093296314523,0.008243953441879531,Activate Mic_Mac 1,18077,1517
149,Pdk4,Pyruvate fate,0.05718599033816425,0.06723796967699407,0.04199475065616798,0.12223967909812927,0.12889671325683594,1.1757769565480694,0.008987675875171915,0.10838070877485323,Activate Mic_Mac 1,18077,1517
150,Mpc1,Pyruvate fate,0.3849033816425121,0.4864864864864865,0.2992125984251969,0.9205545783042908,1.062610149383545,1.263918452497053,0.02992159248304329,1.602397020220182e-14,Activate Mic_Mac 1,18077,1517
151,Mpc2,Pyruvate fate,0.2509057971014493,0.31443638760711934,0.17060367454068243,0.5626435875892639,0.6410127282142639,1.253204952773501,0.025267625181444358,1.0236283808476579e-07,Activate Mic_Mac 1,18077,1517
152,Pcx,Pyruvate fate,0.2308574879227053,0.3019116677653263,0.14960629921259844,0.5193485021591187,0.6101729869842529,1.3077837348139691,0.031150126506502028,1.2697964203213444e-09,Activate Mic_Mac 1,18077,1517
153,G6pdx,Pentose phosphate pathway,0.024879227053140097,0.025708635464733027,0.015748031496062992,0.05240846052765846,0.04823622480034828,1.0333373866407256,0.0005177099013299791,0.7967720971900581,Activate Mic_Mac 1,18077,1517
154,Pygb,Glycogen,0.45157004830917874,0.5438365194462755,0.3674540682414698,1.137006402015686,1.270551085472107,1.2043237178430493,0.022893591298772102,6.103424174293366e-12,Activate Mic_Mac 1,18077,1517
155,Agl,Glycogen,0.2594806763285024,0.3315754779169413,0.1679790026246719,0.5864450335502625,0.6708462834358215,1.277842660997102,0.027258884477319365,2.4721705464292444e-09,Activate Mic_Mac 1,18077,1517
156,Cs,TCA cycle,0.5065217391304347,0.6025049439683586,0.4146981627296588,1.2960013151168823,1.432785987854004,1.189494739165,0.01930286609419799,6.952051030310854e-13,Activate Mic_Mac 1,18077,1517
157,Idh2,TCA cycle,0.17246376811594202,0.20962425840474622,0.09973753280839895,0.3840278089046478,0.41688424348831177,1.215468389069537,0.017125488451135148,0.00036536970442513036,Activate Mic_Mac 1,18077,1517
158,Ogdh,TCA cycle,0.543659420289855,0.6796308503625577,0.44881889763779526,1.4287863969802856,1.6819045543670654,1.2501040633126685,0.038088654017213654,5.077840476301213e-25,Activate Mic_Mac 1,18077,1517
159,Sdha,TCA cycle,0.6472222222222223,0.7521423862887278,0.5459317585301837,1.801046371459961,1.95623779296875,1.162108407999751,0.008598270582351237,3.913672053988591e-17,Activate Mic_Mac 1,18077,1517
160,Sdhb,TCA cycle,0.5699275362318841,0.6921555702043507,0.49081364829396323,1.50546395778656,1.6920297145843506,1.2144624118016578,0.01987434209008583,8.008845744115406e-21,Activate Mic_Mac 1,18077,1517
161,Fh1,TCA cycle,0.25483091787439616,0.34673698088332233,0.2230971128608924,0.5732280015945435,0.7150382995605469,1.3606550719023265,0.04377240776359415,3.3638589241744964e-14,Activate Mic_Mac 1,18077,1517
162,Got2,Anaplerosis / amino acids,0.2836352657004831,0.3790375741595254,0.2020997375328084,0.654293954372406,0.8031260371208191,1.336355594652276,0.04060919928444154,2.2045335628520116e-14,Activate Mic_Mac 1,18077,1517
163,Glud1,Anaplerosis / amino acids,0.5549516908212561,0.6466710613052077,0.4461942257217848,1.4817476272583008,1.6016931533813477,1.1652745130809836,0.01274074312293502,4.018768653142227e-12,Activate Mic_Mac 1,18077,1517
164,Idh1,Anaplerosis / amino acids,0.24559178743961352,0.3117996044825313,0.17060367454068243,0.5609864592552185,0.6407078504562378,1.269584816875023,0.026581372237706367,2.4663348633118554e-08,Activate Mic_Mac 1,18077,1517
165,Ndufs1,Oxidative phosphorylation,0.46159420289855074,0.5767963085036256,0.3438320209973753,1.1468387842178345,1.3294391632080078,1.2495744203061276,0.03140359016103131,8.127996099870725e-18,Activate Mic_Mac 1,18077,1517
166,Atp5o,Oxidative phosphorylation,0.7211352657004831,0.8352010547132498,0.6929133858267716,2.134827136993408,2.369136333465576,1.158175302801157,0.020265893806989607,1.427680968518656e-23,Activate Mic_Mac 1,18077,1517
167,Ppargc1a,Mitochondrial biogenesis / dynamics,0.12101449275362319,0.16413974950560317,0.11548556430446194,0.2617778182029724,0.32337892055511475,1.35636439711217,0.03032682098357429,2.8497273416485977e-06,Activate Mic_Mac 1,18077,1517
168,Tfam,Mitochondrial biogenesis / dynamics,0.10138888888888889,0.13974950560316415,0.06299212598425197,0.21503852307796478,0.26282551884651184,1.378351288140797,0.028186112326798865,7.389263723441295e-06,Activate Mic_Mac 1,18077,1517
169,Nrf1,Mitochondrial biogenesis / dynamics,0.11594202898550725,0.16150296638101516,0.09448818897637795,0.24975214898586273,0.3162878155708313,1.3929630850362558,0.03321542772705331,5.355957477779601e-07,Activate Mic_Mac 1,18077,1517
170,Opa1,Mitochondrial biogenesis / dynamics,0.23297101449275362,0.3256427158866183,0.18635170603674542,0.526036262512207,0.6663691997528076,1.3977821086268531,0.04466881723302372,4.536213363158082e-15,Activate Mic_Mac 1,18077,1517
171,Mfn2,Mitochondrial biogenesis / dynamics,0.3433574879227053,0.42320369149637443,0.2204724409448819,0.8115079998970032,0.9022467136383057,1.2325453976749843,0.02193179594022712,8.170501173563602e-10,Activate Mic_Mac 1,18077,1517
172,Dnm1l,Mitochondrial biogenesis / dynamics,0.3765096618357488,0.4943968358602505,0.2782152230971129,0.8957476019859314,1.0832796096801758,1.3131053090370086,0.04012862424548408,5.399702448552403e-19,Activate Mic_Mac 1,18077,1517
173,Pink1,Mitochondrial biogenesis / dynamics,0.6679347826086957,0.7415952537903757,0.5590551181102362,1.905073881149292,1.9389952421188354,1.1102809332581702,-0.015256501338468453,2.9499674050430632e-09,Activate Mic_Mac 1,18077,1517
174,Prkn,Mitochondrial biogenesis / dynamics,0.036896135265700486,0.053394858272907054,0.023622047244094488,0.07635756582021713,0.10264589637517929,1.447166698853258,0.021790135815190716,0.002053071853732306,Activate Mic_Mac 1,18077,1517
175,Cd36,Fatty acid uptake / activation,0.11340579710144928,0.25379037574159524,0.1679790026246719,0.2737363874912262,0.5585083961486816,2.2378959650057597,0.10951275046035087,9.938592300836313e-47,Activate Mic_Mac 1,18077,1517
176,Fabp7,Fatty acid uptake / activation,0.25169082125603864,0.2926829268292683,0.1994750656167979,0.6069108843803406,0.6507487297058105,1.1628669069800102,0.015724455222412604,0.0005641206663808829,Activate Mic_Mac 1,18077,1517
177,Acsl1,Fatty acid uptake / activation,0.1092391304347826,0.12854317732366513,0.07874015748031496,0.23854635655879974,0.25374072790145874,1.1767136630624073,0.012035907107862762,0.023535573202589692,Activate Mic_Mac 1,18077,1517
178,Acsl6,Fatty acid uptake / activation,0.5442028985507247,0.6268951878707977,0.3858267716535433,1.4677081108093262,1.5501024723052979,1.1519512107346215,0.0026652976286620084,5.192426909362348e-10,Activate Mic_Mac 1,18077,1517
179,Cpt1a,Fatty acid beta-oxidation,0.17493961352657006,0.2089650626235992,0.11286089238845144,0.39144566655158997,0.42002785205841064,1.194498252346152,0.015683955230997207,0.0010981246250494699,Activate Mic_Mac 1,18077,1517
180,Cpt1c,Fatty acid beta-oxidation,0.09528985507246376,0.11799604482531312,0.06561679790026247,0.20379015803337097,0.22805526852607727,1.238285489421537,0.016366670223545876,0.00498475055756935,Activate Mic_Mac 1,18077,1517
181,Cpt2,Fatty acid beta-oxidation,0.07421497584541063,0.10283454185893211,0.06561679790026247,0.15713395178318024,0.20081354677677155,1.3856306047061966,0.026460754069993632,0.00012165449703136885,Activate Mic_Mac 1,18077,1517
182,Slc25a20,Fatty acid beta-oxidation,0.13707729468599034,0.1865524060646012,0.10498687664041995,0.30172836780548096,0.36356449127197266,1.3609285658281038,0.031176237696617582,3.4510252403071536e-07,Activate Mic_Mac 1,18077,1517
183,Hadhb,Fatty acid beta-oxidation,0.3111111111111111,0.36980883322346736,0.2283464566929134,0.7321326732635498,0.7933768630027771,1.1886712496468594,0.017486297805965112,3.3391205846227853e-06,Activate Mic_Mac 1,18077,1517
184,Echs1,Fatty acid beta-oxidation,0.44371980676328504,0.5715227422544495,0.35958005249343833,1.0960640907287598,1.3132407665252686,1.28802621281079,0.040335299341487725,1.7006652260319765e-21,Activate Mic_Mac 1,18077,1517
185,Acaa2,Fatty acid beta-oxidation,0.12578502415458936,0.13579433091628212,0.07349081364829396,0.277135968208313,0.2625621259212494,1.0795747095408699,0.0021005304597701046,0.2589047004956261,Activate Mic_Mac 1,18077,1517
186,Decr1,Fatty acid beta-oxidation,0.15,0.1872116018457482,0.10761154855643044,0.33039987087249756,0.37292271852493286,1.2480773456383214,0.021073422751963077,0.00016617450427363245,Activate Mic_Mac 1,18077,1517
187,Acox1,Fatty acid beta-oxidation,0.5226449275362319,0.6374423203691496,0.4199475065616798,1.3427201509475708,1.5073323249816895,1.2196470046577836,0.023015775612722954,6.123497157679551e-18,Activate Mic_Mac 1,18077,1517
188,Ehhadh,Fatty acid beta-oxidation,0.019504830917874395,0.03361898483849703,0.015748031496062992,0.04009296000003815,0.06033762916922569,1.7236234951254208,0.025523439454008014,0.0006228968623223068,Activate Mic_Mac 1,18077,1517
189,Acly,Lipid synthesis,0.6093599033816425,0.7317073170731707,0.5091863517060368,1.6682448387145996,1.889354944229126,1.2007802170975828,0.02685082200966883,8.083412891840689e-22,Activate Mic_Mac 1,18077,1517
190,Acaca,Lipid synthesis,0.19921497584541062,0.2564271588661833,0.15223097112860892,0.4424084722995758,0.5230052471160889,1.2871881633294924,0.029388130764201416,2.3832484683331592e-07,Activate Mic_Mac 1,18077,1517
191,Fasn,Lipid synthesis,0.45259661835748793,0.5702043506921556,0.35170603674540685,1.131118655204773,1.320621371269226,1.2598511070663236,0.03448208675137719,1.7477374480804306e-18,Activate Mic_Mac 1,18077,1517
192,Elovl1,Lipid synthesis,0.1607487922705314,0.2663150955833883,0.15485564304461943,0.3583645224571228,0.5382863283157349,1.6567159965668332,0.06794517266418938,3.760476603144272e-23,Activate Mic_Mac 1,18077,1517
193,Srebf1,Lipid synthesis,0.16968599033816426,0.21621621621621623,0.08661417322834646,0.38559746742248535,0.4365273714065552,1.2742137154948543,0.02373366065853802,7.90324656418603e-06,Activate Mic_Mac 1,18077,1517
194,Mlxipl,Lipid synthesis,0.24722222222222223,0.4159525379037574,0.2650918635170604,0.5797894597053528,0.9134146571159363,1.6825046477005918,0.09303882127126765,1.3365755495933878e-42,Activate Mic_Mac 1,18077,1517
195,Hmgcr,Cholesterol synthesis,0.2568840579710145,0.35596572181938035,0.19160104986876642,0.5928653478622437,0.7511202692985535,1.3857057718215653,0.04702568912025054,3.906001121715437e-16,Activate Mic_Mac 1,18077,1517
196,Lss,Cholesterol synthesis,0.09541062801932366,0.13447593935398813,0.08136482939632546,0.20704473555088043,0.26620784401893616,1.4094440225962301,0.032032979495914764,2.739363060082269e-06,Activate Mic_Mac 1,18077,1517
197,Srebf2,Cholesterol synthesis,0.3397946859903382,0.42122610415293343,0.2335958005249344,0.8150814175605774,0.9273515343666077,1.239648886577675,0.02684474627975326,3.055667478233682e-10,Activate Mic_Mac 1,18077,1517
198,Ldlr,Cholesterol / lipid transport,0.07185990338164251,0.1054713249835201,0.06299212598425197,0.15579058229923248,0.20290854573249817,1.4677354132160445,0.030675808076459303,5.2444659771538086e-06,Activate Mic_Mac 1,18077,1517
199,Abca1,Cholesterol / lipid transport,0.3753623188405797,0.44232036914963746,0.29133858267716534,0.936071515083313,1.0100386142730713,1.1783824506303084,0.01742744911922957,3.622112692820415e-07,Activate Mic_Mac 1,18077,1517
200,Apod,Cholesterol / lipid transport,0.4406400966183575,0.5141727092946605,0.31496062992125984,1.2527272701263428,1.2725363969802856,1.1668768077181826,0.004784929002992785,4.166035850268173e-08,Activate Mic_Mac 1,18077,1517
201,Lpl,Cholesterol / lipid transport,0.09214975845410628,0.14238628872775214,0.06561679790026247,0.21896488964557648,0.31233564019203186,1.5451618226288175,0.04263882533456517,1.6859785738041607e-09,Activate Mic_Mac 1,18077,1517
202,Nr1h2,Cholesterol / lipid transport,0.14933574879227055,0.2050098879367172,0.13385826771653545,0.32987716794013977,0.4167967438697815,1.372811865843929,0.036217595492573244,2.842778260925493e-08,Activate Mic_Mac 1,18077,1517
203,Nr1h3,Cholesterol / lipid transport,0.0410024154589372,0.049439683586025046,0.01837270341207349,0.08894414454698563,0.09321590512990952,1.2057749045428199,0.009366616654018266,0.12242649342555578,Activate Mic_Mac 1,18077,1517
204,Plin2,Cholesterol / lipid transport,0.2446256038647343,0.31048121292023734,0.2230971128608924,0.5831322073936462,0.6619822382926941,1.2692097965833449,0.0273429690692489,2.8222942733986092e-08,Activate Mic_Mac 1,18077,1517
205,Plin4,Cholesterol / lipid transport,0.0640096618357488,0.08371786420566908,0.049868766404199474,0.15030349791049957,0.18026457726955414,1.3078941804206414,0.019560863044886204,0.004045673281223142,Activate Mic_Mac 1,18077,1517
206,Ugt8a,Myelin lipid synthesis,0.24257246376811595,0.3052076466710613,0.1732283464566929,0.5879272818565369,0.692666232585907,1.2582122551338748,0.030069037297352982,1.2239610943431e-07,Activate Mic_Mac 1,18077,1517
207,Cers2,Myelin lipid synthesis,0.31092995169082127,0.4317732366512854,0.2545931758530184,0.7235520482063293,0.9276389479637146,1.3886511553593486,0.05190525997595148,3.859439182943151e-21,Activate Mic_Mac 1,18077,1517
208,Hif1a,Nutrient sensing / regulators,0.47379227053140094,0.6130520764667106,0.43832020997375326,1.204294204711914,1.4773589372634888,1.2939258713087851,0.05106032566715087,2.2684375905409414e-25,Activate Mic_Mac 1,18077,1517
209,Epas1,Nutrient sensing / regulators,0.47554347826086957,0.5121951219512195,0.35170603674540685,1.3146817684173584,1.2531286478042603,1.0770731707317074,-0.013399545228681269,0.006676277195070142,Activate Mic_Mac 1,18077,1517
210,Prkaa1,Nutrient sensing / regulators,0.21129227053140096,0.2742254449571523,0.15223097112860892,0.47033873200416565,0.5505578517913818,1.297848919259915,0.029667785797939644,2.911723082579845e-08,Activate Mic_Mac 1,18077,1517
211,Prkaa2,Nutrient sensing / regulators,0.058756038647342995,0.06196440342781806,0.03937007874015748,0.12346454709768295,0.1185980960726738,1.0546048517622477,0.0015780837894635764,0.6084170024097182,Activate Mic_Mac 1,18077,1517
212,Mtor,Nutrient sensing / regulators,0.23448067632850242,0.31245880026367834,0.1679790026246719,0.5233412981033325,0.6372764110565186,1.332556717065803,0.03698095654689058,4.009390678977365e-11,Activate Mic_Mac 1,18077,1517
213,Rptor,Nutrient sensing / regulators,0.28931159420289854,0.35201054713249835,0.2099737532808399,0.6678311228752136,0.737648606300354,1.2167177333571642,0.020751208089169023,4.6994532669799224e-07,Activate Mic_Mac 1,18077,1517
214,Tsc2,Nutrient sensing / regulators,0.2936594202898551,0.39353988134475937,0.2152230971128609,0.6698521971702576,0.8205375671386719,1.3401234700944304,0.04067442529171116,2.4836477326655133e-15,Activate Mic_Mac 1,18077,1517
215,Ddit4,Nutrient sensing / regulators,0.26364734299516907,0.2959789057350033,0.14698162729658792,0.6148329973220825,0.6197018027305603,1.1226318550095407,0.004610938538194735,0.00691471520322703,Activate Mic_Mac 1,18077,1517
216,Txnip,Nutrient sensing / regulators,0.4777173913043478,0.5168094924192486,0.3753280839895013,1.2463632822036743,1.165710687637329,1.0818310193986547,-0.021537403213555583,0.003731380840581285,Activate Mic_Mac 1,18077,1517
217,Sirt1,Nutrient sensing / regulators,0.044444444444444446,0.05603164139749506,0.03412073490813648,0.09418239444494247,0.10658001899719238,1.2607119314436388,0.013376572354738396,0.04546148187339209,Activate Mic_Mac 1,18077,1517
218,Sirt3,Nutrient sensing / regulators,0.09184782608695652,0.12129202373104812,0.06299212598425197,0.1972341686487198,0.228622168302536,1.3205758796753169,0.02232479527589187,0.0002813235575320163,Activate Mic_Mac 1,18077,1517
219,Ppara,Nutrient sensing / regulators,0.016606280193236716,0.01911667765326302,0.007874015748031496,0.03464716672897339,0.03329693526029587,1.1511715706837657,0.0034970105368588573,0.46452436208685655,Activate Mic_Mac 1,18077,1517
220,Pparg,Nutrient sensing / regulators,0.005615942028985507,0.003955174686882004,0.0026246719160104987,0.012046110816299915,0.007269623689353466,0.7042762668254408,-0.0066765373473042,0.5830199826809479,Activate Mic_Mac 1,18077,1517
221,Nfe2l2,Nutrient sensing / regulators,0.4230072463768116,0.5992089650626236,0.4540682414698163,1.0542819499969482,1.4053146839141846,1.4165453906405492,0.07248793953417415,1.3840896565873054e-39,Activate Mic_Mac 1,18077,1517
222,P2ry12,context,0.6617149758454106,0.8450889914304548,0.6824146981627297,2.148285388946533,2.6207737922668457,1.2771193372958871,0.060869934704293596,4.138029180900088e-54,Activate Mic_Mac 1,18077,1517
223,Tmem119,context,0.5352053140096619,0.7323665128543178,0.5774278215223098,1.5182480812072754,1.9462922811508179,1.3683842325248223,0.07075851979101808,1.5355429686624944e-51,Activate Mic_Mac 1,18077,1517
224,Cx3cr1,context,0.7854468599033816,0.918918918918919,0.8162729658792651,2.6302778720855713,3.007058620452881,1.1699313675172829,0.04377183699094959,8.562205940696216e-42,Activate Mic_Mac 1,18077,1517
225,Hexb,context,0.9406400966183575,0.996044825313118,0.989501312335958,4.244938850402832,4.6585822105407715,1.0589010918139072,0.0636467200161769,3.628449020414821e-30,Activate Mic_Mac 1,18077,1517
226,Csf1r,context,0.9230072463768116,0.984179301252472,0.9448818897637795,3.640002965927124,3.9941747188568115,1.0662747287367311,0.0695072149546085,4.886530318480465e-25,Activate Mic_Mac 1,18077,1517
227,Cd68,context,0.5766908212560387,0.6934739617666447,0.5275590551181102,1.6107505559921265,1.8107874393463135,1.202505634225721,0.026841778489623,3.0772548348309584e-19,Activate Mic_Mac 1,18077,1517
228,Itgam,context,0.6170289855072464,0.8042188529993408,0.6876640419947506,1.7732656002044678,2.291011333465576,1.3033728915315212,0.08871815227212498,1.3389993191270295e-51,Activate Mic_Mac 1,18077,1517
229,Ccr2,context,0.06998792270531401,0.03955174686882004,0.015748031496062992,0.17272689938545227,0.07495220005512238,0.5651224574181708,-0.03608781626139256,1.753826206324927e-06,Activate Mic_Mac 1,18077,1517
230,Gpnmb,context,0.0626207729468599,0.05932762030323006,0.02099737532808399,0.17348061501979828,0.13836246728897095,0.9474111786128157,-0.006558369124711812,0.6571780780052408,Activate Mic_Mac 1,18077,1517
231,Trem2,context,0.6802536231884058,0.8114700065919578,0.6351706036745407,2.04305362701416,2.316657543182373,1.192893325269669,0.031194823028883493,3.1631683244455623e-28,Activate Mic_Mac 1,18077,1517
232,Igf1,context,0.034722222222222224,0.037574159525379035,0.02099737532808399,0.07472853362560272,0.07467775046825409,1.0821357943309162,0.0027411155054199166,0.5588678954750916,Activate Mic_Mac 1,18077,1517
233,Cst7,context,0.3471014492753623,0.5649307844429796,0.4041994750656168,0.9719894528388977,1.5610270500183105,1.6275667693764342,0.11557338896007589,3.981281589398952e-61,Activate Mic_Mac 1,18077,1517
234,Tnf,context,0.035024154589371984,0.08174027686222808,0.06036745406824147,0.07970879226922989,0.17231065034866333,2.333825835928443,0.06508137604208968,1.1198982001878152e-15,Activate Mic_Mac 1,18077,1517
235,Ccl2,context,0.12077294685990338,0.3045484508899143,0.26246719160104987,0.3168536424636841,0.8130344748497009,2.52166117336849,0.14734897687464413,8.51423151316694e-72,Activate Mic_Mac 1,18077,1517
236,Cd74,context,0.8330314009661836,0.8615688859591298,0.800524934383202,4.153391361236572,4.052861213684082,1.0342573940908437,-0.026808778004506276,0.0037896306395810847,Activate Mic_Mac 1,18077,1517
237,H2-Ab1,context,0.6757246376811594,0.7027027027027027,0.6272965879265092,2.5437772274017334,2.4719672203063965,1.0399246431418014,-0.01926645391328174,0.031340046245007136,Activate Mic_Mac 1,18077,1517
238,Mki67,context,0.02711352657004831,0.04680290046143705,0.015748031496062992,0.06275434046983719,0.09907793253660202,1.7261826985331794,0.03015445833371683,3.886657153871589e-05,Activate Mic_Mac 1,18077,1517
239,Top2a,context,0.01533816425120773,0.02241265655899802,0.01837270341207349,0.03418178856372833,0.04670124873518944,1.4612346166023906,0.014623192628536757,0.041244392838587225,Activate Mic_Mac 1,18077,1517
240,Msr1,context,0.042814009661835746,0.034278180619644036,0.028871391076115485,0.09796207398176193,0.06579848378896713,0.8006300014969044,-0.0134741090550122,0.12412243187943081,Activate Mic_Mac 1,18077,1517
241,Mertk,context,0.6147342995169082,0.8022412656558998,0.6036745406824147,1.7682430744171143,2.2391419410705566,1.3050211551337625,0.07555438202378902,1.7359411826877114e-51,Activate Mic_Mac 1,18077,1517
242,Axl,context,0.5926932367149759,0.6901779828609097,0.5196850393700787,1.6758936643600464,1.8364719152450562,1.1644775747505516,0.01886147225144909,6.527560035089115e-14,Activate Mic_Mac 1,18077,1517
243,C3,context,0.3839371980676328,0.42847725774555045,0.30446194225721784,1.0936124324798584,1.1204026937484741,1.1160087115863977,0.007458924181230393,0.0007063693949069818,Activate Mic_Mac 1,18077,1517
244,C4b,context,0.547463768115942,0.7119314436387607,0.5433070866141733,1.6088589429855347,2.073941707611084,1.3004174615770878,0.07872903565942105,2.7227362585089292e-36,Activate Mic_Mac 1,18077,1517
245,Serpina3n,context,0.6059178743961353,0.7211601845748187,0.5800524934383202,1.8642455339431763,2.1713759899139404,1.190194604002292,0.04408699068025127,2.367512740012956e-19,Activate Mic_Mac 1,18077,1517
246,Bdh1,Ketone body synthesis,0.05595408895265423,0.06338249137119548,0.04015056461731493,0.12136390060186386,0.12672168016433716,1.132758884249314,0.007133888600718909,0.09256681102283694,Activated Mic_Mac 2,24097,3187
247,Acss1,Ketone body utilisation,0.18947871831659494,0.2685911515531848,0.15934755332496864,0.4343278408050537,0.5707480907440186,1.4175267488584287,0.053643263470924255,7.755954709096636e-24,Activated Mic_Mac 2,24097,3187
248,Acss2,Ketone body utilisation,0.065662362505978,0.07593347976153123,0.04642409033877039,0.14321839809417725,0.15480495989322662,1.156423205982242,0.009671614576807161,0.033167250935935776,Activated Mic_Mac 2,24097,3187
249,Ffar3,Ketone / SCFA receptors,0.0003825920612147298,0.0006275494195167869,0.0,0.0008676110883243382,0.0011558920377865434,1.6402572952620018,0.0031018270097918333,0.6310207850525447,Activated Mic_Mac 2,24097,3187
250,Ffar2,Ketone / SCFA receptors,0.004351984696317551,0.005961719485409476,0.0037641154328732747,0.009569899179041386,0.01195045281201601,1.3698852136254083,0.007227567410523597,0.20461447723118875,Activated Mic_Mac 2,24097,3187
251,Slc16a1,Monocarboxylate transporters,0.2740793878527021,0.3131471603388767,0.18946047678795483,0.6495583653450012,0.6960400938987732,1.142541811670897,0.013997398867567271,5.705293857802411e-06,Activated Mic_Mac 2,24097,3187
252,Slc16a3,Monocarboxylate transporters,0.4615973218555715,0.6193912770630687,0.49435382685069007,1.2107919454574585,1.5793592929840088,1.341843307437709,0.08634547630293912,3.310879026210596e-62,Activated Mic_Mac 2,24097,3187
253,Slc2a1,Glucose transporters,0.28474414155906264,0.4273611546909319,0.3199498117942284,0.676870584487915,0.9814802408218384,1.5008602191110827,0.09160603124186523,6.828091494128244e-57,Activated Mic_Mac 2,24097,3187
254,Slc2a3,Glucose transporters,0.049067431850789094,0.0624411672419203,0.04642409033877039,0.10738793015480042,0.12578004598617554,1.272558291450832,0.017318114625746898,0.0018083549044748749,Activated Mic_Mac 2,24097,3187
255,Slc2a4,Glucose transporters,0.09081779053084649,0.10354565422026984,0.08406524466750313,0.21331632137298584,0.21932396292686462,1.1401472510509965,0.010608932225232926,0.023494638990875918,Activated Mic_Mac 2,24097,3187
256,Hk1,Glycolysis,0.16154949784791967,0.17853780985252587,0.09661229611041405,0.3624131679534912,0.36899545788764954,1.1051585565471627,0.005651342158182105,0.016864490849366694,Activated Mic_Mac 2,24097,3187
257,Hk2,Glycolysis,0.5894787183165949,0.7370567932224663,0.5922208281053952,1.600986361503601,1.9703433513641357,1.2503535247673025,0.07787377124077326,1.8356351587155378e-59,Activated Mic_Mac 2,24097,3187
258,Gpi1,Glycolysis,0.4886178861788618,0.5927204267336053,0.4127979924717691,1.2320069074630737,1.4123157262802124,1.2130551162767627,0.03475017061172664,5.943895920265408e-28,Activated Mic_Mac 2,24097,3187
259,Pfkl,Glycolysis,0.5054519368723099,0.6281769689363037,0.4466750313676286,1.3070343732833862,1.5572024583816528,1.2428025754998684,0.051654188598345384,1.471970803041341e-38,Activated Mic_Mac 2,24097,3187
260,Pfkp,Glycolysis,0.2140602582496413,0.2689049262629432,0.16813048933500627,0.5049134492874146,0.5827071666717529,1.2562113512417656,0.029871473767600173,9.66187996000862e-12,Activated Mic_Mac 2,24097,3187
261,Pfkfb2,Glycolysis,0.11190817790530846,0.1302165045497333,0.0890840652446675,0.24778300523757935,0.26874595880508423,1.1636013291174885,0.01378976007315616,0.0028026620956288105,Activated Mic_Mac 2,24097,3187
262,Aldoa,Glycolysis,0.9114777618364419,0.9711327267022278,0.9196988707653702,3.4506688117980957,3.758448600769043,1.0654486235029952,0.07766786254183627,5.571701697791271e-38,Activated Mic_Mac 2,24097,3187
263,Aldoc,Glycolysis,0.3377331420373027,0.38186382177596484,0.27603513174404015,0.8850645422935486,0.9257880449295044,1.1306673057682561,0.011996434181127521,1.2515601388942885e-06,Activated Mic_Mac 2,24097,3187
264,Tpi1,Glycolysis,0.6059780009564801,0.7449011609664261,0.5759096612296111,1.6866251230239868,2.04756760597229,1.2292544610376428,0.07172769938727336,9.989049321737306e-54,Activated Mic_Mac 2,24097,3187
265,Pgk1,Glycolysis,0.5439980870396939,0.7022278004392846,0.5420326223337516,1.4599817991256714,1.8486794233322144,1.2908644665657532,0.08263384812875206,3.2895120044837873e-65,Activated Mic_Mac 2,24097,3187
266,Eno1,Glycolysis,0.15490196078431373,0.23878255412613744,0.15809284818067754,0.34295809268951416,0.4973641037940979,1.5415076279029125,0.06523173359786309,5.494728609247429e-30,Activated Mic_Mac 2,24097,3187
267,Eno2,Glycolysis,0.18670492587278814,0.22309381863821776,0.14052697616060225,0.4358307421207428,0.47718092799186707,1.1949005501345116,0.019425297712088358,1.6903524598196869e-06,Activated Mic_Mac 2,24097,3187
268,Pkm,Glycolysis,0.6911525585844094,0.815814245371823,0.6775407779171895,2.0370709896087646,2.3780391216278076,1.1803678294163313,0.062020362633788795,1.222538765817282e-50,Activated Mic_Mac 2,24097,3187
269,Ldha,Glycolysis,0.40549976087996176,0.5622842798870411,0.410288582183187,1.0222851037979126,1.3956409692764282,1.3866451577353496,0.09116126610249359,1.1864759992323033e-61,Activated Mic_Mac 2,24097,3187
270,Ldhb,Glycolysis,0.6767097082735534,0.7935362409789771,0.671267252195734,1.9387426376342773,2.205850601196289,1.1726390670579796,0.04335174494920483,7.842695960551949e-43,Activated Mic_Mac 2,24097,3187
271,Pdk1,Pyruvate fate,0.14251554280248685,0.17947913398180107,0.08531994981179424,0.31639018654823303,0.36880743503570557,1.2593653327380738,0.025489604781045082,9.086922810622677e-08,Activated Mic_Mac 2,24097,3187
272,Pdk4,Pyruvate fate,0.026685796269727405,0.032318795105114526,0.020075282308657464,0.05812358856201172,0.06644613295793533,1.211086031627141,0.00940418514278409,0.0712135015964098,Activated Mic_Mac 2,24097,3187
273,Mpc1,Pyruvate fate,0.2887613582018173,0.3501725760903671,0.24592220828105396,0.6735568642616272,0.7609508633613586,1.2126711768879723,0.027629913327349327,2.9827572330490806e-12,Activated Mic_Mac 2,24097,3187
274,Mpc2,Pyruvate fate,0.11095169775227164,0.14590524003765296,0.08155583437892096,0.24075931310653687,0.29393523931503296,1.3150338660290186,0.029092446830509294,2.5315600094950578e-08,Activated Mic_Mac 2,24097,3187
275,Pcx,Pyruvate fate,0.0899091343854615,0.11860684028867273,0.05771643663739021,0.19624166190624237,0.2372538149356842,1.3191856544873122,0.025850573558878837,4.851515690132377e-07,Activated Mic_Mac 2,24097,3187
276,G6pdx,Pentose phosphate pathway,0.024007651841224293,0.03294634452463131,0.02258469259723965,0.049608949571847916,0.06345446407794952,1.372326820737133,0.016522909408310287,0.0035452721116640776,Activated Mic_Mac 2,24097,3187
277,Pygb,Glycogen,0.20310856049736967,0.22372136805773454,0.12421580928481807,0.46509116888046265,0.47053244709968567,1.1014866508328773,0.004101771139302739,0.007866850694081738,Activated Mic_Mac 2,24097,3187
278,Agl,Glycogen,0.19598278335724534,0.24317540006275495,0.17691342534504392,0.4386547803878784,0.5110989212989807,1.240799808519328,0.02921518596434522,1.3115838549709945e-09,Activated Mic_Mac 2,24097,3187
279,Cs,TCA cycle,0.34021999043519846,0.3994352055224349,0.2572145545796738,0.8117443323135376,0.8830478191375732,1.1740497817647053,0.017666195715649743,9.625145701864433e-11,Activated Mic_Mac 2,24097,3187
280,Idh2,TCA cycle,0.19473935915829746,0.220897395669909,0.12547051442910917,0.44008585810661316,0.45677652955055237,1.1343233161733295,0.008609649436834333,0.0006456636557723144,Activated Mic_Mac 2,24097,3187
281,Ogdh,TCA cycle,0.3755619320899091,0.44995293379353624,0.2848180677540778,0.9042840003967285,1.0251307487487793,1.1980791857408433,0.027418530563787395,1.4654701536991941e-15,Activated Mic_Mac 2,24097,3187
282,Sdha,TCA cycle,0.46542324246771877,0.5240037652965172,0.3713927227101631,1.1627711057662964,1.2305980920791626,1.1258650567560804,0.008258393655678455,7.496806508193966e-10,Activated Mic_Mac 2,24097,3187
283,Sdhb,TCA cycle,0.5479674796747968,0.6350800125509883,0.47176913425345046,1.4356157779693604,1.560877799987793,1.1589739101449787,0.015658773021275798,1.6247152903642632e-20,Activated Mic_Mac 2,24097,3187
284,Fh1,TCA cycle,0.13644189383070301,0.1725760903671164,0.10790464240903387,0.30071762204170227,0.3555130362510681,1.264832123931442,0.027144901849873025,9.806290260707596e-08,Activated Mic_Mac 2,24097,3187
285,Got2,Anaplerosis / amino acids,0.1337637494021999,0.16222152494508943,0.09410288582183186,0.2945268452167511,0.32531070709228516,1.2127465450846693,0.019072966524898864,2.0894562303183928e-05,Activated Mic_Mac 2,24097,3187
286,Glud1,Anaplerosis / amino acids,0.3560019129603061,0.431440225917791,0.2810539523212045,0.855434775352478,0.965643584728241,1.2119042348120648,0.02833887193076103,3.293399802558158e-16,Activated Mic_Mac 2,24097,3187
287,Idh1,Anaplerosis / amino acids,0.33323768531802966,0.3708817069344211,0.20326223337515684,0.7959861755371094,0.8200664520263672,1.1129644793339186,0.0033574558601440884,3.16993768215088e-05,Activated Mic_Mac 2,24097,3187
288,Ndufs1,Oxidative phosphorylation,0.2973218555714969,0.3796673988076561,0.2659974905897114,0.6907702684402466,0.8316243290901184,1.2769575855023467,0.042828614968405065,2.8966364020990076e-20,Activated Mic_Mac 2,24097,3187
289,Atp5o,Oxidative phosphorylation,0.532233381157341,0.6513962974584249,0.479297365119197,1.387176275253296,1.6157028675079346,1.2238922257036269,0.04105672120685871,6.927006416832058e-37,Activated Mic_Mac 2,24097,3187
290,Ppargc1a,Mitochondrial biogenesis / dynamics,0.01482544237207078,0.02008158142453718,0.0075282308657465494,0.031773295253515244,0.03855888172984123,1.3545350567324916,0.011688971483478295,0.030869183418077064,Activated Mic_Mac 2,24097,3187
291,Tfam,Mitochondrial biogenesis / dynamics,0.07776183644189383,0.09444618763727644,0.06900878293601004,0.16786722838878632,0.1867816299200058,1.2145570624203261,0.0155482741474159,0.0015911337089724855,Activated Mic_Mac 2,24097,3187
292,Nrf1,Mitochondrial biogenesis / dynamics,0.10650406504065041,0.1487292124254785,0.09284818067754078,0.23731650412082672,0.3060208559036255,1.3964651243002943,0.03794094442258444,1.060700108849024e-11,Activated Mic_Mac 2,24097,3187
293,Opa1,Mitochondrial biogenesis / dynamics,0.15891917742706838,0.19359899592092877,0.11417816813048934,0.3546854555606842,0.3973616659641266,1.218222992689323,0.021636612927958584,1.3150231181666418e-06,Activated Mic_Mac 2,24097,3187
294,Mfn2,Mitochondrial biogenesis / dynamics,0.1793400286944046,0.20866018198933167,0.1329987452948557,0.4013791084289551,0.42963770031929016,1.1634891747725133,0.014543142294133928,8.352785501161616e-05,Activated Mic_Mac 2,24097,3187
295,Dnm1l,Mitochondrial biogenesis / dynamics,0.25265423242467716,0.32569814872921243,0.2245922208281054,0.5776529908180237,0.6951867341995239,1.289106244544356,0.038623372877639534,1.1848502338112924e-17,Activated Mic_Mac 2,24097,3187
296,Pink1,Mitochondrial biogenesis / dynamics,0.442180774748924,0.4574835268277377,0.328732747804266,1.1422650814056396,1.0850023031234741,1.0346074568427421,-0.019679634326131068,0.10797128837808737,Activated Mic_Mac 2,24097,3187
297,Prkn,Mitochondrial biogenesis / dynamics,0.021759923481587756,0.019767806714778787,0.011292346298619825,0.046536777168512344,0.039787523448467255,0.9084501942989548,-0.00566657177585021,0.5121330422468653,Activated Mic_Mac 2,24097,3187
298,Cd36,Fatty acid uptake / activation,0.19206121472979434,0.3404455600878569,0.24717691342534504,0.4760743975639343,0.8149911761283875,1.772588810118797,0.11310984667164636,6.429213349533218e-74,Activated Mic_Mac 2,24097,3187
299,Fabp7,Fatty acid uptake / activation,0.382831181252989,0.42516473172262315,0.29234629861982436,0.9946547150611877,1.0374419689178467,1.1105802049119364,0.00836519626365565,5.4521743899082635e-06,Activated Mic_Mac 2,24097,3187
300,Acsl1,Fatty acid uptake / activation,0.18393113342898135,0.23156573580169437,0.1468005018820577,0.42271190881729126,0.485200971364975,1.258980638485031,0.027620265798306773,4.5342820878633935e-10,Activated Mic_Mac 2,24097,3187
301,Acsl6,Fatty acid uptake / activation,0.11181252989000479,0.13711954816441796,0.07904642409033877,0.25319498777389526,0.29019445180892944,1.2263343678862189,0.01991919541259762,4.42816851296729e-05,Activated Mic_Mac 2,24097,3187
302,Cpt1a,Fatty acid beta-oxidation,0.2603060736489718,0.30404769375588325,0.18946047678795483,0.603987991809845,0.6429038643836975,1.1680391836185042,0.013793192543449222,2.67414784296262e-07,Activated Mic_Mac 2,24097,3187
303,Cpt1c,Fatty acid beta-oxidation,0.03787661406025825,0.05240037652965171,0.018820577164366373,0.08046466112136841,0.10063746571540833,1.3834493348926984,0.0197935813263434,0.000173800925708935,Activated Mic_Mac 2,24097,3187
304,Cpt2,Fatty acid beta-oxidation,0.06666666666666667,0.08534672105428302,0.05897114178168131,0.1449061781167984,0.17118848860263824,1.2802008158142453,0.020979084765353,0.00017459827604574143,Activated Mic_Mac 2,24097,3187
305,Slc25a20,Fatty acid beta-oxidation,0.1349115255858441,0.16441794791339817,0.10915934755332497,0.29962533712387085,0.33722010254859924,1.2187094260436566,0.020307503669742048,1.0667590463968951e-05,Activated Mic_Mac 2,24097,3187
306,Hadhb,Fatty acid beta-oxidation,0.17962697274031564,0.22246626921870097,0.12923462986198245,0.3988708257675171,0.45989683270454407,1.2384903326312666,0.025117294162947067,1.3203637419943323e-08,Activated Mic_Mac 2,24097,3187
307,Echs1,Fatty acid beta-oxidation,0.5756097560975609,0.6830875431440226,0.5181932245922208,1.5293829441070557,1.7199112176895142,1.1867198842756326,0.028781667408734113,2.9181912640327633e-31,Activated Mic_Mac 2,24097,3187
308,Acaa2,Fatty acid beta-oxidation,0.12711621233859396,0.15249450894257924,0.0903387703889586,0.2796899676322937,0.3146653175354004,1.1996464191081009,0.018090504037516095,9.720194304885092e-05,Activated Mic_Mac 2,24097,3187
309,Decr1,Fatty acid beta-oxidation,0.12697274031563846,0.15594603074992155,0.09410288582183186,0.2765021324157715,0.3187561631202698,1.2281851235332804,0.021489382070768906,9.40178347284452e-06,Activated Mic_Mac 2,24097,3187
310,Acox1,Fatty acid beta-oxidation,0.4510760401721664,0.5481644179479134,0.39146800501882056,1.1291226148605347,1.2910178899765015,1.2152372751580651,0.03299606320613388,1.6147022086098494e-24,Activated Mic_Mac 2,24097,3187
311,Ehhadh,Fatty acid beta-oxidation,0.019751315160210427,0.022278004392845937,0.010037641154328732,0.04279761016368866,0.04436077922582626,1.127925113448931,0.004713169055510703,0.3426162239505377,Activated Mic_Mac 2,24097,3187
312,Acly,Lipid synthesis,0.5614538498326159,0.7003451521807342,0.5382685069008782,1.481948733329773,1.7719897031784058,1.247377949923267,0.057863829414774255,4.373468547581639e-51,Activated Mic_Mac 2,24097,3187
313,Acaca,Lipid synthesis,0.22185557149689145,0.26451208032632567,0.1794228356336261,0.5131898522377014,0.5714288949966431,1.1922715239541861,0.0219880212450292,1.3940894493815936e-07,Activated Mic_Mac 2,24097,3187
314,Fasn,Lipid synthesis,0.19708273553323769,0.2594916849701914,0.15809284818067754,0.449867844581604,0.5561627745628357,1.3166637060729685,0.04005572598017728,2.2895417570754546e-15,Activated Mic_Mac 2,24097,3187
315,Elovl1,Lipid synthesis,0.23519846963175514,0.3084405396925008,0.2095357590966123,0.5346156358718872,0.6639319658279419,1.3114053853131744,0.045479370922404595,2.0827762364754992e-18,Activated Mic_Mac 2,24097,3187
316,Srebf1,Lipid synthesis,0.14366331898613105,0.15782867900847192,0.08406524466750313,0.3224731683731079,0.316658079624176,1.0986010912340705,0.002721673014475838,0.035475071982029566,Activated Mic_Mac 2,24097,3187
317,Mlxipl,Lipid synthesis,0.2672883787661406,0.3950423595858174,0.2685069008782936,0.6412762999534607,0.9044188261032104,1.4779630951761393,0.08019087450590236,1.277590058825823e-47,Activated Mic_Mac 2,24097,3187
318,Hmgcr,Cholesterol synthesis,0.15380200860832138,0.2259177910260433,0.1480552070263488,0.3464054465293884,0.47704753279685974,1.4688871300853747,0.05555475886125008,4.715231545366259e-23,Activated Mic_Mac 2,24097,3187
319,Lss,Cholesterol synthesis,0.06461023433763749,0.08597427047379981,0.03889585947302384,0.14255836606025696,0.17167878150939941,1.3306602484138816,0.02290227793709678,1.4891707341007856e-05,Activated Mic_Mac 2,24097,3187
320,Srebf2,Cholesterol synthesis,0.19435676709708274,0.2265453404455601,0.1355081555834379,0.4491863250732422,0.4826422333717346,1.1656159125779186,0.015336555427456764,3.005268215744967e-05,Activated Mic_Mac 2,24097,3187
321,Ldlr,Cholesterol / lipid transport,0.04772835963653754,0.07122685911515532,0.053952321204516936,0.1082494780421257,0.15245287120342255,1.4923383006992963,0.03320337149719951,7.263308580558944e-08,Activated Mic_Mac 2,24097,3187
322,Abca1,Cholesterol / lipid transport,0.7602104256336681,0.8136178224035143,0.6737766624843162,2.394568681716919,2.3855135440826416,1.0702534390071392,-0.03450377433033811,1.1996015312652552e-11,Activated Mic_Mac 2,24097,3187
323,Apod,Cholesterol / lipid transport,0.6630320420851268,0.721681832444305,0.6060225846925973,2.1372604370117188,2.212280035018921,1.0884569472309877,0.0030303874804611373,3.527973314219633e-11,Activated Mic_Mac 2,24097,3187
324,Lpl,Cholesterol / lipid transport,0.47326637972262076,0.5638531534358331,0.4027603513174404,1.4923745393753052,1.7784442901611328,1.1914075826943482,0.05055048042613034,1.5976881704178832e-21,Activated Mic_Mac 2,24097,3187
325,Nr1h2,Cholesterol / lipid transport,0.15145863223338116,0.18355820520866017,0.12421580928481807,0.342530220746994,0.3793066740036011,1.2119362396315392,0.020636086708117143,4.956510458151661e-06,Activated Mic_Mac 2,24097,3187
326,Nr1h3,Cholesterol / lipid transport,0.08077474892395983,0.08377784750549105,0.05771643663739021,0.18079425394535065,0.17615807056427002,1.0371786804853864,0.0004214165479181123,0.5540712785444406,Activated Mic_Mac 2,24097,3187
327,Plin2,Cholesterol / lipid transport,0.6083692013390722,0.6717916535927204,0.4780426599749059,1.7432560920715332,1.8090347051620483,1.1042499392047624,-0.00545042067046802,4.8548638163549015e-12,Activated Mic_Mac 2,24097,3187
328,Plin4,Cholesterol / lipid transport,0.050884744141559066,0.06087229369312833,0.028858218318695106,0.11625825613737106,0.12729130685329437,1.1962778769955953,0.011205066623315095,0.020893825747509743,Activated Mic_Mac 2,24097,3187
329,Ugt8a,Myelin lipid synthesis,0.14423720707795312,0.17288986507687482,0.11668757841907151,0.3445805013179779,0.38649940490722656,1.1986495619222324,0.020268303386487448,3.279486908713709e-05,Activated Mic_Mac 2,24097,3187
330,Cers2,Myelin lipid synthesis,0.3760879961740794,0.49294006903043613,0.34002509410288584,0.9022520184516907,1.1251407861709595,1.3107040746981713,0.05884650734463169,1.1313770591543342e-35,Activated Mic_Mac 2,24097,3187
331,Hif1a,Nutrient sensing / regulators,0.668962219033955,0.8308754314402259,0.7164366373902133,1.9090335369110107,2.3744778633117676,1.2420364077362829,0.09841300014640726,5.296586588889409e-83,Activated Mic_Mac 2,24097,3187
332,Epas1,Nutrient sensing / regulators,0.20970827355332378,0.21901474741135865,0.11668757841907151,0.5126222968101501,0.4828068017959595,1.0443781911907661,-0.005791593295105733,0.23460169510549697,Activated Mic_Mac 2,24097,3187
333,Prkaa1,Nutrient sensing / regulators,0.20597800095648014,0.2689049262629432,0.1806775407779172,0.46593764424324036,0.5673964023590088,1.3055031363264784,0.039951187941487686,3.534521943197811e-15,Activated Mic_Mac 2,24097,3187
334,Prkaa2,Nutrient sensing / regulators,0.013821138211382113,0.018198933165986822,0.012547051442910916,0.029177600517868996,0.03554540127515793,1.3167463408331643,0.010625938044275815,0.05554785444144706,Activated Mic_Mac 2,24097,3187
335,Mtor,Nutrient sensing / regulators,0.1725011956001913,0.22497646689676812,0.13676286072772897,0.38519829511642456,0.4676206409931183,1.3042023628531803,0.036095667600675535,2.5543817710558313e-12,Activated Mic_Mac 2,24097,3187
336,Rptor,Nutrient sensing / regulators,0.185844093735055,0.22874176341386884,0.15558343789209536,0.4197278618812561,0.47478219866752625,1.2308261124508486,0.024081175474261085,2.0002074157622475e-08,Activated Mic_Mac 2,24097,3187
337,Tsc2,Nutrient sensing / regulators,0.24103299856527977,0.31471603388766867,0.20200752823086573,0.5461989045143127,0.6623204946517944,1.3056968786887206,0.04083908159427899,2.1655266278310874e-18,Activated Mic_Mac 2,24097,3187
338,Ddit4,Nutrient sensing / regulators,0.10363462458153994,0.11954816441794791,0.07151819322459223,0.23266258835792542,0.24403339624404907,1.1535542768709233,0.010456369971241644,0.007134004642925287,Activated Mic_Mac 2,24097,3187
339,Txnip,Nutrient sensing / regulators,0.5036824485891918,0.5400062754941952,0.383939774153074,1.3114805221557617,1.2898914813995361,1.0721165230330063,-0.016098956937801674,0.00014197016901210514,Activated Mic_Mac 2,24097,3187
340,Sirt1,Nutrient sensing / regulators,0.0585844093735055,0.06620646375902102,0.03136762860727729,0.12746956944465637,0.1321958601474762,1.1301038017968403,0.0068125200426125765,0.09165311636078853,Activated Mic_Mac 2,24097,3187
341,Sirt3,Nutrient sensing / regulators,0.03974175035868006,0.042987135236899905,0.037641154328732745,0.08596581220626831,0.08767232298851013,1.0816618505458206,0.004169330271695677,0.3834267134910605,Activated Mic_Mac 2,24097,3187
342,Ppara,Nutrient sensing / regulators,0.005643232902917264,0.006903043614684657,0.0037641154328732747,0.012260504998266697,0.013568256981670856,1.2232427286699676,0.00482260632631934,0.3806451471721573,Activated Mic_Mac 2,24097,3187
343,Pparg,Nutrient sensing / regulators,0.010186513629842181,0.00815814245371823,0.005018820577164366,0.021481430158019066,0.01623195968568325,0.8008768014424797,-0.008064860399934502,0.3366258363773047,Activated Mic_Mac 2,24097,3187
344,Nfe2l2,Nutrient sensing / regulators,0.6253945480631277,0.7587072481957954,0.617314930991217,1.7211461067199707,2.039698362350464,1.2131657535959381,0.06341273838594692,5.764952460986062e-51,Activated Mic_Mac 2,24097,3187
345,P2ry12,context,0.36073648971783834,0.46877941637903986,0.36511919698870765,0.9285464286804199,1.1428661346435547,1.2995065088805149,0.057680721652387655,4.109827640378259e-31,Activated Mic_Mac 2,24097,3187
346,Tmem119,context,0.35480631276901003,0.44869783495450266,0.35257214554579674,0.9421866536140442,1.107548475265503,1.2646275412991845,0.043709392450258344,4.461091594492152e-24,Activated Mic_Mac 2,24097,3187
347,Cx3cr1,context,0.7838833094213296,0.8788829620332601,0.7691342534504392,2.5420894622802734,2.805220127105713,1.121191064371635,0.03905172293339137,5.5947493737922714e-39,Activated Mic_Mac 2,24097,3187
348,Hexb,context,0.9884265901482544,0.9974898023219329,0.9912170639899623,4.9716973304748535,5.034401893615723,1.009169332618135,0.0023798668621740626,8.652733569241334e-08,Activated Mic_Mac 2,24097,3187
349,Csf1r,context,0.9307986609277857,0.9805459679949796,0.946047678795483,3.5744545459747314,3.8253378868103027,1.0534458300762999,0.06435755402967928,1.8686453966473327e-34,Activated Mic_Mac 2,24097,3187
350,Cd68,context,0.9265901482544238,0.968936303733919,0.9284818067754078,3.686854839324951,3.795070171356201,1.0457010637974837,-0.009461879836795764,4.727477233013359e-22,Activated Mic_Mac 2,24097,3187
351,Itgam,context,0.7931133428981348,0.8936303733919047,0.8017565872020075,2.531224489212036,2.8541831970214844,1.1267372833830636,0.0620023441062099,9.137029044771276e-46,Activated Mic_Mac 2,24097,3187
352,Ccr2,context,0.03122907699665232,0.0335738939441481,0.02258469259723965,0.07297500967979431,0.06519144773483276,1.0750844140461513,0.0006545963829172842,0.4793619633750539,Activated Mic_Mac 2,24097,3187
353,Gpnmb,context,0.6999521759923482,0.6360213366802636,0.4981179422835634,3.0230817794799805,2.5187695026397705,0.9086639894769276,-0.09075832279599233,6.39975882253229e-13,Activated Mic_Mac 2,24097,3187
354,Trem2,context,0.88675274988044,0.9341073109507374,0.8732747804265998,3.206845283508301,3.222231149673462,1.0534022150781965,-0.0395983983031199,1.9776483701906117e-17,Activated Mic_Mac 2,24097,3187
355,Igf1,context,0.5077474892395982,0.5760903671164104,0.410288582183187,1.4113661050796509,1.5466424226760864,1.1346001296415318,0.02147837386065903,6.074340505027992e-13,Activated Mic_Mac 2,24097,3187
356,Cst7,context,0.7840267814442851,0.925007844367744,0.821831869510665,2.8004369735717773,3.4165868759155273,1.1798166418036797,0.12242018921845339,7.44215438002103e-93,Activated Mic_Mac 2,24097,3187
357,Tnf,context,0.09516977522716404,0.2014433636648886,0.18444165621079048,0.22924327850341797,0.47300848364830017,2.1166737357953873,0.11289545828667073,1.4961477750628971e-61,Activated Mic_Mac 2,24097,3187
358,Ccl2,context,0.13888091822094692,0.29463445246313147,0.2685069008782936,0.38962143659591675,0.8334137201309204,2.1214898075082917,0.1414704083270606,3.924687509307081e-96,Activated Mic_Mac 2,24097,3187
359,Cd74,context,0.9495934959349593,0.9733291496705365,0.9535759096612296,5.200740337371826,5.259334564208984,1.0249955942592122,-0.010575545397210357,3.8559184647631976e-10,Activated Mic_Mac 2,24097,3187
360,H2-Ab1,context,0.8578670492587279,0.9159083777847505,0.8745294855708908,3.6281402111053467,3.7714593410491943,1.0676577198951462,0.006094978147623108,5.2310987413285646e-21,Activated Mic_Mac 2,24097,3187
361,Mki67,context,0.0733142037302726,0.1107624725447129,0.08155583437892096,0.1682557910680771,0.23977988958358765,1.5107914552576298,0.04283283375413538,2.5321486031775096e-12,Activated Mic_Mac 2,24097,3187
362,Top2a,context,0.03529411764705882,0.052086601819893316,0.02258469259723965,0.07826240360736847,0.1029689684510231,1.475787051563644,0.02485686711396546,8.044455958434445e-06,Activated Mic_Mac 2,24097,3187
363,Msr1,context,0.289143950263032,0.4198305616567305,0.28732747804265996,0.7146568298339844,1.0156797170639038,1.4519776785051663,0.08372257620613296,5.59052135926779e-48,Activated Mic_Mac 2,24097,3187
364,Mertk,context,0.7417981826877093,0.8352682773768434,0.6951066499372648,2.261233329772949,2.4684226512908936,1.1260047501740569,0.024358030530038145,2.507113630372812e-32,Activated Mic_Mac 2,24097,3187
365,Axl,context,0.8379244380679101,0.9199874490116097,0.8067754077791719,2.7443602085113525,2.9525890350341797,1.097936051528609,0.02084039889411592,5.604267083659913e-38,Activated Mic_Mac 2,24097,3187
366,C3,context,0.8645145863223338,0.902729839974898,0.8180677540777918,3.255617141723633,3.2773830890655518,1.044204290196112,-0.02186967884323475,8.364763091341544e-10,Activated Mic_Mac 2,24097,3187
367,C4b,context,0.58493543758967,0.690618136178224,0.5520702634880803,1.7031655311584473,1.9354393482208252,1.1806741253770472,0.03948306663459715,1.7258836887238815e-30,Activated Mic_Mac 2,24097,3187
368,Serpina3n,context,0.7675753228120517,0.8503294634452463,0.7151819322459222,2.563549041748047,2.7706661224365234,1.1078124037781993,0.022458070793564818,1.604109316860358e-27,Activated Mic_Mac 2,24097,3187
369,Bdh1,Ketone body synthesis,0.03397260273972603,0.03312745648512072,0.01569506726457399,0.07775714248418808,0.06987591832876205,0.9751227110539566,-0.002038764226113406,0.8930677777396496,Macrophages,32806,1781
370,Acss1,Ketone body utilisation,0.050024174053182914,0.08085345311622684,0.06278026905829596,0.11457408964633942,0.16657398641109467,1.6162876178678722,0.029436104803531146,1.0680020718129127e-07,Macrophages,32806,1781
371,Acss2,Ketone body utilisation,0.048348106365834004,0.045480067377877596,0.020179372197309416,0.11071576178073883,0.09292185306549072,0.9406793935991017,-0.0046120544674069655,0.6488437371902254,Macrophages,32806,1781
372,Ffar3,Ketone / SCFA receptors,0.00048348106365834006,0.0,0.0,0.001153141725808382,0.0,0.0,-0.005121756040699087,1.0,Macrophages,32806,1781
373,Ffar2,Ketone / SCFA receptors,0.02684931506849315,0.05165637282425604,0.03811659192825112,0.06528858095407486,0.11525941640138626,1.9239363347809646,0.03300842274071182,2.333754115533799e-08,Macrophages,32806,1781
374,Slc16a1,Monocarboxylate transporters,0.20870265914585012,0.287478944413251,0.17488789237668162,0.5099863409996033,0.6639944911003113,1.3774570270920636,0.036845170403011746,2.6364661242720097e-14,Macrophages,32806,1781
375,Slc16a3,Monocarboxylate transporters,0.606027397260274,0.7456485120718698,0.5717488789237668,1.7881900072097778,2.1343467235565186,1.230387463409731,0.04329952748724691,1.2734597094633689e-33,Macrophages,32806,1781
376,Slc2a1,Glucose transporters,0.4000644641418211,0.5435148792813026,0.4013452914798206,1.0556734800338745,1.3744560480117798,1.3585682508622634,0.052518912985709966,2.2246860158543503e-32,Macrophages,32806,1781
377,Slc2a3,Glucose transporters,0.021240934730056407,0.047164514317798986,0.03587443946188341,0.04910634085536003,0.10404617339372635,2.2204538038083665,0.03871933102507381,2.2499477552131987e-10,Macrophages,32806,1781
378,Slc2a4,Glucose transporters,0.04709105560032232,0.04604154969118473,0.0515695067264574,0.11542078107595444,0.10219626128673553,0.9777132643182794,-0.0018293836999485474,0.9083257002413443,Macrophages,32806,1781
379,Hk1,Glycolysis,0.2191136180499597,0.2711959573273442,0.1681614349775785,0.5277577638626099,0.6024192571640015,1.2376955834187782,0.020246533770038648,5.14665660606294e-07,Macrophages,32806,1781
380,Hk2,Glycolysis,0.5987429492344883,0.7484559236384054,0.5448430493273543,1.7178211212158203,2.130527973175049,1.2500454904651985,0.05648153313399373,3.698500887393076e-38,Macrophages,32806,1781
381,Gpi1,Glycolysis,0.5486543110394843,0.639528354856822,0.4439461883408072,1.4909666776657104,1.6262633800506592,1.1656307842458526,0.011031319016896569,4.6415640982149783e-14,Macrophages,32806,1781
382,Pfkl,Glycolysis,0.5733440773569702,0.699606962380685,0.5,1.6017358303070068,1.8588768243789673,1.2202218353868197,0.028813893325646944,1.459971690923253e-26,Macrophages,32806,1781
383,Pfkp,Glycolysis,0.44596293311845286,0.5766423357664233,0.4461883408071749,1.2178707122802734,1.5206539630889893,1.2930274983487484,0.0469218198649159,6.279475252046831e-27,Macrophages,32806,1781
384,Pfkfb2,Glycolysis,0.07742143432715552,0.08983717012914093,0.05829596412556054,0.17691783607006073,0.18488278985023499,1.160365613345794,0.007707395110586568,0.0624775663716782,Macrophages,32806,1781
385,Aldoa,Glycolysis,0.9432393231265109,0.9882088714205502,0.9596412556053812,3.849139451980591,4.101716995239258,1.0476756504860092,0.041719909000559635,6.046098760036e-22,Macrophages,32806,1781
386,Aldoc,Glycolysis,0.2868009669621273,0.3329590117911286,0.21300448430493274,0.7534400224685669,0.8042299151420593,1.1609410362800365,0.012076478039994395,3.8858949410250314e-05,Macrophages,32806,1781
387,Tpi1,Glycolysis,0.7463658340048348,0.8545760808534532,0.7174887892376681,2.349337577819824,2.689087152481079,1.14498285146305,0.045042112144612234,2.7135004828653386e-27,Macrophages,32806,1781
388,Pgk1,Glycolysis,0.7038195004029009,0.8427849522740034,0.6995515695067265,2.1550936698913574,2.5621161460876465,1.1974447309168783,0.05236256276177686,2.6175673048021245e-40,Macrophages,32806,1781
389,Eno1,Glycolysis,0.2515068493150685,0.3335204941044357,0.21524663677130046,0.6114243268966675,0.7565183043479919,1.326089110545959,0.03327479006326032,6.198396326742944e-14,Macrophages,32806,1781
390,Eno2,Glycolysis,0.18185334407735698,0.22290847838293093,0.13004484304932734,0.4505733251571655,0.5067540407180786,1.2257595784882014,0.017396178615538545,2.1510252484243805e-05,Macrophages,32806,1781
391,Pkm,Glycolysis,0.7566478646253022,0.8837731611454239,0.773542600896861,2.380283832550049,2.781087636947632,1.1680111746341544,0.05325024526897865,1.2187278417388292e-39,Macrophages,32806,1781
392,Ldha,Glycolysis,0.6536986301369863,0.7956204379562044,0.6502242152466368,1.9910180568695068,2.4439752101898193,1.2171058669489296,0.06211881595524299,1.8866410813507283e-37,Macrophages,32806,1781
393,Ldhb,Glycolysis,0.3611925866236906,0.4261650758001123,0.3183856502242152,0.9390600919723511,1.0396808385849,1.1798832301176587,0.017085502974552597,4.398891405309763e-08,Macrophages,32806,1781
394,Pdk1,Pyruvate fate,0.14523771152296536,0.18697361033127458,0.10986547085201794,0.338516503572464,0.4009043276309967,1.2873626854256088,0.02128503006334886,2.860034552523751e-06,Macrophages,32806,1781
395,Pdk4,Pyruvate fate,0.014343271555197422,0.018528916339135316,0.01569506726457399,0.03263913467526436,0.0399409718811512,1.2918193919588161,0.0076815065632500285,0.15390429100491468,Macrophages,32806,1781
396,Mpc1,Pyruvate fate,0.23755036261079773,0.2768107804604155,0.16591928251121077,0.5687952041625977,0.6082727313041687,1.1652719760901482,0.011015555511396963,0.0002050305574145221,Macrophages,32806,1781
397,Mpc2,Pyruvate fate,0.10849315068493151,0.1386861313868613,0.06950672645739911,0.2499624341726303,0.29183775186538696,1.2782938877829388,0.018381392320353036,0.00013340350078209416,Macrophages,32806,1781
398,Pcx,Pyruvate fate,0.046156325543916195,0.05614823133071308,0.03811659192825112,0.10590619593858719,0.11530137062072754,1.2164796627341994,0.00908438110817182,0.05647827101812409,Macrophages,32806,1781
399,G6pdx,Pentose phosphate pathway,0.0311361804995971,0.0381807973048849,0.02242152466367713,0.06943603605031967,0.0774826854467392,1.2262517974990206,0.008004196729602649,0.1081327132190174,Macrophages,32806,1781
400,Pygb,Glycogen,0.1338597904915391,0.1420550252667041,0.06502242152466367,0.31314823031425476,0.2953084707260132,1.0612225280278098,0.00014442006621883893,0.31728195609726345,Macrophages,32806,1781
401,Agl,Glycogen,0.1944238517324738,0.24087591240875914,0.1591928251121076,0.4579049050807953,0.5238776803016663,1.2389216151329165,0.01978002722166176,2.7077027024146965e-06,Macrophages,32806,1781
402,Cs,TCA cycle,0.3441418211120065,0.4132509825940483,0.2825112107623318,0.8598927855491638,0.9470197558403015,1.20081593471765,0.01577906092833102,4.449299217388977e-09,Macrophages,32806,1781
403,Idh2,TCA cycle,0.19642224012892828,0.22796181920269512,0.1367713004484305,0.46256521344184875,0.4916692078113556,1.1605703053435537,0.010651954599816462,0.0014679635880954448,Macrophages,32806,1781
404,Ogdh,TCA cycle,0.36054794520547945,0.44918585064570465,0.3071748878923767,0.9018452763557434,1.0646822452545166,1.245842214936795,0.028598788442892004,8.929111520792288e-14,Macrophages,32806,1781
405,Sdha,TCA cycle,0.4314262691377921,0.49971925884334645,0.37668161434977576,1.110425591468811,1.2017676830291748,1.1582958539869126,0.0117561566476705,2.0215333001393895e-08,Macrophages,32806,1781
406,Sdhb,TCA cycle,0.5334085414987912,0.6198764738910725,0.47085201793721976,1.4398025274276733,1.5637739896774292,1.1621045140171928,0.009102199148625739,8.678646473138926e-13,Macrophages,32806,1781
407,Fh1,TCA cycle,0.1382433521353747,0.17012914093206064,0.08520179372197309,0.3213493525981903,0.35902127623558044,1.230649707954577,0.015383653650424708,0.00022445806222206008,Macrophages,32806,1781
408,Got2,Anaplerosis / amino acids,0.14288477034649477,0.18248175182481752,0.10538116591928251,0.33370423316955566,0.38797008991241455,1.2771252764188954,0.020039283071191866,7.80095256872171e-06,Macrophages,32806,1781
409,Glud1,Anaplerosis / amino acids,0.36251410153102337,0.3902302077484559,0.2556053811659193,0.9089381098747253,0.8990932703018188,1.0764552498795985,-0.0031658584565147966,0.0185326721740448,Macrophages,32806,1781
410,Idh1,Anaplerosis / amino acids,0.4029975825946817,0.4542391914654688,0.3295964125560538,1.065822720527649,1.1121469736099243,1.127151156939628,0.004773973138997643,2.1788701851322356e-05,Macrophages,32806,1781
411,Ndufs1,Oxidative phosphorylation,0.27874294923448834,0.36496350364963503,0.23542600896860988,0.6771031618118286,0.8217082023620605,1.309319229964145,0.031418117101310344,1.6977398843033308e-14,Macrophages,32806,1781
412,Atp5o,Oxidative phosphorylation,0.5890733279613215,0.704098820887142,0.5044843049327354,1.6402713060379028,1.8495532274246216,1.1952651520039168,0.019976297467121585,1.5135047119151833e-22,Macrophages,32806,1781
413,Ppargc1a,Mitochondrial biogenesis / dynamics,0.010120870265914584,0.006176305446378439,0.002242152466367713,0.02292666584253311,0.012214959599077702,0.6102543836748124,-0.00918761351227685,0.10956376453511993,Macrophages,32806,1781
414,Tfam,Mitochondrial biogenesis / dynamics,0.06958904109589041,0.07523862998315553,0.03587443946188341,0.15929536521434784,0.15368472039699554,1.0811850371595184,0.0025884703553626497,0.3638041577035934,Macrophages,32806,1781
415,Nrf1,Mitochondrial biogenesis / dynamics,0.10784850926672039,0.12801796743402583,0.08520179372197309,0.249155655503273,0.26998522877693176,1.1870165689302603,0.011023308545581176,0.008784635535649317,Macrophages,32806,1781
416,Opa1,Mitochondrial biogenesis / dynamics,0.14120870265914584,0.16732172936552497,0.08295964125560538,0.32814010977745056,0.3498263657093048,1.1849250521719727,0.011295624402148879,0.002712839597851972,Macrophages,32806,1781
417,Mfn2,Mitochondrial biogenesis / dynamics,0.14568896051571315,0.19034250421111734,0.12780269058295965,0.341678649187088,0.4095792770385742,1.30649915777653,0.023159962474683486,6.249611141088253e-07,Macrophages,32806,1781
418,Dnm1l,Mitochondrial biogenesis / dynamics,0.2428686543110395,0.31667602470522177,0.2040358744394619,0.5808089375495911,0.7053025364875793,1.303898296812144,0.029358402828693446,8.683785964207246e-12,Macrophages,32806,1781
419,Pink1,Mitochondrial biogenesis / dynamics,0.2907010475423046,0.33071308253790005,0.226457399103139,0.732251763343811,0.7670618891716003,1.1376398032751247,0.00836309116376057,0.00036723887388634424,Macrophages,32806,1781
420,Prkn,Mitochondrial biogenesis / dynamics,0.004995970991136181,0.008983717012914094,0.0,0.011591730639338493,0.01734773814678192,1.7981923891978049,0.01183107492979639,0.03925761130250658,Macrophages,32806,1781
421,Cd36,Fatty acid uptake / activation,0.07313456889605158,0.14710836608646827,0.11210762331838565,0.18005108833312988,0.33683040738105774,2.0114751246508056,0.05991135139984394,7.537163309817486e-25,Macrophages,32806,1781
422,Fabp7,Fatty acid uptake / activation,0.24963738920225625,0.2543514879281303,0.17040358744394618,0.6650252342224121,0.6187530755996704,1.0188837847605219,-0.005770281823051892,0.6525982950006263,Macrophages,32806,1781
423,Acsl1,Fatty acid uptake / activation,0.3052699435938759,0.4300954519932622,0.3116591928251121,0.7999774813652039,1.0656853914260864,1.4089020587151264,0.04955430918045357,5.208378836159686e-27,Macrophages,32806,1781
424,Acsl6,Fatty acid uptake / activation,0.06817082997582595,0.06625491297024144,0.04484304932735426,0.1603212207555771,0.14144472777843475,0.9718953545634708,-0.0034303711460783462,0.8088318424487375,Macrophages,32806,1781
425,Cpt1a,Fatty acid beta-oxidation,0.26884770346494763,0.300393037619315,0.17937219730941703,0.6565960049629211,0.6566398739814758,1.1173353305526015,0.0023785931829533777,0.003970112941111784,Macrophages,32806,1781
426,Cpt1c,Fatty acid beta-oxidation,0.02530217566478646,0.026389668725435148,0.013452914798206279,0.05695170536637306,0.05375615879893303,1.0429802193714974,0.0006973658425140712,0.7564611310600977,Macrophages,32806,1781
427,Cpt2,Fatty acid beta-oxidation,0.0649798549556809,0.09376754632229085,0.05605381165919283,0.1473468691110611,0.1930677592754364,1.4430248634171994,0.023843763041029708,6.428220369807811e-06,Macrophages,32806,1781
428,Slc25a20,Fatty acid beta-oxidation,0.14817082997582595,0.20830993823694555,0.1547085201793722,0.3456187844276428,0.45073243975639343,1.4058768400698793,0.033136078655863314,3.7626796625242123e-11,Macrophages,32806,1781
429,Hadhb,Fatty acid beta-oxidation,0.16096696212731668,0.1965188096574958,0.11883408071748879,0.3774053156375885,0.4223216474056244,1.2208642510259926,0.01606086916909909,0.00011166166084354506,Macrophages,32806,1781
430,Echs1,Fatty acid beta-oxidation,0.4537308622078969,0.5311622683885457,0.3923766816143498,1.1845566034317017,1.3110020160675049,1.1706549248245102,0.016854202505716717,2.2413908062573641e-10,Macrophages,32806,1781
431,Acaa2,Fatty acid beta-oxidation,0.1339242546333602,0.16002245929253228,0.07399103139013453,0.3105103373527527,0.3379799723625183,1.194872875944841,0.012538307283041126,0.002175515898145768,Macrophages,32806,1781
432,Decr1,Fatty acid beta-oxidation,0.09360193392425463,0.10780460415496912,0.06950672645739911,0.212529256939888,0.2240513563156128,1.1517347947341312,0.00826886126724935,0.05002451459779976,Macrophages,32806,1781
433,Acox1,Fatty acid beta-oxidation,0.36141821112006445,0.4508702975856261,0.26905829596412556,0.9112271666526794,1.0593301057815552,1.2475029860513733,0.025648500370040808,5.18863028437781e-14,Macrophages,32806,1781
434,Ehhadh,Fatty acid beta-oxidation,0.009476228847703464,0.011791128579449747,0.002242152466367713,0.021153459325432777,0.022281130775809288,1.2442849121681239,0.004615832212974591,0.31674037222391804,Macrophages,32806,1781
435,Acly,Lipid synthesis,0.530894439967768,0.5985401459854015,0.3834080717488789,1.4494868516921997,1.5228667259216309,1.1274183734562007,0.004182146008913368,2.469647697234936e-08,Macrophages,32806,1781
436,Acaca,Lipid synthesis,0.11693795326349718,0.1386861313868613,0.09417040358744394,0.2730849087238312,0.2981167435646057,1.1859804923587023,0.011592896953751484,0.006545534042449758,Macrophages,32806,1781
437,Fasn,Lipid synthesis,0.13705076551168413,0.1622683885457608,0.09192825112107623,0.3262760639190674,0.35100698471069336,1.1840020589445506,0.011735742435330508,0.0033849990461026725,Macrophages,32806,1781
438,Elovl1,Lipid synthesis,0.22694601128122482,0.300393037619315,0.1905829596412556,0.5422344207763672,0.6621727347373962,1.3236321534070796,0.030032520899379123,3.519044114570807e-12,Macrophages,32806,1781
439,Srebf1,Lipid synthesis,0.1223529411764706,0.14654688377316114,0.08295964125560538,0.2830261290073395,0.31743380427360535,1.1977389539152592,0.01334970855635373,0.0030549348925138302,Macrophages,32806,1781
440,Mlxipl,Lipid synthesis,0.014214343271555198,0.030320044918585063,0.017937219730941704,0.03373423591256142,0.06342606246471405,2.1330598494310693,0.029000919076861306,1.1392015210747131e-06,Macrophages,32806,1781
441,Hmgcr,Cholesterol synthesis,0.23219983883964546,0.29084783829309374,0.17713004484304934,0.5668989419937134,0.6615927815437317,1.252575539012109,0.023116723143696113,2.8460406029258068e-08,Macrophages,32806,1781
442,Lss,Cholesterol synthesis,0.05669621273166801,0.07411566535654127,0.04484304932735426,0.13141438364982605,0.16074298322200775,1.3072419088611102,0.015872242633993377,0.002858744695793368,Macrophages,32806,1781
443,Srebf2,Cholesterol synthesis,0.2337147461724416,0.2807411566535654,0.1726457399103139,0.5804567933082581,0.6349767446517944,1.201212851355243,0.01545582008149116,8.571677942010022e-06,Macrophages,32806,1781
444,Ldlr,Cholesterol / lipid transport,0.12905721192586625,0.14486243683323977,0.09641255605381166,0.31685349345207214,0.3236071765422821,1.122466808878937,0.00663817950563115,0.054811263440952315,Macrophages,32806,1781
445,Abca1,Cholesterol / lipid transport,0.5891377921031427,0.6973610331274565,0.4977578475336323,1.7278244495391846,1.9621753692626953,1.1836976722168364,0.026567350735046697,3.944223248499612e-20,Macrophages,32806,1781
446,Apod,Cholesterol / lipid transport,0.5865592264302981,0.6698483997754071,0.5560538116591929,1.84856116771698,2.0615768432617188,1.1419961865607213,0.023641068628415838,2.126342067020155e-12,Macrophages,32806,1781
447,Lpl,Cholesterol / lipid transport,0.1293795326349718,0.18472768107804605,0.1210762331838565,0.33680033683776855,0.45560094714164734,1.4277967876049773,0.03354638302732725,1.3761235067055588e-10,Macrophages,32806,1781
448,Nr1h2,Cholesterol / lipid transport,0.13637389202256245,0.1897810218978102,0.15695067264573992,0.32390087842941284,0.41368091106414795,1.391622832517032,0.030323076778188452,1.2723065615523381e-09,Macrophages,32806,1781
449,Nr1h3,Cholesterol / lipid transport,0.20096696212731668,0.23413812464907355,0.11883408071748879,0.4945690333843231,0.5144832134246826,1.1650577894526875,0.00927936600538495,0.0008533981868229356,Macrophages,32806,1781
450,Plin2,Cholesterol / lipid transport,0.7082352941176471,0.8231330713082537,0.6928251121076233,2.262146234512329,2.578810453414917,1.1622310807508567,0.035148224028891076,1.4089038384083955e-27,Macrophages,32806,1781
451,Plin4,Cholesterol / lipid transport,0.024045124899274777,0.023020774845592364,0.02466367713004484,0.05686921998858452,0.05116380751132965,0.9573988466280203,-0.0018339079289743094,0.8733674944815106,Macrophages,32806,1781
452,Ugt8a,Myelin lipid synthesis,0.08518936341659952,0.11229646266142616,0.08968609865470852,0.20570756494998932,0.2499048262834549,1.3181981665042553,0.019482925375378015,0.00013478626988144233,Macrophages,32806,1781
453,Cers2,Myelin lipid synthesis,0.3654149879129734,0.4750140370578327,0.33856502242152464,0.9107727408409119,1.1134670972824097,1.2999303607408714,0.03591167971454169,5.0970342199152176e-20,Macrophages,32806,1781
454,Hif1a,Nutrient sensing / regulators,0.7402739726027397,0.8613138686131386,0.7174887892376681,2.3167941570281982,2.677323579788208,1.1635068913537956,0.04408211323892438,8.975013451683615e-34,Macrophages,32806,1781
455,Epas1,Nutrient sensing / regulators,0.17102336825141015,0.18079730488489612,0.11883408071748879,0.437455415725708,0.4175060987472534,1.057149714295873,-2.852236944447452e-05,0.28627624836082566,Macrophages,32806,1781
456,Prkaa1,Nutrient sensing / regulators,0.20786462530217567,0.2577203818079731,0.1547085201793722,0.4946082532405853,0.5621502995491028,1.2398472391986919,0.019665292365186406,9.256266224900948e-07,Macrophages,32806,1781
457,Prkaa2,Nutrient sensing / regulators,0.007574536663980661,0.005614823133071308,0.006726457399103139,0.017232850193977356,0.011189907789230347,0.7412761178873929,-0.005245454935009134,0.47693384833891905,Macrophages,32806,1781
458,Mtor,Nutrient sensing / regulators,0.1605157131345689,0.1858506457046603,0.1031390134529148,0.3739968538284302,0.39452219009399414,1.1578345949773265,0.009836690483861744,0.005444088699204792,Macrophages,32806,1781
459,Rptor,Nutrient sensing / regulators,0.12705882352941175,0.1527231892195396,0.09641255605381166,0.2966345548629761,0.3268062174320221,1.201988063301932,0.013317106080094171,0.002202193230709708,Macrophages,32806,1781
460,Tsc2,Nutrient sensing / regulators,0.20692989524576955,0.2537900056148231,0.1547085201793722,0.4866361916065216,0.5542393326759338,1.2264540380373656,0.018727539871474786,3.90260453213711e-06,Macrophages,32806,1781
461,Ddit4,Nutrient sensing / regulators,0.15606768734891216,0.22459292532285233,0.15695067264573992,0.3854180872440338,0.5093985795974731,1.439073834808239,0.03638703139759592,2.075200206141787e-13,Macrophages,32806,1781
462,Txnip,Nutrient sensing / regulators,0.6478001611603545,0.7175743964065132,0.5672645739910314,1.8993812799453735,1.9982917308807373,1.1077095058469535,0.0033232047979739345,1.0995400922579176e-09,Macrophages,32806,1781
463,Sirt1,Nutrient sensing / regulators,0.056954069298952456,0.07523862998315553,0.04932735426008968,0.12964871525764465,0.15718509256839752,1.3210404613624225,0.015898315414199886,0.0020489167584151866,Macrophages,32806,1781
464,Sirt3,Nutrient sensing / regulators,0.03168412570507655,0.0381807973048849,0.008968609865470852,0.07153953611850739,0.07624766230583191,1.2050450014079896,0.006985116413433947,0.12813432887806223,Macrophages,32806,1781
465,Ppara,Nutrient sensing / regulators,0.0033521353746978244,0.003368893879842785,0.0,0.007469643838703632,0.006545927841216326,1.0049993521357923,-0.0003462990515385762,1.0,Macrophages,32806,1781
466,Pparg,Nutrient sensing / regulators,0.01476228847703465,0.023020774845592364,0.008968609865470852,0.033343344926834106,0.045041367411613464,1.5594313091364695,0.014099190323032602,0.009205736185525674,Macrophages,32806,1781
467,Nfe2l2,Nutrient sensing / regulators,0.5857534246575342,0.7215047725996631,0.5739910313901345,1.648842453956604,1.9608579874038696,1.2317551075719224,0.040603066229178655,5.58808605645083e-31,Macrophages,32806,1781
468,P2ry12,context,0.11423045930701048,0.13307130825379002,0.09417040358744394,0.2722497284412384,0.2876710593700409,1.1649371722838135,0.009511431708085638,0.017928515942143196,Macrophages,32806,1781
469,Tmem119,context,0.0752296535052377,0.11173498034811903,0.06950672645739911,0.18057966232299805,0.23596948385238647,1.4852518274637503,0.027361148747102687,1.0628537973898881e-07,Macrophages,32806,1781
470,Cx3cr1,context,0.3270265914585012,0.3060078607523863,0.21524663677130046,0.9002026915550232,0.7646922469139099,0.9357277626495943,-0.021876021608192357,0.06879715944749037,Macrophages,32806,1781
471,Hexb,context,0.7522965350523771,0.8343627175743964,0.7130044843049327,2.474416971206665,2.7340593338012695,1.1090875455332325,0.030341017532621903,3.665941604617507e-16,Macrophages,32806,1781
472,Csf1r,context,0.8804834810636584,0.9101628298708591,0.7690582959641256,3.1383755207061768,3.1306471824645996,1.0337080132058205,-0.02496032591235425,0.0001138272407887124,Macrophages,32806,1781
473,Cd68,context,0.8333601933924255,0.9219539584503088,0.8452914798206278,3.010032892227173,3.312743663787842,1.106309091507284,0.03144062011484086,9.433317534884889e-27,Macrophages,32806,1781
474,Itgam,context,0.7593875906526995,0.8467153284671532,0.7331838565022422,2.442617893218994,2.6761722564697266,1.114997583433507,0.024180664826494357,1.4804175018610313e-18,Macrophages,32806,1781
475,Ccr2,context,0.2268815471394037,0.15328467153284672,0.06726457399103139,0.6312640309333801,0.3607354462146759,0.6756154189951087,-0.047652108394105525,5.523440840104627e-14,Macrophages,32806,1781
476,Gpnmb,context,0.581917808219178,0.686692869174621,0.5874439461883408,2.284858226776123,2.562620162963867,1.1800513053142028,0.023644539508302413,9.555071728744667e-19,Macrophages,32806,1781
477,Trem2,context,0.4918936341659952,0.5614823133071308,0.3789237668161435,1.3725950717926025,1.4415239095687866,1.1414709894734116,0.003328293471810944,1.1381107777330572e-08,Macrophages,32806,1781
478,Igf1,context,0.08738114423851732,0.15328467153284672,0.11883408071748879,0.2104571908712387,0.34215807914733887,1.7542076482134155,0.048566395240685005,3.913244298875448e-18,Macrophages,32806,1781
479,Cst7,context,0.2747139403706688,0.47276810780460415,0.35201793721973096,0.7671590447425842,1.3593209981918335,1.7209469136029383,0.10044404828997663,2.4798674323912305e-66,Macrophages,32806,1781
480,Tnf,context,0.11590652699435938,0.22908478382930939,0.19730941704035873,0.3030484914779663,0.5758154392242432,1.9764614622648287,0.07546718364395232,1.8165926815886082e-38,Macrophages,32806,1781
481,Ccl2,context,0.1923932312651088,0.3020774845592364,0.25112107623318386,0.5637609362602234,0.8384384512901306,1.5701045331630605,0.05717711320828054,6.712331675459162e-27,Macrophages,32806,1781
482,Cd74,context,0.9745688960515713,0.9865244244806288,0.9663677130044843,5.4943695068359375,5.400882244110107,1.0122675046140863,-0.04000876456545362,0.0009400551903977742,Macrophages,32806,1781
483,H2-Ab1,context,0.9169701853344078,0.9466591802358225,0.9013452914798207,4.253823757171631,4.240151405334473,1.0323772739574815,-0.02934882498281823,3.369587028002032e-06,Macrophages,32806,1781
484,Mki67,context,0.1670910556003223,0.23245367770915215,0.16367713004484305,0.41116049885749817,0.536825954914093,1.3911796587435274,0.03390805633707005,7.098670444102047e-12,Macrophages,32806,1781
485,Top2a,context,0.05118452860596293,0.0746771476698484,0.04484304932735426,0.11849145591259003,0.15717247128486633,1.458978908348266,0.021995690382617058,3.925327256045425e-05,Macrophages,32806,1781
486,Msr1,context,0.3540370668815471,0.4626614261650758,0.3071748878923767,0.9144527912139893,1.1461549997329712,1.3068163462100761,0.040561260792125534,5.98584500837161e-20,Macrophages,32806,1781
487,Mertk,context,0.5012087026591459,0.5822571588994947,0.42152466367713004,1.4156569242477417,1.5542775392532349,1.16170600352777,0.01511479667167575,2.680219201602318e-11,Macrophages,32806,1781
488,Axl,context,0.6643352135374698,0.7063447501403706,0.5515695067264574,2.04115891456604,2.0417702198028564,1.063235450638251,-0.013809269007810702,0.000240922107308408,Macrophages,32806,1781
489,C3,context,0.8694601128122482,0.9444132509825941,0.8677130044843049,3.436985492706299,3.6503283977508545,1.0862065287019456,0.009808655932923746,2.652086455903935e-24,Macrophages,32806,1781
490,C4b,context,0.3092667203867849,0.39865244244806286,0.28475336322869954,0.8263006210327148,1.015095591545105,1.2890247031736477,0.033884561334343824,1.0041737448117518e-14,Macrophages,32806,1781
491,Serpina3n,context,0.6920225624496373,0.7849522740033689,0.6636771300448431,2.259315013885498,2.5037567615509033,1.134287112294109,0.024394936794199247,1.3510768193200705e-17,Macrophages,32806,1781
492,Bdh1,Ketone body synthesis,0.041796781167427334,0.0407174018419777,0.025193798449612403,0.10320094972848892,0.09529490023851395,0.9741755394721447,-0.007553965541473434,0.8536276689647766,Myeloid cells,10389,2063
493,Acss1,Ketone body utilisation,0.02906557770838338,0.04411051866214251,0.031007751937984496,0.07183177769184113,0.09661294519901276,1.517620571822308,0.028432974510138466,0.000781406832760243,Myeloid cells,10389,2063
494,Acss2,Ketone body utilisation,0.05981263511890464,0.06398448860882211,0.023255813953488372,0.1525457352399826,0.14493918418884277,1.0697486991105478,-0.002240415646028478,0.4709780336822476,Myeloid cells,10389,2063
495,Ffar3,Ketone / SCFA receptors,0.00012010569300984866,0.0004847309743092584,0.0,0.0002782325027510524,0.000915808544959873,4.035870092098886,0.007399489008874368,0.3577339565599748,Myeloid cells,10389,2063
496,Ffar2,Ketone / SCFA receptors,0.0987268796540956,0.15753756665050897,0.08914728682170543,0.2833620309829712,0.4096441864967346,1.5956907298444498,0.060617867936662996,2.2249583608009922e-13,Myeloid cells,10389,2063
497,Slc16a1,Monocarboxylate transporters,0.18772519817439345,0.23994183228308288,0.13372093023255813,0.5250927209854126,0.6013612151145935,1.278154635693505,0.02802945110870822,1.7770839688862917e-07,Myeloid cells,10389,2063
498,Slc16a3,Monocarboxylate transporters,0.5425174153254865,0.6888027144934561,0.5775193798449613,1.8031275272369385,2.2152159214019775,1.269641665014947,0.07952517285531258,5.690186486854603e-34,Myeloid cells,10389,2063
499,Slc2a1,Glucose transporters,0.3976699495556089,0.5167232186136694,0.35658914728682173,1.1748573780059814,1.4323989152908325,1.2993770819019668,0.05645471062481839,2.0854727853336721e-22,Myeloid cells,10389,2063
500,Slc2a3,Glucose transporters,0.13716070141724718,0.10809500727096462,0.07945736434108527,0.4181150197982788,0.2694401144981384,0.788090219385334,-0.0447488812496249,0.0004096261080322308,Myeloid cells,10389,2063
501,Slc2a4,Glucose transporters,0.060893586355993276,0.06786233640329617,0.07751937984496124,0.17745468020439148,0.1772678941488266,1.114441445549988,0.010849067612493223,0.24197265944210472,Myeloid cells,10389,2063
502,Hk1,Glycolysis,0.2248378573144367,0.3155598642753272,0.23062015503875968,0.6088528037071228,0.7974334955215454,1.403499695489516,0.06576879566156701,4.5142029139648726e-17,Myeloid cells,10389,2063
503,Hk2,Glycolysis,0.39082392505404756,0.5453223460979156,0.36627906976744184,1.1895123720169067,1.6110875606536865,1.3953146446254596,0.09247056529072903,1.421774206995481e-36,Myeloid cells,10389,2063
504,Gpi1,Glycolysis,0.36331972135479224,0.4624333494910325,0.28488372093023256,1.0327924489974976,1.1984957456588745,1.2728000224338303,0.03544787451486247,2.1855613375751866e-16,Myeloid cells,10389,2063
505,Pfkl,Glycolysis,0.34146048522699973,0.4575860397479399,0.2926356589147287,0.966641902923584,1.2006806135177612,1.3400848986779275,0.058310005721290574,3.502987612935534e-22,Myeloid cells,10389,2063
506,Pfkp,Glycolysis,0.42121066538553925,0.5467765390208434,0.4011627906976744,1.2834700345993042,1.5980355739593506,1.298107061273893,0.06632709751870217,1.607010929568201e-24,Myeloid cells,10389,2063
507,Pfkfb2,Glycolysis,0.03735287052606293,0.038778477944740666,0.027131782945736434,0.09243667125701904,0.09097737073898315,1.0381659400897454,-0.0007621322893151985,0.7468716637822961,Myeloid cells,10389,2063
508,Aldoa,Glycolysis,0.8013451837617103,0.9190499272903538,0.8081395348837209,3.0797524452209473,3.5784902572631836,1.1468839470352947,0.10302984951158706,1.5252338595628649e-41,Myeloid cells,10389,2063
509,Aldoc,Glycolysis,0.2978621186644247,0.33785748909355307,0.2364341085271318,0.9594987034797668,0.9769676923751831,1.1342747799165012,0.007584630696161548,0.0004699318269732635,Myeloid cells,10389,2063
510,Tpi1,Glycolysis,0.4536392024981984,0.6219098400387785,0.3992248062015504,1.3738914728164673,1.8617357015609741,1.370934955828136,0.1071146703570918,7.58457470777745e-43,Myeloid cells,10389,2063
511,Pgk1,Glycolysis,0.49759788613980305,0.6539020843431895,0.4786821705426357,1.5289057493209839,1.979496955871582,1.314117488351773,0.09555875284003079,1.3332650142450846e-37,Myeloid cells,10389,2063
512,Eno1,Glycolysis,0.1483305308671631,0.22830828889966068,0.12403100775193798,0.3796371817588806,0.536638617515564,1.5391860837073479,0.0665500781939631,1.9186487764507374e-17,Myeloid cells,10389,2063
513,Eno2,Glycolysis,0.12334854672111457,0.13136209403780902,0.07364341085271318,0.3536539077758789,0.3225303888320923,1.0649666942149931,-0.0054772557060545615,0.33354289820272986,Myeloid cells,10389,2063
514,Pkm,Glycolysis,0.668988710064857,0.8022297624818225,0.6802325581395349,2.2262914180755615,2.6192097663879395,1.1991678639898842,0.0722381224190396,6.849112682130108e-34,Myeloid cells,10389,2063
515,Ldha,Glycolysis,0.45676195051645446,0.6068831798351915,0.39341085271317827,1.3939929008483887,1.8452690839767456,1.3286640429418366,0.09666505067534141,2.2616767425211937e-34,Myeloid cells,10389,2063
516,Ldhb,Glycolysis,0.24621667067018976,0.27193407658749397,0.1821705426356589,0.7148668169975281,0.7200970649719238,1.1044503032524267,0.001978262909163135,0.01723194764899432,Myeloid cells,10389,2063
517,Pdk1,Pyruvate fate,0.06521739130434782,0.08870576829859428,0.03294573643410853,0.16307218372821808,0.19809946417808533,1.360155113911779,0.024009426659397197,0.0002889220783423821,Myeloid cells,10389,2063
518,Pdk4,Pyruvate fate,0.022219553206822003,0.022297624818225885,0.013565891472868217,0.05639035627245903,0.052074600011110306,1.0035136445218849,-0.0030693800379171378,1.0,Myeloid cells,10389,2063
519,Mpc1,Pyruvate fate,0.14664905116502522,0.17838099854580708,0.10271317829457365,0.37888991832733154,0.4088076651096344,1.2163801751780423,0.01715345847917203,0.00042909725838711967,Myeloid cells,10389,2063
520,Mpc2,Pyruvate fate,0.07950996877251981,0.0954920019389239,0.05426356589147287,0.19481077790260315,0.20937952399253845,1.2010066588270099,0.012928502618460057,0.02018747492801807,Myeloid cells,10389,2063
521,Pcx,Pyruvate fate,0.05164544799423493,0.05138148327678139,0.03294573643410853,0.12753793597221375,0.12089318782091141,0.9948889064243763,-0.004783049011443877,1.0,Myeloid cells,10389,2063
522,G6pdx,Pentose phosphate pathway,0.02426134998798943,0.03247697527872031,0.011627906976744186,0.06039177253842354,0.06972762197256088,1.3386301790625015,0.01376099286697402,0.043665711825972404,Myeloid cells,10389,2063
523,Pygb,Glycogen,0.10329089598846986,0.11342704798836646,0.050387596899224806,0.265693724155426,0.2576257586479187,1.098132094826906,-7.20597788491159e-05,0.18608951799620674,Myeloid cells,10389,2063
524,Agl,Glycogen,0.09908719673312515,0.11391177896267571,0.03488372093023256,0.25509727001190186,0.2506295442581177,1.1496114807796824,0.0018096687869595658,0.05107736836470926,Myeloid cells,10389,2063
525,Cs,TCA cycle,0.2722796060533269,0.320891904992729,0.1744186046511628,0.7404491305351257,0.7933636903762817,1.1785381565811477,0.013087428764188964,1.375886474387998e-05,Myeloid cells,10389,2063
526,Idh2,TCA cycle,0.0863559932740812,0.10809500727096462,0.06782945736434108,0.21552635729312897,0.24707430601119995,1.2517371773825472,0.02010676399249377,0.002690939789078705,Myeloid cells,10389,2063
527,Ogdh,TCA cycle,0.22423732884938746,0.29277750848279205,0.1821705426356589,0.5912102460861206,0.7055302858352661,1.3056590978188145,0.039117628337846606,1.3392612837328977e-10,Myeloid cells,10389,2063
528,Sdha,TCA cycle,0.29305789094403073,0.3572467280659234,0.2364341085271318,0.8027445077896118,0.9022878408432007,1.2190312532282288,0.027159154967342156,2.0390606104682797e-08,Myeloid cells,10389,2063
529,Sdhb,TCA cycle,0.332572663944271,0.40911294231701406,0.2713178294573643,0.9211263060569763,1.0313776731491089,1.23014603023888,0.027384444329872176,1.0276388015925931e-10,Myeloid cells,10389,2063
530,Fh1,TCA cycle,0.08299303386980543,0.09840038778477944,0.023255813953488372,0.20393699407577515,0.2183905392885208,1.185646351224419,0.0077508535430502274,0.028267226083700504,Myeloid cells,10389,2063
531,Got2,Anaplerosis / amino acids,0.12322844102810473,0.1386330586524479,0.060077519379844964,0.31465014815330505,0.3165689706802368,1.1250086221640168,0.003030205164371727,0.06409745147556145,Myeloid cells,10389,2063
532,Glud1,Anaplerosis / amino acids,0.23696853230843143,0.26272418807561804,0.1686046511627907,0.6328290104866028,0.6253583431243896,1.1086880840940678,-0.0030151032589148066,0.01586588807541197,Myeloid cells,10389,2063
533,Idh1,Anaplerosis / amino acids,0.14208503483065096,0.1754726126999515,0.09302325581395349,0.36325377225875854,0.4223916828632355,1.23498307129315,0.023195815005391085,0.0001868785700889342,Myeloid cells,10389,2063
534,Ndufs1,Oxidative phosphorylation,0.18244054768196014,0.2200678623364033,0.1065891472868217,0.47714897990226746,0.509801983833313,1.2062442539913718,0.014883472032928955,0.0001292876598858513,Myeloid cells,10389,2063
535,Atp5o,Oxidative phosphorylation,0.378573144367043,0.4663111972855065,0.2693798449612403,1.0786105394363403,1.225239634513855,1.2317598440987079,0.02747026270052669,4.1725016814188085e-13,Myeloid cells,10389,2063
536,Ppargc1a,Mitochondrial biogenesis / dynamics,0.012250780687004564,0.00872515753756665,0.003875968992248062,0.030019721016287804,0.018919462338089943,0.7122123691939208,-0.015677255498962737,0.2056307896081409,Myeloid cells,10389,2063
537,Tfam,Mitochondrial biogenesis / dynamics,0.035551285130915204,0.03974793989335919,0.011627906976744186,0.08619886636734009,0.08515527099370956,1.118045093081448,0.0017227413230922399,0.35819294113669786,Myeloid cells,10389,2063
538,Nrf1,Mitochondrial biogenesis / dynamics,0.08155176555368725,0.10567135239941833,0.04844961240310078,0.2055327445268631,0.2385454624891281,1.2957579971687143,0.023092638728225517,0.0006297023178517516,Myeloid cells,10389,2063
539,Opa1,Mitochondrial biogenesis / dynamics,0.06461686283929859,0.09355307804168686,0.05426356589147287,0.16310352087020874,0.20821194350719452,1.4478121334109382,0.03364404907144123,9.129172736777485e-06,Myeloid cells,10389,2063
540,Mfn2,Mitochondrial biogenesis / dynamics,0.11169829449915926,0.12942317014057197,0.06395348837209303,0.28741952776908875,0.293344110250473,1.1586852845058089,0.007874644850927929,0.025479675677213032,Myeloid cells,10389,2063
541,Dnm1l,Mitochondrial biogenesis / dynamics,0.14028344943550325,0.18128938439166262,0.07364341085271318,0.3545059561729431,0.4058571755886078,1.292307717846732,0.023215233381143785,4.136988345849432e-06,Myeloid cells,10389,2063
542,Pink1,Mitochondrial biogenesis / dynamics,0.2948594763391785,0.30828889966068834,0.25775193798449614,0.8620090484619141,0.8071702122688293,1.0455451643889577,-0.012054924242404385,0.23663751579686604,Myeloid cells,10389,2063
543,Prkn,Mitochondrial biogenesis / dynamics,0.005644967571462887,0.00872515753756665,0.007751937984496124,0.014683938585221767,0.01938851736485958,1.5456523756974452,0.013830683418128178,0.11888701455617458,Myeloid cells,10389,2063
544,Cd36,Fatty acid uptake / activation,0.0407158299303387,0.08822103732428502,0.0562015503875969,0.10383332520723343,0.2104220986366272,2.1667503149321448,0.07848713284048217,1.7224976775584887e-16,Myeloid cells,10389,2063
545,Fabp7,Fatty acid uptake / activation,0.16250300264232526,0.15220552593310713,0.0872093023255814,0.4674331843852997,0.3837113082408905,0.9366320834582778,-0.02623796215935855,0.2688646193024444,Myeloid cells,10389,2063
546,Acsl1,Fatty acid uptake / activation,0.16538553927456162,0.275811924381968,0.21511627906976744,0.45196524262428284,0.6922138333320618,1.667690691651609,0.09430057006046429,1.6554315705434358e-28,Myeloid cells,10389,2063
547,Acsl6,Fatty acid uptake / activation,0.09320201777564256,0.08725157537566651,0.05813953488372093,0.24293839931488037,0.210302472114563,0.9361554337342776,-0.016573575479222738,0.4190795751038745,Myeloid cells,10389,2063
548,Cpt1a,Fatty acid beta-oxidation,0.12851309152053808,0.1585070285991275,0.08527131782945736,0.3261221945285797,0.3602297008037567,1.2333920748750797,0.019606246689872847,0.00046593147900020815,Myeloid cells,10389,2063
549,Cpt1c,Fatty acid beta-oxidation,0.027984626471294738,0.02956858943286476,0.015503875968992248,0.06752845644950867,0.0647730678319931,1.0566011829100086,-0.0013513595421914886,0.7107453172070183,Myeloid cells,10389,2063
550,Cpt2,Fatty acid beta-oxidation,0.037472976219072786,0.047988366456616575,0.023255813953488372,0.09262389689683914,0.10842008143663406,1.2806126253775307,0.014165497176452225,0.031806935546318256,Myeloid cells,10389,2063
551,Slc25a20,Fatty acid beta-oxidation,0.1177035791496517,0.1604459524963645,0.07364341085271318,0.30237239599227905,0.3688880503177643,1.3631357147803376,0.03405309804717606,3.690650431739059e-07,Myeloid cells,10389,2063
552,Hadhb,Fatty acid beta-oxidation,0.1169829449915926,0.14638875424139602,0.08333333333333333,0.2933007776737213,0.3328041136264801,1.2513683447780937,0.021977278093673766,0.0003668782192000036,Myeloid cells,10389,2063
553,Echs1,Fatty acid beta-oxidation,0.2073024261349988,0.2942317014057198,0.15891472868217055,0.5418680906295776,0.7104616761207581,1.4193355422387155,0.05823720045469698,1.2921362907477618e-16,Myeloid cells,10389,2063
554,Acaa2,Fatty acid beta-oxidation,0.05416766754744175,0.05865244789142026,0.029069767441860465,0.13675065338611603,0.12983550131320953,1.0827944149533595,-0.0006049624128486701,0.4189704874535093,Myeloid cells,10389,2063
555,Decr1,Fatty acid beta-oxidation,0.04864280566898871,0.05428986912263694,0.023255813953488372,0.11989369988441467,0.12187214940786362,1.1160924699137658,0.002452546416347443,0.28320605590004455,Myeloid cells,10389,2063
556,Acox1,Fatty acid beta-oxidation,0.2530626951717511,0.3136209403780902,0.16279069767441862,0.6949191093444824,0.7716913819313049,1.2393013524385283,0.02194843838212566,3.917745686306357e-08,Myeloid cells,10389,2063
557,Ehhadh,Fatty acid beta-oxidation,0.003963487869325006,0.005332040717401842,0.0,0.009372073225677013,0.011601943522691727,1.3452900306996283,0.00622439653866721,0.4470778192350231,Myeloid cells,10389,2063
558,Acly,Lipid synthesis,0.38998318520297864,0.4411051866214251,0.2751937984496124,1.1417101621627808,1.1523385047912598,1.1310877067477627,-0.007902976070618555,2.46185856889831e-05,Myeloid cells,10389,2063
559,Acaca,Lipid synthesis,0.08395387941388421,0.0979156568104702,0.04844961240310078,0.21245244145393372,0.22879953682422638,1.1663029450700642,0.011743965618969593,0.04915530758626476,Myeloid cells,10389,2063
560,Fasn,Lipid synthesis,0.14316598606773961,0.14832767813863307,0.07945736434108527,0.3788941502571106,0.35418903827667236,1.0360538994817607,-0.008456838596176255,0.55184347871894,Myeloid cells,10389,2063
561,Elovl1,Lipid synthesis,0.151573384578429,0.20649539505574407,0.12209302325581395,0.3947930335998535,0.48225730657577515,1.3623460057322705,0.04062581733552267,3.3884086951202133e-09,Myeloid cells,10389,2063
562,Srebf1,Lipid synthesis,0.09164064376651453,0.10227823557925352,0.05426356589147287,0.23615549504756927,0.22959060966968536,1.1160794094795083,0.0031035234623612846,0.13985250478260156,Myeloid cells,10389,2063
563,Mlxipl,Lipid synthesis,0.010929618063896229,0.016965584100824042,0.003875968992248062,0.026357650756835938,0.03718908503651619,1.5522577277303404,0.017784113136625434,0.032066418311583196,Myeloid cells,10389,2063
564,Hmgcr,Cholesterol synthesis,0.16910881575786693,0.21909840038778478,0.12790697674418605,0.44679903984069824,0.5171306133270264,1.295606023884017,0.028992571863669447,1.9675237291938032e-07,Myeloid cells,10389,2063
565,Lss,Cholesterol synthesis,0.040475618544319,0.050412021328162866,0.027131782945736434,0.10037905722856522,0.11038589477539062,1.2454910669978756,0.01124676057441772,0.050735210573648534,Myeloid cells,10389,2063
566,Srebf2,Cholesterol synthesis,0.24465529666106173,0.30344158991759573,0.20736434108527133,0.6754965782165527,0.7502047419548035,1.2402821196140903,0.028162495450818455,7.222320047686947e-08,Myeloid cells,10389,2063
567,Ldlr,Cholesterol / lipid transport,0.09320201777564256,0.08628211342704799,0.029069767441860465,0.23887047171592712,0.19583486020565033,0.9257537066927856,-0.021291798537421715,0.3488884292764517,Myeloid cells,10389,2063
568,Abca1,Cholesterol / lipid transport,0.3065097285611338,0.4474066892874455,0.27906976744186046,0.888314962387085,1.2162699699401855,1.4596818554103728,0.08703390811042,7.497625062962742e-33,Myeloid cells,10389,2063
569,Apod,Cholesterol / lipid transport,0.5826327167907759,0.596703829374697,0.5135658914728682,2.147887945175171,2.0201261043548584,1.0241509139092408,-0.0346360730154092,0.2509301951754951,Myeloid cells,10389,2063
570,Lpl,Cholesterol / lipid transport,0.04287773240451597,0.07949587978671838,0.03294573643410853,0.11366009712219238,0.18547101318836212,1.8540131515524292,0.054233951489728635,1.3096336221158967e-10,Myeloid cells,10389,2063
571,Nr1h2,Cholesterol / lipid transport,0.17235166946913283,0.20213281628696073,0.12403100775193798,0.4624567925930023,0.47952935099601746,1.1727929117806517,0.013874440102335031,0.0018210219115770941,Myeloid cells,10389,2063
572,Nr1h3,Cholesterol / lipid transport,0.05632957002161902,0.08288899660688318,0.044573643410852716,0.14248740673065186,0.18626849353313446,1.4715006092727279,0.03305327606503587,1.6281999485704e-05,Myeloid cells,10389,2063
573,Plin2,Cholesterol / lipid transport,0.3911842421330771,0.6025206010664081,0.45348837209302323,1.1742291450500488,1.767353892326355,1.5402476280254571,0.14373086930970508,8.686098394232919e-67,Myeloid cells,10389,2063
574,Plin4,Cholesterol / lipid transport,0.045760269036752343,0.04701890450799806,0.01744186046511628,0.12396388500928879,0.11745443940162659,1.0275049840776689,-0.0029973301953691092,0.8143796888404481,Myeloid cells,10389,2063
575,Ugt8a,Myelin lipid synthesis,0.08107134278164785,0.09112942317014057,0.03294573643410853,0.21911323070526123,0.22284096479415894,1.1240645589845784,0.005346794918737595,0.1414770495432791,Myeloid cells,10389,2063
576,Cers2,Myelin lipid synthesis,0.2583473456641845,0.3131362094037809,0.1686046511627907,0.6867001056671143,0.7616599202156067,1.2120744209650764,0.021628272971639103,6.84666890756836e-07,Myeloid cells,10389,2063
577,Hif1a,Nutrient sensing / regulators,0.5375930819120827,0.6781386330586524,0.44573643410852715,1.7220689058303833,2.0929057598114014,1.2614348210112465,0.05943349878392856,2.2716138951409335e-31,Myeloid cells,10389,2063
578,Epas1,Nutrient sensing / regulators,0.19793418208023061,0.19340765874939408,0.11434108527131782,0.5911852717399597,0.5101400017738342,0.9771311691428732,-0.022121556115517384,0.6651719817307908,Myeloid cells,10389,2063
579,Prkaa1,Nutrient sensing / regulators,0.15637761229882297,0.19243819680077556,0.11627906976744186,0.40593937039375305,0.44852450489997864,1.2305994059625631,0.022525186088732597,9.887522621474342e-05,Myeloid cells,10389,2063
580,Prkaa2,Nutrient sensing / regulators,0.012370886380014413,0.009209888511875909,0.007751937984496124,0.02994508296251297,0.02167019061744213,0.7444808907755225,-0.011907286244506888,0.25513386600165855,Myeloid cells,10389,2063
581,Mtor,Nutrient sensing / regulators,0.08947874129233725,0.10518662142510907,0.05813953488372093,0.22487135231494904,0.23527635633945465,1.1755487382355143,0.011368835307320526,0.030420915167343354,Myeloid cells,10389,2063
582,Rptor,Nutrient sensing / regulators,0.07638722075426375,0.09936984973339796,0.04844961240310078,0.18899883329868317,0.21872682869434357,1.3008700768557726,0.021498532587059326,0.0008355063828086806,Myeloid cells,10389,2063
583,Tsc2,Nutrient sensing / regulators,0.12094643286091761,0.14687348521570529,0.09689922480620156,0.3027483820915222,0.3356342017650604,1.2143680614756327,0.016984572604554975,0.0018454171549666845,Myeloid cells,10389,2063
584,Ddit4,Nutrient sensing / regulators,0.2274801825606534,0.2549684924866699,0.16666666666666666,0.6303911209106445,0.6431699991226196,1.1208382621140516,0.004799530880464626,0.008828531800218505,Myeloid cells,10389,2063
585,Txnip,Nutrient sensing / regulators,0.6931299543598367,0.7988366456616578,0.6802325581395349,2.423400402069092,2.669102907180786,1.152506309440125,0.027973953137408244,1.8661967911067634e-22,Myeloid cells,10389,2063
586,Sirt1,Nutrient sensing / regulators,0.04083593562334855,0.06737760542898691,0.040697674418604654,0.10363645851612091,0.15290990471839905,1.6499586552992498,0.042874825515212614,9.81053788354102e-07,Myeloid cells,10389,2063
587,Sirt3,Nutrient sensing / regulators,0.018256065337496998,0.014541929229277752,0.013565891472868217,0.044117216020822525,0.032664112746715546,0.7965533076510958,-0.012489999237425466,0.3019687878841809,Myeloid cells,10389,2063
588,Ppara,Nutrient sensing / regulators,0.00540475618544319,0.00290838584585555,0.001937984496124031,0.013168392702937126,0.006210071034729481,0.5381160122798514,-0.014618827875319991,0.16252033839063934,Myeloid cells,10389,2063
589,Pparg,Nutrient sensing / regulators,0.005284650492433342,0.011148812409112942,0.007751937984496124,0.013925381936132908,0.023666134104132652,2.109659366324417,0.02812579599939473,0.0051558204078922375,Myeloid cells,10389,2063
590,Nfe2l2,Nutrient sensing / regulators,0.4649291376411242,0.6393601551139118,0.45930232558139533,1.4022972583770752,1.870582938194275,1.3751776418182458,0.10427953519022705,5.010182113303594e-46,Myeloid cells,10389,2063
591,P2ry12,context,0.10341100168147971,0.11148812409112942,0.06976744186046512,0.27819421887397766,0.2698174715042114,1.0781069932436045,0.0021697412309269514,0.2969371208707839,Myeloid cells,10389,2063
592,Tmem119,context,0.03891424453519097,0.07125545322346098,0.04844961240310078,0.10049282759428024,0.1703941524028778,1.831089208452272,0.05776649824220056,2.4693793681149558e-09,Myeloid cells,10389,2063
593,Cx3cr1,context,0.12659140043238049,0.15656810470189045,0.09883720930232558,0.3433075547218323,0.3946855068206787,1.236798899191594,0.024592714829757823,0.0004298748905161581,Myeloid cells,10389,2063
594,Hexb,context,0.4577227960605333,0.5705283567619971,0.4011627906976744,1.4816858768463135,1.7277300357818604,1.2464495141433711,0.047725093296466285,4.5112427419897815e-20,Myeloid cells,10389,2063
595,Csf1r,context,0.5435983665625751,0.6539020843431895,0.43023255813953487,1.7686036825180054,2.0350453853607178,1.2029139978438788,0.03533272728827421,9.059085517570336e-20,Myeloid cells,10389,2063
596,Cd68,context,0.3674033149171271,0.5705283567619971,0.42248062015503873,1.0955079793930054,1.6955852508544922,1.5528666552469395,0.1483329381849612,2.229627920068071e-62,Myeloid cells,10389,2063
597,Itgam,context,0.7219553206822004,0.8167716917111003,0.7112403100775194,2.56233286857605,2.7388813495635986,1.1313327408395644,0.008752106546082033,1.6410145465392673e-19,Myeloid cells,10389,2063
598,Ccr2,context,0.10401153014652895,0.08579738245273873,0.025193798449612403,0.27511098980903625,0.19332265853881836,0.8248833791010423,-0.038433160950839804,0.014027983370363498,Myeloid cells,10389,2063
599,Gpnmb,context,0.1211866442469373,0.2317014057198255,0.14728682170542637,0.3777546286582947,0.6949172019958496,1.911938457902148,0.11129501433453362,4.038037941884967e-34,Myeloid cells,10389,2063
600,Trem2,context,0.12647129473937066,0.17062530295685893,0.10465116279069768,0.34043172001838684,0.41701608896255493,1.3491227658298266,0.036566063022545385,3.1231715951259263e-07,Myeloid cells,10389,2063
601,Igf1,context,0.08731683881815998,0.09112942317014057,0.0562015503875969,0.24332015216350555,0.22751908004283905,1.0436637927298356,-0.0031497867582752797,0.5729973062221668,Myeloid cells,10389,2063
602,Cst7,context,0.12923372567859717,0.26272418807561804,0.187984496124031,0.36779260635375977,0.7210919857025146,2.032938280592561,0.13409385437765456,9.704666456465456e-46,Myeloid cells,10389,2063
603,Tnf,context,0.2396108575546481,0.45564711585070283,0.32751937984496127,0.7302902936935425,1.3566564321517944,1.9016129757257905,0.17499880343758092,1.7022480390834925e-79,Myeloid cells,10389,2063
604,Ccl2,context,0.23828969493153976,0.3887542413960252,0.27325581395348836,0.7520698308944702,1.1391565799713135,1.6314353900520695,0.10873295339739174,4.763383089192293e-41,Myeloid cells,10389,2063
605,Cd74,context,0.7637521018496277,0.864760058167717,0.7461240310077519,3.50661301612854,3.9538936614990234,1.1322522793370673,0.052839476955120215,2.873382828322364e-25,Myeloid cells,10389,2063
606,H2-Ab1,context,0.5362719192889743,0.6766844401357247,0.4748062015503876,2.0729520320892334,2.534482955932617,1.2618308283471542,0.0674446953455107,3.1405952762221717e-31,Myeloid cells,10389,2063
607,Mki67,context,0.07014172471775162,0.11245758603974794,0.0562015503875969,0.18633493781089783,0.26693007349967957,1.6032908585050365,0.04958925353699481,9.905313807435715e-10,Myeloid cells,10389,2063
608,Top2a,context,0.042997838097525824,0.052835676199709164,0.01744186046511628,0.11140263825654984,0.1210440918803215,1.2287984358625097,0.012146563032276491,0.0574358525567225,Myeloid cells,10389,2063
609,Msr1,context,0.16550564496757147,0.22152205525933108,0.09496124031007752,0.4398239850997925,0.5314115881919861,1.3384561916467275,0.03386358579883971,5.039478459567239e-09,Myeloid cells,10389,2063
610,Mertk,context,0.1036512130674994,0.20552593310712555,0.10271317829457365,0.27215346693992615,0.5115578174591064,1.9828608563730328,0.10520716722914615,1.1639214584493391e-32,Myeloid cells,10389,2063
611,Axl,context,0.29185683401393225,0.3979641299079011,0.23837209302325582,0.8274345397949219,1.0511070489883423,1.3635594014869072,0.058176438319054516,5.788439179403066e-20,Myeloid cells,10389,2063
612,C3,context,0.7684362238770118,0.8749394086282113,0.7655038759689923,3.0097146034240723,3.3541741371154785,1.1385972985680661,0.04353096738520274,1.1526187852368647e-28,Myeloid cells,10389,2063
613,C4b,context,0.3090319481143406,0.335918565196316,0.20736434108527133,0.9239131212234497,0.922892153263092,1.0870027103865245,-0.0038854309421752714,0.019747036345564965,Myeloid cells,10389,2063
614,Serpina3n,context,0.6473696853230844,0.7586039747939893,0.6531007751937985,2.403104066848755,2.67318058013916,1.1718249896353905,0.03591085146774531,1.0737525881385245e-22,Myeloid cells,10389,2063
615,Bdh1,Ketone body synthesis,0.10840351191542734,0.11992005329780146,0.06914893617021277,0.22629950940608978,0.2281694859266281,1.1062377148017024,0.003844447951214604,0.21121659439184984,Proliferating microglia,7082,1501
616,Acss1,Ketone body utilisation,0.19405124529654183,0.3031312458361093,0.2154255319148936,0.4266512095928192,0.6081087589263916,1.5621195595672448,0.08603729873980477,1.1025045689145935e-18,Proliferating microglia,7082,1501
617,Acss2,Ketone body utilisation,0.12882995878874753,0.1558960692871419,0.0851063829787234,0.2789986729621887,0.2942934036254883,1.210091742269178,0.015445745278790817,0.0072486330270911566,Proliferating microglia,7082,1501
618,Ffar3,Ketone / SCFA receptors,0.0,0.0013324450366422385,0.0,0.0,0.00179583381395787,,0.02549830173230298,0.0448974250873052,Proliferating microglia,7082,1501
619,Ffar2,Ketone / SCFA receptors,0.005375380756136893,0.003997335109926716,0.005319148936170213,0.011418919079005718,0.006735116709023714,0.7436375749500334,-0.008760916647034463,0.682413613037918,Proliferating microglia,7082,1501
620,Slc16a1,Monocarboxylate transporters,0.3974198172370543,0.36442371752165226,0.2632978723404255,1.059768795967102,0.7604031562805176,0.916974196342805,-0.08938240283401341,0.02012049654260238,Proliferating microglia,7082,1501
621,Slc16a3,Monocarboxylate transporters,0.3709012721734456,0.5089940039973351,0.3803191489361702,0.9432438611984253,1.2159041166305542,1.3723166842073078,0.08324400088889151,6.883345665708203e-22,Proliferating microglia,7082,1501
622,Slc2a1,Glucose transporters,0.2866869736606343,0.3690872751499001,0.28191489361702127,0.6572052836418152,0.784265398979187,1.2874225516322453,0.04851533055761034,1.228395048394258e-09,Proliferating microglia,7082,1501
623,Slc2a3,Glucose transporters,0.08708116824941767,0.11658894070619587,0.05851063829787234,0.18024460971355438,0.21250994503498077,1.338853658603455,0.02658333095240058,0.000665218451357759,Proliferating microglia,7082,1501
624,Slc2a4,Glucose transporters,0.1702203906110016,0.11592271818787475,0.07446808510638298,0.4027295410633087,0.23630496859550476,0.6810154633752937,-0.0684099407293798,1.7478747033024795e-07,Proliferating microglia,7082,1501
625,Hk1,Glycolysis,0.2306038344382727,0.27648234510326447,0.16489361702127658,0.5071476697921753,0.5472400188446045,1.1989494701020351,0.0185323470136731,0.00026965617535772157,Proliferating microglia,7082,1501
626,Hk2,Glycolysis,0.4979394373768142,0.7021985343104596,0.5319148936170213,1.283077359199524,1.7667614221572876,1.4102087153604446,0.12893206530590104,2.810955250734838e-46,Proliferating microglia,7082,1501
627,Gpi1,Glycolysis,0.4371976348324673,0.5296469020652899,0.3377659574468085,1.0414730310440063,1.1830108165740967,1.2114587542731077,0.03251659440637599,1.9018652812344958e-10,Proliferating microglia,7082,1501
628,Pfkl,Glycolysis,0.4449023472495968,0.5096602265156562,0.31648936170212766,1.0791046619415283,1.1349834203720093,1.145555265478807,0.0048411158382669715,9.093346016367125e-06,Proliferating microglia,7082,1501
629,Pfkp,Glycolysis,0.34868303171474646,0.3804130579613591,0.2845744680851064,0.8693273067474365,0.8150172829627991,1.090999628202644,-0.017848018103759456,0.02457395511355369,Proliferating microglia,7082,1501
630,Pfkfb2,Glycolysis,0.1057158215373589,0.145236508994004,0.10904255319148937,0.2178911566734314,0.27473241090774536,1.3738389096534513,0.03929875289427993,3.06159779538917e-05,Proliferating microglia,7082,1501
631,Aldoa,Glycolysis,0.8475183658842501,0.9153897401732178,0.8085106382978723,2.9306910037994385,3.072434425354004,1.0800824820098793,-0.006422018757386252,1.546116701243559e-12,Proliferating microglia,7082,1501
632,Aldoc,Glycolysis,0.49184733918652573,0.6349100599600267,0.5292553191489362,1.4519942998886108,1.8491357564926147,1.2908681401227355,0.09687169124478032,4.234556086167195e-23,Proliferating microglia,7082,1501
633,Tpi1,Glycolysis,0.6260526787314101,0.714856762158561,0.5212765957446809,1.7505120038986206,1.837477445602417,1.1418476215245932,-0.01368086043185222,1.1224147329478836e-10,Proliferating microglia,7082,1501
634,Pgk1,Glycolysis,0.6086722809532342,0.715522984676882,0.5425531914893617,1.6674681901931763,1.8160821199417114,1.1755471820670234,0.009498305348091379,1.3429050390915522e-14,Proliferating microglia,7082,1501
635,Eno1,Glycolysis,0.2015767783551335,0.24783477681545638,0.12234042553191489,0.4323139488697052,0.4801211953163147,1.2294807905840552,0.021956178309203146,0.00011936685969667269,Proliferating microglia,7082,1501
636,Eno2,Glycolysis,0.2732485217702921,0.36175882744836774,0.24202127659574468,0.6787009835243225,0.8689408302307129,1.3239186990094034,0.060085435457288054,4.173697670986562e-11,Proliferating microglia,7082,1501
637,Pkm,Glycolysis,0.7142089231320552,0.8334443704197202,0.6861702127659575,2.084409475326538,2.3361730575561523,1.1669475743382987,0.03557964880357668,4.777891501594064e-22,Proliferating microglia,7082,1501
638,Ldha,Glycolysis,0.47948396344741084,0.6055962691538974,0.4148936170212766,1.2192384004592896,1.4715524911880493,1.2630167332391262,0.0623502839815927,3.711244498345903e-18,Proliferating microglia,7082,1501
639,Ldhb,Glycolysis,0.7448485934420355,0.8607594936708861,0.7154255319148937,2.245191812515259,2.4702882766723633,1.155616727009193,0.019308382782105882,6.416172078013252e-23,Proliferating microglia,7082,1501
640,Pdk1,Pyruvate fate,0.1302633936570507,0.16788807461692204,0.09042553191489362,0.27735310792922974,0.3127018213272095,1.288835411880388,0.026517679937664754,0.00024344867757015277,Proliferating microglia,7082,1501
641,Pdk4,Pyruvate fate,0.05142447590037628,0.05063291139240506,0.034574468085106384,0.10346145927906036,0.09353871643543243,0.9846072420941208,-0.006333641842672026,0.9474764345985685,Proliferating microglia,7082,1501
642,Mpc1,Pyruvate fate,0.3175058233291525,0.42371752165223187,0.28191489361702127,0.7193910479545593,0.8805832862854004,1.3345188986123622,0.057272316969839504,2.9930858439455795e-14,Proliferating microglia,7082,1501
643,Mpc2,Pyruvate fate,0.15929044974018994,0.24050632911392406,0.16489361702127658,0.3360503315925598,0.46715348958969116,1.5098603180931498,0.06873029993106082,1.0936847378211278e-12,Proliferating microglia,7082,1501
644,Pcx,Pyruvate fate,0.18867586454040494,0.18321119253830778,0.11702127659574468,0.4062962830066681,0.3504759967327118,0.9710367194266816,-0.02387367136724011,0.6549484692229388,Proliferating microglia,7082,1501
645,G6pdx,Pentose phosphate pathway,0.025801827629457087,0.04197201865423051,0.013297872340425532,0.05093890056014061,0.07662784308195114,1.6267071952031977,0.030973037286762234,0.0017822829629179776,Proliferating microglia,7082,1501
646,Pygb,Glycogen,0.29725855581437016,0.3677548301132578,0.2473404255319149,0.6780251860618591,0.7550080418586731,1.2371547359024062,0.029367870422339074,2.2139353087044707e-07,Proliferating microglia,7082,1501
647,Agl,Glycogen,0.2015767783551335,0.24117255163224516,0.16489361702127658,0.4304281771183014,0.46951135993003845,1.196430231697387,0.0208035260236879,0.001015631611437405,Proliferating microglia,7082,1501
648,Cs,TCA cycle,0.46031177208385593,0.5296469020652899,0.40691489361702127,1.1184206008911133,1.1862066984176636,1.1506264540390747,0.01381360930560946,2.0456940770047148e-06,Proliferating microglia,7082,1501
649,Idh2,TCA cycle,0.252642895538434,0.290473017988008,0.18617021276595744,0.5528223514556885,0.5809774994850159,1.149737527227711,0.011289811007088929,0.0035511126489293273,Proliferating microglia,7082,1501
650,Ogdh,TCA cycle,0.43020963984948934,0.580946035976016,0.39361702127659576,1.0286535024642944,1.3147695064544678,1.3503789366023096,0.07975171482594297,2.827131863305774e-25,Proliferating microglia,7082,1501
651,Sdha,TCA cycle,0.5301917219136355,0.6642238507661559,0.48138297872340424,1.3241275548934937,1.5783003568649292,1.2527993616512052,0.061208417650110127,7.595064179441815e-21,Proliferating microglia,7082,1501
652,Sdhb,TCA cycle,0.5509765275040316,0.642238507661559,0.43351063829787234,1.3955107927322388,1.511089563369751,1.1656367841493205,0.012154329353698139,2.1177429912796553e-10,Proliferating microglia,7082,1501
653,Fh1,TCA cycle,0.21859881741623366,0.3091272485009993,0.18085106382978725,0.46767210960388184,0.6138700842857361,1.4141304703967845,0.06360346226758783,8.280334859565045e-13,Proliferating microglia,7082,1501
654,Got2,Anaplerosis / amino acids,0.20820641462103565,0.30579613590939375,0.1675531914893617,0.4490174353122711,0.5997998118400574,1.4687162087007974,0.06774217360953323,7.238716105408273e-15,Proliferating microglia,7082,1501
655,Glud1,Anaplerosis / amino acids,0.43916860777638417,0.5529646902065289,0.39095744680851063,1.0666275024414062,1.2218127250671387,1.2591170689688445,0.040675627029406074,4.918426093594349e-15,Proliferating microglia,7082,1501
656,Idh1,Anaplerosis / amino acids,0.2558681239921161,0.2804796802131912,0.14893617021276595,0.5650263428688049,0.5591738224029541,1.0961884420657002,-0.00260689616675636,0.054941743598576544,Proliferating microglia,7082,1501
657,Ndufs1,Oxidative phosphorylation,0.3721555276832109,0.4890073284477015,0.3191489361702128,0.855925977230072,1.0552984476089478,1.3139864709035252,0.06110683879151876,4.216395276425157e-16,Proliferating microglia,7082,1501
658,Atp5o,Oxidative phosphorylation,0.6726393119512633,0.8081279147235176,0.651595744680851,1.860628604888916,2.153096914291382,1.2014283143505464,0.0507506007361583,1.1390449670547168e-25,Proliferating microglia,7082,1501
659,Ppargc1a,Mitochondrial biogenesis / dynamics,0.041032073105178285,0.047968021319120584,0.026595744680851064,0.08276889473199844,0.08581355214118958,1.16903723572931,0.0053718874970762245,0.2486772021840401,Proliferating microglia,7082,1501
660,Tfam,Mitochondrial biogenesis / dynamics,0.09604013617631249,0.1345769487008661,0.07446808510638298,0.19798807799816132,0.2518686354160309,1.401257370708085,0.03829769383964253,2.6941654046473006e-05,Proliferating microglia,7082,1501
661,Nrf1,Mitochondrial biogenesis / dynamics,0.18240458699157858,0.2838107928047968,0.21010638297872342,0.3840753734111786,0.573546290397644,1.5559410949347456,0.08724250592432682,4.1527078653944964e-17,Proliferating microglia,7082,1501
662,Opa1,Mitochondrial biogenesis / dynamics,0.1813295108403512,0.28914057295136575,0.21010638297872342,0.3859199583530426,0.570465624332428,1.5945588316616326,0.09115215543947505,4.741853692843716e-19,Proliferating microglia,7082,1501
663,Mfn2,Mitochondrial biogenesis / dynamics,0.21447769216986204,0.2804796802131912,0.21010638297872342,0.46889716386795044,0.5558298826217651,1.307733580008204,0.042301155779817905,1.1189468391456797e-07,Proliferating microglia,7082,1501
664,Dnm1l,Mitochondrial biogenesis / dynamics,0.34474108582691276,0.46835443037974683,0.30319148936170215,0.7699516415596008,0.9865155220031738,1.35856864654333,0.07275266810657503,3.5191697308545995e-18,Proliferating microglia,7082,1501
665,Pink1,Mitochondrial biogenesis / dynamics,0.3703637340978319,0.4883411059293804,0.34308510638297873,0.895483672618866,1.0938512086868286,1.3185446116070982,0.06322277256706892,1.9249312667479243e-16,Proliferating microglia,7082,1501
666,Prkn,Mitochondrial biogenesis / dynamics,0.017559577136713852,0.021985343104596936,0.015957446808510637,0.03466199338436127,0.0389864407479763,1.2520428557832193,0.007755798879358586,0.2799740764569547,Proliferating microglia,7082,1501
667,Cd36,Fatty acid uptake / activation,0.35979215194409603,0.6042638241172552,0.4973404255319149,0.9611697196960449,1.5429705381393433,1.6794802800788853,0.17052578677344596,1.5809270501741607e-64,Proliferating microglia,7082,1501
668,Fabp7,Fatty acid uptake / activation,0.3916860777638416,0.3397734843437708,0.2154255319148936,1.113146185874939,0.7652962803840637,0.8674637768172849,-0.0933201717886774,0.00022984555491142075,Proliferating microglia,7082,1501
669,Acsl1,Fatty acid uptake / activation,0.12685898584483069,0.17455029980013326,0.11436170212765957,0.27554380893707275,0.34092772006988525,1.3759395807691295,0.041591507970175086,3.1713637445141113e-06,Proliferating microglia,7082,1501
670,Acsl6,Fatty acid uptake / activation,0.269844113958072,0.28780812791472354,0.1702127659574468,0.6433630585670471,0.6150109767913818,1.0665718206454662,-0.011816897159214055,0.17083176068078043,Proliferating microglia,7082,1501
671,Cpt1a,Fatty acid beta-oxidation,0.2574807382189572,0.26449033977348435,0.1595744680851064,0.5627822279930115,0.526720404624939,1.0272237900318832,-0.015061401983601667,0.5954380097606324,Proliferating microglia,7082,1501
672,Cpt1c,Fatty acid beta-oxidation,0.13743056799856657,0.06995336442371752,0.0398936170212766,0.30945998430252075,0.12696343660354614,0.5090087703373761,-0.09350325580652402,1.0489634611152045e-13,Proliferating microglia,7082,1501
673,Cpt2,Fatty acid beta-oxidation,0.10016126142268411,0.10659560293137908,0.06648936170212766,0.2001064270734787,0.19203750789165497,1.0642398210376147,-0.0019282165866767048,0.47030593059097264,Proliferating microglia,7082,1501
674,Slc25a20,Fatty acid beta-oxidation,0.15355671026697723,0.16055962691538975,0.10106382978723404,0.3249185383319855,0.30811625719070435,1.0456047582436292,-0.006592761594881925,0.5204294367642622,Proliferating microglia,7082,1501
675,Hadhb,Fatty acid beta-oxidation,0.24278803081884967,0.28181212524983346,0.15159574468085107,0.5207839012145996,0.5502710342407227,1.160733188944148,0.010862795154230763,0.00227084643612122,Proliferating microglia,7082,1501
676,Echs1,Fatty acid beta-oxidation,0.5368213581795377,0.6449033977348434,0.42021276595744683,1.3672618865966797,1.5209300518035889,1.2013370703465158,0.024077291215561625,5.815365135699822e-14,Proliferating microglia,7082,1501
677,Acaa2,Fatty acid beta-oxidation,0.10464074538613152,0.12658227848101267,0.0797872340425532,0.2176968902349472,0.23880739510059357,1.2096844113057048,0.017897464724380693,0.017424731738693855,Proliferating microglia,7082,1501
678,Decr1,Fatty acid beta-oxidation,0.16161978140118258,0.1838774150566289,0.11702127659574468,0.3348000943660736,0.35780954360961914,1.1377160237594746,0.012663440154609462,0.04231177739700109,Proliferating microglia,7082,1501
679,Acox1,Fatty acid beta-oxidation,0.47876724601325926,0.5416389073950699,0.39095744680851063,1.188246488571167,1.20585036277771,1.1313198885373823,-0.008646758716664671,1.6605115238155784e-05,Proliferating microglia,7082,1501
680,Ehhadh,Fatty acid beta-oxidation,0.025981006987994982,0.03530979347101932,0.02127659574468085,0.05154481157660484,0.061316072940826416,1.3590617749086815,0.01751212895538264,0.06343822873509995,Proliferating microglia,7082,1501
681,Acly,Lipid synthesis,0.6282028310338649,0.7868087941372418,0.6409574468085106,1.6752582788467407,2.0300936698913574,1.2524757216428828,0.08445919614389139,2.404480400382072e-32,Proliferating microglia,7082,1501
682,Acaca,Lipid synthesis,0.2207489697186884,0.28181212524983346,0.17819148936170212,0.4731035828590393,0.5661226511001587,1.2766180771260718,0.04068619565380471,1.0402223988551288e-06,Proliferating microglia,7082,1501
683,Fasn,Lipid synthesis,0.3617631248880129,0.4350433044636909,0.30851063829787234,0.8558220267295837,0.9659071564674377,1.2025639832649129,0.03179910208854335,2.434094551654184e-07,Proliferating microglia,7082,1501
684,Elovl1,Lipid synthesis,0.2703816520336857,0.4297135243171219,0.32978723404255317,0.5972206592559814,0.8994686603546143,1.5892850756884411,0.11605770904248237,2.5823862266975767e-31,Proliferating microglia,7082,1501
685,Srebf1,Lipid synthesis,0.19996416412829243,0.21185876082611593,0.13297872340425532,0.4336668848991394,0.4158543646335602,1.059483641729886,-0.005308679844755544,0.31117555711080724,Proliferating microglia,7082,1501
686,Mlxipl,Lipid synthesis,0.2628561189750941,0.46902065289806794,0.3670212765957447,0.6357594132423401,1.0696651935577393,1.784324651550182,0.1577643445475257,1.0150690203121572e-50,Proliferating microglia,7082,1501
687,Hmgcr,Cholesterol synthesis,0.3153556710266977,0.4343770819453698,0.3324468085106383,0.7169416546821594,0.9256694912910461,1.3774195990551754,0.07377146239875663,1.576109357355227e-17,Proliferating microglia,7082,1501
688,Lss,Cholesterol synthesis,0.08170578749328078,0.14323784143904064,0.09574468085106383,0.17105509340763092,0.2682945430278778,1.7530929672615916,0.07187619847262808,5.169420892416289e-12,Proliferating microglia,7082,1501
689,Srebf2,Cholesterol synthesis,0.2863286149435585,0.3637574950033311,0.2712765957446808,0.6539687514305115,0.7579686641693115,1.2704196368045,0.0428612878276103,1.1690995949030068e-08,Proliferating microglia,7082,1501
690,Ldlr,Cholesterol / lipid transport,0.10768679448127576,0.18587608261159227,0.13031914893617022,0.22768819332122803,0.3768792450428009,1.7260805608241205,0.08862838040700696,5.664884635042754e-15,Proliferating microglia,7082,1501
691,Abca1,Cholesterol / lipid transport,0.49919369288657944,0.46635576282478347,0.300531914893617,1.3771668672561646,1.1541097164154053,0.9342180589824539,-0.07221520797367498,0.025134273371433084,Proliferating microglia,7082,1501
692,Apod,Cholesterol / lipid transport,0.636624260885146,0.6662225183211192,0.5079787234042553,1.9719082117080688,1.9123847484588623,1.0464925062623605,-0.03321557795524787,0.033717658482196364,Proliferating microglia,7082,1501
693,Lpl,Cholesterol / lipid transport,0.27109836946783733,0.3211192538307795,0.20212765957446807,0.7242647409439087,0.7864342331886292,1.184511933661322,0.019660608164093093,0.00015484382042489544,Proliferating microglia,7082,1501
694,Nr1h2,Cholesterol / lipid transport,0.11897509406916323,0.1938707528314457,0.10638297872340426,0.2522503137588501,0.36807355284690857,1.629507035470329,0.07200984124293537,3.537272182042529e-13,Proliferating microglia,7082,1501
695,Nr1h3,Cholesterol / lipid transport,0.05805411216627845,0.04397068620919387,0.023936170212765957,0.11851557344198227,0.0791313499212265,0.7574086411528117,-0.030254305876421746,0.03527853850466378,Proliferating microglia,7082,1501
696,Plin2,Cholesterol / lipid transport,0.4423938362300663,0.48634243837441704,0.3351063829787234,1.171677827835083,1.1740343570709229,1.0993427090188828,-0.011197435606129296,0.002614900515917143,Proliferating microglia,7082,1501
697,Plin4,Cholesterol / lipid transport,0.09353162515678194,0.08527648234510327,0.0425531914893617,0.21902042627334595,0.17792780697345734,0.9117395554942938,-0.018043030827221883,0.3390035699098036,Proliferating microglia,7082,1501
698,Ugt8a,Myelin lipid synthesis,0.186884070955026,0.23784143904063956,0.15425531914893617,0.44874727725982666,0.5258864164352417,1.2726683329681776,0.033921239111525836,1.6105601096236326e-05,Proliferating microglia,7082,1501
699,Cers2,Myelin lipid synthesis,0.4264468733201935,0.5802798134576949,0.4627659574468085,1.0105767250061035,1.2985963821411133,1.3607317810535273,0.08798509815968995,2.9698086555043437e-26,Proliferating microglia,7082,1501
700,Hif1a,Nutrient sensing / regulators,0.5619064683748433,0.6742171885409727,0.4867021276595745,1.4992048740386963,1.7049590349197388,1.1998744034589184,0.03669347754546881,2.843691024071342e-15,Proliferating microglia,7082,1501
701,Epas1,Nutrient sensing / regulators,0.33291524816341156,0.31845436375749503,0.2154255319148936,0.8303194046020508,0.6989576816558838,0.9565628655169967,-0.04312546355532489,0.29329361436758905,Proliferating microglia,7082,1501
702,Prkaa1,Nutrient sensing / regulators,0.22307830137968107,0.2984676882078614,0.18882978723404256,0.4819342792034149,0.5882548689842224,1.3379503356530718,0.04701920115175875,2.3093795260294486e-09,Proliferating microglia,7082,1501
703,Prkaa2,Nutrient sensing / regulators,0.05124529654183838,0.021985343104596936,0.005319148936170213,0.09950007498264313,0.03888489305973053,0.42902167785578843,-0.060937994397283916,2.455190415095101e-07,Proliferating microglia,7082,1501
704,Mtor,Nutrient sensing / regulators,0.2160903063967031,0.31645569620253167,0.22340425531914893,0.4632308781147003,0.628957211971283,1.4644603984297921,0.0761473561016098,2.362584844667017e-15,Proliferating microglia,7082,1501
705,Rptor,Nutrient sensing / regulators,0.21017738756495252,0.2838107928047968,0.18351063829787234,0.45058998465538025,0.5543544888496399,1.3503393304719276,0.04912222859482752,3.143528487270113e-09,Proliferating microglia,7082,1501
706,Tsc2,Nutrient sensing / regulators,0.28937466403870277,0.3690872751499001,0.22074468085106383,0.6327773928642273,0.7488729953765869,1.2754650666325649,0.04051148883713757,4.258517752925321e-09,Proliferating microglia,7082,1501
707,Ddit4,Nutrient sensing / regulators,0.20748969718688406,0.1872085276482345,0.09308510638297872,0.47805604338645935,0.366064190864563,0.9022545706431752,-0.0421703341218266,0.08942331384318472,Proliferating microglia,7082,1501
708,Txnip,Nutrient sensing / regulators,0.48575524099623724,0.5729513657561626,0.43617021276595747,1.2375787496566772,1.304030179977417,1.1795062974124468,0.009260825483289402,2.0210798352041093e-09,Proliferating microglia,7082,1501
709,Sirt1,Nutrient sensing / regulators,0.06396703099802903,0.08461025982678215,0.07446808510638298,0.1304471492767334,0.15902142226696014,1.322716694939135,0.02835786517049213,0.005668689550739375,Proliferating microglia,7082,1501
710,Sirt3,Nutrient sensing / regulators,0.05447052499552051,0.07794803464357095,0.047872340425531915,0.11177746206521988,0.1442640870809555,1.4310130965321364,0.03469572325740415,0.0008827284507504118,Proliferating microglia,7082,1501
711,Ppara,Nutrient sensing / regulators,0.01110912022934958,0.008660892738174551,0.0,0.02160152792930603,0.014622222632169724,0.7796200382540672,-0.014895314552214859,0.4789323072488624,Proliferating microglia,7082,1501
712,Pparg,Nutrient sensing / regulators,0.004300304604909514,0.0033311125916055963,0.0,0.008385265246033669,0.005098218098282814,0.7746224739062847,-0.00781812121539865,0.8198135071682799,Proliferating microglia,7082,1501
713,Nfe2l2,Nutrient sensing / regulators,0.5282207489697187,0.6722185209860093,0.5319148936170213,1.3291263580322266,1.6164352893829346,1.2726090792479368,0.07366294348159957,9.208669110742322e-24,Proliferating microglia,7082,1501
714,P2ry12,context,0.4977602580182763,0.7574950033311126,0.6728723404255319,1.4673941135406494,2.192751407623291,1.5218069163394312,0.18119470955916417,1.7256295465389313e-75,Proliferating microglia,7082,1501
715,Tmem119,context,0.4974018993012005,0.7521652231845436,0.651595744680851,1.4305788278579712,2.067567825317383,1.5121880801847758,0.16145849930985484,1.5451240097310116e-72,Proliferating microglia,7082,1501
716,Cx3cr1,context,0.7004121125246372,0.9067288474350433,0.848404255319149,2.29233980178833,3.0205435752868652,1.294564772968784,0.16308977369379163,4.644567045748392e-69,Proliferating microglia,7082,1501
717,Hexb,context,0.9256405662067729,0.9980013324450366,0.9920212765957447,4.271603107452393,4.8979692459106445,1.0781737197785037,0.12357375472088229,8.417679401958893e-40,Proliferating microglia,7082,1501
718,Csf1r,context,0.8310338648987636,0.9913391072618255,0.9707446808510638,3.2162692546844482,4.10859489440918,1.1928985678370523,0.2326863260003048,3.369714811855446e-85,Proliferating microglia,7082,1501
719,Cd68,context,0.6821358179537718,0.8401065956029313,0.699468085106383,2.2151377201080322,2.558116912841797,1.231582587354862,0.04580015627413964,4.6044134058979364e-36,Proliferating microglia,7082,1501
720,Itgam,context,0.707579286866153,0.9033977348434377,0.8164893617021277,2.254354953765869,2.806513547897339,1.27674417780735,0.11450992011181879,1.2450618364913024e-62,Proliferating microglia,7082,1501
721,Ccr2,context,0.04192796989786777,0.05263157894736842,0.026595744680851064,0.09197492897510529,0.09840691834688187,1.255285650022492,0.014563771287322298,0.07699317199311963,Proliferating microglia,7082,1501
722,Gpnmb,context,0.30908439347787137,0.21252498334443704,0.11436170212765957,1.0880825519561768,0.7193986773490906,0.6875953229248134,-0.09947490200079676,8.426620139757257e-14,Proliferating microglia,7082,1501
723,Trem2,context,0.66780146927074,0.8374417055296469,0.723404255319149,2.082566976547241,2.428011894226074,1.2540279470246738,0.04819798870168591,1.6455751446632592e-40,Proliferating microglia,7082,1501
724,Igf1,context,0.19208027235262498,0.18254497001998668,0.1276595744680851,0.49842527508735657,0.44929057359695435,0.9503577217178597,-0.022753986367119595,0.4151157145544784,Proliferating microglia,7082,1501
725,Cst7,context,0.5561727289016305,0.7115256495669554,0.5930851063829787,1.7580175399780273,2.1862268447875977,1.2793249517503795,0.08594711625078678,3.3521808291523033e-28,Proliferating microglia,7082,1501
726,Tnf,context,0.10123633757391148,0.20319786808794138,0.17553191489361702,0.2338545173406601,0.45486679673194885,2.0071633660155768,0.12058239192126498,3.959315594559671e-24,Proliferating microglia,7082,1501
727,Ccl2,context,0.4278803081884967,0.6988674217188541,0.6702127659574468,1.310874581336975,2.1902387142181396,1.6333245731209902,0.2164948334252978,5.0726079072025765e-79,Proliferating microglia,7082,1501
728,Cd74,context,0.8172370542913456,0.8181212524983345,0.7606382978723404,3.8032639026641846,3.658933162689209,1.0010819360213121,-0.03282226218122445,0.9699828599766545,Proliferating microglia,7082,1501
729,H2-Ab1,context,0.6613510123633758,0.6862091938707529,0.6090425531914894,2.4507269859313965,2.439584732055664,1.03758697127951,-0.011256441042067867,0.0736476392053014,Proliferating microglia,7082,1501
730,Mki67,context,0.7796093889983874,0.916055962691539,0.8351063829787234,2.521632671356201,3.023010730743408,1.1750191514092114,0.12617551849515213,1.7859877030751056e-37,Proliferating microglia,7082,1501
731,Top2a,context,0.650600250851102,0.7634910059960026,0.6090425531914894,1.842032551765442,2.004718780517578,1.173517847552655,0.009718214920012748,3.332557533840348e-17,Proliferating microglia,7082,1501
732,Msr1,context,0.2356208564773338,0.301798800799467,0.2047872340425532,0.5828512907028198,0.690621554851532,1.2808662412637457,0.039809501910589115,2.231639338118691e-07,Proliferating microglia,7082,1501
733,Mertk,context,0.5339544884429314,0.7574950033311126,0.6063829787234043,1.454155683517456,2.0163049697875977,1.4186508770439394,0.14249516979090018,2.9663231390846087e-57,Proliferating microglia,7082,1501
734,Axl,context,0.672997670668339,0.7328447701532311,0.5638297872340425,1.9861351251602173,2.015965700149536,1.0889261614018058,-0.021789030722720697,8.56587824518747e-06,Proliferating microglia,7082,1501
735,C3,context,0.629815445260706,0.5496335776149234,0.39361702127659576,2.241548538208008,1.5519317388534546,0.8726898994790575,-0.1650490737589525,1.944694406771015e-08,Proliferating microglia,7082,1501
736,C4b,context,0.6190646837484322,0.6708860759493671,0.5372340425531915,1.8145962953567505,1.8229715824127197,1.083709172177545,-0.01791362082083801,0.0002118613333650073,Proliferating microglia,7082,1501
737,Serpina3n,context,0.7686794481275757,0.8161225849433711,0.6702127659574468,2.8433334827423096,2.610938310623169,1.0617203138855371,-0.10223003160730539,7.461227793039205e-05,Proliferating microglia,7082,1501
738,Bdh1,Ketone body synthesis,0.03196527229676401,0.044673539518900345,0.0273972602739726,0.06640595942735672,0.08240427821874619,1.3975648042085613,0.01018103148817278,0.23614456403984757,Foamy Mic_Mac,12961,291
739,Acss1,Ketone body utilisation,0.10078926598263614,0.19243986254295534,0.0684931506849315,0.21389630436897278,0.35057082772254944,1.9093289415969024,0.04008896986739183,3.319083880756981e-06,Foamy Mic_Mac,12961,291
740,Acss2,Ketone body utilisation,0.061641673243883185,0.11683848797250859,0.0410958904109589,0.12667471170425415,0.20635250210762024,1.8954464053926812,0.031174695056022887,0.0005159713870303407,Foamy Mic_Mac,12961,291
741,Ffar3,Ketone / SCFA receptors,0.0003946329913180742,0.0,0.0,0.000799278961494565,0.0,0.0,-0.0029769420975413225,1.0,Foamy Mic_Mac,12961,291
742,Ffar2,Ketone / SCFA receptors,0.005367008681925809,0.010309278350515464,0.0136986301369863,0.01079306285828352,0.021604226902127266,1.9208611279563372,0.009840659826436398,0.21359854198556652,Foamy Mic_Mac,12961,291
743,Slc16a1,Monocarboxylate transporters,0.2808997632202052,0.3436426116838488,0.2191780821917808,0.6252128481864929,0.7030762434005737,1.2233638353566632,0.012724191190180433,0.021052806363475226,Foamy Mic_Mac,12961,291
744,Slc16a3,Monocarboxylate transporters,0.5366219415943173,0.7250859106529209,0.5205479452054794,1.3697189092636108,1.8006283044815063,1.3512043665204454,0.043977397060190666,8.397306796425001e-11,Foamy Mic_Mac,12961,291
745,Slc2a1,Glucose transporters,0.33851617995264405,0.5085910652920962,0.3972602739726027,0.7800644040107727,1.137736439704895,1.5024128694919232,0.047176180104603636,4.405624469265269e-09,Foamy Mic_Mac,12961,291
746,Slc2a3,Glucose transporters,0.030071033938437252,0.03436426116838488,0.0,0.061364658176898956,0.06092483177781105,1.142769524943403,0.0031394038632381006,0.603069364675854,Foamy Mic_Mac,12961,291
747,Slc2a4,Glucose transporters,0.06945540647198106,0.08934707903780069,0.0547945205479452,0.14912763237953186,0.16706876456737518,1.286394876601062,0.010079789853469204,0.19935388777140534,Foamy Mic_Mac,12961,291
748,Hk1,Glycolysis,0.210655090765588,0.24054982817869416,0.136986301369863,0.4538045823574066,0.4598744809627533,1.14191319708657,0.004307823247541862,0.21728081011035486,Foamy Mic_Mac,12961,291
749,Hk2,Glycolysis,0.6003946329913181,0.7457044673539519,0.547945205479452,1.5486562252044678,1.8949748277664185,1.2420238729294821,0.03435456409251719,3.0140656577906954e-07,Foamy Mic_Mac,12961,291
750,Gpi1,Glycolysis,0.539147592738753,0.6254295532646048,0.3835616438356164,1.3089914321899414,1.428324580192566,1.160034027208687,0.009651985582052795,0.0035214496274775294,Foamy Mic_Mac,12961,291
751,Pfkl,Glycolysis,0.6541436464088398,0.7835051546391752,0.5342465753424658,1.7188621759414673,1.9448996782302856,1.1977570353859013,0.015066002136712699,2.447804780504846e-06,Foamy Mic_Mac,12961,291
752,Pfkp,Glycolysis,0.39921073401736384,0.5154639175257731,0.3561643835616438,0.9391104578971863,1.1287060976028442,1.291207559322172,0.022503176216855877,8.019490033666266e-05,Foamy Mic_Mac,12961,291
753,Pfkfb2,Glycolysis,0.10520915548539858,0.10996563573883161,0.1232876712328767,0.22204114496707916,0.21874338388442993,1.0452097560472593,0.0013468791508577129,0.772011640201453,Foamy Mic_Mac,12961,291
754,Aldoa,Glycolysis,0.9733228097868982,0.993127147766323,0.9726027397260274,3.8497748374938965,4.048768520355225,1.0203471425721142,0.0349780542416422,0.037950972115007586,Foamy Mic_Mac,12961,291
755,Aldoc,Glycolysis,0.2202052091554854,0.26804123711340205,0.1917808219178082,0.4948638081550598,0.5424837470054626,1.2172338617300373,0.011191546526497705,0.053962961957763275,Foamy Mic_Mac,12961,291
756,Tpi1,Glycolysis,0.7899763220205209,0.8797250859106529,0.7123287671232876,2.33602237701416,2.6166439056396484,1.1136094353569759,0.028675238119876573,0.00010015355083930931,Foamy Mic_Mac,12961,291
757,Pgk1,Glycolysis,0.6713496448303078,0.7869415807560137,0.6301369863013698,1.8149501085281372,2.1328561305999756,1.1721784420619203,0.03279594058118304,2.066915498347669e-05,Foamy Mic_Mac,12961,291
758,Eno1,Glycolysis,0.26732438831886346,0.3436426116838488,0.2328767123287671,0.5870521664619446,0.6817855834960938,1.2854891910346513,0.01649843504831543,0.004885123815643497,Foamy Mic_Mac,12961,291
759,Eno2,Glycolysis,0.33101815311760063,0.40893470790378006,0.1917808219178082,0.7622964978218079,0.849392294883728,1.2353845372295884,0.012136813895862969,0.006712193702999901,Foamy Mic_Mac,12961,291
760,Pkm,Glycolysis,0.8468823993685872,0.9484536082474226,0.8904109589041096,2.622802734375,2.991795301437378,1.119935434901663,0.0414063730209677,1.2242472392932616e-07,Foamy Mic_Mac,12961,291
761,Ldha,Glycolysis,0.6246250986582478,0.8419243986254296,0.726027397260274,1.666465163230896,2.198655366897583,1.347887557566868,0.050275902187917984,1.1649136611854053e-15,Foamy Mic_Mac,12961,291
762,Ldhb,Glycolysis,0.45493291239147593,0.5979381443298969,0.4794520547945205,1.0953139066696167,1.4033175706863403,1.3143435615301515,0.034617572648154085,1.6770295490101764e-06,Foamy Mic_Mac,12961,291
763,Pdk1,Pyruvate fate,0.14080505130228888,0.18900343642611683,0.1780821917808219,0.29649800062179565,0.37243619561195374,1.3423057956944509,0.018281461980632192,0.026679821194831137,Foamy Mic_Mac,12961,291
764,Pdk4,Pyruvate fate,0.013180741910023677,0.013745704467353952,0.0,0.027601663023233414,0.02370636910200119,1.0428627281519436,0.0004246742229829973,0.7949477248478178,Foamy Mic_Mac,12961,291
765,Mpc1,Pyruvate fate,0.3387529597474349,0.39862542955326463,0.2054794520547945,0.7570784091949463,0.7992087006568909,1.1767437540633416,0.0059094091624508245,0.03870370285511509,Foamy Mic_Mac,12961,291
766,Mpc2,Pyruvate fate,0.1281767955801105,0.16151202749140894,0.1095890410958904,0.27035364508628845,0.30583640933036804,1.260072283445906,0.011769342860939815,0.09325371205619808,Foamy Mic_Mac,12961,291
767,Pcx,Pyruvate fate,0.05019731649565904,0.07216494845360824,0.0410958904109589,0.10465262085199356,0.12804830074310303,1.4376256240679501,0.013485374608655901,0.10286374529128006,Foamy Mic_Mac,12961,291
768,G6pdx,Pentose phosphate pathway,0.04435674822415154,0.054982817869415807,0.0273972602739726,0.09049538522958755,0.09338714182376862,1.2395592569492853,0.006401350450139123,0.3865069626840375,Foamy Mic_Mac,12961,291
769,Pygb,Glycogen,0.18176795580110497,0.21649484536082475,0.1780821917808219,0.3845885694026947,0.4178481996059418,1.1910506690063611,0.009295007919196331,0.14428951341252977,Foamy Mic_Mac,12961,291
770,Agl,Glycogen,0.24617205998421468,0.2920962199312715,0.1506849315068493,0.53432697057724,0.5812046527862549,1.1865530960337318,0.009531479453753301,0.07419401723844204,Foamy Mic_Mac,12961,291
771,Cs,TCA cycle,0.41483820047355957,0.5189003436426117,0.3013698630136986,0.9641811847686768,1.0951424837112427,1.250849953187194,0.015063901899295472,0.0004693490847864661,Foamy Mic_Mac,12961,291
772,Idh2,TCA cycle,0.2999210734017364,0.3745704467353952,0.2602739726027397,0.6638674736022949,0.7634390592575073,1.2488967263519624,0.015061025170829922,0.00795514838870329,Foamy Mic_Mac,12961,291
773,Ogdh,TCA cycle,0.4770323599052881,0.6082474226804123,0.3698630136986301,1.1390433311462402,1.3681504726409912,1.2750653284845836,0.02400229641639076,1.0286745017900917e-05,Foamy Mic_Mac,12961,291
774,Sdha,TCA cycle,0.5327545382794001,0.6391752577319587,0.3972602739726027,1.2867785692214966,1.4336951971054077,1.1997556319205804,0.010066433559244733,0.0003467944997373452,Foamy Mic_Mac,12961,291
775,Sdhb,TCA cycle,0.6251775848460931,0.7869415807560137,0.6575342465753424,1.5997275114059448,1.9184865951538086,1.2587488736496268,0.026440475286853823,5.782705137079392e-09,Foamy Mic_Mac,12961,291
776,Fh1,TCA cycle,0.17221783741120758,0.1958762886597938,0.0958904109589041,0.36427730321884155,0.3854919672012329,1.1373751500089768,0.006203240212132372,0.3075474155665642,Foamy Mic_Mac,12961,291
777,Got2,Anaplerosis / amino acids,0.1835043409629045,0.23367697594501718,0.1232876712328767,0.390398770570755,0.4342675805091858,1.2734138861175774,0.012800707211689584,0.032312402867649026,Foamy Mic_Mac,12961,291
778,Glud1,Anaplerosis / amino acids,0.40252565114443567,0.5463917525773195,0.3972602739726027,0.9252685308456421,1.1640480756759644,1.357408530422478,0.02873675336089196,1.1747909595053757e-06,Foamy Mic_Mac,12961,291
779,Idh1,Anaplerosis / amino acids,0.6397790055248619,0.6769759450171822,0.4794520547945205,1.674667477607727,1.6238676309585571,1.0581402940251292,-0.015753160258889135,0.1951140291963554,Foamy Mic_Mac,12961,291
780,Ndufs1,Oxidative phosphorylation,0.38018942383583265,0.4639175257731959,0.2328767123287671,0.8710877299308777,0.9761924147605896,1.2202273306095894,0.012892284443297212,0.004096487234662709,Foamy Mic_Mac,12961,291
781,Atp5o,Oxidative phosphorylation,0.6858721389108129,0.7869415807560137,0.6027397260273972,1.8194568157196045,2.0170819759368896,1.1473590135993894,0.015101471474431707,0.0001937407529736106,Foamy Mic_Mac,12961,291
782,Ppargc1a,Mitochondrial biogenesis / dynamics,0.006708760852407261,0.010309278350515464,0.0,0.013463121838867664,0.017385972663760185,1.5366889023650696,0.0061793876060885836,0.4512813174204594,Foamy Mic_Mac,12961,291
783,Tfam,Mitochondrial biogenesis / dynamics,0.09076558800315707,0.12714776632302405,0.0547945205479452,0.18725581467151642,0.23444432020187378,1.4008366950545346,0.01644056728768837,0.039289873997650646,Foamy Mic_Mac,12961,291
784,Nrf1,Mitochondrial biogenesis / dynamics,0.1191002367797948,0.14776632302405499,0.0547945205479452,0.2511828541755676,0.2723107933998108,1.240688742687062,0.009689801563115358,0.14346419152636913,Foamy Mic_Mac,12961,291
785,Opa1,Mitochondrial biogenesis / dynamics,0.17324388318863457,0.23711340206185566,0.1095890410958904,0.36933770775794983,0.4618488848209381,1.3686682478923513,0.020403770400085307,0.006147094715705015,Foamy Mic_Mac,12961,291
786,Mfn2,Mitochondrial biogenesis / dynamics,0.21791633780584058,0.2852233676975945,0.1643835616438356,0.4672626554965973,0.5353453159332275,1.3088663776633547,0.014968273679121456,0.007894239167769993,Foamy Mic_Mac,12961,291
787,Dnm1l,Mitochondrial biogenesis / dynamics,0.3073401736385162,0.4020618556701031,0.2191780821917808,0.6797167062759399,0.8198919296264648,1.3081981795943005,0.02067401381319918,0.0008200243228309563,Foamy Mic_Mac,12961,291
788,Pink1,Mitochondrial biogenesis / dynamics,0.3645619573796369,0.4639175257731959,0.3013698630136986,0.8383045196533203,0.9704633951187134,1.2725341094493163,0.01697167016008284,0.0006895386875874975,Foamy Mic_Mac,12961,291
789,Prkn,Mitochondrial biogenesis / dynamics,0.011602209944751382,0.010309278350515464,0.0,0.023754991590976715,0.017435569316148758,0.8885616102110947,-0.002027164960835641,1.0,Foamy Mic_Mac,12961,291
790,Cd36,Fatty acid uptake / activation,0.25769534333070243,0.3402061855670103,0.2328767123287671,0.6731822490692139,0.8537900447845459,1.3201875562431917,0.024462230869236636,0.002267256577208684,Foamy Mic_Mac,12961,291
791,Fabp7,Fatty acid uptake / activation,0.25406471981057616,0.27835051546391754,0.1506849315068493,0.592777669429779,0.5996875166893005,1.095589012403801,0.0034295900238151393,0.3413871166800056,Foamy Mic_Mac,12961,291
792,Acsl1,Fatty acid uptake / activation,0.27647987371744276,0.3642611683848797,0.2054794520547945,0.6209955811500549,0.7569288611412048,1.317496147141429,0.02169878042499802,0.0014473291398971661,Foamy Mic_Mac,12961,291
793,Acsl6,Fatty acid uptake / activation,0.055248618784530384,0.09278350515463918,0.0273972602739726,0.11560307443141937,0.1767512857913971,1.679381443298969,0.022888182677396365,0.00949061091654559,Foamy Mic_Mac,12961,291
794,Cpt1a,Fatty acid beta-oxidation,0.45090765588003157,0.6116838487972509,0.4383561643835616,1.0539300441741943,1.3433537483215332,1.3565612400247102,0.0331233622136733,6.666097541362847e-08,Foamy Mic_Mac,12961,291
795,Cpt1c,Fatty acid beta-oxidation,0.03196527229676401,0.027491408934707903,0.0273972602739726,0.06634627282619476,0.05198788642883301,0.8600398795129608,-0.003926297708486497,0.8652535061221662,Foamy Mic_Mac,12961,291
796,Cpt2,Fatty acid beta-oxidation,0.08421468034727703,0.10309278350515463,0.0684931506849315,0.17337341606616974,0.2001672387123108,1.2241664170668316,0.009302430459145552,0.24175965888810946,Foamy Mic_Mac,12961,291
797,Slc25a20,Fatty acid beta-oxidation,0.2345698500394633,0.281786941580756,0.1780821917808219,0.5116879343986511,0.5661707520484924,1.2012922442221328,0.010871536979535225,0.06900296008107056,Foamy Mic_Mac,12961,291
798,Hadhb,Fatty acid beta-oxidation,0.212707182320442,0.2920962199312715,0.1506849315068493,0.45568305253982544,0.5902618765830994,1.3732315794171464,0.024233436938666503,0.0018226292125251976,Foamy Mic_Mac,12961,291
799,Echs1,Fatty acid beta-oxidation,0.6490134175217048,0.7250859106529209,0.547945205479452,1.6702035665512085,1.7566872835159302,1.1172125122184735,0.0002752274197002603,0.007394036465220173,Foamy Mic_Mac,12961,291
800,Acaa2,Fatty acid beta-oxidation,0.21554853985793213,0.23024054982817868,0.1643835616438356,0.46280139684677124,0.4579743444919586,1.0681610275807485,0.0015871444939515114,0.5642136677688401,Foamy Mic_Mac,12961,291
801,Decr1,Fatty acid beta-oxidation,0.14451460142067876,0.17869415807560138,0.0821917808219178,0.30365559458732605,0.33330219984054565,1.2365128251326432,0.01035288443479586,0.10948920844291928,Foamy Mic_Mac,12961,291
802,Acox1,Fatty acid beta-oxidation,0.46977111286503553,0.6048109965635738,0.3561643835616438,1.110911250114441,1.3144246339797974,1.2874588922144625,0.019631444646886563,5.747496906918354e-06,Foamy Mic_Mac,12961,291
803,Ehhadh,Fatty acid beta-oxidation,0.013101815311760063,0.01718213058419244,0.0136986301369863,0.026032978668808937,0.03157077357172966,1.3114312921790254,0.00505556698156542,0.4391065257192523,Foamy Mic_Mac,12961,291
804,Acly,Lipid synthesis,0.55327545382794,0.6735395189003437,0.547945205479452,1.3588218688964844,1.6037960052490234,1.2173674328769408,0.023906524749218245,4.602380690745445e-05,Foamy Mic_Mac,12961,291
805,Acaca,Lipid synthesis,0.12430939226519337,0.15120274914089346,0.0958904109589041,0.2616330087184906,0.28235751390457153,1.2163421153111873,0.008732037168583567,0.17803979236115008,Foamy Mic_Mac,12961,291
806,Fasn,Lipid synthesis,0.1383583267561168,0.21649484536082475,0.1643835616438356,0.2985937297344208,0.4273149073123932,1.5647402685234737,0.029568211938002763,0.0003134989642326893,Foamy Mic_Mac,12961,291
807,Elovl1,Lipid synthesis,0.33078137332280977,0.4742268041237113,0.2876712328767123,0.7373323440551758,0.983307421207428,1.4336563131108142,0.03376074009003739,5.816141287418483e-07,Foamy Mic_Mac,12961,291
808,Srebf1,Lipid synthesis,0.19707971586424625,0.25773195876288657,0.1506849315068493,0.42245644330978394,0.52415531873703,1.3077548728577384,0.019875829359702994,0.013911351598154667,Foamy Mic_Mac,12961,291
809,Mlxipl,Lipid synthesis,0.018863456985003947,0.048109965635738834,0.0273972602739726,0.03826361522078514,0.08966024965047836,2.5504320694761966,0.030860125950899098,0.001751956578314022,Foamy Mic_Mac,12961,291
810,Hmgcr,Cholesterol synthesis,0.1882399368587214,0.24742268041237114,0.0821917808219178,0.4074854552745819,0.4735804796218872,1.314400570576412,0.0162151404901216,0.012547120045516141,Foamy Mic_Mac,12961,291
811,Lss,Cholesterol synthesis,0.06148382004735596,0.07560137457044673,0.0273972602739726,0.1268467903137207,0.13947445154190063,1.2296141409596406,0.007499338610552303,0.32324299630499126,Foamy Mic_Mac,12961,291
812,Srebf2,Cholesterol synthesis,0.19700078926598263,0.24398625429553264,0.136986301369863,0.4301644563674927,0.47360900044441223,1.2385039430786853,0.011135143481293871,0.05279439993902428,Foamy Mic_Mac,12961,291
813,Ldlr,Cholesterol / lipid transport,0.03820047355958958,0.041237113402061855,0.0136986301369863,0.08195608854293823,0.07303722202777863,1.0794922041407515,0.0014858744151601336,0.7563544122500921,Foamy Mic_Mac,12961,291
814,Abca1,Cholesterol / lipid transport,0.8011838989739543,0.8934707903780069,0.7534246575342466,2.481478691101074,2.6363070011138916,1.1151881503388186,0.00026832628316952834,3.719285412553346e-05,Foamy Mic_Mac,12961,291
815,Apod,Cholesterol / lipid transport,0.7251775848460932,0.8281786941580757,0.7397260273972602,2.164862632751465,2.3716001510620117,1.1420357047216825,0.011565837403908617,5.9660416020872585e-05,Foamy Mic_Mac,12961,291
816,Lpl,Cholesterol / lipid transport,0.3712707182320442,0.5257731958762887,0.3424657534246575,0.9773693680763245,1.3488372564315796,1.4161450662739323,0.042371858185438364,1.5491476954059598e-07,Foamy Mic_Mac,12961,291
817,Nr1h2,Cholesterol / lipid transport,0.16077348066298341,0.20618556701030927,0.1095890410958904,0.3470291495323181,0.3981721103191376,1.2824600559747759,0.013693886498510627,0.04375631943498874,Foamy Mic_Mac,12961,291
818,Nr1h3,Cholesterol / lipid transport,0.2701657458563536,0.29553264604810997,0.1780821917808219,0.6055366396903992,0.6091574430465698,1.0938938432455603,0.0026678693802223647,0.35021215098342384,Foamy Mic_Mac,12961,291
819,Plin2,Cholesterol / lipid transport,0.9505130228887135,0.9725085910652921,0.9041095890410958,3.5639264583587646,3.608538866043091,1.0231407331061406,-0.0036536229930601506,0.0977986557804236,Foamy Mic_Mac,12961,291
820,Plin4,Cholesterol / lipid transport,0.0345698500394633,0.027491408934707903,0.0136986301369863,0.07527986913919449,0.051037464290857315,0.7952423543441761,-0.006182279887418386,0.6261848791059339,Foamy Mic_Mac,12961,291
821,Ugt8a,Myelin lipid synthesis,0.10181531176006314,0.14432989690721648,0.0958904109589041,0.2244848906993866,0.28003793954849243,1.4175657316390953,0.01801690864019287,0.024139924833238992,Foamy Mic_Mac,12961,291
822,Cers2,Myelin lipid synthesis,0.5216258879242305,0.6391752577319587,0.4657534246575342,1.2614402770996094,1.463557481765747,1.22535187100377,0.020130450800192275,6.675562652440811e-05,Foamy Mic_Mac,12961,291
823,Hif1a,Nutrient sensing / regulators,0.6067876874506709,0.7285223367697594,0.547945205479452,1.5517935752868652,1.8835545778274536,1.20062148892727,0.03759829647779127,1.94225344103829e-05,Foamy Mic_Mac,12961,291
824,Epas1,Nutrient sensing / regulators,0.36985003946329914,0.44673539518900346,0.2602739726027397,0.9289144277572632,1.0009459257125854,1.207882513240434,0.009017664304993818,0.008264083898250356,Foamy Mic_Mac,12961,291
825,Prkaa1,Nutrient sensing / regulators,0.24696132596685083,0.27147766323024053,0.1780821917808219,0.5373047590255737,0.5436174273490906,1.0992719696794975,0.0027062811728515808,0.336598533152509,Foamy Mic_Mac,12961,291
826,Prkaa2,Nutrient sensing / regulators,0.008997632202052092,0.006872852233676976,0.0136986301369863,0.018121764063835144,0.015332185663282871,0.7638512087779585,-0.003304809054076262,1.0,Foamy Mic_Mac,12961,291
827,Mtor,Nutrient sensing / regulators,0.1797947908445146,0.21305841924398625,0.1232876712328767,0.3807451128959656,0.38944095373153687,1.1850088550576408,0.006379713425241104,0.14351730041969787,Foamy Mic_Mac,12961,291
828,Rptor,Nutrient sensing / regulators,0.1591160220994475,0.18900343642611683,0.1095890410958904,0.33766162395477295,0.3580480217933655,1.1878340969835817,0.007891426513581757,0.16916372894902604,Foamy Mic_Mac,12961,291
829,Tsc2,Nutrient sensing / regulators,0.29116022099447514,0.35738831615120276,0.1917808219178082,0.645391047000885,0.6945413947105408,1.227462717710962,0.009013245545451359,0.01583615459639726,Foamy Mic_Mac,12961,291
830,Ddit4,Nutrient sensing / regulators,0.09479084451460142,0.10652920962199312,0.0136986301369863,0.2039417028427124,0.2103756219148636,1.1238343762786454,0.004643959033656205,0.4793467315676678,Foamy Mic_Mac,12961,291
831,Txnip,Nutrient sensing / regulators,0.6243093922651933,0.7525773195876289,0.6301369863013698,1.6410261392593384,1.849290132522583,1.2054557065961136,0.014468452259845003,5.101575492654414e-06,Foamy Mic_Mac,12961,291
832,Sirt1,Nutrient sensing / regulators,0.0685872138910813,0.061855670103092786,0.0136986301369863,0.14245939254760742,0.10926903784275055,0.9018542464973366,-0.005238125798209434,0.725599764624449,Foamy Mic_Mac,12961,291
833,Sirt3,Nutrient sensing / regulators,0.05146014206787687,0.07903780068728522,0.0136986301369863,0.10564965754747391,0.14927926659584045,1.535903274091877,0.017536866187962224,0.04421982597856441,Foamy Mic_Mac,12961,291
834,Ppara,Nutrient sensing / regulators,0.0027624309392265192,0.010309278350515464,0.0136986301369863,0.005627012811601162,0.02166365273296833,3.731958762886598,0.020686400694914765,0.053075978288918385,Foamy Mic_Mac,12961,291
835,Pparg,Nutrient sensing / regulators,0.05082872928176796,0.058419243986254296,0.0410958904109589,0.10589735209941864,0.10269581526517868,1.1493351262513072,0.00393478454778847,0.5020013691784659,Foamy Mic_Mac,12961,291
836,Nfe2l2,Nutrient sensing / regulators,0.6361483820047356,0.7044673539518901,0.5753424657534246,1.621469259262085,1.7215728759765625,1.1073947114851672,0.004506386298147582,0.016158363921150026,Foamy Mic_Mac,12961,291
837,P2ry12,context,0.12454617205998421,0.14776632302405499,0.0684931506849315,0.2648039162158966,0.26604464650154114,1.1864380942425707,0.006345265123193098,0.24345198795356726,Foamy Mic_Mac,12961,291
838,Tmem119,context,0.0856353591160221,0.15120274914089346,0.0958904109589041,0.18246467411518097,0.29385265707969666,1.7656579093226914,0.03241083348368548,0.00030152803170754324,Foamy Mic_Mac,12961,291
839,Cx3cr1,context,0.2775848460931334,0.4261168384879725,0.3287671232876712,0.674746036529541,0.9919074773788452,1.5350868193467762,0.044260633648083046,1.0027787606839698e-07,Foamy Mic_Mac,12961,291
840,Hexb,context,0.9502762430939227,0.9862542955326461,0.958904109589041,3.6803183555603027,3.9859890937805176,1.037860624950052,0.04574459829848501,0.0022123019895513045,Foamy Mic_Mac,12961,291
841,Csf1r,context,0.8334648776637726,0.9003436426116839,0.7534246575342466,2.525857925415039,2.7495429515838623,1.0802418515047383,0.02272398207870591,0.0017623110360159469,Foamy Mic_Mac,12961,291
842,Cd68,context,0.983820047355959,0.9965635738831615,1.0,4.204978942871094,4.283635139465332,1.0129531071880993,0.004052423068600901,0.09506844352720792,Foamy Mic_Mac,12961,291
843,Itgam,context,0.8692975532754539,0.9347079037800687,0.8356164383561644,2.836057662963867,3.1132302284240723,1.0752450645445315,0.03235447532218946,0.0005264633405056372,Foamy Mic_Mac,12961,291
844,Ccr2,context,0.041278610891870564,0.07216494845360824,0.0547945205479452,0.08985073864459991,0.13294145464897156,1.7482407206638935,0.021637897088141168,0.016552958883936292,Foamy Mic_Mac,12961,291
845,Gpnmb,context,0.9900552486187846,0.9965635738831615,0.9863013698630136,5.3618693351745605,5.3507208824157715,1.0065736990672558,-0.008504715932917154,0.5364661385965405,Foamy Mic_Mac,12961,291
846,Trem2,context,0.9067876874506708,0.9312714776632303,0.8082191780821918,3.0940325260162354,3.1057753562927246,1.0270005763768064,-0.005979246642913668,0.18284900082166805,Foamy Mic_Mac,12961,291
847,Igf1,context,0.37024467245461723,0.563573883161512,0.4246575342465753,0.9243164658546448,1.3943803310394287,1.5221660839173645,0.05515931545232423,4.9188277109754577e-11,Foamy Mic_Mac,12961,291
848,Cst7,context,0.3468034727703236,0.6323024054982818,0.4931506849315068,0.902582049369812,1.7392534017562866,1.8232297400234934,0.09317119363434957,1.542057212652624e-22,Foamy Mic_Mac,12961,291
849,Tnf,context,0.06764009471191791,0.09278350515463918,0.0821917808219178,0.1446658968925476,0.18801841139793396,1.3717234659384814,0.014078553534755855,0.09882401496541594,Foamy Mic_Mac,12961,291
850,Ccl2,context,0.2658247829518548,0.38831615120274915,0.3013698630136986,0.7793057560920715,1.087761640548706,1.4607973977846886,0.0369939271311609,6.669875512976848e-06,Foamy Mic_Mac,12961,291
851,Cd74,context,0.9539857932123126,0.979381443298969,0.958904109589041,4.742187023162842,4.956920146942139,1.026620574716467,0.014251478581621003,0.04425513225312011,Foamy Mic_Mac,12961,291
852,H2-Ab1,context,0.847355958958169,0.9243986254295533,0.863013698630137,3.284497022628784,3.609966516494751,1.0909212541162854,0.021023903018926062,0.0001252484217699394,Foamy Mic_Mac,12961,291
853,Mki67,context,0.11760063141278611,0.16838487972508592,0.1095890410958904,0.2546527087688446,0.32744747400283813,1.4318365275951936,0.020260396804516294,0.01022897029613707,Foamy Mic_Mac,12961,291
854,Top2a,context,0.0510655090765588,0.09278350515463918,0.0410958904109589,0.10937482863664627,0.17859293520450592,1.8169505568922386,0.02656455470589876,0.003124040972488989,Foamy Mic_Mac,12961,291
855,Msr1,context,0.4666929755327545,0.6941580756013745,0.5342465753424658,1.144061803817749,1.7145603895187378,1.487397736828922,0.06600719140940992,1.1355725694732594e-14,Foamy Mic_Mac,12961,291
856,Mertk,context,0.7867403314917127,0.8419243986254296,0.7397260273972602,2.2956321239471436,2.3167648315429688,1.070142669601143,-0.011660993863669826,0.02426207557747264,Foamy Mic_Mac,12961,291
857,Axl,context,0.7378058405682715,0.8384879725085911,0.7123287671232876,2.2037014961242676,2.4686293601989746,1.1364615545233043,0.020782665042590662,6.197013841702913e-05,Foamy Mic_Mac,12961,291
858,C3,context,0.8083662194159432,0.8969072164948454,0.8082191780821918,2.750511884689331,3.029186248779297,1.1095307979876674,0.021170624414025816,5.699883527306261e-05,Foamy Mic_Mac,12961,291
859,C4b,context,0.3352801894238358,0.46735395189003437,0.3150684931506849,0.8086090087890625,1.0666329860687256,1.3939205674309643,0.033472744687153305,4.272810666745168e-06,Foamy Mic_Mac,12961,291
860,Serpina3n,context,0.7881610102604578,0.8419243986254296,0.6986301369863014,2.3906898498535156,2.4612395763397217,1.068213712255577,-0.0011204073716035042,0.028847896417777373,Foamy Mic_Mac,12961,291
