dataset,cell_type,gene,group_of,alt,ref,mean_alt,mean_ref,log2FC,MWU_p,n_alt,n_ref,contrast
Absinta2021_MS_human_snRNA,Oligodendrocyte,Hmgcs2,Synthesis (ketogenesis),MS,Ctrl,0.00038121623219922185,0.0008548189071007073,-0.42533914390693145,0.7857142857142857,5,3,"Absinta 2021 MS (h, sn)  [MS vs Ctrl]"
Absinta2021_MS_human_snRNA,Oligodendrocyte,Hmgcl,Synthesis (ketogenesis),MS,Ctrl,0.06388387829065323,0.12671886384487152,-0.9770396630650126,0.03571428571428571,5,3,"Absinta 2021 MS (h, sn)  [MS vs Ctrl]"
Absinta2021_MS_human_snRNA,Oligodendrocyte,Hmgcll1,Synthesis (ketogenesis),MS,Ctrl,0.009341021999716759,0.01228139828890562,-0.36102827038191065,0.5714285714285714,5,3,"Absinta 2021 MS (h, sn)  [MS vs Ctrl]"
Absinta2021_MS_human_snRNA,Oligodendrocyte,Bdh1,Utilisation (ketolysis),MS,Ctrl,0.06751494109630585,0.10815165191888809,-0.6718434275663282,0.39285714285714285,5,3,"Absinta 2021 MS (h, sn)  [MS vs Ctrl]"
Absinta2021_MS_human_snRNA,Oligodendrocyte,Bdh2,Synthesis (ketogenesis),MS,Ctrl,0.028595661744475365,0.029892241582274437,-0.06185884354463811,0.5714285714285714,5,3,"Absinta 2021 MS (h, sn)  [MS vs Ctrl]"
Absinta2021_MS_human_snRNA,Oligodendrocyte,Oxct1,Utilisation (ketolysis),MS,Ctrl,0.14211051166057587,0.18508093059062958,-0.3788005730010191,0.5714285714285714,5,3,"Absinta 2021 MS (h, sn)  [MS vs Ctrl]"
Absinta2021_MS_human_snRNA,Oligodendrocyte,Acat1,Utilisation (ketolysis),MS,Ctrl,0.11968092620372772,0.1263950914144516,-0.0781120169720061,0.7857142857142857,5,3,"Absinta 2021 MS (h, sn)  [MS vs Ctrl]"
Absinta2021_MS_human_snRNA,Oligodendrocyte,Acss1,Acetate activation,MS,Ctrl,0.15662327408790588,0.27054694294929504,-0.7847210479207274,0.03571428571428571,5,3,"Absinta 2021 MS (h, sn)  [MS vs Ctrl]"
Absinta2021_MS_human_snRNA,Oligodendrocyte,Acss2,Acetate activation,MS,Ctrl,0.42489925026893616,0.518958330154419,-0.2878838189929672,0.25,5,3,"Absinta 2021 MS (h, sn)  [MS vs Ctrl]"
Absinta2021_MS_human_snRNA,Oligodendrocyte,Slc16a1,Ketone / lactate transport,MS,Ctrl,0.058394648134708405,0.12960216403007507,-1.1367739567374857,0.03571428571428571,5,3,"Absinta 2021 MS (h, sn)  [MS vs Ctrl]"
Absinta2021_MS_human_snRNA,Oligodendrocyte,Slc16a7,Ketone / lactate transport,MS,Ctrl,0.2352197915315628,0.29810479283332825,-0.34052118315669383,0.39285714285714285,5,3,"Absinta 2021 MS (h, sn)  [MS vs Ctrl]"
Absinta2021_MS_human_snRNA,Oligodendrocyte,Slc16a3,Ketone / lactate transport,MS,Ctrl,0.021483460441231728,0.015928840264678,0.4093809559470894,0.5714285714285714,5,3,"Absinta 2021 MS (h, sn)  [MS vs Ctrl]"
Absinta2021_MS_human_snRNA,Oligodendrocyte,Slc16a6,Ketone / lactate transport,MS,Ctrl,0.0014145828317850828,0.0014020850649103522,0.007486713695916546,1.0,5,3,"Absinta 2021 MS (h, sn)  [MS vs Ctrl]"
Absinta2021_MS_human_snRNA,Oligodendrocyte,Slc5a8,Ketone / lactate transport,MS,Ctrl,0.00037392665399238467,0.00037458131555467844,-0.0006872652491516373,0.7507511846462325,5,3,"Absinta 2021 MS (h, sn)  [MS vs Ctrl]"
Absinta2021_MS_human_snRNA,Oligodendrocyte,Bsg,Ketone / lactate transport,MS,Ctrl,0.1527712047100067,0.13213305175304413,0.20791658791275092,0.7857142857142857,5,3,"Absinta 2021 MS (h, sn)  [MS vs Ctrl]"
Absinta2021_MS_human_snRNA,Oligodendrocyte,Hcar2,Receptors,MS,Ctrl,2.7663027140079066e-05,0.0,0.03936727934710064,0.6055766163353464,5,3,"Absinta 2021 MS (h, sn)  [MS vs Ctrl]"
Absinta2021_MS_human_snRNA,Oligodendrocyte,Ffar3,Receptors,MS,Ctrl,0.002027634298428893,0.0028968730475753546,-0.3641259763673018,0.5714285714285714,5,3,"Absinta 2021 MS (h, sn)  [MS vs Ctrl]"
Absinta2021_MS_human_snRNA,Oligodendrocyte,Ffar2,Receptors,MS,Ctrl,0.00022862751211505383,0.00026427340344525874,-0.041260890577179465,0.7599815271577279,5,3,"Absinta 2021 MS (h, sn)  [MS vs Ctrl]"
Absinta2021_MS_human_snRNA,Oligodendrocyte,Cpt1a,Fatty-acid supply / regulators,MS,Ctrl,0.011460751295089722,0.012958988547325134,-0.16380335398595944,1.0,5,3,"Absinta 2021 MS (h, sn)  [MS vs Ctrl]"
Absinta2021_MS_human_snRNA,Oligodendrocyte,Cpt2,Fatty-acid supply / regulators,MS,Ctrl,0.022170256823301315,0.028285540640354156,-0.3379144929027235,0.5714285714285714,5,3,"Absinta 2021 MS (h, sn)  [MS vs Ctrl]"
Absinta2021_MS_human_snRNA,Oligodendrocyte,Acadm,Fatty-acid supply / regulators,MS,Ctrl,0.14281968772411346,0.14430934190750122,-0.014866274219264832,0.5714285714285714,5,3,"Absinta 2021 MS (h, sn)  [MS vs Ctrl]"
Absinta2021_MS_human_snRNA,Oligodendrocyte,Hadha,Fatty-acid supply / regulators,MS,Ctrl,0.16036972403526306,0.1909969598054886,-0.25071353907893046,0.39285714285714285,5,3,"Absinta 2021 MS (h, sn)  [MS vs Ctrl]"
Absinta2021_MS_human_snRNA,Oligodendrocyte,Acaa2,Fatty-acid supply / regulators,MS,Ctrl,0.022275902330875397,0.029529256746172905,-0.39135536920715247,0.39285714285714285,5,3,"Absinta 2021 MS (h, sn)  [MS vs Ctrl]"
Absinta2021_MS_human_snRNA,Oligodendrocyte,Ppara,Fatty-acid supply / regulators,MS,Ctrl,0.12524239718914032,0.2126871794462204,-0.7593038477191465,0.03571428571428571,5,3,"Absinta 2021 MS (h, sn)  [MS vs Ctrl]"
Absinta2021_MS_human_snRNA,Oligodendrocyte,Ppargc1a,Fatty-acid supply / regulators,MS,Ctrl,0.006060954183340073,0.004399406258016825,0.387062384496293,0.14285714285714285,5,3,"Absinta 2021 MS (h, sn)  [MS vs Ctrl]"
Absinta2021_MS_human_snRNA,OPC,Hmgcs2,Synthesis (ketogenesis),MS,Ctrl,0.0,0.0,0.0,1.0,5,3,"Absinta 2021 MS (h, sn)  [MS vs Ctrl]"
Absinta2021_MS_human_snRNA,OPC,Hmgcl,Synthesis (ketogenesis),MS,Ctrl,0.054511260241270065,0.0765269324183464,-0.48191713539376174,0.39285714285714285,5,3,"Absinta 2021 MS (h, sn)  [MS vs Ctrl]"
Absinta2021_MS_human_snRNA,OPC,Hmgcll1,Synthesis (ketogenesis),MS,Ctrl,0.031438928097486496,0.006606235634535551,2.0924716101415632,0.1337011258089638,5,3,"Absinta 2021 MS (h, sn)  [MS vs Ctrl]"
Absinta2021_MS_human_snRNA,OPC,Bdh1,Utilisation (ketolysis),MS,Ctrl,0.16675938665866852,0.3389843702316284,-1.0190749323299326,0.07142857142857142,5,3,"Absinta 2021 MS (h, sn)  [MS vs Ctrl]"
Absinta2021_MS_human_snRNA,OPC,Bdh2,Synthesis (ketogenesis),MS,Ctrl,0.002230410696938634,0.0,1.691717593021613,0.3291139859786082,5,3,"Absinta 2021 MS (h, sn)  [MS vs Ctrl]"
Absinta2021_MS_human_snRNA,OPC,Oxct1,Utilisation (ketolysis),MS,Ctrl,0.24558420479297638,0.33235007524490356,-0.4349576633919029,0.14285714285714285,5,3,"Absinta 2021 MS (h, sn)  [MS vs Ctrl]"
Absinta2021_MS_human_snRNA,OPC,Acat1,Utilisation (ketolysis),MS,Ctrl,0.11114945262670517,0.18647147715091705,-0.7412485344490568,0.07142857142857142,5,3,"Absinta 2021 MS (h, sn)  [MS vs Ctrl]"
Absinta2021_MS_human_snRNA,OPC,Acss1,Acetate activation,MS,Ctrl,0.1633523404598236,0.24023382365703583,-0.5536402019966445,0.14285714285714285,5,3,"Absinta 2021 MS (h, sn)  [MS vs Ctrl]"
Absinta2021_MS_human_snRNA,OPC,Acss2,Acetate activation,MS,Ctrl,0.12424726784229279,0.09184086322784424,0.43194729072023313,0.5714285714285714,5,3,"Absinta 2021 MS (h, sn)  [MS vs Ctrl]"
Absinta2021_MS_human_snRNA,OPC,Slc16a1,Ketone / lactate transport,MS,Ctrl,0.07622777670621872,0.06930071115493774,0.13558055501033153,1.0,5,3,"Absinta 2021 MS (h, sn)  [MS vs Ctrl]"
Absinta2021_MS_human_snRNA,OPC,Slc16a7,Ketone / lactate transport,MS,Ctrl,0.3195072114467621,0.3264026939868927,-0.03070937487063937,0.5714285714285714,5,3,"Absinta 2021 MS (h, sn)  [MS vs Ctrl]"
Absinta2021_MS_human_snRNA,OPC,Slc16a3,Ketone / lactate transport,MS,Ctrl,0.02485695295035839,0.017771407961845398,0.46201540976040134,0.7857142857142857,5,3,"Absinta 2021 MS (h, sn)  [MS vs Ctrl]"
Absinta2021_MS_human_snRNA,OPC,Slc16a6,Ketone / lactate transport,MS,Ctrl,0.0033207410015165806,0.004133340436965227,-0.2486191875729891,1.0,5,3,"Absinta 2021 MS (h, sn)  [MS vs Ctrl]"
Absinta2021_MS_human_snRNA,OPC,Slc5a8,Ketone / lactate transport,MS,Ctrl,0.0011296803131699562,0.0,1.0906368834000206,0.3291139859786082,5,3,"Absinta 2021 MS (h, sn)  [MS vs Ctrl]"
Absinta2021_MS_human_snRNA,OPC,Bsg,Ketone / lactate transport,MS,Ctrl,0.13680028915405273,0.10107725858688354,0.4329174259865317,0.5714285714285714,5,3,"Absinta 2021 MS (h, sn)  [MS vs Ctrl]"
Absinta2021_MS_human_snRNA,OPC,Hcar2,Receptors,MS,Ctrl,0.0,0.0,0.0,1.0,5,3,"Absinta 2021 MS (h, sn)  [MS vs Ctrl]"
Absinta2021_MS_human_snRNA,OPC,Ffar3,Receptors,MS,Ctrl,0.0,0.0,0.0,1.0,5,3,"Absinta 2021 MS (h, sn)  [MS vs Ctrl]"
Absinta2021_MS_human_snRNA,OPC,Ffar2,Receptors,MS,Ctrl,0.0,0.0,0.0,1.0,5,3,"Absinta 2021 MS (h, sn)  [MS vs Ctrl]"
Absinta2021_MS_human_snRNA,OPC,Cpt1a,Fatty-acid supply / regulators,MS,Ctrl,0.07672388106584549,0.11279463022947311,-0.550002633585051,0.39285714285714285,5,3,"Absinta 2021 MS (h, sn)  [MS vs Ctrl]"
Absinta2021_MS_human_snRNA,OPC,Cpt2,Fatty-acid supply / regulators,MS,Ctrl,0.014013844542205334,0.006961427628993988,0.9151943895156782,0.17711262976673237,5,3,"Absinta 2021 MS (h, sn)  [MS vs Ctrl]"
Absinta2021_MS_human_snRNA,OPC,Acadm,Fatty-acid supply / regulators,MS,Ctrl,0.19597211480140686,0.1405600905418396,0.4765768132291169,0.39285714285714285,5,3,"Absinta 2021 MS (h, sn)  [MS vs Ctrl]"
Absinta2021_MS_human_snRNA,OPC,Hadha,Fatty-acid supply / regulators,MS,Ctrl,0.17284992337226868,0.20861782133579254,-0.2699189462961879,0.25,5,3,"Absinta 2021 MS (h, sn)  [MS vs Ctrl]"
Absinta2021_MS_human_snRNA,OPC,Acaa2,Fatty-acid supply / regulators,MS,Ctrl,0.025770092383027077,0.02504652738571167,0.039531077530399264,0.7857142857142857,5,3,"Absinta 2021 MS (h, sn)  [MS vs Ctrl]"
Absinta2021_MS_human_snRNA,OPC,Ppara,Fatty-acid supply / regulators,MS,Ctrl,0.15944094955921173,0.2564854323863983,-0.6824484022441,0.14285714285714285,5,3,"Absinta 2021 MS (h, sn)  [MS vs Ctrl]"
Absinta2021_MS_human_snRNA,OPC,Ppargc1a,Fatty-acid supply / regulators,MS,Ctrl,0.2808329463005066,0.24435420334339142,0.1999742852169998,0.5714285714285714,5,3,"Absinta 2021 MS (h, sn)  [MS vs Ctrl]"
Absinta2021_MS_human_snRNA,Microglia,Hmgcs2,Synthesis (ketogenesis),MS,Ctrl,0.00010273846419295296,0.0,0.14109066839778506,,5,2,"Absinta 2021 MS (h, sn)  [MS vs Ctrl]"
Absinta2021_MS_human_snRNA,Microglia,Hmgcl,Synthesis (ketogenesis),MS,Ctrl,0.09953691810369492,0.09360786527395248,0.08769333704641993,,5,2,"Absinta 2021 MS (h, sn)  [MS vs Ctrl]"
Absinta2021_MS_human_snRNA,Microglia,Hmgcll1,Synthesis (ketogenesis),MS,Ctrl,0.006388376466929913,0.0,2.885257379197365,,5,2,"Absinta 2021 MS (h, sn)  [MS vs Ctrl]"
Absinta2021_MS_human_snRNA,Microglia,Bdh1,Utilisation (ketolysis),MS,Ctrl,0.043635305017232895,0.07548773288726807,-0.7770431020548093,,5,2,"Absinta 2021 MS (h, sn)  [MS vs Ctrl]"
Absinta2021_MS_human_snRNA,Microglia,Bdh2,Synthesis (ketogenesis),MS,Ctrl,0.008687131106853485,0.0,3.2760694674217206,,5,2,"Absinta 2021 MS (h, sn)  [MS vs Ctrl]"
Absinta2021_MS_human_snRNA,Microglia,Oxct1,Utilisation (ketolysis),MS,Ctrl,0.09167154878377914,0.07351604104042053,0.3145754556607704,,5,2,"Absinta 2021 MS (h, sn)  [MS vs Ctrl]"
Absinta2021_MS_human_snRNA,Microglia,Acat1,Utilisation (ketolysis),MS,Ctrl,0.08790827542543411,0.07627052068710327,0.20239958923323018,,5,2,"Absinta 2021 MS (h, sn)  [MS vs Ctrl]"
Absinta2021_MS_human_snRNA,Microglia,Acss1,Acetate activation,MS,Ctrl,0.15164217352867126,0.36147624254226685,-1.2477328212757235,,5,2,"Absinta 2021 MS (h, sn)  [MS vs Ctrl]"
Absinta2021_MS_human_snRNA,Microglia,Acss2,Acetate activation,MS,Ctrl,0.15073555707931519,0.1526840329170227,-0.01840808290094661,,5,2,"Absinta 2021 MS (h, sn)  [MS vs Ctrl]"
Absinta2021_MS_human_snRNA,Microglia,Slc16a1,Ketone / lactate transport,MS,Ctrl,0.0396188385784626,0.061751872301101685,-0.627509515795164,,5,2,"Absinta 2021 MS (h, sn)  [MS vs Ctrl]"
Absinta2021_MS_human_snRNA,Microglia,Slc16a7,Ketone / lactate transport,MS,Ctrl,0.03181733563542366,0.00413748063147068,2.6753251595955336,,5,2,"Absinta 2021 MS (h, sn)  [MS vs Ctrl]"
Absinta2021_MS_human_snRNA,Microglia,Slc16a3,Ketone / lactate transport,MS,Ctrl,0.17108741402626038,0.1792890429496765,-0.06717013306295425,,5,2,"Absinta 2021 MS (h, sn)  [MS vs Ctrl]"
Absinta2021_MS_human_snRNA,Microglia,Slc16a6,Ketone / lactate transport,MS,Ctrl,0.0076530687510967255,0.006518064998090267,0.20285047695130157,,5,2,"Absinta 2021 MS (h, sn)  [MS vs Ctrl]"
Absinta2021_MS_human_snRNA,Microglia,Slc5a8,Ketone / lactate transport,MS,Ctrl,0.002276919549331069,0.0,1.7123402541422414,,5,2,"Absinta 2021 MS (h, sn)  [MS vs Ctrl]"
Absinta2021_MS_human_snRNA,Microglia,Bsg,Ketone / lactate transport,MS,Ctrl,0.11628752946853638,0.061551254242658615,0.9069389098658585,,5,2,"Absinta 2021 MS (h, sn)  [MS vs Ctrl]"
Absinta2021_MS_human_snRNA,Microglia,Hcar2,Receptors,MS,Ctrl,0.0004772416432388127,0.0,0.5629058376042493,,5,2,"Absinta 2021 MS (h, sn)  [MS vs Ctrl]"
Absinta2021_MS_human_snRNA,Microglia,Ffar3,Receptors,MS,Ctrl,0.0,0.0,0.0,,5,2,"Absinta 2021 MS (h, sn)  [MS vs Ctrl]"
Absinta2021_MS_human_snRNA,Microglia,Ffar2,Receptors,MS,Ctrl,0.0002566285547800362,0.0,0.3295582683985454,,5,2,"Absinta 2021 MS (h, sn)  [MS vs Ctrl]"
Absinta2021_MS_human_snRNA,Microglia,Cpt1a,Fatty-acid supply / regulators,MS,Ctrl,0.05151524394750595,0.09794161468744278,-0.9138411796810694,,5,2,"Absinta 2021 MS (h, sn)  [MS vs Ctrl]"
Absinta2021_MS_human_snRNA,Microglia,Cpt2,Fatty-acid supply / regulators,MS,Ctrl,0.02010195329785347,0.029946189373731613,-0.5523852231122163,,5,2,"Absinta 2021 MS (h, sn)  [MS vs Ctrl]"
Absinta2021_MS_human_snRNA,Microglia,Acadm,Fatty-acid supply / regulators,MS,Ctrl,0.17062029242515564,0.1493893563747406,0.1905176819084944,,5,2,"Absinta 2021 MS (h, sn)  [MS vs Ctrl]"
Absinta2021_MS_human_snRNA,Microglia,Hadha,Fatty-acid supply / regulators,MS,Ctrl,0.20040170848369598,0.19086259603500366,0.0700024388273943,,5,2,"Absinta 2021 MS (h, sn)  [MS vs Ctrl]"
Absinta2021_MS_human_snRNA,Microglia,Acaa2,Fatty-acid supply / regulators,MS,Ctrl,0.03306825831532478,0.030969712883234024,0.09172240638795306,,5,2,"Absinta 2021 MS (h, sn)  [MS vs Ctrl]"
Absinta2021_MS_human_snRNA,Microglia,Ppara,Fatty-acid supply / regulators,MS,Ctrl,0.15654468536376953,0.2216445803642273,-0.4989814069031624,,5,2,"Absinta 2021 MS (h, sn)  [MS vs Ctrl]"
Absinta2021_MS_human_snRNA,Microglia,Ppargc1a,Fatty-acid supply / regulators,MS,Ctrl,0.0067625404335558414,0.0,2.956528878069167,,5,2,"Absinta 2021 MS (h, sn)  [MS vs Ctrl]"
Absinta2021_MS_human_snRNA,Astrocyte,Hmgcs2,Synthesis (ketogenesis),MS,Ctrl,0.00030362437246367335,0.0,0.3825282299597349,0.6055766163353464,5,3,"Absinta 2021 MS (h, sn)  [MS vs Ctrl]"
Absinta2021_MS_human_snRNA,Astrocyte,Hmgcl,Synthesis (ketogenesis),MS,Ctrl,0.07685205340385437,0.09437932819128036,-0.2929415291540612,0.7857142857142857,5,3,"Absinta 2021 MS (h, sn)  [MS vs Ctrl]"
Absinta2021_MS_human_snRNA,Astrocyte,Hmgcll1,Synthesis (ketogenesis),MS,Ctrl,0.17455244064331055,0.3245185613632202,-0.8908377558788904,0.14285714285714285,5,3,"Absinta 2021 MS (h, sn)  [MS vs Ctrl]"
Absinta2021_MS_human_snRNA,Astrocyte,Bdh1,Utilisation (ketolysis),MS,Ctrl,0.07093551009893417,0.13388732075691223,-0.9069787224326635,0.14285714285714285,5,3,"Absinta 2021 MS (h, sn)  [MS vs Ctrl]"
Absinta2021_MS_human_snRNA,Astrocyte,Bdh2,Synthesis (ketogenesis),MS,Ctrl,0.029612034559249878,0.07408168166875839,-1.2943620303117458,0.07142857142857142,5,3,"Absinta 2021 MS (h, sn)  [MS vs Ctrl]"
Absinta2021_MS_human_snRNA,Astrocyte,Oxct1,Utilisation (ketolysis),MS,Ctrl,0.14650100469589233,0.2625623047351837,-0.8374192663037672,0.03571428571428571,5,3,"Absinta 2021 MS (h, sn)  [MS vs Ctrl]"
Absinta2021_MS_human_snRNA,Astrocyte,Acat1,Utilisation (ketolysis),MS,Ctrl,0.12347513437271118,0.21127702295780182,-0.7700906483632878,0.07142857142857142,5,3,"Absinta 2021 MS (h, sn)  [MS vs Ctrl]"
Absinta2021_MS_human_snRNA,Astrocyte,Acss1,Acetate activation,MS,Ctrl,0.4141426086425781,1.0295112133026123,-1.3116812860310951,0.03571428571428571,5,3,"Absinta 2021 MS (h, sn)  [MS vs Ctrl]"
Absinta2021_MS_human_snRNA,Astrocyte,Acss2,Acetate activation,MS,Ctrl,0.10124008357524872,0.15534712374210358,-0.6127917580850654,0.14285714285714285,5,3,"Absinta 2021 MS (h, sn)  [MS vs Ctrl]"
Absinta2021_MS_human_snRNA,Astrocyte,Slc16a1,Ketone / lactate transport,MS,Ctrl,0.0971846729516983,0.08318182826042175,0.2219889887754285,1.0,5,3,"Absinta 2021 MS (h, sn)  [MS vs Ctrl]"
Absinta2021_MS_human_snRNA,Astrocyte,Slc16a7,Ketone / lactate transport,MS,Ctrl,0.12029488384723663,0.08198831230401993,0.5475386263643169,0.7857142857142857,5,3,"Absinta 2021 MS (h, sn)  [MS vs Ctrl]"
Absinta2021_MS_human_snRNA,Astrocyte,Slc16a3,Ketone / lactate transport,MS,Ctrl,0.02776399254798889,0.028421269729733467,-0.0325955690741432,1.0,5,3,"Absinta 2021 MS (h, sn)  [MS vs Ctrl]"
Absinta2021_MS_human_snRNA,Astrocyte,Slc16a6,Ketone / lactate transport,MS,Ctrl,0.022186463698744774,0.045435529202222824,-1.0019462736531943,1.0,5,3,"Absinta 2021 MS (h, sn)  [MS vs Ctrl]"
Absinta2021_MS_human_snRNA,Astrocyte,Slc5a8,Ketone / lactate transport,MS,Ctrl,0.002135647926479578,0.0,1.6487635813802353,0.08062526265134277,5,3,"Absinta 2021 MS (h, sn)  [MS vs Ctrl]"
Absinta2021_MS_human_snRNA,Astrocyte,Bsg,Ketone / lactate transport,MS,Ctrl,0.24968044459819794,0.3717818558216095,-0.5724821853512482,0.25,5,3,"Absinta 2021 MS (h, sn)  [MS vs Ctrl]"
Absinta2021_MS_human_snRNA,Astrocyte,Hcar2,Receptors,MS,Ctrl,0.0,0.0,0.0,1.0,5,3,"Absinta 2021 MS (h, sn)  [MS vs Ctrl]"
Absinta2021_MS_human_snRNA,Astrocyte,Ffar3,Receptors,MS,Ctrl,0.0,0.0,0.0,1.0,5,3,"Absinta 2021 MS (h, sn)  [MS vs Ctrl]"
Absinta2021_MS_human_snRNA,Astrocyte,Ffar2,Receptors,MS,Ctrl,0.00010431375994812697,0.0,0.14315013190752846,0.6055766163353464,5,3,"Absinta 2021 MS (h, sn)  [MS vs Ctrl]"
Absinta2021_MS_human_snRNA,Astrocyte,Cpt1a,Fatty-acid supply / regulators,MS,Ctrl,0.1466521918773651,0.2265097051858902,-0.6237253163477103,0.14285714285714285,5,3,"Absinta 2021 MS (h, sn)  [MS vs Ctrl]"
Absinta2021_MS_human_snRNA,Astrocyte,Cpt2,Fatty-acid supply / regulators,MS,Ctrl,0.015083245933055878,0.0320998877286911,-1.041267721847747,0.07142857142857142,5,3,"Absinta 2021 MS (h, sn)  [MS vs Ctrl]"
Absinta2021_MS_human_snRNA,Astrocyte,Acadm,Fatty-acid supply / regulators,MS,Ctrl,0.12033132463693619,0.09454397112131119,0.3447153191011934,0.5714285714285714,5,3,"Absinta 2021 MS (h, sn)  [MS vs Ctrl]"
Absinta2021_MS_human_snRNA,Astrocyte,Hadha,Fatty-acid supply / regulators,MS,Ctrl,0.15627172589302063,0.3426337242126465,-1.127612301290348,0.03571428571428571,5,3,"Absinta 2021 MS (h, sn)  [MS vs Ctrl]"
Absinta2021_MS_human_snRNA,Astrocyte,Acaa2,Fatty-acid supply / regulators,MS,Ctrl,0.05134156346321106,0.02356146275997162,1.0915605358106337,0.07142857142857142,5,3,"Absinta 2021 MS (h, sn)  [MS vs Ctrl]"
Absinta2021_MS_human_snRNA,Astrocyte,Ppara,Fatty-acid supply / regulators,MS,Ctrl,0.2487145960330963,0.5423495769500732,-1.121600538618721,0.03571428571428571,5,3,"Absinta 2021 MS (h, sn)  [MS vs Ctrl]"
Absinta2021_MS_human_snRNA,Astrocyte,Ppargc1a,Fatty-acid supply / regulators,MS,Ctrl,0.24193115532398224,0.4610591232776642,-0.9275299411313026,0.03571428571428571,5,3,"Absinta 2021 MS (h, sn)  [MS vs Ctrl]"
Absinta2021_MS_human_snRNA,Neuron,Hmgcs2,Synthesis (ketogenesis),MS,Ctrl,0.0,,,,5,0,"Absinta 2021 MS (h, sn)  [MS vs Ctrl]"
Absinta2021_MS_human_snRNA,Neuron,Hmgcl,Synthesis (ketogenesis),MS,Ctrl,0.02027263678610325,,,,5,0,"Absinta 2021 MS (h, sn)  [MS vs Ctrl]"
Absinta2021_MS_human_snRNA,Neuron,Hmgcll1,Synthesis (ketogenesis),MS,Ctrl,0.36119794845581055,,,,5,0,"Absinta 2021 MS (h, sn)  [MS vs Ctrl]"
Absinta2021_MS_human_snRNA,Neuron,Bdh1,Utilisation (ketolysis),MS,Ctrl,0.181583434343338,,,,5,0,"Absinta 2021 MS (h, sn)  [MS vs Ctrl]"
Absinta2021_MS_human_snRNA,Neuron,Bdh2,Synthesis (ketogenesis),MS,Ctrl,0.006307306233793497,,,,5,0,"Absinta 2021 MS (h, sn)  [MS vs Ctrl]"
Absinta2021_MS_human_snRNA,Neuron,Oxct1,Utilisation (ketolysis),MS,Ctrl,0.23820467293262482,,,,5,0,"Absinta 2021 MS (h, sn)  [MS vs Ctrl]"
Absinta2021_MS_human_snRNA,Neuron,Acat1,Utilisation (ketolysis),MS,Ctrl,0.1275157630443573,,,,5,0,"Absinta 2021 MS (h, sn)  [MS vs Ctrl]"
Absinta2021_MS_human_snRNA,Neuron,Acss1,Acetate activation,MS,Ctrl,0.031213562935590744,,,,5,0,"Absinta 2021 MS (h, sn)  [MS vs Ctrl]"
Absinta2021_MS_human_snRNA,Neuron,Acss2,Acetate activation,MS,Ctrl,0.1167495995759964,,,,5,0,"Absinta 2021 MS (h, sn)  [MS vs Ctrl]"
Absinta2021_MS_human_snRNA,Neuron,Slc16a1,Ketone / lactate transport,MS,Ctrl,0.030576329678297043,,,,5,0,"Absinta 2021 MS (h, sn)  [MS vs Ctrl]"
Absinta2021_MS_human_snRNA,Neuron,Slc16a7,Ketone / lactate transport,MS,Ctrl,0.4199402332305908,,,,5,0,"Absinta 2021 MS (h, sn)  [MS vs Ctrl]"
Absinta2021_MS_human_snRNA,Neuron,Slc16a3,Ketone / lactate transport,MS,Ctrl,0.0023635667748749256,,,,5,0,"Absinta 2021 MS (h, sn)  [MS vs Ctrl]"
Absinta2021_MS_human_snRNA,Neuron,Slc16a6,Ketone / lactate transport,MS,Ctrl,0.015187797136604786,,,,5,0,"Absinta 2021 MS (h, sn)  [MS vs Ctrl]"
Absinta2021_MS_human_snRNA,Neuron,Slc5a8,Ketone / lactate transport,MS,Ctrl,0.011581242084503174,,,,5,0,"Absinta 2021 MS (h, sn)  [MS vs Ctrl]"
Absinta2021_MS_human_snRNA,Neuron,Bsg,Ketone / lactate transport,MS,Ctrl,0.19727823138237,,,,5,0,"Absinta 2021 MS (h, sn)  [MS vs Ctrl]"
Absinta2021_MS_human_snRNA,Neuron,Hcar2,Receptors,MS,Ctrl,0.0,,,,5,0,"Absinta 2021 MS (h, sn)  [MS vs Ctrl]"
Absinta2021_MS_human_snRNA,Neuron,Ffar3,Receptors,MS,Ctrl,0.0,,,,5,0,"Absinta 2021 MS (h, sn)  [MS vs Ctrl]"
Absinta2021_MS_human_snRNA,Neuron,Ffar2,Receptors,MS,Ctrl,0.0,,,,5,0,"Absinta 2021 MS (h, sn)  [MS vs Ctrl]"
Absinta2021_MS_human_snRNA,Neuron,Cpt1a,Fatty-acid supply / regulators,MS,Ctrl,0.01529034972190857,,,,5,0,"Absinta 2021 MS (h, sn)  [MS vs Ctrl]"
Absinta2021_MS_human_snRNA,Neuron,Cpt2,Fatty-acid supply / regulators,MS,Ctrl,0.004358837381005287,,,,5,0,"Absinta 2021 MS (h, sn)  [MS vs Ctrl]"
Absinta2021_MS_human_snRNA,Neuron,Acadm,Fatty-acid supply / regulators,MS,Ctrl,0.14990496635437012,,,,5,0,"Absinta 2021 MS (h, sn)  [MS vs Ctrl]"
Absinta2021_MS_human_snRNA,Neuron,Hadha,Fatty-acid supply / regulators,MS,Ctrl,0.0687418282032013,,,,5,0,"Absinta 2021 MS (h, sn)  [MS vs Ctrl]"
Absinta2021_MS_human_snRNA,Neuron,Acaa2,Fatty-acid supply / regulators,MS,Ctrl,0.0040819076821208,,,,5,0,"Absinta 2021 MS (h, sn)  [MS vs Ctrl]"
Absinta2021_MS_human_snRNA,Neuron,Ppara,Fatty-acid supply / regulators,MS,Ctrl,0.051614243537187576,,,,5,0,"Absinta 2021 MS (h, sn)  [MS vs Ctrl]"
Absinta2021_MS_human_snRNA,Neuron,Ppargc1a,Fatty-acid supply / regulators,MS,Ctrl,0.20104901492595673,,,,5,0,"Absinta 2021 MS (h, sn)  [MS vs Ctrl]"
Absinta2021_MS_human_snRNA,Vascular/Fibroblast,Hmgcs2,Synthesis (ketogenesis),MS,Ctrl,0.0,0.0,0.0,,5,1,"Absinta 2021 MS (h, sn)  [MS vs Ctrl]"
Absinta2021_MS_human_snRNA,Vascular/Fibroblast,Hmgcl,Synthesis (ketogenesis),MS,Ctrl,0.0545819029211998,0.06351227313280106,-0.21495842407314783,,5,1,"Absinta 2021 MS (h, sn)  [MS vs Ctrl]"
Absinta2021_MS_human_snRNA,Vascular/Fibroblast,Hmgcll1,Synthesis (ketogenesis),MS,Ctrl,0.032022587954998016,0.0,5.0453812824776305,,5,1,"Absinta 2021 MS (h, sn)  [MS vs Ctrl]"
Absinta2021_MS_human_snRNA,Vascular/Fibroblast,Bdh1,Utilisation (ketolysis),MS,Ctrl,0.015768324956297874,0.0,4.067666675385431,,5,1,"Absinta 2021 MS (h, sn)  [MS vs Ctrl]"
Absinta2021_MS_human_snRNA,Vascular/Fibroblast,Bdh2,Synthesis (ketogenesis),MS,Ctrl,0.02647981606423855,0.0,4.780300442416775,,5,1,"Absinta 2021 MS (h, sn)  [MS vs Ctrl]"
Absinta2021_MS_human_snRNA,Vascular/Fibroblast,Oxct1,Utilisation (ketolysis),MS,Ctrl,0.1715553104877472,0.25649186968803406,-0.5774680056680117,,5,1,"Absinta 2021 MS (h, sn)  [MS vs Ctrl]"
Absinta2021_MS_human_snRNA,Vascular/Fibroblast,Acat1,Utilisation (ketolysis),MS,Ctrl,0.14785100519657135,0.17571228742599487,-0.2475333948465539,,5,1,"Absinta 2021 MS (h, sn)  [MS vs Ctrl]"
Absinta2021_MS_human_snRNA,Vascular/Fibroblast,Acss1,Acetate activation,MS,Ctrl,0.10346280038356781,0.036133773624897,1.4921854463939093,,5,1,"Absinta 2021 MS (h, sn)  [MS vs Ctrl]"
Absinta2021_MS_human_snRNA,Vascular/Fibroblast,Acss2,Acetate activation,MS,Ctrl,0.11617769300937653,0.10486457496881485,0.14647804468077177,,5,1,"Absinta 2021 MS (h, sn)  [MS vs Ctrl]"
Absinta2021_MS_human_snRNA,Vascular/Fibroblast,Slc16a1,Ketone / lactate transport,MS,Ctrl,0.49555301666259766,0.305132657289505,0.6977908063062984,,5,1,"Absinta 2021 MS (h, sn)  [MS vs Ctrl]"
Absinta2021_MS_human_snRNA,Vascular/Fibroblast,Slc16a7,Ketone / lactate transport,MS,Ctrl,0.1446007639169693,0.039065148681402206,1.861598189234629,,5,1,"Absinta 2021 MS (h, sn)  [MS vs Ctrl]"
Absinta2021_MS_human_snRNA,Vascular/Fibroblast,Slc16a3,Ketone / lactate transport,MS,Ctrl,0.046589337289333344,0.0,5.5725664591136645,,5,1,"Absinta 2021 MS (h, sn)  [MS vs Ctrl]"
Absinta2021_MS_human_snRNA,Vascular/Fibroblast,Slc16a6,Ketone / lactate transport,MS,Ctrl,0.11732069402933121,0.03700188547372818,1.638559514791948,,5,1,"Absinta 2021 MS (h, sn)  [MS vs Ctrl]"
Absinta2021_MS_human_snRNA,Vascular/Fibroblast,Slc5a8,Ketone / lactate transport,MS,Ctrl,0.0,0.0,0.0,,5,1,"Absinta 2021 MS (h, sn)  [MS vs Ctrl]"
Absinta2021_MS_human_snRNA,Vascular/Fibroblast,Bsg,Ketone / lactate transport,MS,Ctrl,1.1925373077392578,0.34962815046310425,1.7672299292756601,,5,1,"Absinta 2021 MS (h, sn)  [MS vs Ctrl]"
Absinta2021_MS_human_snRNA,Vascular/Fibroblast,Hcar2,Receptors,MS,Ctrl,0.0,0.0,0.0,,5,1,"Absinta 2021 MS (h, sn)  [MS vs Ctrl]"
Absinta2021_MS_human_snRNA,Vascular/Fibroblast,Ffar3,Receptors,MS,Ctrl,0.0,0.0,0.0,,5,1,"Absinta 2021 MS (h, sn)  [MS vs Ctrl]"
Absinta2021_MS_human_snRNA,Vascular/Fibroblast,Ffar2,Receptors,MS,Ctrl,0.0004364767228253186,0.0,0.5225346151213497,,5,1,"Absinta 2021 MS (h, sn)  [MS vs Ctrl]"
Absinta2021_MS_human_snRNA,Vascular/Fibroblast,Cpt1a,Fatty-acid supply / regulators,MS,Ctrl,0.28422608971595764,0.4910374581813812,-0.7866621987051318,,5,1,"Absinta 2021 MS (h, sn)  [MS vs Ctrl]"
Absinta2021_MS_human_snRNA,Vascular/Fibroblast,Cpt2,Fatty-acid supply / regulators,MS,Ctrl,0.027942854911088943,0.03700188547372818,-0.3928637643095813,,5,1,"Absinta 2021 MS (h, sn)  [MS vs Ctrl]"
Absinta2021_MS_human_snRNA,Vascular/Fibroblast,Acadm,Fatty-acid supply / regulators,MS,Ctrl,0.11700312793254852,0.1574612557888031,-0.4253050386903305,,5,1,"Absinta 2021 MS (h, sn)  [MS vs Ctrl]"
Absinta2021_MS_human_snRNA,Vascular/Fibroblast,Hadha,Fatty-acid supply / regulators,MS,Ctrl,0.22348737716674805,0.13567931950092316,0.7158393550891755,,5,1,"Absinta 2021 MS (h, sn)  [MS vs Ctrl]"
Absinta2021_MS_human_snRNA,Vascular/Fibroblast,Acaa2,Fatty-acid supply / regulators,MS,Ctrl,0.03520916402339935,0.03510003909468651,0.004354469589541703,,5,1,"Absinta 2021 MS (h, sn)  [MS vs Ctrl]"
Absinta2021_MS_human_snRNA,Vascular/Fibroblast,Ppara,Fatty-acid supply / regulators,MS,Ctrl,0.18364951014518738,0.34820619225502014,-0.9192897063655372,,5,1,"Absinta 2021 MS (h, sn)  [MS vs Ctrl]"
Absinta2021_MS_human_snRNA,Vascular/Fibroblast,Ppargc1a,Fatty-acid supply / regulators,MS,Ctrl,0.06723906844854355,0.0,6.09252604702657,,5,1,"Absinta 2021 MS (h, sn)  [MS vs Ctrl]"
Absinta2021_MS_human_snRNA,Immune (lymphoid/myeloid),Hmgcs2,Synthesis (ketogenesis),MS,Ctrl,0.0,,,,5,0,"Absinta 2021 MS (h, sn)  [MS vs Ctrl]"
Absinta2021_MS_human_snRNA,Immune (lymphoid/myeloid),Hmgcl,Synthesis (ketogenesis),MS,Ctrl,0.053739141672849655,,,,5,0,"Absinta 2021 MS (h, sn)  [MS vs Ctrl]"
Absinta2021_MS_human_snRNA,Immune (lymphoid/myeloid),Hmgcll1,Synthesis (ketogenesis),MS,Ctrl,0.0,,,,5,0,"Absinta 2021 MS (h, sn)  [MS vs Ctrl]"
Absinta2021_MS_human_snRNA,Immune (lymphoid/myeloid),Bdh1,Utilisation (ketolysis),MS,Ctrl,0.06797009706497192,,,,5,0,"Absinta 2021 MS (h, sn)  [MS vs Ctrl]"
Absinta2021_MS_human_snRNA,Immune (lymphoid/myeloid),Bdh2,Synthesis (ketogenesis),MS,Ctrl,0.024172352626919746,,,,5,0,"Absinta 2021 MS (h, sn)  [MS vs Ctrl]"
Absinta2021_MS_human_snRNA,Immune (lymphoid/myeloid),Oxct1,Utilisation (ketolysis),MS,Ctrl,0.42619389295578003,,,,5,0,"Absinta 2021 MS (h, sn)  [MS vs Ctrl]"
Absinta2021_MS_human_snRNA,Immune (lymphoid/myeloid),Acat1,Utilisation (ketolysis),MS,Ctrl,0.08458980172872543,,,,5,0,"Absinta 2021 MS (h, sn)  [MS vs Ctrl]"
Absinta2021_MS_human_snRNA,Immune (lymphoid/myeloid),Acss1,Acetate activation,MS,Ctrl,0.183754101395607,,,,5,0,"Absinta 2021 MS (h, sn)  [MS vs Ctrl]"
Absinta2021_MS_human_snRNA,Immune (lymphoid/myeloid),Acss2,Acetate activation,MS,Ctrl,0.0776108130812645,,,,5,0,"Absinta 2021 MS (h, sn)  [MS vs Ctrl]"
Absinta2021_MS_human_snRNA,Immune (lymphoid/myeloid),Slc16a1,Ketone / lactate transport,MS,Ctrl,0.045453719794750214,,,,5,0,"Absinta 2021 MS (h, sn)  [MS vs Ctrl]"
Absinta2021_MS_human_snRNA,Immune (lymphoid/myeloid),Slc16a7,Ketone / lactate transport,MS,Ctrl,0.5726953148841858,,,,5,0,"Absinta 2021 MS (h, sn)  [MS vs Ctrl]"
Absinta2021_MS_human_snRNA,Immune (lymphoid/myeloid),Slc16a3,Ketone / lactate transport,MS,Ctrl,0.07433473318815231,,,,5,0,"Absinta 2021 MS (h, sn)  [MS vs Ctrl]"
Absinta2021_MS_human_snRNA,Immune (lymphoid/myeloid),Slc16a6,Ketone / lactate transport,MS,Ctrl,0.048367030918598175,,,,5,0,"Absinta 2021 MS (h, sn)  [MS vs Ctrl]"
Absinta2021_MS_human_snRNA,Immune (lymphoid/myeloid),Slc5a8,Ketone / lactate transport,MS,Ctrl,0.0,,,,5,0,"Absinta 2021 MS (h, sn)  [MS vs Ctrl]"
Absinta2021_MS_human_snRNA,Immune (lymphoid/myeloid),Bsg,Ketone / lactate transport,MS,Ctrl,0.14786678552627563,,,,5,0,"Absinta 2021 MS (h, sn)  [MS vs Ctrl]"
Absinta2021_MS_human_snRNA,Immune (lymphoid/myeloid),Hcar2,Receptors,MS,Ctrl,0.0,,,,5,0,"Absinta 2021 MS (h, sn)  [MS vs Ctrl]"
Absinta2021_MS_human_snRNA,Immune (lymphoid/myeloid),Ffar3,Receptors,MS,Ctrl,0.0,,,,5,0,"Absinta 2021 MS (h, sn)  [MS vs Ctrl]"
Absinta2021_MS_human_snRNA,Immune (lymphoid/myeloid),Ffar2,Receptors,MS,Ctrl,0.0,,,,5,0,"Absinta 2021 MS (h, sn)  [MS vs Ctrl]"
Absinta2021_MS_human_snRNA,Immune (lymphoid/myeloid),Cpt1a,Fatty-acid supply / regulators,MS,Ctrl,0.14674332737922668,,,,5,0,"Absinta 2021 MS (h, sn)  [MS vs Ctrl]"
Absinta2021_MS_human_snRNA,Immune (lymphoid/myeloid),Cpt2,Fatty-acid supply / regulators,MS,Ctrl,0.031631164252758026,,,,5,0,"Absinta 2021 MS (h, sn)  [MS vs Ctrl]"
Absinta2021_MS_human_snRNA,Immune (lymphoid/myeloid),Acadm,Fatty-acid supply / regulators,MS,Ctrl,0.1820172816514969,,,,5,0,"Absinta 2021 MS (h, sn)  [MS vs Ctrl]"
Absinta2021_MS_human_snRNA,Immune (lymphoid/myeloid),Hadha,Fatty-acid supply / regulators,MS,Ctrl,0.1793971061706543,,,,5,0,"Absinta 2021 MS (h, sn)  [MS vs Ctrl]"
Absinta2021_MS_human_snRNA,Immune (lymphoid/myeloid),Acaa2,Fatty-acid supply / regulators,MS,Ctrl,0.017517397180199623,,,,5,0,"Absinta 2021 MS (h, sn)  [MS vs Ctrl]"
Absinta2021_MS_human_snRNA,Immune (lymphoid/myeloid),Ppara,Fatty-acid supply / regulators,MS,Ctrl,0.1454085111618042,,,,5,0,"Absinta 2021 MS (h, sn)  [MS vs Ctrl]"
Absinta2021_MS_human_snRNA,Immune (lymphoid/myeloid),Ppargc1a,Fatty-acid supply / regulators,MS,Ctrl,0.05561266094446182,,,,5,0,"Absinta 2021 MS (h, sn)  [MS vs Ctrl]"
Aging_snRNA_HIP_CP_mouse,Oligodendrocyte,Hmgcs2,Synthesis (ketogenesis),Old,Young,0.0014147236943244934,0.00147711718454957,-0.03680400194346744,0.6857142857142857,4,4,"Aging HIP+CP (m, sn)  [Old vs Young]"
Aging_snRNA_HIP_CP_mouse,Oligodendrocyte,Hmgcl,Synthesis (ketogenesis),Old,Young,0.2937825918197632,0.3101643919944763,-0.0780256457879776,0.2,4,4,"Aging HIP+CP (m, sn)  [Old vs Young]"
Aging_snRNA_HIP_CP_mouse,Oligodendrocyte,Hmgcll1,Synthesis (ketogenesis),Old,Young,0.14466030895709991,0.15239489078521729,-0.07464262060511098,0.8857142857142857,4,4,"Aging HIP+CP (m, sn)  [Old vs Young]"
Aging_snRNA_HIP_CP_mouse,Oligodendrocyte,Bdh1,Utilisation (ketolysis),Old,Young,0.04699450731277466,0.05082760751247406,-0.11085148959806859,0.6857142857142857,4,4,"Aging HIP+CP (m, sn)  [Old vs Young]"
Aging_snRNA_HIP_CP_mouse,Oligodendrocyte,Bdh2,Synthesis (ketogenesis),Old,Young,0.0007901577046141028,0.001451442134566605,-0.45354401986555304,0.34285714285714286,4,4,"Aging HIP+CP (m, sn)  [Old vs Young]"
Aging_snRNA_HIP_CP_mouse,Oligodendrocyte,Oxct1,Utilisation (ketolysis),Old,Young,0.5627082586288452,0.5687294602394104,-0.015328304813928665,0.6857142857142857,4,4,"Aging HIP+CP (m, sn)  [Old vs Young]"
Aging_snRNA_HIP_CP_mouse,Oligodendrocyte,Acat1,Utilisation (ketolysis),Old,Young,0.2747170329093933,0.29725462198257446,-0.11335610005397517,0.2,4,4,"Aging HIP+CP (m, sn)  [Old vs Young]"
Aging_snRNA_HIP_CP_mouse,Oligodendrocyte,Acss1,Acetate activation,Old,Young,0.04687900468707085,0.0652734637260437,-0.46903816088766753,0.11428571428571428,4,4,"Aging HIP+CP (m, sn)  [Old vs Young]"
Aging_snRNA_HIP_CP_mouse,Oligodendrocyte,Acss2,Acetate activation,Old,Young,0.25901907682418823,0.2904178202152252,-0.16447162760926895,0.11428571428571428,4,4,"Aging HIP+CP (m, sn)  [Old vs Young]"
Aging_snRNA_HIP_CP_mouse,Oligodendrocyte,Slc16a1,Ketone / lactate transport,Old,Young,0.06567010283470154,0.06384116411209106,0.04012996018119899,1.0,4,4,"Aging HIP+CP (m, sn)  [Old vs Young]"
Aging_snRNA_HIP_CP_mouse,Oligodendrocyte,Slc16a7,Ketone / lactate transport,Old,Young,0.6574095487594604,0.6596425771713257,-0.004884692621671398,0.8857142857142857,4,4,"Aging HIP+CP (m, sn)  [Old vs Young]"
Aging_snRNA_HIP_CP_mouse,Oligodendrocyte,Slc16a3,Ketone / lactate transport,Old,Young,0.00847216509282589,0.010785368271172047,-0.3152307094647437,0.34285714285714286,4,4,"Aging HIP+CP (m, sn)  [Old vs Young]"
Aging_snRNA_HIP_CP_mouse,Oligodendrocyte,Slc16a6,Ketone / lactate transport,Old,Young,0.09578166157007217,0.08979327976703644,0.09214819023209173,0.8857142857142857,4,4,"Aging HIP+CP (m, sn)  [Old vs Young]"
Aging_snRNA_HIP_CP_mouse,Oligodendrocyte,Slc5a8,Ketone / lactate transport,Old,Young,0.000186897290404886,0.0002559047134127468,-0.08153191483124012,0.8686610629910667,4,4,"Aging HIP+CP (m, sn)  [Old vs Young]"
Aging_snRNA_HIP_CP_mouse,Oligodendrocyte,Bsg,Ketone / lactate transport,Old,Young,0.22167426347732544,0.28355592489242554,-0.353777396753751,0.05714285714285714,4,4,"Aging HIP+CP (m, sn)  [Old vs Young]"
Aging_snRNA_HIP_CP_mouse,Oligodendrocyte,Hcar2,Receptors,Old,Young,0.0,0.0,0.0,1.0,4,4,"Aging HIP+CP (m, sn)  [Old vs Young]"
Aging_snRNA_HIP_CP_mouse,Oligodendrocyte,Ffar3,Receptors,Old,Young,0.0005661558825522661,0.00027257096371613443,0.29948170496066034,0.6445521705158991,4,4,"Aging HIP+CP (m, sn)  [Old vs Young]"
Aging_snRNA_HIP_CP_mouse,Oligodendrocyte,Ffar2,Receptors,Old,Young,0.00011083612480433658,0.0,0.15164600001212877,0.4532547047537364,4,4,"Aging HIP+CP (m, sn)  [Old vs Young]"
Aging_snRNA_HIP_CP_mouse,Oligodendrocyte,Cpt1a,Fatty-acid supply / regulators,Old,Young,0.031239867210388184,0.027618704363703728,0.17188744237043538,1.0,4,4,"Aging HIP+CP (m, sn)  [Old vs Young]"
Aging_snRNA_HIP_CP_mouse,Oligodendrocyte,Cpt2,Fatty-acid supply / regulators,Old,Young,0.028901318088173866,0.029955968260765076,-0.05000850387447132,1.0,4,4,"Aging HIP+CP (m, sn)  [Old vs Young]"
Aging_snRNA_HIP_CP_mouse,Oligodendrocyte,Acadm,Fatty-acid supply / regulators,Old,Young,0.06982159614562988,0.06936810165643692,0.009267765435134882,1.0,4,4,"Aging HIP+CP (m, sn)  [Old vs Young]"
Aging_snRNA_HIP_CP_mouse,Oligodendrocyte,Hadha,Fatty-acid supply / regulators,Old,Young,0.18452252447605133,0.18357232213020325,0.007408129223744053,1.0,4,4,"Aging HIP+CP (m, sn)  [Old vs Young]"
Aging_snRNA_HIP_CP_mouse,Oligodendrocyte,Acaa2,Fatty-acid supply / regulators,Old,Young,0.012179141864180565,0.009832184761762619,0.2829321830340359,0.6857142857142857,4,4,"Aging HIP+CP (m, sn)  [Old vs Young]"
Aging_snRNA_HIP_CP_mouse,Oligodendrocyte,Ppara,Fatty-acid supply / regulators,Old,Young,0.01100928895175457,0.009469013661146164,0.19802520915488167,0.6857142857142857,4,4,"Aging HIP+CP (m, sn)  [Old vs Young]"
Aging_snRNA_HIP_CP_mouse,Oligodendrocyte,Ppargc1a,Fatty-acid supply / regulators,Old,Young,0.0784096047282219,0.0859883725643158,-0.13150905941143173,0.6857142857142857,4,4,"Aging HIP+CP (m, sn)  [Old vs Young]"
Aging_snRNA_HIP_CP_mouse,Oligodendrocyte,Fgf21,Fatty-acid supply / regulators,Old,Young,0.0,0.0,0.0,1.0,4,4,"Aging HIP+CP (m, sn)  [Old vs Young]"
Aging_snRNA_HIP_CP_mouse,OPC,Hmgcs2,Synthesis (ketogenesis),Old,Young,0.009775225073099136,0.0025093695148825645,1.6184342369631701,0.02857142857142857,4,4,"Aging HIP+CP (m, sn)  [Old vs Young]"
Aging_snRNA_HIP_CP_mouse,OPC,Hmgcl,Synthesis (ketogenesis),Old,Young,0.1471545696258545,0.12662366032600403,0.21520730783107792,0.6857142857142857,4,4,"Aging HIP+CP (m, sn)  [Old vs Young]"
Aging_snRNA_HIP_CP_mouse,OPC,Hmgcll1,Synthesis (ketogenesis),Old,Young,0.3685668110847473,0.32609447836875916,0.17612779575419982,0.6857142857142857,4,4,"Aging HIP+CP (m, sn)  [Old vs Young]"
Aging_snRNA_HIP_CP_mouse,OPC,Bdh1,Utilisation (ketolysis),Old,Young,0.06526608765125275,0.0733463317155838,-0.1659908155172113,0.4857142857142857,4,4,"Aging HIP+CP (m, sn)  [Old vs Young]"
Aging_snRNA_HIP_CP_mouse,OPC,Bdh2,Synthesis (ketogenesis),Old,Young,0.005641408264636993,0.0026620482094585896,0.8588384037177765,0.38363032713198975,4,4,"Aging HIP+CP (m, sn)  [Old vs Young]"
Aging_snRNA_HIP_CP_mouse,OPC,Oxct1,Utilisation (ketolysis),Old,Young,0.48241692781448364,0.48823651671409607,-0.017264098086443278,0.8857142857142857,4,4,"Aging HIP+CP (m, sn)  [Old vs Young]"
Aging_snRNA_HIP_CP_mouse,OPC,Acat1,Utilisation (ketolysis),Old,Young,0.2688838243484497,0.2468530237674713,0.12285365102345394,0.4857142857142857,4,4,"Aging HIP+CP (m, sn)  [Old vs Young]"
Aging_snRNA_HIP_CP_mouse,OPC,Acss1,Acetate activation,Old,Young,0.28701722621917725,0.23406483232975006,0.29309638552408895,0.34285714285714286,4,4,"Aging HIP+CP (m, sn)  [Old vs Young]"
Aging_snRNA_HIP_CP_mouse,OPC,Acss2,Acetate activation,Old,Young,0.12420424073934555,0.13123752176761627,-0.07884816478134207,0.6857142857142857,4,4,"Aging HIP+CP (m, sn)  [Old vs Young]"
Aging_snRNA_HIP_CP_mouse,OPC,Slc16a1,Ketone / lactate transport,Old,Young,0.023725619539618492,0.03293398395180702,-0.45672414628051644,0.6857142857142857,4,4,"Aging HIP+CP (m, sn)  [Old vs Young]"
Aging_snRNA_HIP_CP_mouse,OPC,Slc16a7,Ketone / lactate transport,Old,Young,0.31737011671066284,0.33925560116767883,-0.09591398503118848,0.4857142857142857,4,4,"Aging HIP+CP (m, sn)  [Old vs Young]"
Aging_snRNA_HIP_CP_mouse,OPC,Slc16a3,Ketone / lactate transport,Old,Young,0.0037789028137922287,0.007446406874805689,-0.8216583168784442,0.34285714285714286,4,4,"Aging HIP+CP (m, sn)  [Old vs Young]"
Aging_snRNA_HIP_CP_mouse,OPC,Slc16a6,Ketone / lactate transport,Old,Young,0.08295037597417831,0.09718501567840576,-0.22596608081929165,0.6857142857142857,4,4,"Aging HIP+CP (m, sn)  [Old vs Young]"
Aging_snRNA_HIP_CP_mouse,OPC,Slc5a8,Ketone / lactate transport,Old,Young,0.000794261577539146,0.0012073332909494638,-0.2989142525291036,0.8824201140755036,4,4,"Aging HIP+CP (m, sn)  [Old vs Young]"
Aging_snRNA_HIP_CP_mouse,OPC,Bsg,Ketone / lactate transport,Old,Young,0.30235734581947327,0.36484581232070923,-0.27021749828586955,0.2,4,4,"Aging HIP+CP (m, sn)  [Old vs Young]"
Aging_snRNA_HIP_CP_mouse,OPC,Hcar2,Receptors,Old,Young,0.0,0.0,0.0,1.0,4,4,"Aging HIP+CP (m, sn)  [Old vs Young]"
Aging_snRNA_HIP_CP_mouse,OPC,Ffar3,Receptors,Old,Young,0.002872626530006528,0.0,1.9533123768407399,0.18587673236587587,4,4,"Aging HIP+CP (m, sn)  [Old vs Young]"
Aging_snRNA_HIP_CP_mouse,OPC,Ffar2,Receptors,Old,Young,0.0,0.00038916582707315683,-0.4742188265449384,0.4532547047537364,4,4,"Aging HIP+CP (m, sn)  [Old vs Young]"
Aging_snRNA_HIP_CP_mouse,OPC,Cpt1a,Fatty-acid supply / regulators,Old,Young,0.07540880143642426,0.053214091807603836,0.49507093169565775,0.2,4,4,"Aging HIP+CP (m, sn)  [Old vs Young]"
Aging_snRNA_HIP_CP_mouse,OPC,Cpt2,Fatty-acid supply / regulators,Old,Young,0.014089305885136127,0.013407742604613304,0.06668213003607727,0.8857142857142857,4,4,"Aging HIP+CP (m, sn)  [Old vs Young]"
Aging_snRNA_HIP_CP_mouse,OPC,Acadm,Fatty-acid supply / regulators,Old,Young,0.07930047810077667,0.07281104475259781,0.1215718665930356,0.4857142857142857,4,4,"Aging HIP+CP (m, sn)  [Old vs Young]"
Aging_snRNA_HIP_CP_mouse,OPC,Hadha,Fatty-acid supply / regulators,Old,Young,0.19277852773666382,0.15589173138141632,0.3046393966895309,0.34285714285714286,4,4,"Aging HIP+CP (m, sn)  [Old vs Young]"
Aging_snRNA_HIP_CP_mouse,OPC,Acaa2,Fatty-acid supply / regulators,Old,Young,0.014482229948043823,0.017018217593431473,-0.21884302148244375,0.6857142857142857,4,4,"Aging HIP+CP (m, sn)  [Old vs Young]"
Aging_snRNA_HIP_CP_mouse,OPC,Ppara,Fatty-acid supply / regulators,Old,Young,0.08064499497413635,0.05910530686378479,0.4418720718798685,0.11428571428571428,4,4,"Aging HIP+CP (m, sn)  [Old vs Young]"
Aging_snRNA_HIP_CP_mouse,OPC,Ppargc1a,Fatty-acid supply / regulators,Old,Young,0.20379021763801575,0.2075589895248413,-0.026308695368586408,0.8857142857142857,4,4,"Aging HIP+CP (m, sn)  [Old vs Young]"
Aging_snRNA_HIP_CP_mouse,OPC,Fgf21,Fatty-acid supply / regulators,Old,Young,0.0,0.0,0.0,1.0,4,4,"Aging HIP+CP (m, sn)  [Old vs Young]"
Aging_snRNA_HIP_CP_mouse,Microglia,Hmgcs2,Synthesis (ketogenesis),Old,Young,0.0061268992722034454,0.00047192900092341006,2.275566450119868,0.12409465882825227,4,4,"Aging HIP+CP (m, sn)  [Old vs Young]"
Aging_snRNA_HIP_CP_mouse,Microglia,Hmgcl,Synthesis (ketogenesis),Old,Young,0.2175287902355194,0.22241544723510742,-0.03190557792245672,0.8857142857142857,4,4,"Aging HIP+CP (m, sn)  [Old vs Young]"
Aging_snRNA_HIP_CP_mouse,Microglia,Hmgcll1,Synthesis (ketogenesis),Old,Young,0.11076563596725464,0.11509930342435837,-0.054882638329355735,1.0,4,4,"Aging HIP+CP (m, sn)  [Old vs Young]"
Aging_snRNA_HIP_CP_mouse,Microglia,Bdh1,Utilisation (ketolysis),Old,Young,0.016708651557564735,0.033162590116262436,-0.9479629995265806,0.11428571428571428,4,4,"Aging HIP+CP (m, sn)  [Old vs Young]"
Aging_snRNA_HIP_CP_mouse,Microglia,Bdh2,Synthesis (ketogenesis),Old,Young,0.0029341746121644974,0.002261510118842125,0.270520886299572,1.0,4,4,"Aging HIP+CP (m, sn)  [Old vs Young]"
Aging_snRNA_HIP_CP_mouse,Microglia,Oxct1,Utilisation (ketolysis),Old,Young,1.0189406871795654,0.9128999710083008,0.15837708539737674,0.2,4,4,"Aging HIP+CP (m, sn)  [Old vs Young]"
Aging_snRNA_HIP_CP_mouse,Microglia,Acat1,Utilisation (ketolysis),Old,Young,0.26081404089927673,0.25418850779533386,0.03697911007792308,0.8857142857142857,4,4,"Aging HIP+CP (m, sn)  [Old vs Young]"
Aging_snRNA_HIP_CP_mouse,Microglia,Acss1,Acetate activation,Old,Young,0.6077735424041748,0.7197865843772888,-0.24366649930310275,0.4857142857142857,4,4,"Aging HIP+CP (m, sn)  [Old vs Young]"
Aging_snRNA_HIP_CP_mouse,Microglia,Acss2,Acetate activation,Old,Young,0.07400272786617279,0.07518740743398666,-0.022609495183771502,1.0,4,4,"Aging HIP+CP (m, sn)  [Old vs Young]"
Aging_snRNA_HIP_CP_mouse,Microglia,Slc16a1,Ketone / lactate transport,Old,Young,0.021781478077173233,0.033547572791576385,-0.6007230016861481,0.4857142857142857,4,4,"Aging HIP+CP (m, sn)  [Old vs Young]"
Aging_snRNA_HIP_CP_mouse,Microglia,Slc16a7,Ketone / lactate transport,Old,Young,0.6392139196395874,0.6427474021911621,-0.007940660730204876,0.8857142857142857,4,4,"Aging HIP+CP (m, sn)  [Old vs Young]"
Aging_snRNA_HIP_CP_mouse,Microglia,Slc16a3,Ketone / lactate transport,Old,Young,0.025506647303700447,0.02119559608399868,0.2560807481574335,0.34285714285714286,4,4,"Aging HIP+CP (m, sn)  [Old vs Young]"
Aging_snRNA_HIP_CP_mouse,Microglia,Slc16a6,Ketone / lactate transport,Old,Young,0.8025321364402771,0.898969292640686,-0.16352005271817027,0.11428571428571428,4,4,"Aging HIP+CP (m, sn)  [Old vs Young]"
Aging_snRNA_HIP_CP_mouse,Microglia,Slc5a8,Ketone / lactate transport,Old,Young,0.0,0.0,0.0,1.0,4,4,"Aging HIP+CP (m, sn)  [Old vs Young]"
Aging_snRNA_HIP_CP_mouse,Microglia,Bsg,Ketone / lactate transport,Old,Young,0.2473597526550293,0.2878803312778473,-0.21804057982263653,0.34285714285714286,4,4,"Aging HIP+CP (m, sn)  [Old vs Young]"
Aging_snRNA_HIP_CP_mouse,Microglia,Hcar2,Receptors,Old,Young,0.010538691654801369,0.0,3.5284077443354165,0.06891844428950203,4,4,"Aging HIP+CP (m, sn)  [Old vs Young]"
Aging_snRNA_HIP_CP_mouse,Microglia,Ffar3,Receptors,Old,Young,0.00021258299238979816,0.00030888401670381427,-0.1102537697941589,1.0,4,4,"Aging HIP+CP (m, sn)  [Old vs Young]"
Aging_snRNA_HIP_CP_mouse,Microglia,Ffar2,Receptors,Old,Young,0.0,0.0,0.0,1.0,4,4,"Aging HIP+CP (m, sn)  [Old vs Young]"
Aging_snRNA_HIP_CP_mouse,Microglia,Cpt1a,Fatty-acid supply / regulators,Old,Young,0.07791552692651749,0.07103681564331055,0.1315747749035593,0.6857142857142857,4,4,"Aging HIP+CP (m, sn)  [Old vs Young]"
Aging_snRNA_HIP_CP_mouse,Microglia,Cpt2,Fatty-acid supply / regulators,Old,Young,0.03447921946644783,0.036902979016304016,-0.09533697160031514,0.6857142857142857,4,4,"Aging HIP+CP (m, sn)  [Old vs Young]"
Aging_snRNA_HIP_CP_mouse,Microglia,Acadm,Fatty-acid supply / regulators,Old,Young,0.15436390042304993,0.14566738903522491,0.083103196667037,0.8857142857142857,4,4,"Aging HIP+CP (m, sn)  [Old vs Young]"
Aging_snRNA_HIP_CP_mouse,Microglia,Hadha,Fatty-acid supply / regulators,Old,Young,0.2091294527053833,0.2538997530937195,-0.2786515849867564,0.11428571428571428,4,4,"Aging HIP+CP (m, sn)  [Old vs Young]"
Aging_snRNA_HIP_CP_mouse,Microglia,Acaa2,Fatty-acid supply / regulators,Old,Young,0.035553909838199615,0.028113054111599922,0.3283595327026794,0.4857142857142857,4,4,"Aging HIP+CP (m, sn)  [Old vs Young]"
Aging_snRNA_HIP_CP_mouse,Microglia,Ppara,Fatty-acid supply / regulators,Old,Young,0.013978496193885803,0.011426197364926338,0.26950791398988777,0.8857142857142857,4,4,"Aging HIP+CP (m, sn)  [Old vs Young]"
Aging_snRNA_HIP_CP_mouse,Microglia,Ppargc1a,Fatty-acid supply / regulators,Old,Young,0.06280434131622314,0.08740927278995514,-0.4705431044938301,0.4857142857142857,4,4,"Aging HIP+CP (m, sn)  [Old vs Young]"
Aging_snRNA_HIP_CP_mouse,Microglia,Fgf21,Fatty-acid supply / regulators,Old,Young,0.0,0.0,0.0,1.0,4,4,"Aging HIP+CP (m, sn)  [Old vs Young]"
Aging_snRNA_HIP_CP_mouse,Astrocyte,Hmgcs2,Synthesis (ketogenesis),Old,Young,0.057158034294843674,0.05746167525649071,-0.007512663188174531,0.6857142857142857,4,4,"Aging HIP+CP (m, sn)  [Old vs Young]"
Aging_snRNA_HIP_CP_mouse,Astrocyte,Hmgcl,Synthesis (ketogenesis),Old,Young,0.1778424084186554,0.17408600449562073,0.030625112963902183,0.8857142857142857,4,4,"Aging HIP+CP (m, sn)  [Old vs Young]"
Aging_snRNA_HIP_CP_mouse,Astrocyte,Hmgcll1,Synthesis (ketogenesis),Old,Young,0.44868022203445435,0.42827311158180237,0.06700362297412696,0.6857142857142857,4,4,"Aging HIP+CP (m, sn)  [Old vs Young]"
Aging_snRNA_HIP_CP_mouse,Astrocyte,Bdh1,Utilisation (ketolysis),Old,Young,0.25610625743865967,0.21001280844211578,0.2850341498977801,0.4857142857142857,4,4,"Aging HIP+CP (m, sn)  [Old vs Young]"
Aging_snRNA_HIP_CP_mouse,Astrocyte,Bdh2,Synthesis (ketogenesis),Old,Young,0.03956972807645798,0.03367653116583824,0.22644404560049097,0.6857142857142857,4,4,"Aging HIP+CP (m, sn)  [Old vs Young]"
Aging_snRNA_HIP_CP_mouse,Astrocyte,Oxct1,Utilisation (ketolysis),Old,Young,0.9676754474639893,0.9363132119178772,0.04748215645987258,0.34285714285714286,4,4,"Aging HIP+CP (m, sn)  [Old vs Young]"
Aging_snRNA_HIP_CP_mouse,Astrocyte,Acat1,Utilisation (ketolysis),Old,Young,0.4345328211784363,0.4543043375015259,-0.06404976088415872,0.34285714285714286,4,4,"Aging HIP+CP (m, sn)  [Old vs Young]"
Aging_snRNA_HIP_CP_mouse,Astrocyte,Acss1,Acetate activation,Old,Young,1.0593618154525757,1.009964942932129,0.06882365354954055,0.4857142857142857,4,4,"Aging HIP+CP (m, sn)  [Old vs Young]"
Aging_snRNA_HIP_CP_mouse,Astrocyte,Acss2,Acetate activation,Old,Young,0.5204894542694092,0.5154839158058167,0.013914656594147583,1.0,4,4,"Aging HIP+CP (m, sn)  [Old vs Young]"
Aging_snRNA_HIP_CP_mouse,Astrocyte,Slc16a1,Ketone / lactate transport,Old,Young,0.05312527343630791,0.04699020832777023,0.17356233235592305,0.8857142857142857,4,4,"Aging HIP+CP (m, sn)  [Old vs Young]"
Aging_snRNA_HIP_CP_mouse,Astrocyte,Slc16a7,Ketone / lactate transport,Old,Young,0.12048831582069397,0.18255934119224548,-0.5954289651092555,0.2,4,4,"Aging HIP+CP (m, sn)  [Old vs Young]"
Aging_snRNA_HIP_CP_mouse,Astrocyte,Slc16a3,Ketone / lactate transport,Old,Young,0.0034651646856218576,0.004448855295777321,-0.2872397917785946,0.8857142857142857,4,4,"Aging HIP+CP (m, sn)  [Old vs Young]"
Aging_snRNA_HIP_CP_mouse,Astrocyte,Slc16a6,Ketone / lactate transport,Old,Young,0.11337445676326752,0.12479789555072784,-0.13734289670529554,0.8857142857142857,4,4,"Aging HIP+CP (m, sn)  [Old vs Young]"
Aging_snRNA_HIP_CP_mouse,Astrocyte,Slc5a8,Ketone / lactate transport,Old,Young,0.000639832578599453,0.0001144271154771559,0.5572462618958396,0.183150203156622,4,4,"Aging HIP+CP (m, sn)  [Old vs Young]"
Aging_snRNA_HIP_CP_mouse,Astrocyte,Bsg,Ketone / lactate transport,Old,Young,0.24622322618961334,0.2998911738395691,-0.28342749985992916,0.02857142857142857,4,4,"Aging HIP+CP (m, sn)  [Old vs Young]"
Aging_snRNA_HIP_CP_mouse,Astrocyte,Hcar2,Receptors,Old,Young,0.0,0.0,0.0,1.0,4,4,"Aging HIP+CP (m, sn)  [Old vs Young]"
Aging_snRNA_HIP_CP_mouse,Astrocyte,Ffar3,Receptors,Old,Young,0.0006904265028424561,0.0004781271272804588,0.1936169366811086,0.6198391186854187,4,4,"Aging HIP+CP (m, sn)  [Old vs Young]"
Aging_snRNA_HIP_CP_mouse,Astrocyte,Ffar2,Receptors,Old,Young,0.00014358451880980283,0.0,0.19356299483724457,0.4532547047537364,4,4,"Aging HIP+CP (m, sn)  [Old vs Young]"
Aging_snRNA_HIP_CP_mouse,Astrocyte,Cpt1a,Fatty-acid supply / regulators,Old,Young,0.30779755115509033,0.2712430953979492,0.18176585178499724,0.02857142857142857,4,4,"Aging HIP+CP (m, sn)  [Old vs Young]"
Aging_snRNA_HIP_CP_mouse,Astrocyte,Cpt2,Fatty-acid supply / regulators,Old,Young,0.05113083869218826,0.042514730244874954,0.26063321773414205,0.05714285714285714,4,4,"Aging HIP+CP (m, sn)  [Old vs Young]"
Aging_snRNA_HIP_CP_mouse,Astrocyte,Acadm,Fatty-acid supply / regulators,Old,Young,0.16070720553398132,0.14533507823944092,0.14410832359079065,0.2,4,4,"Aging HIP+CP (m, sn)  [Old vs Young]"
Aging_snRNA_HIP_CP_mouse,Astrocyte,Hadha,Fatty-acid supply / regulators,Old,Young,0.3400765061378479,0.3275352120399475,0.05404737808164199,0.34285714285714286,4,4,"Aging HIP+CP (m, sn)  [Old vs Young]"
Aging_snRNA_HIP_CP_mouse,Astrocyte,Acaa2,Fatty-acid supply / regulators,Old,Young,0.10510050505399704,0.08066610991954803,0.37762211053799694,0.05714285714285714,4,4,"Aging HIP+CP (m, sn)  [Old vs Young]"
Aging_snRNA_HIP_CP_mouse,Astrocyte,Ppara,Fatty-acid supply / regulators,Old,Young,0.44140321016311646,0.43034863471984863,0.03650746443575502,1.0,4,4,"Aging HIP+CP (m, sn)  [Old vs Young]"
Aging_snRNA_HIP_CP_mouse,Astrocyte,Ppargc1a,Fatty-acid supply / regulators,Old,Young,0.87654709815979,0.8414786458015442,0.05883643832702423,1.0,4,4,"Aging HIP+CP (m, sn)  [Old vs Young]"
Aging_snRNA_HIP_CP_mouse,Astrocyte,Fgf21,Fatty-acid supply / regulators,Old,Young,0.00022735308448318392,0.0,0.2955503426885509,0.4532547047537364,4,4,"Aging HIP+CP (m, sn)  [Old vs Young]"
Aging_snRNA_HIP_CP_mouse,Neuron,Hmgcs2,Synthesis (ketogenesis),Old,Young,0.0007485361420549452,0.0010036733001470566,-0.19649967892263442,0.4857142857142857,4,4,"Aging HIP+CP (m, sn)  [Old vs Young]"
Aging_snRNA_HIP_CP_mouse,Neuron,Hmgcl,Synthesis (ketogenesis),Old,Young,0.17144280672073364,0.17360466718673706,-0.017974173281356972,0.8857142857142857,4,4,"Aging HIP+CP (m, sn)  [Old vs Young]"
Aging_snRNA_HIP_CP_mouse,Neuron,Hmgcll1,Synthesis (ketogenesis),Old,Young,0.5438768267631531,0.5544129014015198,-0.02763055377851572,0.8857142857142857,4,4,"Aging HIP+CP (m, sn)  [Old vs Young]"
Aging_snRNA_HIP_CP_mouse,Neuron,Bdh1,Utilisation (ketolysis),Old,Young,0.1353723257780075,0.12863659858703613,0.07307783324774879,0.34285714285714286,4,4,"Aging HIP+CP (m, sn)  [Old vs Young]"
Aging_snRNA_HIP_CP_mouse,Neuron,Bdh2,Synthesis (ketogenesis),Old,Young,0.0007903993828222156,0.000717300281394273,0.06013911787184277,0.4857142857142857,4,4,"Aging HIP+CP (m, sn)  [Old vs Young]"
Aging_snRNA_HIP_CP_mouse,Neuron,Oxct1,Utilisation (ketolysis),Old,Young,1.0499480962753296,1.0136793851852417,0.05066747820025516,0.34285714285714286,4,4,"Aging HIP+CP (m, sn)  [Old vs Young]"
Aging_snRNA_HIP_CP_mouse,Neuron,Acat1,Utilisation (ketolysis),Old,Young,0.4679511487483978,0.4838777780532837,-0.04818349339354222,0.34285714285714286,4,4,"Aging HIP+CP (m, sn)  [Old vs Young]"
Aging_snRNA_HIP_CP_mouse,Neuron,Acss1,Acetate activation,Old,Young,0.026802875101566315,0.04356516897678375,-0.6806824960585528,0.6857142857142857,4,4,"Aging HIP+CP (m, sn)  [Old vs Young]"
Aging_snRNA_HIP_CP_mouse,Neuron,Acss2,Acetate activation,Old,Young,0.2573550045490265,0.2874058485031128,-0.15874559066896723,0.34285714285714286,4,4,"Aging HIP+CP (m, sn)  [Old vs Young]"
Aging_snRNA_HIP_CP_mouse,Neuron,Slc16a1,Ketone / lactate transport,Old,Young,0.04060027748346329,0.03787190839648247,0.09786521371599871,0.34285714285714286,4,4,"Aging HIP+CP (m, sn)  [Old vs Young]"
Aging_snRNA_HIP_CP_mouse,Neuron,Slc16a7,Ketone / lactate transport,Old,Young,0.7657844424247742,0.7779065370559692,-0.02262916015913138,1.0,4,4,"Aging HIP+CP (m, sn)  [Old vs Young]"
Aging_snRNA_HIP_CP_mouse,Neuron,Slc16a3,Ketone / lactate transport,Old,Young,0.004377225413918495,0.0041380818001925945,0.06563209215732597,0.8857142857142857,4,4,"Aging HIP+CP (m, sn)  [Old vs Young]"
Aging_snRNA_HIP_CP_mouse,Neuron,Slc16a6,Ketone / lactate transport,Old,Young,0.12163568288087845,0.13360518217086792,-0.13435513729595336,0.4857142857142857,4,4,"Aging HIP+CP (m, sn)  [Old vs Young]"
Aging_snRNA_HIP_CP_mouse,Neuron,Slc5a8,Ketone / lactate transport,Old,Young,0.0003174312296323478,0.00031010928796604276,0.008040489730392644,0.8857142857142857,4,4,"Aging HIP+CP (m, sn)  [Old vs Young]"
Aging_snRNA_HIP_CP_mouse,Neuron,Bsg,Ketone / lactate transport,Old,Young,0.16173267364501953,0.19259756803512573,-0.2505568836596303,0.05714285714285714,4,4,"Aging HIP+CP (m, sn)  [Old vs Young]"
Aging_snRNA_HIP_CP_mouse,Neuron,Hcar2,Receptors,Old,Young,6.023485912010074e-05,1.9051369235967286e-05,0.057157102433405875,0.3561703279493218,4,4,"Aging HIP+CP (m, sn)  [Old vs Young]"
Aging_snRNA_HIP_CP_mouse,Neuron,Ffar3,Receptors,Old,Young,0.001068796031177044,0.0012411995558068156,-0.11547969918054586,0.8777822803462348,4,4,"Aging HIP+CP (m, sn)  [Old vs Young]"
Aging_snRNA_HIP_CP_mouse,Neuron,Ffar2,Receptors,Old,Young,6.195681635290384e-05,0.00017602341540623456,-0.14719168421113862,0.19126698687886878,4,4,"Aging HIP+CP (m, sn)  [Old vs Young]"
Aging_snRNA_HIP_CP_mouse,Neuron,Cpt1a,Fatty-acid supply / regulators,Old,Young,0.0034336536191403866,0.0035264824982732534,-0.029894312686949406,0.8857142857142857,4,4,"Aging HIP+CP (m, sn)  [Old vs Young]"
Aging_snRNA_HIP_CP_mouse,Neuron,Cpt2,Fatty-acid supply / regulators,Old,Young,0.0020901248790323734,0.001707308692857623,0.1908057459604172,0.05714285714285714,4,4,"Aging HIP+CP (m, sn)  [Old vs Young]"
Aging_snRNA_HIP_CP_mouse,Neuron,Acadm,Fatty-acid supply / regulators,Old,Young,0.05908174067735672,0.06477207690477371,-0.13054861645122215,0.4857142857142857,4,4,"Aging HIP+CP (m, sn)  [Old vs Young]"
Aging_snRNA_HIP_CP_mouse,Neuron,Hadha,Fatty-acid supply / regulators,Old,Young,0.19316259026527405,0.20435059070587158,-0.08082383704506857,0.4857142857142857,4,4,"Aging HIP+CP (m, sn)  [Old vs Young]"
Aging_snRNA_HIP_CP_mouse,Neuron,Acaa2,Fatty-acid supply / regulators,Old,Young,0.0371258407831192,0.03197402134537697,0.20943931188818993,0.4857142857142857,4,4,"Aging HIP+CP (m, sn)  [Old vs Young]"
Aging_snRNA_HIP_CP_mouse,Neuron,Ppara,Fatty-acid supply / regulators,Old,Young,0.0067041716538369656,0.00546077499166131,0.25393261628578906,0.4857142857142857,4,4,"Aging HIP+CP (m, sn)  [Old vs Young]"
Aging_snRNA_HIP_CP_mouse,Neuron,Ppargc1a,Fatty-acid supply / regulators,Old,Young,0.45386964082717896,0.4297949969768524,0.0784516533660706,0.6857142857142857,4,4,"Aging HIP+CP (m, sn)  [Old vs Young]"
Aging_snRNA_HIP_CP_mouse,Neuron,Fgf21,Fatty-acid supply / regulators,Old,Young,1.5649196939193644e-05,1.086009888240369e-05,0.006818839561615149,1.0,4,4,"Aging HIP+CP (m, sn)  [Old vs Young]"
Aging_snRNA_HIP_CP_mouse,Endothelial,Hmgcs2,Synthesis (ketogenesis),Old,Young,0.1455397754907608,0.29339155554771423,-1.0064439786303236,0.02857142857142857,4,4,"Aging HIP+CP (m, sn)  [Old vs Young]"
Aging_snRNA_HIP_CP_mouse,Endothelial,Hmgcl,Synthesis (ketogenesis),Old,Young,0.12551617622375488,0.14907391369342804,-0.24635136692085796,0.2,4,4,"Aging HIP+CP (m, sn)  [Old vs Young]"
Aging_snRNA_HIP_CP_mouse,Endothelial,Hmgcll1,Synthesis (ketogenesis),Old,Young,0.13046547770500183,0.11650324612855911,0.16198339041656593,0.8857142857142857,4,4,"Aging HIP+CP (m, sn)  [Old vs Young]"
Aging_snRNA_HIP_CP_mouse,Endothelial,Bdh1,Utilisation (ketolysis),Old,Young,0.03406847268342972,0.03297049552202225,0.045892336384637314,1.0,4,4,"Aging HIP+CP (m, sn)  [Old vs Young]"
Aging_snRNA_HIP_CP_mouse,Endothelial,Bdh2,Synthesis (ketogenesis),Old,Young,0.0023746255319565535,0.0009088438237085938,0.8220283509509154,1.0,4,4,"Aging HIP+CP (m, sn)  [Old vs Young]"
Aging_snRNA_HIP_CP_mouse,Endothelial,Oxct1,Utilisation (ketolysis),Old,Young,0.3749154806137085,0.3833416700363159,-0.03198107242178527,0.8857142857142857,4,4,"Aging HIP+CP (m, sn)  [Old vs Young]"
Aging_snRNA_HIP_CP_mouse,Endothelial,Acat1,Utilisation (ketolysis),Old,Young,0.2780954837799072,0.2902209162712097,-0.061355198070297705,0.6857142857142857,4,4,"Aging HIP+CP (m, sn)  [Old vs Young]"
Aging_snRNA_HIP_CP_mouse,Endothelial,Acss1,Acetate activation,Old,Young,0.03617337346076965,0.026843644678592682,0.41692154832325184,0.6857142857142857,4,4,"Aging HIP+CP (m, sn)  [Old vs Young]"
Aging_snRNA_HIP_CP_mouse,Endothelial,Acss2,Acetate activation,Old,Young,0.137034609913826,0.12356510758399963,0.1481300384319379,0.8857142857142857,4,4,"Aging HIP+CP (m, sn)  [Old vs Young]"
Aging_snRNA_HIP_CP_mouse,Endothelial,Slc16a1,Ketone / lactate transport,Old,Young,0.30335402488708496,0.2735847532749176,0.1484989247297391,1.0,4,4,"Aging HIP+CP (m, sn)  [Old vs Young]"
Aging_snRNA_HIP_CP_mouse,Endothelial,Slc16a7,Ketone / lactate transport,Old,Young,0.15282556414604187,0.279535174369812,-0.8668863882055325,0.11428571428571428,4,4,"Aging HIP+CP (m, sn)  [Old vs Young]"
Aging_snRNA_HIP_CP_mouse,Endothelial,Slc16a3,Ketone / lactate transport,Old,Young,0.00513050239533186,0.0012777186930179596,1.4284157280897778,0.4083519693259383,4,4,"Aging HIP+CP (m, sn)  [Old vs Young]"
Aging_snRNA_HIP_CP_mouse,Endothelial,Slc16a6,Ketone / lactate transport,Old,Young,0.08612491190433502,0.11532270163297653,-0.41697548450097827,0.4857142857142857,4,4,"Aging HIP+CP (m, sn)  [Old vs Young]"
Aging_snRNA_HIP_CP_mouse,Endothelial,Slc5a8,Ketone / lactate transport,Old,Young,0.0,0.0,0.0,1.0,4,4,"Aging HIP+CP (m, sn)  [Old vs Young]"
Aging_snRNA_HIP_CP_mouse,Endothelial,Bsg,Ketone / lactate transport,Old,Young,2.4451777935028076,2.202993631362915,0.1504092107594816,0.4857142857142857,4,4,"Aging HIP+CP (m, sn)  [Old vs Young]"
Aging_snRNA_HIP_CP_mouse,Endothelial,Hcar2,Receptors,Old,Young,0.0,0.0,0.0,1.0,4,4,"Aging HIP+CP (m, sn)  [Old vs Young]"
Aging_snRNA_HIP_CP_mouse,Endothelial,Ffar3,Receptors,Old,Young,0.0,0.0,0.0,1.0,4,4,"Aging HIP+CP (m, sn)  [Old vs Young]"
Aging_snRNA_HIP_CP_mouse,Endothelial,Ffar2,Receptors,Old,Young,0.0,0.0,0.0,1.0,4,4,"Aging HIP+CP (m, sn)  [Old vs Young]"
Aging_snRNA_HIP_CP_mouse,Endothelial,Cpt1a,Fatty-acid supply / regulators,Old,Young,0.36670058965682983,0.31589776277542114,0.21451401543226112,0.11428571428571428,4,4,"Aging HIP+CP (m, sn)  [Old vs Young]"
Aging_snRNA_HIP_CP_mouse,Endothelial,Cpt2,Fatty-acid supply / regulators,Old,Young,0.05461893230676651,0.06844396144151688,-0.32027319875056137,0.4857142857142857,4,4,"Aging HIP+CP (m, sn)  [Old vs Young]"
Aging_snRNA_HIP_CP_mouse,Endothelial,Acadm,Fatty-acid supply / regulators,Old,Young,0.14266321063041687,0.09607487916946411,0.5655207512914059,0.2,4,4,"Aging HIP+CP (m, sn)  [Old vs Young]"
Aging_snRNA_HIP_CP_mouse,Endothelial,Hadha,Fatty-acid supply / regulators,Old,Young,0.2907096743583679,0.28042900562286377,0.05176220472424879,0.4857142857142857,4,4,"Aging HIP+CP (m, sn)  [Old vs Young]"
Aging_snRNA_HIP_CP_mouse,Endothelial,Acaa2,Fatty-acid supply / regulators,Old,Young,0.1155913919210434,0.06152131408452988,0.8990412700067262,0.02857142857142857,4,4,"Aging HIP+CP (m, sn)  [Old vs Young]"
Aging_snRNA_HIP_CP_mouse,Endothelial,Ppara,Fatty-acid supply / regulators,Old,Young,0.09401437640190125,0.06194831430912018,0.5939780761768696,0.34285714285714286,4,4,"Aging HIP+CP (m, sn)  [Old vs Young]"
Aging_snRNA_HIP_CP_mouse,Endothelial,Ppargc1a,Fatty-acid supply / regulators,Old,Young,0.13037705421447754,0.12543970346450806,0.055263765528075076,0.8857142857142857,4,4,"Aging HIP+CP (m, sn)  [Old vs Young]"
Aging_snRNA_HIP_CP_mouse,Endothelial,Fgf21,Fatty-acid supply / regulators,Old,Young,0.0,0.0,0.0,1.0,4,4,"Aging HIP+CP (m, sn)  [Old vs Young]"
Aging_snRNA_HIP_CP_mouse,Vascular/Fibroblast,Hmgcs2,Synthesis (ketogenesis),Old,Young,0.1723930984735489,0.2511388659477234,-0.5401720431410759,0.34285714285714286,4,4,"Aging HIP+CP (m, sn)  [Old vs Young]"
Aging_snRNA_HIP_CP_mouse,Vascular/Fibroblast,Hmgcl,Synthesis (ketogenesis),Old,Young,0.15765082836151123,0.16689713299274445,-0.08172254106063045,0.6857142857142857,4,4,"Aging HIP+CP (m, sn)  [Old vs Young]"
Aging_snRNA_HIP_CP_mouse,Vascular/Fibroblast,Hmgcll1,Synthesis (ketogenesis),Old,Young,0.3221847116947174,0.2906437814235687,0.1481516401754063,1.0,4,4,"Aging HIP+CP (m, sn)  [Old vs Young]"
Aging_snRNA_HIP_CP_mouse,Vascular/Fibroblast,Bdh1,Utilisation (ketolysis),Old,Young,0.035178057849407196,0.029477663338184357,0.24736266317157068,0.6857142857142857,4,4,"Aging HIP+CP (m, sn)  [Old vs Young]"
Aging_snRNA_HIP_CP_mouse,Vascular/Fibroblast,Bdh2,Synthesis (ketogenesis),Old,Young,0.05847474932670593,0.02703891322016716,1.0848468540066336,0.7715034091403082,4,4,"Aging HIP+CP (m, sn)  [Old vs Young]"
Aging_snRNA_HIP_CP_mouse,Vascular/Fibroblast,Oxct1,Utilisation (ketolysis),Old,Young,0.5596752762794495,0.4918856620788574,0.18591243967381704,0.6857142857142857,4,4,"Aging HIP+CP (m, sn)  [Old vs Young]"
Aging_snRNA_HIP_CP_mouse,Vascular/Fibroblast,Acat1,Utilisation (ketolysis),Old,Young,0.38813716173171997,0.3297399878501892,0.2345812771018633,0.6857142857142857,4,4,"Aging HIP+CP (m, sn)  [Old vs Young]"
Aging_snRNA_HIP_CP_mouse,Vascular/Fibroblast,Acss1,Acetate activation,Old,Young,0.060178257524967194,0.048492997884750366,0.30579458511130214,0.6857142857142857,4,4,"Aging HIP+CP (m, sn)  [Old vs Young]"
Aging_snRNA_HIP_CP_mouse,Vascular/Fibroblast,Acss2,Acetate activation,Old,Young,0.16988150775432587,0.101441890001297,0.7381905063656864,0.11428571428571428,4,4,"Aging HIP+CP (m, sn)  [Old vs Young]"
Aging_snRNA_HIP_CP_mouse,Vascular/Fibroblast,Slc16a1,Ketone / lactate transport,Old,Young,0.02394067496061325,0.019056593999266624,0.3144238798363281,0.8857142857142857,4,4,"Aging HIP+CP (m, sn)  [Old vs Young]"
Aging_snRNA_HIP_CP_mouse,Vascular/Fibroblast,Slc16a7,Ketone / lactate transport,Old,Young,0.07518856227397919,0.11698728799819946,-0.6309850953234092,0.34285714285714286,4,4,"Aging HIP+CP (m, sn)  [Old vs Young]"
Aging_snRNA_HIP_CP_mouse,Vascular/Fibroblast,Slc16a3,Ketone / lactate transport,Old,Young,0.007364537101238966,0.009087596088647842,-0.2702248079215433,1.0,4,4,"Aging HIP+CP (m, sn)  [Old vs Young]"
Aging_snRNA_HIP_CP_mouse,Vascular/Fibroblast,Slc16a6,Ketone / lactate transport,Old,Young,0.16810321807861328,0.17382481694221497,-0.048005879678986084,1.0,4,4,"Aging HIP+CP (m, sn)  [Old vs Young]"
Aging_snRNA_HIP_CP_mouse,Vascular/Fibroblast,Slc5a8,Ketone / lactate transport,Old,Young,0.0,0.0,0.0,1.0,4,4,"Aging HIP+CP (m, sn)  [Old vs Young]"
Aging_snRNA_HIP_CP_mouse,Vascular/Fibroblast,Bsg,Ketone / lactate transport,Old,Young,0.26903462409973145,0.3359130620956421,-0.3192319598439186,0.2,4,4,"Aging HIP+CP (m, sn)  [Old vs Young]"
Aging_snRNA_HIP_CP_mouse,Vascular/Fibroblast,Hcar2,Receptors,Old,Young,0.0,0.0,0.0,1.0,4,4,"Aging HIP+CP (m, sn)  [Old vs Young]"
Aging_snRNA_HIP_CP_mouse,Vascular/Fibroblast,Ffar3,Receptors,Old,Young,0.0,0.0,0.0,1.0,4,4,"Aging HIP+CP (m, sn)  [Old vs Young]"
Aging_snRNA_HIP_CP_mouse,Vascular/Fibroblast,Ffar2,Receptors,Old,Young,0.0039241439662873745,0.009509185329079628,-1.0937059887097542,0.6445521705158991,4,4,"Aging HIP+CP (m, sn)  [Old vs Young]"
Aging_snRNA_HIP_CP_mouse,Vascular/Fibroblast,Cpt1a,Fatty-acid supply / regulators,Old,Young,0.11586181819438934,0.19232791662216187,-0.7262463375470805,0.11428571428571428,4,4,"Aging HIP+CP (m, sn)  [Old vs Young]"
Aging_snRNA_HIP_CP_mouse,Vascular/Fibroblast,Cpt2,Fatty-acid supply / regulators,Old,Young,0.05066068843007088,0.05051213502883911,0.0041545320983688416,0.8857142857142857,4,4,"Aging HIP+CP (m, sn)  [Old vs Young]"
Aging_snRNA_HIP_CP_mouse,Vascular/Fibroblast,Acadm,Fatty-acid supply / regulators,Old,Young,0.20088094472885132,0.18581388890743256,0.11190302508380533,1.0,4,4,"Aging HIP+CP (m, sn)  [Old vs Young]"
Aging_snRNA_HIP_CP_mouse,Vascular/Fibroblast,Hadha,Fatty-acid supply / regulators,Old,Young,0.19379621744155884,0.25829148292541504,-0.41260915465822195,0.34285714285714286,4,4,"Aging HIP+CP (m, sn)  [Old vs Young]"
Aging_snRNA_HIP_CP_mouse,Vascular/Fibroblast,Acaa2,Fatty-acid supply / regulators,Old,Young,0.09256002306938171,0.07222717255353928,0.35351312582321825,0.2,4,4,"Aging HIP+CP (m, sn)  [Old vs Young]"
Aging_snRNA_HIP_CP_mouse,Vascular/Fibroblast,Ppara,Fatty-acid supply / regulators,Old,Young,0.2920350432395935,0.23326614499092102,0.3229247248590643,0.6857142857142857,4,4,"Aging HIP+CP (m, sn)  [Old vs Young]"
Aging_snRNA_HIP_CP_mouse,Vascular/Fibroblast,Ppargc1a,Fatty-acid supply / regulators,Old,Young,0.10029173642396927,0.10127424448728561,-0.013926398811230464,0.6857142857142857,4,4,"Aging HIP+CP (m, sn)  [Old vs Young]"
Aging_snRNA_HIP_CP_mouse,Vascular/Fibroblast,Fgf21,Fatty-acid supply / regulators,Old,Young,0.0,0.0,0.0,1.0,4,4,"Aging HIP+CP (m, sn)  [Old vs Young]"
Aging_snRNA_HIP_CP_mouse,Immune (lymphoid/myeloid),Hmgcs2,Synthesis (ketogenesis),Old,Young,0.0,0.0,0.0,,2,2,"Aging HIP+CP (m, sn)  [Old vs Young]"
Aging_snRNA_HIP_CP_mouse,Immune (lymphoid/myeloid),Hmgcl,Synthesis (ketogenesis),Old,Young,0.13674956560134888,0.1471085101366043,-0.1046067693195158,,2,2,"Aging HIP+CP (m, sn)  [Old vs Young]"
Aging_snRNA_HIP_CP_mouse,Immune (lymphoid/myeloid),Hmgcll1,Synthesis (ketogenesis),Old,Young,0.8373280763626099,0.8539959192276001,-0.028402586836762316,,2,2,"Aging HIP+CP (m, sn)  [Old vs Young]"
Aging_snRNA_HIP_CP_mouse,Immune (lymphoid/myeloid),Bdh1,Utilisation (ketolysis),Old,Young,0.24709099531173706,0.22607466578483582,0.12770261550462006,,2,2,"Aging HIP+CP (m, sn)  [Old vs Young]"
Aging_snRNA_HIP_CP_mouse,Immune (lymphoid/myeloid),Bdh2,Synthesis (ketogenesis),Old,Young,0.006135135423392057,0.0,2.834940812013869,,2,2,"Aging HIP+CP (m, sn)  [Old vs Young]"
Aging_snRNA_HIP_CP_mouse,Immune (lymphoid/myeloid),Oxct1,Utilisation (ketolysis),Old,Young,1.0903103351593018,1.0199531316757202,0.09614477944647311,,2,2,"Aging HIP+CP (m, sn)  [Old vs Young]"
Aging_snRNA_HIP_CP_mouse,Immune (lymphoid/myeloid),Acat1,Utilisation (ketolysis),Old,Young,0.6363722085952759,0.7061175107955933,-0.1498138716064087,,2,2,"Aging HIP+CP (m, sn)  [Old vs Young]"
Aging_snRNA_HIP_CP_mouse,Immune (lymphoid/myeloid),Acss1,Acetate activation,Old,Young,0.0915600061416626,0.11006927490234375,-0.26299891384878427,,2,2,"Aging HIP+CP (m, sn)  [Old vs Young]"
Aging_snRNA_HIP_CP_mouse,Immune (lymphoid/myeloid),Acss2,Acetate activation,Old,Young,0.36997830867767334,0.46075230836868286,-0.315784339398369,,2,2,"Aging HIP+CP (m, sn)  [Old vs Young]"
Aging_snRNA_HIP_CP_mouse,Immune (lymphoid/myeloid),Slc16a1,Ketone / lactate transport,Old,Young,0.09461167454719543,0.05266768857836723,0.8331330336819507,,2,2,"Aging HIP+CP (m, sn)  [Old vs Young]"
Aging_snRNA_HIP_CP_mouse,Immune (lymphoid/myeloid),Slc16a7,Ketone / lactate transport,Old,Young,0.4720362722873688,0.5482027530670166,-0.21538804425312247,,2,2,"Aging HIP+CP (m, sn)  [Old vs Young]"
Aging_snRNA_HIP_CP_mouse,Immune (lymphoid/myeloid),Slc16a3,Ketone / lactate transport,Old,Young,0.0035271383821964264,0.0035531462635844946,-0.008264398214809952,,2,2,"Aging HIP+CP (m, sn)  [Old vs Young]"
Aging_snRNA_HIP_CP_mouse,Immune (lymphoid/myeloid),Slc16a6,Ketone / lactate transport,Old,Young,0.06823268532752991,0.0747775286436081,-0.13031678250723414,,2,2,"Aging HIP+CP (m, sn)  [Old vs Young]"
Aging_snRNA_HIP_CP_mouse,Immune (lymphoid/myeloid),Slc5a8,Ketone / lactate transport,Old,Young,0.0,0.0,0.0,,2,2,"Aging HIP+CP (m, sn)  [Old vs Young]"
Aging_snRNA_HIP_CP_mouse,Immune (lymphoid/myeloid),Bsg,Ketone / lactate transport,Old,Young,0.1931993067264557,0.22795197367668152,-0.2375069513150933,,2,2,"Aging HIP+CP (m, sn)  [Old vs Young]"
Aging_snRNA_HIP_CP_mouse,Immune (lymphoid/myeloid),Hcar2,Receptors,Old,Young,0.0,0.0,0.0,,2,2,"Aging HIP+CP (m, sn)  [Old vs Young]"
Aging_snRNA_HIP_CP_mouse,Immune (lymphoid/myeloid),Ffar3,Receptors,Old,Young,0.0,0.0,0.0,,2,2,"Aging HIP+CP (m, sn)  [Old vs Young]"
Aging_snRNA_HIP_CP_mouse,Immune (lymphoid/myeloid),Ffar2,Receptors,Old,Young,0.0,0.0021316283382475376,-1.646913003694183,,2,2,"Aging HIP+CP (m, sn)  [Old vs Young]"
Aging_snRNA_HIP_CP_mouse,Immune (lymphoid/myeloid),Cpt1a,Fatty-acid supply / regulators,Old,Young,0.004548381082713604,0.004548218566924334,4.22581206255208e-05,,2,2,"Aging HIP+CP (m, sn)  [Old vs Young]"
Aging_snRNA_HIP_CP_mouse,Immune (lymphoid/myeloid),Cpt2,Fatty-acid supply / regulators,Old,Young,0.0,0.004584445618093014,-2.481414067865989,,2,2,"Aging HIP+CP (m, sn)  [Old vs Young]"
Aging_snRNA_HIP_CP_mouse,Immune (lymphoid/myeloid),Acadm,Fatty-acid supply / regulators,Old,Young,0.12277518212795258,0.12946218252182007,-0.07590959675875159,,2,2,"Aging HIP+CP (m, sn)  [Old vs Young]"
Aging_snRNA_HIP_CP_mouse,Immune (lymphoid/myeloid),Hadha,Fatty-acid supply / regulators,Old,Young,0.21270370483398438,0.23022589087486267,-0.11369102941568486,,2,2,"Aging HIP+CP (m, sn)  [Old vs Young]"
Aging_snRNA_HIP_CP_mouse,Immune (lymphoid/myeloid),Acaa2,Fatty-acid supply / regulators,Old,Young,0.07536652684211731,0.026143986731767654,1.4923077813259902,,2,2,"Aging HIP+CP (m, sn)  [Old vs Young]"
Aging_snRNA_HIP_CP_mouse,Immune (lymphoid/myeloid),Ppara,Fatty-acid supply / regulators,Old,Young,0.27262914180755615,0.12162943929433823,1.1579165228022905,,2,2,"Aging HIP+CP (m, sn)  [Old vs Young]"
Aging_snRNA_HIP_CP_mouse,Immune (lymphoid/myeloid),Ppargc1a,Fatty-acid supply / regulators,Old,Young,0.6104371547698975,0.5911955833435059,0.046130491334238743,,2,2,"Aging HIP+CP (m, sn)  [Old vs Young]"
Aging_snRNA_HIP_CP_mouse,Immune (lymphoid/myeloid),Fgf21,Fatty-acid supply / regulators,Old,Young,0.0,0.0,0.0,,2,2,"Aging HIP+CP (m, sn)  [Old vs Young]"
Aging_snRNA_HIP_CP_mouse,Ependymal,Hmgcs2,Synthesis (ketogenesis),Old,Young,0.11083141714334488,0.0366973876953125,1.5687890878096677,,1,1,"Aging HIP+CP (m, sn)  [Old vs Young]"
Aging_snRNA_HIP_CP_mouse,Ependymal,Hmgcl,Synthesis (ketogenesis),Old,Young,0.15219077467918396,0.1671280711889267,-0.13423120240391428,,1,1,"Aging HIP+CP (m, sn)  [Old vs Young]"
Aging_snRNA_HIP_CP_mouse,Ependymal,Hmgcll1,Synthesis (ketogenesis),Old,Young,0.41577014327049255,0.4794461727142334,-0.20512287720430805,,1,1,"Aging HIP+CP (m, sn)  [Old vs Young]"
Aging_snRNA_HIP_CP_mouse,Ependymal,Bdh1,Utilisation (ketolysis),Old,Young,0.2800884246826172,0.3287333548069,-0.23027578869410814,,1,1,"Aging HIP+CP (m, sn)  [Old vs Young]"
Aging_snRNA_HIP_CP_mouse,Ependymal,Bdh2,Synthesis (ketogenesis),Old,Young,0.048204340040683746,0.06036416068673134,-0.3186107322357534,,1,1,"Aging HIP+CP (m, sn)  [Old vs Young]"
Aging_snRNA_HIP_CP_mouse,Ependymal,Oxct1,Utilisation (ketolysis),Old,Young,1.173133373260498,1.1023073196411133,0.08976159676264081,,1,1,"Aging HIP+CP (m, sn)  [Old vs Young]"
Aging_snRNA_HIP_CP_mouse,Ependymal,Acat1,Utilisation (ketolysis),Old,Young,0.6056360006332397,0.5874747633934021,0.043850569870139196,,1,1,"Aging HIP+CP (m, sn)  [Old vs Young]"
Aging_snRNA_HIP_CP_mouse,Ependymal,Acss1,Acetate activation,Old,Young,0.6403403282165527,0.6138267517089844,0.06091018889295581,,1,1,"Aging HIP+CP (m, sn)  [Old vs Young]"
Aging_snRNA_HIP_CP_mouse,Ependymal,Acss2,Acetate activation,Old,Young,0.49064525961875916,0.3918376564979553,0.3236845030296348,,1,1,"Aging HIP+CP (m, sn)  [Old vs Young]"
Aging_snRNA_HIP_CP_mouse,Ependymal,Slc16a1,Ketone / lactate transport,Old,Young,0.018095586448907852,0.05467423424124718,-1.5437705823475232,,1,1,"Aging HIP+CP (m, sn)  [Old vs Young]"
Aging_snRNA_HIP_CP_mouse,Ependymal,Slc16a7,Ketone / lactate transport,Old,Young,0.08444463461637497,0.137867733836174,-0.7006496177921382,,1,1,"Aging HIP+CP (m, sn)  [Old vs Young]"
Aging_snRNA_HIP_CP_mouse,Ependymal,Slc16a3,Ketone / lactate transport,Old,Young,0.0,0.004153063520789146,-2.365430376415388,,1,1,"Aging HIP+CP (m, sn)  [Old vs Young]"
Aging_snRNA_HIP_CP_mouse,Ependymal,Slc16a6,Ketone / lactate transport,Old,Young,0.6147770881652832,0.5039910674095154,0.2861503197634146,,1,1,"Aging HIP+CP (m, sn)  [Old vs Young]"
Aging_snRNA_HIP_CP_mouse,Ependymal,Slc5a8,Ketone / lactate transport,Old,Young,0.0,0.0015714472392573953,-1.3625805528960508,,1,1,"Aging HIP+CP (m, sn)  [Old vs Young]"
Aging_snRNA_HIP_CP_mouse,Ependymal,Bsg,Ketone / lactate transport,Old,Young,0.7378910779953003,0.6344233751296997,0.21764354530704674,,1,1,"Aging HIP+CP (m, sn)  [Old vs Young]"
Aging_snRNA_HIP_CP_mouse,Ependymal,Hcar2,Receptors,Old,Young,0.0,0.0,0.0,,1,1,"Aging HIP+CP (m, sn)  [Old vs Young]"
Aging_snRNA_HIP_CP_mouse,Ependymal,Ffar3,Receptors,Old,Young,0.0,0.0,0.0,,1,1,"Aging HIP+CP (m, sn)  [Old vs Young]"
Aging_snRNA_HIP_CP_mouse,Ependymal,Ffar2,Receptors,Old,Young,0.0,0.0,0.0,,1,1,"Aging HIP+CP (m, sn)  [Old vs Young]"
Aging_snRNA_HIP_CP_mouse,Ependymal,Cpt1a,Fatty-acid supply / regulators,Old,Young,0.43194684386253357,0.3493678569793701,0.3053194782725108,,1,1,"Aging HIP+CP (m, sn)  [Old vs Young]"
Aging_snRNA_HIP_CP_mouse,Ependymal,Cpt2,Fatty-acid supply / regulators,Old,Young,0.06207302212715149,0.09026531130075455,-0.5330435544817375,,1,1,"Aging HIP+CP (m, sn)  [Old vs Young]"
Aging_snRNA_HIP_CP_mouse,Ependymal,Acadm,Fatty-acid supply / regulators,Old,Young,0.2663789391517639,0.23698845505714417,0.16799424265671883,,1,1,"Aging HIP+CP (m, sn)  [Old vs Young]"
Aging_snRNA_HIP_CP_mouse,Ependymal,Hadha,Fatty-acid supply / regulators,Old,Young,0.605301558971405,0.4217015206813812,0.5203962295006073,,1,1,"Aging HIP+CP (m, sn)  [Old vs Young]"
Aging_snRNA_HIP_CP_mouse,Ependymal,Acaa2,Fatty-acid supply / regulators,Old,Young,0.34342652559280396,0.3150009512901306,0.1242673529271638,,1,1,"Aging HIP+CP (m, sn)  [Old vs Young]"
Aging_snRNA_HIP_CP_mouse,Ependymal,Ppara,Fatty-acid supply / regulators,Old,Young,0.36407017707824707,0.27584636211395264,0.3990882541594554,,1,1,"Aging HIP+CP (m, sn)  [Old vs Young]"
Aging_snRNA_HIP_CP_mouse,Ependymal,Ppargc1a,Fatty-acid supply / regulators,Old,Young,1.2866564989089966,0.9583618640899658,0.42460078815564134,,1,1,"Aging HIP+CP (m, sn)  [Old vs Young]"
Aging_snRNA_HIP_CP_mouse,Ependymal,Fgf21,Fatty-acid supply / regulators,Old,Young,0.0,0.0,0.0,,1,1,"Aging HIP+CP (m, sn)  [Old vs Young]"
Chen2020_ST_AppNLGF_mouse,spot,Hmgcs2,Synthesis (ketogenesis),AD,WT,0.036370862275362015,0.04381292313337326,-0.2620009840401272,0.08897301170181328,10,10,"Chen 2020 ST AD (m, spatial)  [AD vs WT]"
Chen2020_ST_AppNLGF_mouse,spot,Hmgcl,Synthesis (ketogenesis),AD,WT,0.18916887044906616,0.23409192264080048,-0.3059438666506297,0.3447042220069576,10,10,"Chen 2020 ST AD (m, spatial)  [AD vs WT]"
Chen2020_ST_AppNLGF_mouse,spot,Hmgcll1,Synthesis (ketogenesis),AD,WT,0.08937082439661026,0.08368732035160065,0.09371110262097378,0.7337299956962472,10,10,"Chen 2020 ST AD (m, spatial)  [AD vs WT]"
Chen2020_ST_AppNLGF_mouse,spot,Bdh1,Utilisation (ketolysis),AD,WT,0.2627384066581726,0.2548426389694214,0.04385095247399893,0.7337299956962472,10,10,"Chen 2020 ST AD (m, spatial)  [AD vs WT]"
Chen2020_ST_AppNLGF_mouse,spot,Bdh2,Synthesis (ketogenesis),AD,WT,0.02490479126572609,0.02318597212433815,0.0990484325236514,0.4273553138978077,10,10,"Chen 2020 ST AD (m, spatial)  [AD vs WT]"
Chen2020_ST_AppNLGF_mouse,spot,Oxct1,Utilisation (ketolysis),AD,WT,1.0322744846343994,1.0375224351882935,-0.007308832598007421,0.9097218891455553,10,10,"Chen 2020 ST AD (m, spatial)  [AD vs WT]"
Chen2020_ST_AppNLGF_mouse,spot,Acat1,Utilisation (ketolysis),AD,WT,0.4280463755130768,0.4111327528953552,0.058024475072481624,0.3447042220069576,10,10,"Chen 2020 ST AD (m, spatial)  [AD vs WT]"
Chen2020_ST_AppNLGF_mouse,spot,Acss1,Acetate activation,AD,WT,0.1217576414346695,0.11747505515813828,0.05122949977331348,0.6231762238821174,10,10,"Chen 2020 ST AD (m, spatial)  [AD vs WT]"
Chen2020_ST_AppNLGF_mouse,spot,Acss2,Acetate activation,AD,WT,0.23773550987243652,0.23673832416534424,0.006038681967854349,0.7337299956962472,10,10,"Chen 2020 ST AD (m, spatial)  [AD vs WT]"
Chen2020_ST_AppNLGF_mouse,spot,Slc16a1,Ketone / lactate transport,AD,WT,0.18334785103797913,0.1722685545682907,0.08942074637525141,0.7913367801006604,10,10,"Chen 2020 ST AD (m, spatial)  [AD vs WT]"
Chen2020_ST_AppNLGF_mouse,spot,Slc16a7,Ketone / lactate transport,AD,WT,0.15437109768390656,0.1577649712562561,-0.03117448503344091,0.9698499769931556,10,10,"Chen 2020 ST AD (m, spatial)  [AD vs WT]"
Chen2020_ST_AppNLGF_mouse,spot,Slc16a3,Ketone / lactate transport,AD,WT,0.024482790380716324,0.017507007345557213,0.46145163749204615,0.10410988966022681,10,10,"Chen 2020 ST AD (m, spatial)  [AD vs WT]"
Chen2020_ST_AppNLGF_mouse,spot,Slc16a6,Ketone / lactate transport,AD,WT,0.048147350549697876,0.05341573432087898,-0.1469102219486153,0.3846730627355087,10,10,"Chen 2020 ST AD (m, spatial)  [AD vs WT]"
Chen2020_ST_AppNLGF_mouse,spot,Slc5a8,Ketone / lactate transport,AD,WT,0.003719724016264081,0.0037827107589691877,-0.01912604387876364,0.9097218891455553,10,10,"Chen 2020 ST AD (m, spatial)  [AD vs WT]"
Chen2020_ST_AppNLGF_mouse,spot,Bsg,Ketone / lactate transport,AD,WT,1.4108904600143433,1.4501326084136963,-0.03955119976956719,0.9097218891455553,10,10,"Chen 2020 ST AD (m, spatial)  [AD vs WT]"
Chen2020_ST_AppNLGF_mouse,spot,Hcar2,Receptors,AD,WT,0.004174230620265007,0.0014904451090842485,1.0549407442237069,0.3074894566186813,10,10,"Chen 2020 ST AD (m, spatial)  [AD vs WT]"
Chen2020_ST_AppNLGF_mouse,spot,Ffar3,Receptors,AD,WT,0.0003010089276358485,0.0007563101826235652,-0.43291680031930646,0.20622085275143165,10,10,"Chen 2020 ST AD (m, spatial)  [AD vs WT]"
Chen2020_ST_AppNLGF_mouse,spot,Ffar2,Receptors,AD,WT,0.0060940999537706375,0.006777039263397455,-0.13260136487432067,0.27303633975118835,10,10,"Chen 2020 ST AD (m, spatial)  [AD vs WT]"
Chen2020_ST_AppNLGF_mouse,spot,Cpt1a,Fatty-acid supply / regulators,AD,WT,0.1292913854122162,0.13901479542255402,-0.10383758627136426,0.3846730627355087,10,10,"Chen 2020 ST AD (m, spatial)  [AD vs WT]"
Chen2020_ST_AppNLGF_mouse,spot,Cpt2,Fatty-acid supply / regulators,AD,WT,0.045365072786808014,0.0415932834148407,0.12241247165053032,0.3846730627355087,10,10,"Chen 2020 ST AD (m, spatial)  [AD vs WT]"
Chen2020_ST_AppNLGF_mouse,spot,Acadm,Fatty-acid supply / regulators,AD,WT,0.15485522150993347,0.1487278938293457,0.05786347346706896,0.47267559351158717,10,10,"Chen 2020 ST AD (m, spatial)  [AD vs WT]"
Chen2020_ST_AppNLGF_mouse,spot,Hadha,Fatty-acid supply / regulators,AD,WT,0.3049640953540802,0.32045766711235046,-0.07126639725750807,0.5707503880581739,10,10,"Chen 2020 ST AD (m, spatial)  [AD vs WT]"
Chen2020_ST_AppNLGF_mouse,spot,Acaa2,Fatty-acid supply / regulators,AD,WT,0.13487368822097778,0.146193727850914,-0.11545009030622748,0.3846730627355087,10,10,"Chen 2020 ST AD (m, spatial)  [AD vs WT]"
Chen2020_ST_AppNLGF_mouse,spot,Ppara,Fatty-acid supply / regulators,AD,WT,0.005844885483384132,0.007215968333184719,-0.26340421604324293,0.10410988966022681,10,10,"Chen 2020 ST AD (m, spatial)  [AD vs WT]"
Chen2020_ST_AppNLGF_mouse,spot,Ppargc1a,Fatty-acid supply / regulators,AD,WT,0.2571813464164734,0.2504881024360657,0.03789462011556955,0.6231762238821174,10,10,"Chen 2020 ST AD (m, spatial)  [AD vs WT]"
Chen2020_ST_AppNLGF_mouse,spot,Fgf21,Fatty-acid supply / regulators,AD,WT,0.00032178821857087314,0.00042102872976101935,-0.1044446808489204,0.6709822897360269,10,10,"Chen 2020 ST AD (m, spatial)  [AD vs WT]"
Jakel2019_MS_human_snRNA,Oligodendrocyte,Hmgcl,Synthesis (ketogenesis),MS,Ctrl,0.05870097875595093,0.1010010689496994,-0.7727577826392654,0.04848093083387201,12,5,"Jäkel 2019 MS (h, sn)  [MS vs Ctrl]"
Jakel2019_MS_human_snRNA,Oligodendrocyte,Hmgcll1,Synthesis (ketogenesis),MS,Ctrl,0.013611509464681149,0.03486885130405426,-1.2956263181956669,0.04974721734755247,12,5,"Jäkel 2019 MS (h, sn)  [MS vs Ctrl]"
Jakel2019_MS_human_snRNA,Oligodendrocyte,Bdh1,Utilisation (ketolysis),MS,Ctrl,0.01854276843369007,0.05702468007802963,-1.570031808880152,0.01701535733944138,12,5,"Jäkel 2019 MS (h, sn)  [MS vs Ctrl]"
Jakel2019_MS_human_snRNA,Oligodendrocyte,Bdh2,Synthesis (ketogenesis),MS,Ctrl,0.016523869708180428,0.07127971947193146,-2.044269513681216,0.0033360668731087255,12,5,"Jäkel 2019 MS (h, sn)  [MS vs Ctrl]"
Jakel2019_MS_human_snRNA,Oligodendrocyte,Oxct1,Utilisation (ketolysis),MS,Ctrl,0.07034068554639816,0.13539306819438934,-0.9349733406622627,0.03652230122818358,12,5,"Jäkel 2019 MS (h, sn)  [MS vs Ctrl]"
Jakel2019_MS_human_snRNA,Oligodendrocyte,Acat1,Utilisation (ketolysis),MS,Ctrl,0.06323041766881943,0.17231884598731995,-1.4320999528776064,0.009628868597716523,12,5,"Jäkel 2019 MS (h, sn)  [MS vs Ctrl]"
Jakel2019_MS_human_snRNA,Oligodendrocyte,Acss1,Acetate activation,MS,Ctrl,0.07292623072862625,0.14203006029129028,-0.9521601249554881,0.05102526637052211,12,5,"Jäkel 2019 MS (h, sn)  [MS vs Ctrl]"
Jakel2019_MS_human_snRNA,Oligodendrocyte,Acss2,Acetate activation,MS,Ctrl,0.15033090114593506,0.2851049602031708,-0.9188378998754932,0.002647035504859934,12,5,"Jäkel 2019 MS (h, sn)  [MS vs Ctrl]"
Jakel2019_MS_human_snRNA,Oligodendrocyte,Slc16a1,Ketone / lactate transport,MS,Ctrl,0.05754473805427551,0.14675992727279663,-1.3356436477416915,0.05102526637052211,12,5,"Jäkel 2019 MS (h, sn)  [MS vs Ctrl]"
Jakel2019_MS_human_snRNA,Oligodendrocyte,Slc16a7,Ketone / lactate transport,MS,Ctrl,0.14805258810520172,0.2337389886379242,-0.6552360580628268,0.019392372333548805,12,5,"Jäkel 2019 MS (h, sn)  [MS vs Ctrl]"
Jakel2019_MS_human_snRNA,Oligodendrocyte,Slc16a3,Ketone / lactate transport,MS,Ctrl,0.008564860559999943,0.020448604598641396,-1.1650679503489187,0.0356380502660467,12,5,"Jäkel 2019 MS (h, sn)  [MS vs Ctrl]"
Jakel2019_MS_human_snRNA,Oligodendrocyte,Slc16a6,Ketone / lactate transport,MS,Ctrl,0.000740354647859931,0.0019514724845066667,-0.7620535650391742,0.13254936218861174,12,5,"Jäkel 2019 MS (h, sn)  [MS vs Ctrl]"
Jakel2019_MS_human_snRNA,Oligodendrocyte,Slc5a8,Ketone / lactate transport,MS,Ctrl,0.0,0.00029073350015096366,-0.3681911557963262,0.15558034779219784,12,5,"Jäkel 2019 MS (h, sn)  [MS vs Ctrl]"
Jakel2019_MS_human_snRNA,Oligodendrocyte,Bsg,Ketone / lactate transport,MS,Ctrl,0.5250244140625,0.3780880272388458,0.47259686753065744,0.15998707175177765,12,5,"Jäkel 2019 MS (h, sn)  [MS vs Ctrl]"
Jakel2019_MS_human_snRNA,Oligodendrocyte,Cpt1a,Fatty-acid supply / regulators,MS,Ctrl,0.0006965259090065956,0.006082205567508936,-2.061615257113534,0.016167509737908262,12,5,"Jäkel 2019 MS (h, sn)  [MS vs Ctrl]"
Jakel2019_MS_human_snRNA,Oligodendrocyte,Cpt2,Fatty-acid supply / regulators,MS,Ctrl,0.012220517732203007,0.022677745670080185,-0.8407530545162076,0.21531925259579066,12,5,"Jäkel 2019 MS (h, sn)  [MS vs Ctrl]"
Jakel2019_MS_human_snRNA,Oligodendrocyte,Acadm,Fatty-acid supply / regulators,MS,Ctrl,0.08503790944814682,0.13389645516872406,-0.6488080617566804,0.002262443438914027,12,5,"Jäkel 2019 MS (h, sn)  [MS vs Ctrl]"
Jakel2019_MS_human_snRNA,Oligodendrocyte,Hadha,Fatty-acid supply / regulators,MS,Ctrl,0.17107824981212616,0.2604139447212219,-0.6032713450495364,0.15447608747038055,12,5,"Jäkel 2019 MS (h, sn)  [MS vs Ctrl]"
Jakel2019_MS_human_snRNA,Oligodendrocyte,Acaa2,Fatty-acid supply / regulators,MS,Ctrl,0.030317828059196472,0.06127166002988815,-0.9915915759861098,0.039347230619726156,12,5,"Jäkel 2019 MS (h, sn)  [MS vs Ctrl]"
Jakel2019_MS_human_snRNA,Oligodendrocyte,Ppara,Fatty-acid supply / regulators,MS,Ctrl,0.06570887565612793,0.09981288015842438,-0.5957293429564464,0.04848093083387201,12,5,"Jäkel 2019 MS (h, sn)  [MS vs Ctrl]"
Jakel2019_MS_human_snRNA,Oligodendrocyte,Ppargc1a,Fatty-acid supply / regulators,MS,Ctrl,0.004043361637741327,0.008950464427471161,-0.9803781850507258,0.435949213425343,12,5,"Jäkel 2019 MS (h, sn)  [MS vs Ctrl]"
Jakel2019_MS_human_snRNA,OPC,Hmgcl,Synthesis (ketogenesis),MS,Ctrl,0.12507429718971252,0.07954298704862595,0.6464433001704653,,2,3,"Jäkel 2019 MS (h, sn)  [MS vs Ctrl]"
Jakel2019_MS_human_snRNA,OPC,Hmgcll1,Synthesis (ketogenesis),MS,Ctrl,0.0,0.0041317869909107685,-2.3594612886009334,,2,3,"Jäkel 2019 MS (h, sn)  [MS vs Ctrl]"
Jakel2019_MS_human_snRNA,OPC,Bdh1,Utilisation (ketolysis),MS,Ctrl,0.0,0.10153913497924805,-6.680030822089969,,2,3,"Jäkel 2019 MS (h, sn)  [MS vs Ctrl]"
Jakel2019_MS_human_snRNA,OPC,Bdh2,Synthesis (ketogenesis),MS,Ctrl,0.0,0.011147337965667248,-3.6025682832439876,,2,3,"Jäkel 2019 MS (h, sn)  [MS vs Ctrl]"
Jakel2019_MS_human_snRNA,OPC,Oxct1,Utilisation (ketolysis),MS,Ctrl,0.25330302119255066,0.172988161444664,0.5475594566398478,,2,3,"Jäkel 2019 MS (h, sn)  [MS vs Ctrl]"
Jakel2019_MS_human_snRNA,OPC,Acat1,Utilisation (ketolysis),MS,Ctrl,0.17104586958885193,0.10798802226781845,0.6586236646120985,,2,3,"Jäkel 2019 MS (h, sn)  [MS vs Ctrl]"
Jakel2019_MS_human_snRNA,OPC,Acss1,Acetate activation,MS,Ctrl,0.1561897248029709,0.2558879852294922,-0.7086325018847961,,2,3,"Jäkel 2019 MS (h, sn)  [MS vs Ctrl]"
Jakel2019_MS_human_snRNA,OPC,Acss2,Acetate activation,MS,Ctrl,0.08340790122747421,0.06645145267248154,0.3235285383823899,,2,3,"Jäkel 2019 MS (h, sn)  [MS vs Ctrl]"
Jakel2019_MS_human_snRNA,OPC,Slc16a1,Ketone / lactate transport,MS,Ctrl,0.127062126994133,0.0942385196685791,0.427226775618877,,2,3,"Jäkel 2019 MS (h, sn)  [MS vs Ctrl]"
Jakel2019_MS_human_snRNA,OPC,Slc16a7,Ketone / lactate transport,MS,Ctrl,0.1778877228498459,0.1780795454978943,-0.0015461838778501936,,2,3,"Jäkel 2019 MS (h, sn)  [MS vs Ctrl]"
Jakel2019_MS_human_snRNA,OPC,Slc16a3,Ketone / lactate transport,MS,Ctrl,0.0,0.04888014495372772,-5.6403937525914385,,2,3,"Jäkel 2019 MS (h, sn)  [MS vs Ctrl]"
Jakel2019_MS_human_snRNA,OPC,Slc16a6,Ketone / lactate transport,MS,Ctrl,0.05341789871454239,0.003403255483135581,3.627438790599112,,2,3,"Jäkel 2019 MS (h, sn)  [MS vs Ctrl]"
Jakel2019_MS_human_snRNA,OPC,Slc5a8,Ketone / lactate transport,MS,Ctrl,0.0,0.0,0.0,,2,3,"Jäkel 2019 MS (h, sn)  [MS vs Ctrl]"
Jakel2019_MS_human_snRNA,OPC,Bsg,Ketone / lactate transport,MS,Ctrl,0.19882364571094513,0.33160412311553955,-0.7350787415393198,,2,3,"Jäkel 2019 MS (h, sn)  [MS vs Ctrl]"
Jakel2019_MS_human_snRNA,OPC,Cpt1a,Fatty-acid supply / regulators,MS,Ctrl,0.04129108786582947,0.018446173518896103,1.120867371937935,,2,3,"Jäkel 2019 MS (h, sn)  [MS vs Ctrl]"
Jakel2019_MS_human_snRNA,OPC,Cpt2,Fatty-acid supply / regulators,MS,Ctrl,0.0,0.0,0.0,,2,3,"Jäkel 2019 MS (h, sn)  [MS vs Ctrl]"
Jakel2019_MS_human_snRNA,OPC,Acadm,Fatty-acid supply / regulators,MS,Ctrl,0.08247674256563187,0.13090407848358154,-0.6600429637355549,,2,3,"Jäkel 2019 MS (h, sn)  [MS vs Ctrl]"
Jakel2019_MS_human_snRNA,OPC,Hadha,Fatty-acid supply / regulators,MS,Ctrl,0.15361955761909485,0.18417347967624664,-0.2601546769858309,,2,3,"Jäkel 2019 MS (h, sn)  [MS vs Ctrl]"
Jakel2019_MS_human_snRNA,OPC,Acaa2,Fatty-acid supply / regulators,MS,Ctrl,0.0,0.01957700029015541,-4.362960776733208,,2,3,"Jäkel 2019 MS (h, sn)  [MS vs Ctrl]"
Jakel2019_MS_human_snRNA,OPC,Ppara,Fatty-acid supply / regulators,MS,Ctrl,0.03464407101273537,0.12381696701049805,-1.8080800346990171,,2,3,"Jäkel 2019 MS (h, sn)  [MS vs Ctrl]"
Jakel2019_MS_human_snRNA,OPC,Ppargc1a,Fatty-acid supply / regulators,MS,Ctrl,0.15130236744880676,0.13677723705768585,0.14460081575512743,,2,3,"Jäkel 2019 MS (h, sn)  [MS vs Ctrl]"
Jakel2019_MS_human_snRNA,Microglia,Hmgcl,Synthesis (ketogenesis),MS,Ctrl,0.043178755789995193,0.07843393087387085,-0.8464026098628463,,6,1,"Jäkel 2019 MS (h, sn)  [MS vs Ctrl]"
Jakel2019_MS_human_snRNA,Microglia,Hmgcll1,Synthesis (ketogenesis),MS,Ctrl,0.011937147937715054,0.0,3.693447697563203,,6,1,"Jäkel 2019 MS (h, sn)  [MS vs Ctrl]"
Jakel2019_MS_human_snRNA,Microglia,Bdh1,Utilisation (ketolysis),MS,Ctrl,0.022176573053002357,0.0,4.534595356445725,,6,1,"Jäkel 2019 MS (h, sn)  [MS vs Ctrl]"
Jakel2019_MS_human_snRNA,Microglia,Bdh2,Synthesis (ketogenesis),MS,Ctrl,0.003348889760673046,0.02022061124444008,-2.286747168916934,,6,1,"Jäkel 2019 MS (h, sn)  [MS vs Ctrl]"
Jakel2019_MS_human_snRNA,Microglia,Oxct1,Utilisation (ketolysis),MS,Ctrl,0.0645807608962059,0.04457773640751839,0.5249433648469476,,6,1,"Jäkel 2019 MS (h, sn)  [MS vs Ctrl]"
Jakel2019_MS_human_snRNA,Microglia,Acat1,Utilisation (ketolysis),MS,Ctrl,0.12600810825824738,0.20085687935352325,-0.6684121529337907,,6,1,"Jäkel 2019 MS (h, sn)  [MS vs Ctrl]"
Jakel2019_MS_human_snRNA,Microglia,Acss1,Acetate activation,MS,Ctrl,0.17532597482204437,0.4285097122192383,-1.284445738736473,,6,1,"Jäkel 2019 MS (h, sn)  [MS vs Ctrl]"
Jakel2019_MS_human_snRNA,Microglia,Acss2,Acetate activation,MS,Ctrl,0.06186552718281746,0.14218972623348236,-1.1875869582952423,,6,1,"Jäkel 2019 MS (h, sn)  [MS vs Ctrl]"
Jakel2019_MS_human_snRNA,Microglia,Slc16a1,Ketone / lactate transport,MS,Ctrl,0.048304516822099686,0.03848075866699219,0.32057010592192725,,6,1,"Jäkel 2019 MS (h, sn)  [MS vs Ctrl]"
Jakel2019_MS_human_snRNA,Microglia,Slc16a7,Ketone / lactate transport,MS,Ctrl,0.02268502674996853,0.031076136976480484,-0.4375251029413516,,6,1,"Jäkel 2019 MS (h, sn)  [MS vs Ctrl]"
Jakel2019_MS_human_snRNA,Microglia,Slc16a3,Ketone / lactate transport,MS,Ctrl,0.13101089000701904,0.15983060002326965,-0.2848849762274521,,6,1,"Jäkel 2019 MS (h, sn)  [MS vs Ctrl]"
Jakel2019_MS_human_snRNA,Microglia,Slc16a6,Ketone / lactate transport,MS,Ctrl,0.02048559859395027,0.03937647491693497,-0.910144989640615,,6,1,"Jäkel 2019 MS (h, sn)  [MS vs Ctrl]"
Jakel2019_MS_human_snRNA,Microglia,Slc5a8,Ketone / lactate transport,MS,Ctrl,0.0,0.0,0.0,,6,1,"Jäkel 2019 MS (h, sn)  [MS vs Ctrl]"
Jakel2019_MS_human_snRNA,Microglia,Bsg,Ketone / lactate transport,MS,Ctrl,0.25040316581726074,0.11719553917646408,1.0888272294216121,,6,1,"Jäkel 2019 MS (h, sn)  [MS vs Ctrl]"
Jakel2019_MS_human_snRNA,Microglia,Cpt1a,Fatty-acid supply / regulators,MS,Ctrl,0.0028926876839250326,0.017150789499282837,-2.221193797156554,,6,1,"Jäkel 2019 MS (h, sn)  [MS vs Ctrl]"
Jakel2019_MS_human_snRNA,Microglia,Cpt2,Fatty-acid supply / regulators,MS,Ctrl,0.03709867596626282,0.0,5.251668955857976,,6,1,"Jäkel 2019 MS (h, sn)  [MS vs Ctrl]"
Jakel2019_MS_human_snRNA,Microglia,Acadm,Fatty-acid supply / regulators,MS,Ctrl,0.11062946915626526,0.047461215406656265,1.203815442580803,,6,1,"Jäkel 2019 MS (h, sn)  [MS vs Ctrl]"
Jakel2019_MS_human_snRNA,Microglia,Hadha,Fatty-acid supply / regulators,MS,Ctrl,0.24485431611537933,0.11958611756563187,1.0277398556919388,,6,1,"Jäkel 2019 MS (h, sn)  [MS vs Ctrl]"
Jakel2019_MS_human_snRNA,Microglia,Acaa2,Fatty-acid supply / regulators,MS,Ctrl,0.020071594044566154,0.05302412435412407,-1.3583043267726205,,6,1,"Jäkel 2019 MS (h, sn)  [MS vs Ctrl]"
Jakel2019_MS_human_snRNA,Microglia,Ppara,Fatty-acid supply / regulators,MS,Ctrl,0.08785122632980347,0.08971697092056274,-0.029980780311956997,,6,1,"Jäkel 2019 MS (h, sn)  [MS vs Ctrl]"
Jakel2019_MS_human_snRNA,Microglia,Ppargc1a,Fatty-acid supply / regulators,MS,Ctrl,0.0,0.0,0.0,,6,1,"Jäkel 2019 MS (h, sn)  [MS vs Ctrl]"
Jakel2019_MS_human_snRNA,Astrocyte,Hmgcl,Synthesis (ketogenesis),MS,Ctrl,0.057308588176965714,0.09842456877231598,-0.769894008458654,0.20932054883226336,11,5,"Jäkel 2019 MS (h, sn)  [MS vs Ctrl]"
Jakel2019_MS_human_snRNA,Astrocyte,Hmgcll1,Synthesis (ketogenesis),MS,Ctrl,0.09560975432395935,0.12447674572467804,-0.377179253044228,0.1116724222729504,11,5,"Jäkel 2019 MS (h, sn)  [MS vs Ctrl]"
Jakel2019_MS_human_snRNA,Astrocyte,Bdh1,Utilisation (ketolysis),MS,Ctrl,0.07250761240720749,0.08215973526239395,-0.17799150303161188,0.7320561938118021,11,5,"Jäkel 2019 MS (h, sn)  [MS vs Ctrl]"
Jakel2019_MS_human_snRNA,Astrocyte,Bdh2,Synthesis (ketogenesis),MS,Ctrl,0.04278356954455376,0.09275499731302261,-1.0985060128716058,0.16761651926869447,11,5,"Jäkel 2019 MS (h, sn)  [MS vs Ctrl]"
Jakel2019_MS_human_snRNA,Astrocyte,Oxct1,Utilisation (ketolysis),MS,Ctrl,0.07619999349117279,0.15437009930610657,-1.0090362554429368,0.18040293040293043,11,5,"Jäkel 2019 MS (h, sn)  [MS vs Ctrl]"
Jakel2019_MS_human_snRNA,Astrocyte,Acat1,Utilisation (ketolysis),MS,Ctrl,0.09467536956071854,0.17537222802639008,-0.8824039350777237,0.1736845456776619,11,5,"Jäkel 2019 MS (h, sn)  [MS vs Ctrl]"
Jakel2019_MS_human_snRNA,Astrocyte,Acss1,Acetate activation,MS,Ctrl,0.4648216962814331,0.6417416334152222,-0.46446108897704547,0.14514652014652016,11,5,"Jäkel 2019 MS (h, sn)  [MS vs Ctrl]"
Jakel2019_MS_human_snRNA,Astrocyte,Acss2,Acetate activation,MS,Ctrl,0.08971037715673447,0.1508474349975586,-0.7432830308845376,0.2569135743898878,11,5,"Jäkel 2019 MS (h, sn)  [MS vs Ctrl]"
Jakel2019_MS_human_snRNA,Astrocyte,Slc16a1,Ketone / lactate transport,MS,Ctrl,0.07965513318777084,0.12297849357128143,-0.6202516196039266,0.8640698018455187,11,5,"Jäkel 2019 MS (h, sn)  [MS vs Ctrl]"
Jakel2019_MS_human_snRNA,Astrocyte,Slc16a7,Ketone / lactate transport,MS,Ctrl,0.03571741655468941,0.07280705124139786,-1.0072940984075551,0.3330101134062211,11,5,"Jäkel 2019 MS (h, sn)  [MS vs Ctrl]"
Jakel2019_MS_human_snRNA,Astrocyte,Slc16a3,Ketone / lactate transport,MS,Ctrl,0.021974055096507072,0.03585130721330643,-0.6817102705305047,0.3969616680225313,11,5,"Jäkel 2019 MS (h, sn)  [MS vs Ctrl]"
Jakel2019_MS_human_snRNA,Astrocyte,Slc16a6,Ketone / lactate transport,MS,Ctrl,0.016505366191267967,0.004408329725265503,1.694542226496147,0.4085542391761843,11,5,"Jäkel 2019 MS (h, sn)  [MS vs Ctrl]"
Jakel2019_MS_human_snRNA,Astrocyte,Slc5a8,Ketone / lactate transport,MS,Ctrl,0.0008398220525123179,0.0,0.8795662356449072,0.5896385516265671,11,5,"Jäkel 2019 MS (h, sn)  [MS vs Ctrl]"
Jakel2019_MS_human_snRNA,Astrocyte,Bsg,Ketone / lactate transport,MS,Ctrl,0.7803019881248474,0.7703306078910828,0.018530924361089482,0.9130036630036632,11,5,"Jäkel 2019 MS (h, sn)  [MS vs Ctrl]"
Jakel2019_MS_human_snRNA,Astrocyte,Cpt1a,Fatty-acid supply / regulators,MS,Ctrl,0.014869999140501022,0.045615412294864655,-1.5545049770552315,0.0199957875594584,11,5,"Jäkel 2019 MS (h, sn)  [MS vs Ctrl]"
Jakel2019_MS_human_snRNA,Astrocyte,Cpt2,Fatty-acid supply / regulators,MS,Ctrl,0.019277306273579597,0.03173460811376572,-0.6909506965105676,0.15585536220695145,11,5,"Jäkel 2019 MS (h, sn)  [MS vs Ctrl]"
Jakel2019_MS_human_snRNA,Astrocyte,Acadm,Fatty-acid supply / regulators,MS,Ctrl,0.09512870758771896,0.1593812257051468,-0.7384660266193179,0.11246671956366495,11,5,"Jäkel 2019 MS (h, sn)  [MS vs Ctrl]"
Jakel2019_MS_human_snRNA,Astrocyte,Hadha,Fatty-acid supply / regulators,MS,Ctrl,0.1807529330253601,0.3165633976459503,-0.8050659913231384,0.06968603000999345,11,5,"Jäkel 2019 MS (h, sn)  [MS vs Ctrl]"
Jakel2019_MS_human_snRNA,Astrocyte,Acaa2,Fatty-acid supply / regulators,MS,Ctrl,0.06645423173904419,0.053633879870176315,0.30411307258348136,0.5699571724964589,11,5,"Jäkel 2019 MS (h, sn)  [MS vs Ctrl]"
Jakel2019_MS_human_snRNA,Astrocyte,Ppara,Fatty-acid supply / regulators,MS,Ctrl,0.12528666853904724,0.1960311233997345,-0.6417211894915131,0.11246671956366495,11,5,"Jäkel 2019 MS (h, sn)  [MS vs Ctrl]"
Jakel2019_MS_human_snRNA,Astrocyte,Ppargc1a,Fatty-acid supply / regulators,MS,Ctrl,0.1754784733057022,0.21377423405647278,-0.28332871156957373,0.4264038863339936,11,5,"Jäkel 2019 MS (h, sn)  [MS vs Ctrl]"
Jakel2019_MS_human_snRNA,Neuron,Hmgcl,Synthesis (ketogenesis),MS,Ctrl,0.017331885173916817,0.04385707527399063,-1.2909804041434987,0.22194439890244133,11,5,"Jäkel 2019 MS (h, sn)  [MS vs Ctrl]"
Jakel2019_MS_human_snRNA,Neuron,Hmgcll1,Synthesis (ketogenesis),MS,Ctrl,0.19967950880527496,0.27841636538505554,-0.47752320971240253,0.2569135743898878,11,5,"Jäkel 2019 MS (h, sn)  [MS vs Ctrl]"
Jakel2019_MS_human_snRNA,Neuron,Bdh1,Utilisation (ketolysis),MS,Ctrl,0.14489828050136566,0.1987607181072235,-0.4533100323109061,0.26739926739926745,11,5,"Jäkel 2019 MS (h, sn)  [MS vs Ctrl]"
Jakel2019_MS_human_snRNA,Neuron,Bdh2,Synthesis (ketogenesis),MS,Ctrl,0.0010351004311814904,0.008759493008255959,-2.2617062112626547,0.0538102093150412,11,5,"Jäkel 2019 MS (h, sn)  [MS vs Ctrl]"
Jakel2019_MS_human_snRNA,Neuron,Oxct1,Utilisation (ketolysis),MS,Ctrl,0.2310924381017685,0.41724181175231934,-0.8496377773552605,0.019230769230769232,11,5,"Jäkel 2019 MS (h, sn)  [MS vs Ctrl]"
Jakel2019_MS_human_snRNA,Neuron,Acat1,Utilisation (ketolysis),MS,Ctrl,0.17153941094875336,0.2528570890426636,-0.5570906126397248,0.37728937728937734,11,5,"Jäkel 2019 MS (h, sn)  [MS vs Ctrl]"
Jakel2019_MS_human_snRNA,Neuron,Acss1,Acetate activation,MS,Ctrl,0.023499052971601486,0.04060961306095123,-0.7641908905355516,0.30649406148847547,11,5,"Jäkel 2019 MS (h, sn)  [MS vs Ctrl]"
Jakel2019_MS_human_snRNA,Neuron,Acss2,Acetate activation,MS,Ctrl,0.0798824280500412,0.09051508456468582,-0.1781832576477375,1.0,11,5,"Jäkel 2019 MS (h, sn)  [MS vs Ctrl]"
Jakel2019_MS_human_snRNA,Neuron,Slc16a1,Ketone / lactate transport,MS,Ctrl,0.04721968248486519,0.09486818313598633,-0.9914299399031632,0.040833916066869695,11,5,"Jäkel 2019 MS (h, sn)  [MS vs Ctrl]"
Jakel2019_MS_human_snRNA,Neuron,Slc16a7,Ketone / lactate transport,MS,Ctrl,0.29209357500076294,0.42583709955215454,-0.5423242342621168,0.22115384615384617,11,5,"Jäkel 2019 MS (h, sn)  [MS vs Ctrl]"
Jakel2019_MS_human_snRNA,Neuron,Slc16a3,Ketone / lactate transport,MS,Ctrl,0.007278062403202057,0.012018991634249687,-0.653252681820846,0.22194439890244133,11,5,"Jäkel 2019 MS (h, sn)  [MS vs Ctrl]"
Jakel2019_MS_human_snRNA,Neuron,Slc16a6,Ketone / lactate transport,MS,Ctrl,0.044775888323783875,0.018753936514258385,1.2124477045962987,0.6075404693344693,11,5,"Jäkel 2019 MS (h, sn)  [MS vs Ctrl]"
Jakel2019_MS_human_snRNA,Neuron,Slc5a8,Ketone / lactate transport,MS,Ctrl,0.015473724342882633,0.017981037497520447,-0.20439209855188872,0.47796780460396593,11,5,"Jäkel 2019 MS (h, sn)  [MS vs Ctrl]"
Jakel2019_MS_human_snRNA,Neuron,Bsg,Ketone / lactate transport,MS,Ctrl,0.9318624138832092,0.8497370481491089,0.1329510340200455,0.7426739926739928,11,5,"Jäkel 2019 MS (h, sn)  [MS vs Ctrl]"
Jakel2019_MS_human_snRNA,Neuron,Cpt1a,Fatty-acid supply / regulators,MS,Ctrl,0.008660132065415382,0.015740787610411644,-0.7932525868716037,0.07607354061431253,11,5,"Jäkel 2019 MS (h, sn)  [MS vs Ctrl]"
Jakel2019_MS_human_snRNA,Neuron,Cpt2,Fatty-acid supply / regulators,MS,Ctrl,0.0021237595938146114,0.008418429642915726,-1.5922031087463804,0.08051151994050224,11,5,"Jäkel 2019 MS (h, sn)  [MS vs Ctrl]"
Jakel2019_MS_human_snRNA,Neuron,Acadm,Fatty-acid supply / regulators,MS,Ctrl,0.16212335228919983,0.16534174978733063,-0.028186984176291063,1.0,11,5,"Jäkel 2019 MS (h, sn)  [MS vs Ctrl]"
Jakel2019_MS_human_snRNA,Neuron,Hadha,Fatty-acid supply / regulators,MS,Ctrl,0.13248220086097717,0.15731145441532135,-0.24611826448334315,0.37728937728937734,11,5,"Jäkel 2019 MS (h, sn)  [MS vs Ctrl]"
Jakel2019_MS_human_snRNA,Neuron,Acaa2,Fatty-acid supply / regulators,MS,Ctrl,0.005135008599609137,0.01084729004651308,-0.9494198229981616,0.09778771173180648,11,5,"Jäkel 2019 MS (h, sn)  [MS vs Ctrl]"
Jakel2019_MS_human_snRNA,Neuron,Ppara,Fatty-acid supply / regulators,MS,Ctrl,0.017949506640434265,0.02329808659851551,-0.3586824227715469,0.7301126055633957,11,5,"Jäkel 2019 MS (h, sn)  [MS vs Ctrl]"
Jakel2019_MS_human_snRNA,Neuron,Ppargc1a,Fatty-acid supply / regulators,MS,Ctrl,0.11301564425230026,0.1855931282043457,-0.7106640637725977,0.14052705186775974,11,5,"Jäkel 2019 MS (h, sn)  [MS vs Ctrl]"
Jakel2019_MS_human_snRNA,Endothelial,Hmgcl,Synthesis (ketogenesis),MS,Ctrl,0.03216281533241272,0.06513509154319763,-0.995849486083379,,13,2,"Jäkel 2019 MS (h, sn)  [MS vs Ctrl]"
Jakel2019_MS_human_snRNA,Endothelial,Hmgcll1,Synthesis (ketogenesis),MS,Ctrl,0.01177369523793459,0.03026640973985195,-1.2914376315500216,,13,2,"Jäkel 2019 MS (h, sn)  [MS vs Ctrl]"
Jakel2019_MS_human_snRNA,Endothelial,Bdh1,Utilisation (ketolysis),MS,Ctrl,0.005303417332470417,0.01099457312375307,-0.9281757263022609,,13,2,"Jäkel 2019 MS (h, sn)  [MS vs Ctrl]"
Jakel2019_MS_human_snRNA,Endothelial,Bdh2,Synthesis (ketogenesis),MS,Ctrl,0.028605341911315918,0.024799712002277374,0.19850255432066402,,13,2,"Jäkel 2019 MS (h, sn)  [MS vs Ctrl]"
Jakel2019_MS_human_snRNA,Endothelial,Oxct1,Utilisation (ketolysis),MS,Ctrl,0.04369496554136276,0.10234363377094269,-1.2092652779079571,,13,2,"Jäkel 2019 MS (h, sn)  [MS vs Ctrl]"
Jakel2019_MS_human_snRNA,Endothelial,Acat1,Utilisation (ketolysis),MS,Ctrl,0.1708773672580719,0.24104246497154236,-0.4938805985062881,,13,2,"Jäkel 2019 MS (h, sn)  [MS vs Ctrl]"
Jakel2019_MS_human_snRNA,Endothelial,Acss1,Acetate activation,MS,Ctrl,0.03744225203990936,0.059604354202747345,-0.6567285946760949,,13,2,"Jäkel 2019 MS (h, sn)  [MS vs Ctrl]"
Jakel2019_MS_human_snRNA,Endothelial,Acss2,Acetate activation,MS,Ctrl,0.05739915370941162,0.13751573860645294,-1.2460305416943014,,13,2,"Jäkel 2019 MS (h, sn)  [MS vs Ctrl]"
Jakel2019_MS_human_snRNA,Endothelial,Slc16a1,Ketone / lactate transport,MS,Ctrl,0.4623454511165619,1.4559156894683838,-1.652757278980731,,13,2,"Jäkel 2019 MS (h, sn)  [MS vs Ctrl]"
Jakel2019_MS_human_snRNA,Endothelial,Slc16a7,Ketone / lactate transport,MS,Ctrl,0.023037122562527657,0.01395667064934969,0.6844751366949439,,13,2,"Jäkel 2019 MS (h, sn)  [MS vs Ctrl]"
Jakel2019_MS_human_snRNA,Endothelial,Slc16a3,Ketone / lactate transport,MS,Ctrl,0.06934531033039093,0.09714245796203613,-0.4804231565611097,,13,2,"Jäkel 2019 MS (h, sn)  [MS vs Ctrl]"
Jakel2019_MS_human_snRNA,Endothelial,Slc16a6,Ketone / lactate transport,MS,Ctrl,0.11368833482265472,0.19045613706111908,-0.7392952465762506,,13,2,"Jäkel 2019 MS (h, sn)  [MS vs Ctrl]"
Jakel2019_MS_human_snRNA,Endothelial,Slc5a8,Ketone / lactate transport,MS,Ctrl,0.0,0.0,0.0,,13,2,"Jäkel 2019 MS (h, sn)  [MS vs Ctrl]"
Jakel2019_MS_human_snRNA,Endothelial,Bsg,Ketone / lactate transport,MS,Ctrl,2.287714958190918,2.3733487129211426,-0.05299403696556445,,13,2,"Jäkel 2019 MS (h, sn)  [MS vs Ctrl]"
Jakel2019_MS_human_snRNA,Endothelial,Cpt1a,Fatty-acid supply / regulators,MS,Ctrl,0.023802530020475388,0.03376771882176399,-0.48726111965914587,,13,2,"Jäkel 2019 MS (h, sn)  [MS vs Ctrl]"
Jakel2019_MS_human_snRNA,Endothelial,Cpt2,Fatty-acid supply / regulators,MS,Ctrl,0.007746401708573103,0.0,3.128689610671275,,13,2,"Jäkel 2019 MS (h, sn)  [MS vs Ctrl]"
Jakel2019_MS_human_snRNA,Endothelial,Acadm,Fatty-acid supply / regulators,MS,Ctrl,0.06266631186008453,0.14906102418899536,-1.236947212442655,,13,2,"Jäkel 2019 MS (h, sn)  [MS vs Ctrl]"
Jakel2019_MS_human_snRNA,Endothelial,Hadha,Fatty-acid supply / regulators,MS,Ctrl,0.15305334329605103,0.24110107123851776,-0.6521794705571623,,13,2,"Jäkel 2019 MS (h, sn)  [MS vs Ctrl]"
Jakel2019_MS_human_snRNA,Endothelial,Acaa2,Fatty-acid supply / regulators,MS,Ctrl,0.04943235218524933,0.1682838797569275,-1.7470231777013656,,13,2,"Jäkel 2019 MS (h, sn)  [MS vs Ctrl]"
Jakel2019_MS_human_snRNA,Endothelial,Ppara,Fatty-acid supply / regulators,MS,Ctrl,0.05582297593355179,0.04388662427663803,0.34018878869139724,,13,2,"Jäkel 2019 MS (h, sn)  [MS vs Ctrl]"
Jakel2019_MS_human_snRNA,Endothelial,Ppargc1a,Fatty-acid supply / regulators,MS,Ctrl,0.0012634358135983348,0.0173812098801136,-3.0216454298032267,,13,2,"Jäkel 2019 MS (h, sn)  [MS vs Ctrl]"
Jakel2019_MS_human_snRNA,Vascular/Fibroblast,Hmgcl,Synthesis (ketogenesis),MS,Ctrl,0.0522073358297348,0.07599445432424545,-0.5331293691775816,0.19393939393939394,8,3,"Jäkel 2019 MS (h, sn)  [MS vs Ctrl]"
Jakel2019_MS_human_snRNA,Vascular/Fibroblast,Hmgcll1,Synthesis (ketogenesis),MS,Ctrl,0.0757419764995575,0.04979802295565605,0.5952435734002496,0.7573152357135455,8,3,"Jäkel 2019 MS (h, sn)  [MS vs Ctrl]"
Jakel2019_MS_human_snRNA,Vascular/Fibroblast,Bdh1,Utilisation (ketolysis),MS,Ctrl,0.013258906081318855,0.013158302754163742,0.010214974199905552,1.0,8,3,"Jäkel 2019 MS (h, sn)  [MS vs Ctrl]"
Jakel2019_MS_human_snRNA,Vascular/Fibroblast,Bdh2,Synthesis (ketogenesis),MS,Ctrl,0.03241024166345596,0.07474637031555176,-1.1808863398162557,0.1640535992687675,8,3,"Jäkel 2019 MS (h, sn)  [MS vs Ctrl]"
Jakel2019_MS_human_snRNA,Vascular/Fibroblast,Oxct1,Utilisation (ketolysis),MS,Ctrl,0.13007351756095886,0.168051615357399,-0.367087572746437,0.2787878787878788,8,3,"Jäkel 2019 MS (h, sn)  [MS vs Ctrl]"
Jakel2019_MS_human_snRNA,Vascular/Fibroblast,Acat1,Utilisation (ketolysis),MS,Ctrl,0.13902074098587036,0.37345901131629944,-1.4191672619207811,0.024242424242424242,8,3,"Jäkel 2019 MS (h, sn)  [MS vs Ctrl]"
Jakel2019_MS_human_snRNA,Vascular/Fibroblast,Acss1,Acetate activation,MS,Ctrl,0.05963127315044403,0.12352630496025085,-1.03831650772372,0.3757575757575758,8,3,"Jäkel 2019 MS (h, sn)  [MS vs Ctrl]"
Jakel2019_MS_human_snRNA,Vascular/Fibroblast,Acss2,Acetate activation,MS,Ctrl,0.07473383843898773,0.09048735350370407,-0.27263427922581046,0.9212121212121214,8,3,"Jäkel 2019 MS (h, sn)  [MS vs Ctrl]"
Jakel2019_MS_human_snRNA,Vascular/Fibroblast,Slc16a1,Ketone / lactate transport,MS,Ctrl,0.2657052278518677,1.128055453300476,-2.081798336063955,0.048484848484848485,8,3,"Jäkel 2019 MS (h, sn)  [MS vs Ctrl]"
Jakel2019_MS_human_snRNA,Vascular/Fibroblast,Slc16a7,Ketone / lactate transport,MS,Ctrl,0.12146760523319244,0.04162785783410072,1.522531719405488,0.13333333333333333,8,3,"Jäkel 2019 MS (h, sn)  [MS vs Ctrl]"
Jakel2019_MS_human_snRNA,Vascular/Fibroblast,Slc16a3,Ketone / lactate transport,MS,Ctrl,0.03624001145362854,0.05141022801399231,-0.49299486890939564,0.47395196764288483,8,3,"Jäkel 2019 MS (h, sn)  [MS vs Ctrl]"
Jakel2019_MS_human_snRNA,Vascular/Fibroblast,Slc16a6,Ketone / lactate transport,MS,Ctrl,0.14187265932559967,0.10117701441049576,0.4836591768053457,0.9212121212121214,8,3,"Jäkel 2019 MS (h, sn)  [MS vs Ctrl]"
Jakel2019_MS_human_snRNA,Vascular/Fibroblast,Slc5a8,Ketone / lactate transport,MS,Ctrl,0.0015536985592916608,0.0,1.3525882381646595,0.6830913983096087,8,3,"Jäkel 2019 MS (h, sn)  [MS vs Ctrl]"
Jakel2019_MS_human_snRNA,Vascular/Fibroblast,Bsg,Ketone / lactate transport,MS,Ctrl,1.998108148574829,2.9495928287506104,-0.5616483260500194,0.2787878787878788,8,3,"Jäkel 2019 MS (h, sn)  [MS vs Ctrl]"
Jakel2019_MS_human_snRNA,Vascular/Fibroblast,Cpt1a,Fatty-acid supply / regulators,MS,Ctrl,0.11338253319263458,0.13239037990570068,-0.22178786141921622,0.9212121212121214,8,3,"Jäkel 2019 MS (h, sn)  [MS vs Ctrl]"
Jakel2019_MS_human_snRNA,Vascular/Fibroblast,Cpt2,Fatty-acid supply / regulators,MS,Ctrl,0.021738169714808464,0.01135330367833376,0.8802192133208633,0.5778737398777045,8,3,"Jäkel 2019 MS (h, sn)  [MS vs Ctrl]"
Jakel2019_MS_human_snRNA,Vascular/Fibroblast,Acadm,Fatty-acid supply / regulators,MS,Ctrl,0.07152514159679413,0.2132415771484375,-1.562685374043805,0.024242424242424242,8,3,"Jäkel 2019 MS (h, sn)  [MS vs Ctrl]"
Jakel2019_MS_human_snRNA,Vascular/Fibroblast,Hadha,Fatty-acid supply / regulators,MS,Ctrl,0.22557416558265686,0.31336191296577454,-0.4724430643923665,0.2787878787878788,8,3,"Jäkel 2019 MS (h, sn)  [MS vs Ctrl]"
Jakel2019_MS_human_snRNA,Vascular/Fibroblast,Acaa2,Fatty-acid supply / regulators,MS,Ctrl,0.04164646938443184,0.09665442258119583,-1.195259073816726,0.0519435022022021,8,3,"Jäkel 2019 MS (h, sn)  [MS vs Ctrl]"
Jakel2019_MS_human_snRNA,Vascular/Fibroblast,Ppara,Fatty-acid supply / regulators,MS,Ctrl,0.1346600353717804,0.16892890632152557,-0.3249355137448011,0.496969696969697,8,3,"Jäkel 2019 MS (h, sn)  [MS vs Ctrl]"
Jakel2019_MS_human_snRNA,Vascular/Fibroblast,Ppargc1a,Fatty-acid supply / regulators,MS,Ctrl,0.05765726417303085,0.0,5.874237878971583,0.11919035532529498,8,3,"Jäkel 2019 MS (h, sn)  [MS vs Ctrl]"
Jakel2019_MS_human_snRNA,Immune (lymphoid/myeloid),Hmgcl,Synthesis (ketogenesis),MS,Ctrl,0.02676578238606453,,,,4,0,"Jäkel 2019 MS (h, sn)  [MS vs Ctrl]"
Jakel2019_MS_human_snRNA,Immune (lymphoid/myeloid),Hmgcll1,Synthesis (ketogenesis),MS,Ctrl,0.0,,,,4,0,"Jäkel 2019 MS (h, sn)  [MS vs Ctrl]"
Jakel2019_MS_human_snRNA,Immune (lymphoid/myeloid),Bdh1,Utilisation (ketolysis),MS,Ctrl,0.011889677494764328,,,,4,0,"Jäkel 2019 MS (h, sn)  [MS vs Ctrl]"
Jakel2019_MS_human_snRNA,Immune (lymphoid/myeloid),Bdh2,Synthesis (ketogenesis),MS,Ctrl,0.0,,,,4,0,"Jäkel 2019 MS (h, sn)  [MS vs Ctrl]"
Jakel2019_MS_human_snRNA,Immune (lymphoid/myeloid),Oxct1,Utilisation (ketolysis),MS,Ctrl,0.0625971108675003,,,,4,0,"Jäkel 2019 MS (h, sn)  [MS vs Ctrl]"
Jakel2019_MS_human_snRNA,Immune (lymphoid/myeloid),Acat1,Utilisation (ketolysis),MS,Ctrl,0.11538615822792053,,,,4,0,"Jäkel 2019 MS (h, sn)  [MS vs Ctrl]"
Jakel2019_MS_human_snRNA,Immune (lymphoid/myeloid),Acss1,Acetate activation,MS,Ctrl,0.04649022966623306,,,,4,0,"Jäkel 2019 MS (h, sn)  [MS vs Ctrl]"
Jakel2019_MS_human_snRNA,Immune (lymphoid/myeloid),Acss2,Acetate activation,MS,Ctrl,0.03399808704853058,,,,4,0,"Jäkel 2019 MS (h, sn)  [MS vs Ctrl]"
Jakel2019_MS_human_snRNA,Immune (lymphoid/myeloid),Slc16a1,Ketone / lactate transport,MS,Ctrl,0.056746870279312134,,,,4,0,"Jäkel 2019 MS (h, sn)  [MS vs Ctrl]"
Jakel2019_MS_human_snRNA,Immune (lymphoid/myeloid),Slc16a7,Ketone / lactate transport,MS,Ctrl,0.17798851430416107,,,,4,0,"Jäkel 2019 MS (h, sn)  [MS vs Ctrl]"
Jakel2019_MS_human_snRNA,Immune (lymphoid/myeloid),Slc16a3,Ketone / lactate transport,MS,Ctrl,0.05531304329633713,,,,4,0,"Jäkel 2019 MS (h, sn)  [MS vs Ctrl]"
Jakel2019_MS_human_snRNA,Immune (lymphoid/myeloid),Slc16a6,Ketone / lactate transport,MS,Ctrl,0.02488904818892479,,,,4,0,"Jäkel 2019 MS (h, sn)  [MS vs Ctrl]"
Jakel2019_MS_human_snRNA,Immune (lymphoid/myeloid),Slc5a8,Ketone / lactate transport,MS,Ctrl,0.0,,,,4,0,"Jäkel 2019 MS (h, sn)  [MS vs Ctrl]"
Jakel2019_MS_human_snRNA,Immune (lymphoid/myeloid),Bsg,Ketone / lactate transport,MS,Ctrl,0.3295670747756958,,,,4,0,"Jäkel 2019 MS (h, sn)  [MS vs Ctrl]"
Jakel2019_MS_human_snRNA,Immune (lymphoid/myeloid),Cpt1a,Fatty-acid supply / regulators,MS,Ctrl,0.029019232839345932,,,,4,0,"Jäkel 2019 MS (h, sn)  [MS vs Ctrl]"
Jakel2019_MS_human_snRNA,Immune (lymphoid/myeloid),Cpt2,Fatty-acid supply / regulators,MS,Ctrl,0.017285993322730064,,,,4,0,"Jäkel 2019 MS (h, sn)  [MS vs Ctrl]"
Jakel2019_MS_human_snRNA,Immune (lymphoid/myeloid),Acadm,Fatty-acid supply / regulators,MS,Ctrl,0.027766842395067215,,,,4,0,"Jäkel 2019 MS (h, sn)  [MS vs Ctrl]"
Jakel2019_MS_human_snRNA,Immune (lymphoid/myeloid),Hadha,Fatty-acid supply / regulators,MS,Ctrl,0.2581489086151123,,,,4,0,"Jäkel 2019 MS (h, sn)  [MS vs Ctrl]"
Jakel2019_MS_human_snRNA,Immune (lymphoid/myeloid),Acaa2,Fatty-acid supply / regulators,MS,Ctrl,0.07687083631753922,,,,4,0,"Jäkel 2019 MS (h, sn)  [MS vs Ctrl]"
Jakel2019_MS_human_snRNA,Immune (lymphoid/myeloid),Ppara,Fatty-acid supply / regulators,MS,Ctrl,0.10149171948432922,,,,4,0,"Jäkel 2019 MS (h, sn)  [MS vs Ctrl]"
Jakel2019_MS_human_snRNA,Immune (lymphoid/myeloid),Ppargc1a,Fatty-acid supply / regulators,MS,Ctrl,0.0,,,,4,0,"Jäkel 2019 MS (h, sn)  [MS vs Ctrl]"
Kaya2022_aged_WM_vs_GM_scRNA,Oligodendrocyte,Hmgcs2,Synthesis (ketogenesis),WM,GM,0.0007115344051271677,0.0,0.7752902935790988,0.08062526265134277,5,3,"Kaya 2022 aged WM vs GM (m, sc)  [WM vs GM]"
Kaya2022_aged_WM_vs_GM_scRNA,Oligodendrocyte,Hmgcl,Synthesis (ketogenesis),WM,GM,0.4703513979911804,0.4769720137119293,-0.020123140771360876,0.7857142857142857,5,3,"Kaya 2022 aged WM vs GM (m, sc)  [WM vs GM]"
Kaya2022_aged_WM_vs_GM_scRNA,Oligodendrocyte,Hmgcll1,Synthesis (ketogenesis),WM,GM,0.016070635989308357,0.0020454467739909887,2.486791013469792,0.03571428571428571,5,3,"Kaya 2022 aged WM vs GM (m, sc)  [WM vs GM]"
Kaya2022_aged_WM_vs_GM_scRNA,Oligodendrocyte,Bdh1,Utilisation (ketolysis),WM,GM,0.05451703816652298,0.06886018812656403,-0.3315399255707783,0.14285714285714285,5,3,"Kaya 2022 aged WM vs GM (m, sc)  [WM vs GM]"
Kaya2022_aged_WM_vs_GM_scRNA,Oligodendrocyte,Bdh2,Synthesis (ketogenesis),WM,GM,0.0003696927451528609,0.0,0.45385229847110314,0.08062526265134277,5,3,"Kaya 2022 aged WM vs GM (m, sc)  [WM vs GM]"
Kaya2022_aged_WM_vs_GM_scRNA,Oligodendrocyte,Oxct1,Utilisation (ketolysis),WM,GM,0.5154258012771606,0.5474309921264648,-0.08674901959390031,0.39285714285714285,5,3,"Kaya 2022 aged WM vs GM (m, sc)  [WM vs GM]"
Kaya2022_aged_WM_vs_GM_scRNA,Oligodendrocyte,Acat1,Utilisation (ketolysis),WM,GM,0.5329921841621399,0.46935534477233887,0.1830675277402858,0.07142857142857142,5,3,"Kaya 2022 aged WM vs GM (m, sc)  [WM vs GM]"
Kaya2022_aged_WM_vs_GM_scRNA,Oligodendrocyte,Acss1,Acetate activation,WM,GM,0.004915688186883926,0.010657831095159054,-0.9786814885945009,0.14285714285714285,5,3,"Kaya 2022 aged WM vs GM (m, sc)  [WM vs GM]"
Kaya2022_aged_WM_vs_GM_scRNA,Oligodendrocyte,Acss2,Acetate activation,WM,GM,0.19839318096637726,0.23671388626098633,-0.25361011006111617,0.14285714285714285,5,3,"Kaya 2022 aged WM vs GM (m, sc)  [WM vs GM]"
Kaya2022_aged_WM_vs_GM_scRNA,Oligodendrocyte,Slc16a1,Ketone / lactate transport,WM,GM,0.5095922350883484,0.5362494587898254,-0.07342052642258637,0.5714285714285714,5,3,"Kaya 2022 aged WM vs GM (m, sc)  [WM vs GM]"
Kaya2022_aged_WM_vs_GM_scRNA,Oligodendrocyte,Slc16a7,Ketone / lactate transport,WM,GM,0.2116376906633377,0.18462955951690674,0.1959708790494843,0.39285714285714285,5,3,"Kaya 2022 aged WM vs GM (m, sc)  [WM vs GM]"
Kaya2022_aged_WM_vs_GM_scRNA,Oligodendrocyte,Slc16a3,Ketone / lactate transport,WM,GM,0.036092255264520645,0.03137711435556412,0.1961435788667022,0.7857142857142857,5,3,"Kaya 2022 aged WM vs GM (m, sc)  [WM vs GM]"
Kaya2022_aged_WM_vs_GM_scRNA,Oligodendrocyte,Slc16a6,Ketone / lactate transport,WM,GM,0.04178877919912338,0.03582180291414261,0.21667225079528263,0.25,5,3,"Kaya 2022 aged WM vs GM (m, sc)  [WM vs GM]"
Kaya2022_aged_WM_vs_GM_scRNA,Oligodendrocyte,Bsg,Ketone / lactate transport,WM,GM,1.0027625560760498,1.0867832899093628,-0.11597313444102736,0.14285714285714285,5,3,"Kaya 2022 aged WM vs GM (m, sc)  [WM vs GM]"
Kaya2022_aged_WM_vs_GM_scRNA,Oligodendrocyte,Hcar2,Receptors,WM,GM,0.0009318668162450194,0.000905384833458811,0.01991322711686945,0.7599815271577279,5,3,"Kaya 2022 aged WM vs GM (m, sc)  [WM vs GM]"
Kaya2022_aged_WM_vs_GM_scRNA,Oligodendrocyte,Ffar2,Receptors,WM,GM,0.0,0.0,0.0,1.0,5,3,"Kaya 2022 aged WM vs GM (m, sc)  [WM vs GM]"
Kaya2022_aged_WM_vs_GM_scRNA,Oligodendrocyte,Cpt1a,Fatty-acid supply / regulators,WM,GM,0.03440489619970322,0.03723612055182457,-0.11098726776657243,1.0,5,3,"Kaya 2022 aged WM vs GM (m, sc)  [WM vs GM]"
Kaya2022_aged_WM_vs_GM_scRNA,Oligodendrocyte,Cpt2,Fatty-acid supply / regulators,WM,GM,0.08193540573120117,0.0705612376332283,0.21280979164126743,0.39285714285714285,5,3,"Kaya 2022 aged WM vs GM (m, sc)  [WM vs GM]"
Kaya2022_aged_WM_vs_GM_scRNA,Oligodendrocyte,Acadm,Fatty-acid supply / regulators,WM,GM,0.3168503940105438,0.3119431436061859,0.02244730875387227,0.7857142857142857,5,3,"Kaya 2022 aged WM vs GM (m, sc)  [WM vs GM]"
Kaya2022_aged_WM_vs_GM_scRNA,Oligodendrocyte,Hadha,Fatty-acid supply / regulators,WM,GM,0.7460672855377197,0.7214481830596924,0.0483440716455671,1.0,5,3,"Kaya 2022 aged WM vs GM (m, sc)  [WM vs GM]"
Kaya2022_aged_WM_vs_GM_scRNA,Oligodendrocyte,Acaa2,Fatty-acid supply / regulators,WM,GM,0.037180498242378235,0.03256387263536453,0.18592674446740906,0.39285714285714285,5,3,"Kaya 2022 aged WM vs GM (m, sc)  [WM vs GM]"
Kaya2022_aged_WM_vs_GM_scRNA,Oligodendrocyte,Ppara,Fatty-acid supply / regulators,WM,GM,0.0032846543472260237,0.012349092401564121,-1.639490928431284,0.03571428571428571,5,3,"Kaya 2022 aged WM vs GM (m, sc)  [WM vs GM]"
Kaya2022_aged_WM_vs_GM_scRNA,Oligodendrocyte,Ppargc1a,Fatty-acid supply / regulators,WM,GM,0.0012146406807005405,0.005772089585661888,-1.6125284137764175,0.03571428571428571,5,3,"Kaya 2022 aged WM vs GM (m, sc)  [WM vs GM]"
Kaya2022_aged_WM_vs_GM_scRNA,OPC,Hmgcs2,Synthesis (ketogenesis),WM,GM,0.0,0.0,0.0,,2,1,"Kaya 2022 aged WM vs GM (m, sc)  [WM vs GM]"
Kaya2022_aged_WM_vs_GM_scRNA,OPC,Hmgcl,Synthesis (ketogenesis),WM,GM,0.4743514358997345,0.42469483613967896,0.15917492869569547,,2,1,"Kaya 2022 aged WM vs GM (m, sc)  [WM vs GM]"
Kaya2022_aged_WM_vs_GM_scRNA,OPC,Hmgcll1,Synthesis (ketogenesis),WM,GM,0.0669221431016922,0.1873345822095871,-1.4713440484683378,,2,1,"Kaya 2022 aged WM vs GM (m, sc)  [WM vs GM]"
Kaya2022_aged_WM_vs_GM_scRNA,OPC,Bdh1,Utilisation (ketolysis),WM,GM,0.25666773319244385,0.22107674181461334,0.21445357820293723,,2,1,"Kaya 2022 aged WM vs GM (m, sc)  [WM vs GM]"
Kaya2022_aged_WM_vs_GM_scRNA,OPC,Bdh2,Synthesis (ketogenesis),WM,GM,0.020278465002775192,0.0,4.411322175578031,,2,1,"Kaya 2022 aged WM vs GM (m, sc)  [WM vs GM]"
Kaya2022_aged_WM_vs_GM_scRNA,OPC,Oxct1,Utilisation (ketolysis),WM,GM,0.9003517627716064,0.9794450402259827,-0.12134651697789058,,2,1,"Kaya 2022 aged WM vs GM (m, sc)  [WM vs GM]"
Kaya2022_aged_WM_vs_GM_scRNA,OPC,Acat1,Utilisation (ketolysis),WM,GM,0.6126970052719116,0.6030231714248657,0.022922648395644157,,2,1,"Kaya 2022 aged WM vs GM (m, sc)  [WM vs GM]"
Kaya2022_aged_WM_vs_GM_scRNA,OPC,Acss1,Acetate activation,WM,GM,0.10195676237344742,0.17364796996116638,-0.7624112817936024,,2,1,"Kaya 2022 aged WM vs GM (m, sc)  [WM vs GM]"
Kaya2022_aged_WM_vs_GM_scRNA,OPC,Acss2,Acetate activation,WM,GM,0.1192304790019989,0.12473735213279724,-0.064610614730114,,2,1,"Kaya 2022 aged WM vs GM (m, sc)  [WM vs GM]"
Kaya2022_aged_WM_vs_GM_scRNA,OPC,Slc16a1,Ketone / lactate transport,WM,GM,0.13541731238365173,0.1844240128993988,-0.4428013440407836,,2,1,"Kaya 2022 aged WM vs GM (m, sc)  [WM vs GM]"
Kaya2022_aged_WM_vs_GM_scRNA,OPC,Slc16a7,Ketone / lactate transport,WM,GM,0.08637506514787674,0.13175541162490845,-0.6034771407758683,,2,1,"Kaya 2022 aged WM vs GM (m, sc)  [WM vs GM]"
Kaya2022_aged_WM_vs_GM_scRNA,OPC,Slc16a3,Ketone / lactate transport,WM,GM,0.02298555336892605,0.03244393318891525,-0.47957880196665925,,2,1,"Kaya 2022 aged WM vs GM (m, sc)  [WM vs GM]"
Kaya2022_aged_WM_vs_GM_scRNA,OPC,Slc16a6,Ketone / lactate transport,WM,GM,0.0,0.0,0.0,,2,1,"Kaya 2022 aged WM vs GM (m, sc)  [WM vs GM]"
Kaya2022_aged_WM_vs_GM_scRNA,OPC,Bsg,Ketone / lactate transport,WM,GM,1.9225280284881592,2.0776309967041016,-0.11187881855759045,,2,1,"Kaya 2022 aged WM vs GM (m, sc)  [WM vs GM]"
Kaya2022_aged_WM_vs_GM_scRNA,OPC,Hcar2,Receptors,WM,GM,0.0,0.0,0.0,,2,1,"Kaya 2022 aged WM vs GM (m, sc)  [WM vs GM]"
Kaya2022_aged_WM_vs_GM_scRNA,OPC,Ffar2,Receptors,WM,GM,0.0,0.0,0.0,,2,1,"Kaya 2022 aged WM vs GM (m, sc)  [WM vs GM]"
Kaya2022_aged_WM_vs_GM_scRNA,OPC,Cpt1a,Fatty-acid supply / regulators,WM,GM,0.21215113997459412,0.39456644654273987,-0.8920432852398409,,2,1,"Kaya 2022 aged WM vs GM (m, sc)  [WM vs GM]"
Kaya2022_aged_WM_vs_GM_scRNA,OPC,Cpt2,Fatty-acid supply / regulators,WM,GM,0.03550640866160393,0.02622915431857109,0.42299757387865927,,2,1,"Kaya 2022 aged WM vs GM (m, sc)  [WM vs GM]"
Kaya2022_aged_WM_vs_GM_scRNA,OPC,Acadm,Fatty-acid supply / regulators,WM,GM,0.5046820044517517,0.42159003019332886,0.2589717072399357,,2,1,"Kaya 2022 aged WM vs GM (m, sc)  [WM vs GM]"
Kaya2022_aged_WM_vs_GM_scRNA,OPC,Hadha,Fatty-acid supply / regulators,WM,GM,0.8551678657531738,1.010614275932312,-0.24069370811601543,,2,1,"Kaya 2022 aged WM vs GM (m, sc)  [WM vs GM]"
Kaya2022_aged_WM_vs_GM_scRNA,OPC,Acaa2,Fatty-acid supply / regulators,WM,GM,0.032723598182201385,0.12660588324069977,-1.919864465980804,,2,1,"Kaya 2022 aged WM vs GM (m, sc)  [WM vs GM]"
Kaya2022_aged_WM_vs_GM_scRNA,OPC,Ppara,Fatty-acid supply / regulators,WM,GM,0.06359626352787018,0.058336783200502396,0.1225240001105041,,2,1,"Kaya 2022 aged WM vs GM (m, sc)  [WM vs GM]"
Kaya2022_aged_WM_vs_GM_scRNA,OPC,Ppargc1a,Fatty-acid supply / regulators,WM,GM,0.2383049875497818,0.309821754693985,-0.3772370172322105,,2,1,"Kaya 2022 aged WM vs GM (m, sc)  [WM vs GM]"
Kaya2022_aged_WM_vs_GM_scRNA,Microglia,Hmgcs2,Synthesis (ketogenesis),WM,GM,0.0019729859195649624,0.0004932379233650863,0.9934685765167884,0.5252340496337509,5,3,"Kaya 2022 aged WM vs GM (m, sc)  [WM vs GM]"
Kaya2022_aged_WM_vs_GM_scRNA,Microglia,Hmgcl,Synthesis (ketogenesis),WM,GM,0.31288257241249084,0.30904242396354675,0.01775929194874527,0.5714285714285714,5,3,"Kaya 2022 aged WM vs GM (m, sc)  [WM vs GM]"
Kaya2022_aged_WM_vs_GM_scRNA,Microglia,Hmgcll1,Synthesis (ketogenesis),WM,GM,0.0038118890952318907,0.00047733300016261637,1.7036083362505834,0.17711262976673237,5,3,"Kaya 2022 aged WM vs GM (m, sc)  [WM vs GM]"
Kaya2022_aged_WM_vs_GM_scRNA,Microglia,Bdh1,Utilisation (ketolysis),WM,GM,0.008170399814844131,0.00647043576464057,0.295792233802204,0.7857142857142857,5,3,"Kaya 2022 aged WM vs GM (m, sc)  [WM vs GM]"
Kaya2022_aged_WM_vs_GM_scRNA,Microglia,Bdh2,Synthesis (ketogenesis),WM,GM,0.00642534950748086,0.0,2.8924589344443414,0.17185733906279932,5,3,"Kaya 2022 aged WM vs GM (m, sc)  [WM vs GM]"
Kaya2022_aged_WM_vs_GM_scRNA,Microglia,Oxct1,Utilisation (ketolysis),WM,GM,0.8075897097587585,0.9838278889656067,-0.28446377377191967,0.14285714285714285,5,3,"Kaya 2022 aged WM vs GM (m, sc)  [WM vs GM]"
Kaya2022_aged_WM_vs_GM_scRNA,Microglia,Acat1,Utilisation (ketolysis),WM,GM,0.3313829004764557,0.31870532035827637,0.056103411353660745,1.0,5,3,"Kaya 2022 aged WM vs GM (m, sc)  [WM vs GM]"
Kaya2022_aged_WM_vs_GM_scRNA,Microglia,Acss1,Acetate activation,WM,GM,0.19092480838298798,0.3077768385410309,-0.6860233318855238,0.07142857142857142,5,3,"Kaya 2022 aged WM vs GM (m, sc)  [WM vs GM]"
Kaya2022_aged_WM_vs_GM_scRNA,Microglia,Acss2,Acetate activation,WM,GM,0.03954906761646271,0.03832768276333809,0.04412355818154082,1.0,5,3,"Kaya 2022 aged WM vs GM (m, sc)  [WM vs GM]"
Kaya2022_aged_WM_vs_GM_scRNA,Microglia,Slc16a1,Ketone / lactate transport,WM,GM,0.10431075096130371,0.06927873194217682,0.5834926599331245,0.39285714285714285,5,3,"Kaya 2022 aged WM vs GM (m, sc)  [WM vs GM]"
Kaya2022_aged_WM_vs_GM_scRNA,Microglia,Slc16a7,Ketone / lactate transport,WM,GM,0.1980016529560089,0.2531161308288574,-0.3527075437562117,0.25,5,3,"Kaya 2022 aged WM vs GM (m, sc)  [WM vs GM]"
Kaya2022_aged_WM_vs_GM_scRNA,Microglia,Slc16a3,Ketone / lactate transport,WM,GM,0.20417556166648865,0.16647887229919434,0.29287979367600286,0.39285714285714285,5,3,"Kaya 2022 aged WM vs GM (m, sc)  [WM vs GM]"
Kaya2022_aged_WM_vs_GM_scRNA,Microglia,Slc16a6,Ketone / lactate transport,WM,GM,0.7723321914672852,0.8717508912086487,-0.1744816556805101,0.39285714285714285,5,3,"Kaya 2022 aged WM vs GM (m, sc)  [WM vs GM]"
Kaya2022_aged_WM_vs_GM_scRNA,Microglia,Bsg,Ketone / lactate transport,WM,GM,1.3328955173492432,1.528608798980713,-0.1975170613262412,0.07142857142857142,5,3,"Kaya 2022 aged WM vs GM (m, sc)  [WM vs GM]"
Kaya2022_aged_WM_vs_GM_scRNA,Microglia,Hcar2,Receptors,WM,GM,0.09143955260515213,0.07237040996551514,0.3333119309698484,0.5714285714285714,5,3,"Kaya 2022 aged WM vs GM (m, sc)  [WM vs GM]"
Kaya2022_aged_WM_vs_GM_scRNA,Microglia,Ffar2,Receptors,WM,GM,0.0,0.0,0.0,1.0,5,3,"Kaya 2022 aged WM vs GM (m, sc)  [WM vs GM]"
Kaya2022_aged_WM_vs_GM_scRNA,Microglia,Cpt1a,Fatty-acid supply / regulators,WM,GM,0.05539929121732712,0.07833389192819595,-0.4922602937781159,0.5714285714285714,5,3,"Kaya 2022 aged WM vs GM (m, sc)  [WM vs GM]"
Kaya2022_aged_WM_vs_GM_scRNA,Microglia,Cpt2,Fatty-acid supply / regulators,WM,GM,0.05358903482556343,0.06552690267562866,-0.28532667765400765,0.14285714285714285,5,3,"Kaya 2022 aged WM vs GM (m, sc)  [WM vs GM]"
Kaya2022_aged_WM_vs_GM_scRNA,Microglia,Acadm,Fatty-acid supply / regulators,WM,GM,0.38420724868774414,0.44967493414878845,-0.22645236025158041,0.03571428571428571,5,3,"Kaya 2022 aged WM vs GM (m, sc)  [WM vs GM]"
Kaya2022_aged_WM_vs_GM_scRNA,Microglia,Hadha,Fatty-acid supply / regulators,WM,GM,0.4697233736515045,0.5599302649497986,-0.25294193415339583,0.25,5,3,"Kaya 2022 aged WM vs GM (m, sc)  [WM vs GM]"
Kaya2022_aged_WM_vs_GM_scRNA,Microglia,Acaa2,Fatty-acid supply / regulators,WM,GM,0.09609104692935944,0.11558607965707779,-0.26398537002067524,0.39285714285714285,5,3,"Kaya 2022 aged WM vs GM (m, sc)  [WM vs GM]"
Kaya2022_aged_WM_vs_GM_scRNA,Microglia,Ppara,Fatty-acid supply / regulators,WM,GM,0.0029826443642377853,0.0028896445874124765,0.03408832165360216,0.5714285714285714,5,3,"Kaya 2022 aged WM vs GM (m, sc)  [WM vs GM]"
Kaya2022_aged_WM_vs_GM_scRNA,Microglia,Ppargc1a,Fatty-acid supply / regulators,WM,GM,0.004926358349621296,0.009450031444430351,-0.8182895138067091,0.39285714285714285,5,3,"Kaya 2022 aged WM vs GM (m, sc)  [WM vs GM]"
Kaya2022_aged_WM_vs_GM_scRNA,Astrocyte,Hmgcs2,Synthesis (ketogenesis),WM,GM,0.029998596757650375,0.03917032107710838,-0.37392708358005416,1.0,4,3,"Kaya 2022 aged WM vs GM (m, sc)  [WM vs GM]"
Kaya2022_aged_WM_vs_GM_scRNA,Astrocyte,Hmgcl,Synthesis (ketogenesis),WM,GM,0.12750422954559326,0.1762062907218933,-0.46361397506347596,0.22857142857142856,4,3,"Kaya 2022 aged WM vs GM (m, sc)  [WM vs GM]"
Kaya2022_aged_WM_vs_GM_scRNA,Astrocyte,Hmgcll1,Synthesis (ketogenesis),WM,GM,0.06666077673435211,0.02103014849126339,1.6188405197595699,0.6285714285714286,4,3,"Kaya 2022 aged WM vs GM (m, sc)  [WM vs GM]"
Kaya2022_aged_WM_vs_GM_scRNA,Astrocyte,Bdh1,Utilisation (ketolysis),WM,GM,0.25991395115852356,0.3915309011936188,-0.5892321440790627,0.11428571428571428,4,3,"Kaya 2022 aged WM vs GM (m, sc)  [WM vs GM]"
Kaya2022_aged_WM_vs_GM_scRNA,Astrocyte,Bdh2,Synthesis (ketogenesis),WM,GM,0.08392224460840225,0.015500004403293133,2.3636760946273183,0.11428571428571428,4,3,"Kaya 2022 aged WM vs GM (m, sc)  [WM vs GM]"
Kaya2022_aged_WM_vs_GM_scRNA,Astrocyte,Oxct1,Utilisation (ketolysis),WM,GM,0.6745597124099731,0.6582675576210022,0.03521920586118238,0.8571428571428571,4,3,"Kaya 2022 aged WM vs GM (m, sc)  [WM vs GM]"
Kaya2022_aged_WM_vs_GM_scRNA,Astrocyte,Acat1,Utilisation (ketolysis),WM,GM,0.3961910009384155,0.47946810722351074,-0.2746077337318697,0.4,4,3,"Kaya 2022 aged WM vs GM (m, sc)  [WM vs GM]"
Kaya2022_aged_WM_vs_GM_scRNA,Astrocyte,Acss1,Acetate activation,WM,GM,0.2873421907424927,0.32041558623313904,-0.15665794055966717,0.6285714285714286,4,3,"Kaya 2022 aged WM vs GM (m, sc)  [WM vs GM]"
Kaya2022_aged_WM_vs_GM_scRNA,Astrocyte,Acss2,Acetate activation,WM,GM,0.4096185564994812,0.7297510504722595,-0.8315811713601778,0.05714285714285714,4,3,"Kaya 2022 aged WM vs GM (m, sc)  [WM vs GM]"
Kaya2022_aged_WM_vs_GM_scRNA,Astrocyte,Slc16a1,Ketone / lactate transport,WM,GM,0.365862637758255,0.23996807634830475,0.60639795459348,1.0,4,3,"Kaya 2022 aged WM vs GM (m, sc)  [WM vs GM]"
Kaya2022_aged_WM_vs_GM_scRNA,Astrocyte,Slc16a7,Ketone / lactate transport,WM,GM,0.02279145084321499,0.008715708740055561,1.2920521061855161,0.4,4,3,"Kaya 2022 aged WM vs GM (m, sc)  [WM vs GM]"
Kaya2022_aged_WM_vs_GM_scRNA,Astrocyte,Slc16a3,Ketone / lactate transport,WM,GM,0.018755948171019554,0.004046732094138861,1.9688656806879619,0.3590120537864294,4,3,"Kaya 2022 aged WM vs GM (m, sc)  [WM vs GM]"
Kaya2022_aged_WM_vs_GM_scRNA,Astrocyte,Slc16a6,Ketone / lactate transport,WM,GM,0.07048488408327103,0.0020869572181254625,4.533380813417015,0.05714285714285714,4,3,"Kaya 2022 aged WM vs GM (m, sc)  [WM vs GM]"
Kaya2022_aged_WM_vs_GM_scRNA,Astrocyte,Bsg,Ketone / lactate transport,WM,GM,1.1817471981048584,1.540573000907898,-0.3822614664736136,0.11428571428571428,4,3,"Kaya 2022 aged WM vs GM (m, sc)  [WM vs GM]"
Kaya2022_aged_WM_vs_GM_scRNA,Astrocyte,Hcar2,Receptors,WM,GM,0.0,0.0005768584087491035,-0.6570531216589267,0.3864762307712327,4,3,"Kaya 2022 aged WM vs GM (m, sc)  [WM vs GM]"
Kaya2022_aged_WM_vs_GM_scRNA,Astrocyte,Ffar2,Receptors,WM,GM,0.0,0.0,0.0,1.0,4,3,"Kaya 2022 aged WM vs GM (m, sc)  [WM vs GM]"
Kaya2022_aged_WM_vs_GM_scRNA,Astrocyte,Cpt1a,Fatty-acid supply / regulators,WM,GM,0.2448960542678833,0.31800806522369385,-0.3755443138045982,0.22857142857142856,4,3,"Kaya 2022 aged WM vs GM (m, sc)  [WM vs GM]"
Kaya2022_aged_WM_vs_GM_scRNA,Astrocyte,Cpt2,Fatty-acid supply / regulators,WM,GM,0.052510470151901245,0.11643761396408081,-1.1340014518030028,0.05714285714285714,4,3,"Kaya 2022 aged WM vs GM (m, sc)  [WM vs GM]"
Kaya2022_aged_WM_vs_GM_scRNA,Astrocyte,Acadm,Fatty-acid supply / regulators,WM,GM,0.4169769585132599,0.46533045172691345,-0.1579292276335517,0.6285714285714286,4,3,"Kaya 2022 aged WM vs GM (m, sc)  [WM vs GM]"
Kaya2022_aged_WM_vs_GM_scRNA,Astrocyte,Hadha,Fatty-acid supply / regulators,WM,GM,0.5781351923942566,0.6578028798103333,-0.18594669354340995,0.4,4,3,"Kaya 2022 aged WM vs GM (m, sc)  [WM vs GM]"
Kaya2022_aged_WM_vs_GM_scRNA,Astrocyte,Acaa2,Fatty-acid supply / regulators,WM,GM,0.4679540991783142,0.5612119436264038,-0.26166738273871404,0.4,4,3,"Kaya 2022 aged WM vs GM (m, sc)  [WM vs GM]"
Kaya2022_aged_WM_vs_GM_scRNA,Astrocyte,Ppara,Fatty-acid supply / regulators,WM,GM,0.07021285593509674,0.08363926410675049,-0.2491893720706631,0.6285714285714286,4,3,"Kaya 2022 aged WM vs GM (m, sc)  [WM vs GM]"
Kaya2022_aged_WM_vs_GM_scRNA,Astrocyte,Ppargc1a,Fatty-acid supply / regulators,WM,GM,0.35140079259872437,0.5648835301399231,-0.6832879797664962,0.22857142857142856,4,3,"Kaya 2022 aged WM vs GM (m, sc)  [WM vs GM]"
Kaya2022_aged_WM_vs_GM_scRNA,Neuron,Hmgcs2,Synthesis (ketogenesis),WM,GM,0.0026042447425425053,,,,4,0,"Kaya 2022 aged WM vs GM (m, sc)  [WM vs GM]"
Kaya2022_aged_WM_vs_GM_scRNA,Neuron,Hmgcl,Synthesis (ketogenesis),WM,GM,0.1334574818611145,,,,4,0,"Kaya 2022 aged WM vs GM (m, sc)  [WM vs GM]"
Kaya2022_aged_WM_vs_GM_scRNA,Neuron,Hmgcll1,Synthesis (ketogenesis),WM,GM,0.044488728046417236,,,,4,0,"Kaya 2022 aged WM vs GM (m, sc)  [WM vs GM]"
Kaya2022_aged_WM_vs_GM_scRNA,Neuron,Bdh1,Utilisation (ketolysis),WM,GM,0.09728969633579254,,,,4,0,"Kaya 2022 aged WM vs GM (m, sc)  [WM vs GM]"
Kaya2022_aged_WM_vs_GM_scRNA,Neuron,Bdh2,Synthesis (ketogenesis),WM,GM,0.0,,,,4,0,"Kaya 2022 aged WM vs GM (m, sc)  [WM vs GM]"
Kaya2022_aged_WM_vs_GM_scRNA,Neuron,Oxct1,Utilisation (ketolysis),WM,GM,0.5368492603302002,,,,4,0,"Kaya 2022 aged WM vs GM (m, sc)  [WM vs GM]"
Kaya2022_aged_WM_vs_GM_scRNA,Neuron,Acat1,Utilisation (ketolysis),WM,GM,0.6098018884658813,,,,4,0,"Kaya 2022 aged WM vs GM (m, sc)  [WM vs GM]"
Kaya2022_aged_WM_vs_GM_scRNA,Neuron,Acss1,Acetate activation,WM,GM,0.018970364704728127,,,,4,0,"Kaya 2022 aged WM vs GM (m, sc)  [WM vs GM]"
Kaya2022_aged_WM_vs_GM_scRNA,Neuron,Acss2,Acetate activation,WM,GM,0.10074447840452194,,,,4,0,"Kaya 2022 aged WM vs GM (m, sc)  [WM vs GM]"
Kaya2022_aged_WM_vs_GM_scRNA,Neuron,Slc16a1,Ketone / lactate transport,WM,GM,0.050037093460559845,,,,4,0,"Kaya 2022 aged WM vs GM (m, sc)  [WM vs GM]"
Kaya2022_aged_WM_vs_GM_scRNA,Neuron,Slc16a7,Ketone / lactate transport,WM,GM,0.03623640909790993,,,,4,0,"Kaya 2022 aged WM vs GM (m, sc)  [WM vs GM]"
Kaya2022_aged_WM_vs_GM_scRNA,Neuron,Slc16a3,Ketone / lactate transport,WM,GM,0.008021361194550991,,,,4,0,"Kaya 2022 aged WM vs GM (m, sc)  [WM vs GM]"
Kaya2022_aged_WM_vs_GM_scRNA,Neuron,Slc16a6,Ketone / lactate transport,WM,GM,0.03638062998652458,,,,4,0,"Kaya 2022 aged WM vs GM (m, sc)  [WM vs GM]"
Kaya2022_aged_WM_vs_GM_scRNA,Neuron,Bsg,Ketone / lactate transport,WM,GM,0.9705795049667358,,,,4,0,"Kaya 2022 aged WM vs GM (m, sc)  [WM vs GM]"
Kaya2022_aged_WM_vs_GM_scRNA,Neuron,Hcar2,Receptors,WM,GM,0.0017097890377044678,,,,4,0,"Kaya 2022 aged WM vs GM (m, sc)  [WM vs GM]"
Kaya2022_aged_WM_vs_GM_scRNA,Neuron,Ffar2,Receptors,WM,GM,0.0,,,,4,0,"Kaya 2022 aged WM vs GM (m, sc)  [WM vs GM]"
Kaya2022_aged_WM_vs_GM_scRNA,Neuron,Cpt1a,Fatty-acid supply / regulators,WM,GM,0.011680098250508308,,,,4,0,"Kaya 2022 aged WM vs GM (m, sc)  [WM vs GM]"
Kaya2022_aged_WM_vs_GM_scRNA,Neuron,Cpt2,Fatty-acid supply / regulators,WM,GM,0.028849581256508827,,,,4,0,"Kaya 2022 aged WM vs GM (m, sc)  [WM vs GM]"
Kaya2022_aged_WM_vs_GM_scRNA,Neuron,Acadm,Fatty-acid supply / regulators,WM,GM,0.2453744113445282,,,,4,0,"Kaya 2022 aged WM vs GM (m, sc)  [WM vs GM]"
Kaya2022_aged_WM_vs_GM_scRNA,Neuron,Hadha,Fatty-acid supply / regulators,WM,GM,0.4254680573940277,,,,4,0,"Kaya 2022 aged WM vs GM (m, sc)  [WM vs GM]"
Kaya2022_aged_WM_vs_GM_scRNA,Neuron,Acaa2,Fatty-acid supply / regulators,WM,GM,0.052243128418922424,,,,4,0,"Kaya 2022 aged WM vs GM (m, sc)  [WM vs GM]"
Kaya2022_aged_WM_vs_GM_scRNA,Neuron,Ppara,Fatty-acid supply / regulators,WM,GM,0.004504884593188763,,,,4,0,"Kaya 2022 aged WM vs GM (m, sc)  [WM vs GM]"
Kaya2022_aged_WM_vs_GM_scRNA,Neuron,Ppargc1a,Fatty-acid supply / regulators,WM,GM,0.01477028988301754,,,,4,0,"Kaya 2022 aged WM vs GM (m, sc)  [WM vs GM]"
Kaya2022_aged_WM_vs_GM_scRNA,Endothelial,Hmgcs2,Synthesis (ketogenesis),WM,GM,0.10345257818698883,0.11966577172279358,-0.20816839390102937,,2,2,"Kaya 2022 aged WM vs GM (m, sc)  [WM vs GM]"
Kaya2022_aged_WM_vs_GM_scRNA,Endothelial,Hmgcl,Synthesis (ketogenesis),WM,GM,0.17192848026752472,0.1600876897573471,0.10232924342932061,,2,2,"Kaya 2022 aged WM vs GM (m, sc)  [WM vs GM]"
Kaya2022_aged_WM_vs_GM_scRNA,Endothelial,Hmgcll1,Synthesis (ketogenesis),WM,GM,0.0,0.0,0.0,,2,2,"Kaya 2022 aged WM vs GM (m, sc)  [WM vs GM]"
Kaya2022_aged_WM_vs_GM_scRNA,Endothelial,Bdh1,Utilisation (ketolysis),WM,GM,0.021367810666561127,0.0,4.483352149001557,,2,2,"Kaya 2022 aged WM vs GM (m, sc)  [WM vs GM]"
Kaya2022_aged_WM_vs_GM_scRNA,Endothelial,Bdh2,Synthesis (ketogenesis),WM,GM,0.02272331714630127,0.050611529499292374,-1.1213876344298435,,2,2,"Kaya 2022 aged WM vs GM (m, sc)  [WM vs GM]"
Kaya2022_aged_WM_vs_GM_scRNA,Endothelial,Oxct1,Utilisation (ketolysis),WM,GM,0.24871405959129333,0.31321045756340027,-0.3314541459892229,,2,2,"Kaya 2022 aged WM vs GM (m, sc)  [WM vs GM]"
Kaya2022_aged_WM_vs_GM_scRNA,Endothelial,Acat1,Utilisation (ketolysis),WM,GM,0.1585768461227417,0.3840547800064087,-1.2708123678913195,,2,2,"Kaya 2022 aged WM vs GM (m, sc)  [WM vs GM]"
Kaya2022_aged_WM_vs_GM_scRNA,Endothelial,Acss1,Acetate activation,WM,GM,0.013333386741578579,0.0,3.84130762967864,,2,2,"Kaya 2022 aged WM vs GM (m, sc)  [WM vs GM]"
Kaya2022_aged_WM_vs_GM_scRNA,Endothelial,Acss2,Acetate activation,WM,GM,0.07068228721618652,0.11030096560716629,-0.6347775327292569,,2,2,"Kaya 2022 aged WM vs GM (m, sc)  [WM vs GM]"
Kaya2022_aged_WM_vs_GM_scRNA,Endothelial,Slc16a1,Ketone / lactate transport,WM,GM,0.5532660484313965,0.9310095310211182,-0.7497660703639772,,2,2,"Kaya 2022 aged WM vs GM (m, sc)  [WM vs GM]"
Kaya2022_aged_WM_vs_GM_scRNA,Endothelial,Slc16a7,Ketone / lactate transport,WM,GM,0.009525593370199203,0.0,3.3958296610164482,,2,2,"Kaya 2022 aged WM vs GM (m, sc)  [WM vs GM]"
Kaya2022_aged_WM_vs_GM_scRNA,Endothelial,Slc16a3,Ketone / lactate transport,WM,GM,0.010773352347314358,0.0,3.5574532671090386,,2,2,"Kaya 2022 aged WM vs GM (m, sc)  [WM vs GM]"
Kaya2022_aged_WM_vs_GM_scRNA,Endothelial,Slc16a6,Ketone / lactate transport,WM,GM,0.06522074341773987,0.037700895220041275,0.7749162681967687,,2,2,"Kaya 2022 aged WM vs GM (m, sc)  [WM vs GM]"
Kaya2022_aged_WM_vs_GM_scRNA,Endothelial,Bsg,Ketone / lactate transport,WM,GM,2.946460723876953,3.6099112033843994,-0.29289035430007415,,2,2,"Kaya 2022 aged WM vs GM (m, sc)  [WM vs GM]"
Kaya2022_aged_WM_vs_GM_scRNA,Endothelial,Hcar2,Receptors,WM,GM,0.0,0.0,0.0,,2,2,"Kaya 2022 aged WM vs GM (m, sc)  [WM vs GM]"
Kaya2022_aged_WM_vs_GM_scRNA,Endothelial,Ffar2,Receptors,WM,GM,0.0,0.0,0.0,,2,2,"Kaya 2022 aged WM vs GM (m, sc)  [WM vs GM]"
Kaya2022_aged_WM_vs_GM_scRNA,Endothelial,Cpt1a,Fatty-acid supply / regulators,WM,GM,0.2814926505088806,0.183484748005867,0.6147117854211908,,2,2,"Kaya 2022 aged WM vs GM (m, sc)  [WM vs GM]"
Kaya2022_aged_WM_vs_GM_scRNA,Endothelial,Cpt2,Fatty-acid supply / regulators,WM,GM,0.07080588489770889,0.07391797006130219,-0.0612097236911386,,2,2,"Kaya 2022 aged WM vs GM (m, sc)  [WM vs GM]"
Kaya2022_aged_WM_vs_GM_scRNA,Endothelial,Acadm,Fatty-acid supply / regulators,WM,GM,0.36930209398269653,0.21518978476524353,0.7764043521205957,,2,2,"Kaya 2022 aged WM vs GM (m, sc)  [WM vs GM]"
Kaya2022_aged_WM_vs_GM_scRNA,Endothelial,Hadha,Fatty-acid supply / regulators,WM,GM,0.35770565271377563,0.42030733823776245,-0.23207256427273304,,2,2,"Kaya 2022 aged WM vs GM (m, sc)  [WM vs GM]"
Kaya2022_aged_WM_vs_GM_scRNA,Endothelial,Acaa2,Fatty-acid supply / regulators,WM,GM,0.21869954466819763,0.22731584310531616,-0.05549909359529629,,2,2,"Kaya 2022 aged WM vs GM (m, sc)  [WM vs GM]"
Kaya2022_aged_WM_vs_GM_scRNA,Endothelial,Ppara,Fatty-acid supply / regulators,WM,GM,0.05915063992142677,0.033198606222867966,0.8146425570790904,,2,2,"Kaya 2022 aged WM vs GM (m, sc)  [WM vs GM]"
Kaya2022_aged_WM_vs_GM_scRNA,Endothelial,Ppargc1a,Fatty-acid supply / regulators,WM,GM,0.0,0.015015990473330021,-4.001441116026827,,2,2,"Kaya 2022 aged WM vs GM (m, sc)  [WM vs GM]"
Kaya2022_aged_WM_vs_GM_scRNA,Immune (lymphoid/myeloid),Hmgcs2,Synthesis (ketogenesis),WM,GM,0.0,0.0,0.0,1.0,5,3,"Kaya 2022 aged WM vs GM (m, sc)  [WM vs GM]"
Kaya2022_aged_WM_vs_GM_scRNA,Immune (lymphoid/myeloid),Hmgcl,Synthesis (ketogenesis),WM,GM,0.19474753737449646,0.27465754747390747,-0.49388294517284165,0.14285714285714285,5,3,"Kaya 2022 aged WM vs GM (m, sc)  [WM vs GM]"
Kaya2022_aged_WM_vs_GM_scRNA,Immune (lymphoid/myeloid),Hmgcll1,Synthesis (ketogenesis),WM,GM,0.0028668404556810856,0.0,1.9511552406177528,0.08062526265134277,5,3,"Kaya 2022 aged WM vs GM (m, sc)  [WM vs GM]"
Kaya2022_aged_WM_vs_GM_scRNA,Immune (lymphoid/myeloid),Bdh1,Utilisation (ketolysis),WM,GM,0.012094995938241482,0.01984047330915928,-0.6703724309179122,0.39285714285714285,5,3,"Kaya 2022 aged WM vs GM (m, sc)  [WM vs GM]"
Kaya2022_aged_WM_vs_GM_scRNA,Immune (lymphoid/myeloid),Bdh2,Synthesis (ketogenesis),WM,GM,0.0017992593348026276,0.0,1.4850451502556545,0.08062526265134277,5,3,"Kaya 2022 aged WM vs GM (m, sc)  [WM vs GM]"
Kaya2022_aged_WM_vs_GM_scRNA,Immune (lymphoid/myeloid),Oxct1,Utilisation (ketolysis),WM,GM,0.695831298828125,0.5520710349082947,0.33334463727999925,0.25,5,3,"Kaya 2022 aged WM vs GM (m, sc)  [WM vs GM]"
Kaya2022_aged_WM_vs_GM_scRNA,Immune (lymphoid/myeloid),Acat1,Utilisation (ketolysis),WM,GM,0.22883398830890656,0.1775183081626892,0.36452012319256594,0.25,5,3,"Kaya 2022 aged WM vs GM (m, sc)  [WM vs GM]"
Kaya2022_aged_WM_vs_GM_scRNA,Immune (lymphoid/myeloid),Acss1,Acetate activation,WM,GM,0.08645181357860565,0.13090820610523224,-0.5929741102594979,0.5714285714285714,5,3,"Kaya 2022 aged WM vs GM (m, sc)  [WM vs GM]"
Kaya2022_aged_WM_vs_GM_scRNA,Immune (lymphoid/myeloid),Acss2,Acetate activation,WM,GM,0.044391732662916183,0.05015945062041283,-0.17257121289527777,0.39285714285714285,5,3,"Kaya 2022 aged WM vs GM (m, sc)  [WM vs GM]"
Kaya2022_aged_WM_vs_GM_scRNA,Immune (lymphoid/myeloid),Slc16a1,Ketone / lactate transport,WM,GM,0.07951661199331284,0.035391855984926224,1.1456708367867727,0.03571428571428571,5,3,"Kaya 2022 aged WM vs GM (m, sc)  [WM vs GM]"
Kaya2022_aged_WM_vs_GM_scRNA,Immune (lymphoid/myeloid),Slc16a7,Ketone / lactate transport,WM,GM,0.10803373903036118,0.12166421860456467,-0.16993984662247777,0.5714285714285714,5,3,"Kaya 2022 aged WM vs GM (m, sc)  [WM vs GM]"
Kaya2022_aged_WM_vs_GM_scRNA,Immune (lymphoid/myeloid),Slc16a3,Ketone / lactate transport,WM,GM,0.19063487648963928,0.20789867639541626,-0.12444320385953589,0.7857142857142857,5,3,"Kaya 2022 aged WM vs GM (m, sc)  [WM vs GM]"
Kaya2022_aged_WM_vs_GM_scRNA,Immune (lymphoid/myeloid),Slc16a6,Ketone / lactate transport,WM,GM,0.31138095259666443,0.2658751904964447,0.2271412934139386,0.5714285714285714,5,3,"Kaya 2022 aged WM vs GM (m, sc)  [WM vs GM]"
Kaya2022_aged_WM_vs_GM_scRNA,Immune (lymphoid/myeloid),Bsg,Ketone / lactate transport,WM,GM,1.253819465637207,1.0784908533096313,0.21712879532482574,0.07142857142857142,5,3,"Kaya 2022 aged WM vs GM (m, sc)  [WM vs GM]"
Kaya2022_aged_WM_vs_GM_scRNA,Immune (lymphoid/myeloid),Hcar2,Receptors,WM,GM,0.15330199897289276,0.05948851630091667,1.3510235731218565,0.07142857142857142,5,3,"Kaya 2022 aged WM vs GM (m, sc)  [WM vs GM]"
Kaya2022_aged_WM_vs_GM_scRNA,Immune (lymphoid/myeloid),Ffar2,Receptors,WM,GM,0.0038641192950308323,0.0,2.282178612054292,0.17185733906279932,5,3,"Kaya 2022 aged WM vs GM (m, sc)  [WM vs GM]"
Kaya2022_aged_WM_vs_GM_scRNA,Immune (lymphoid/myeloid),Cpt1a,Fatty-acid supply / regulators,WM,GM,0.06286855041980743,0.046563923358917236,0.42523798486476644,0.39285714285714285,5,3,"Kaya 2022 aged WM vs GM (m, sc)  [WM vs GM]"
Kaya2022_aged_WM_vs_GM_scRNA,Immune (lymphoid/myeloid),Cpt2,Fatty-acid supply / regulators,WM,GM,0.04442548751831055,0.04812529683113098,-0.1129641267073818,0.5714285714285714,5,3,"Kaya 2022 aged WM vs GM (m, sc)  [WM vs GM]"
Kaya2022_aged_WM_vs_GM_scRNA,Immune (lymphoid/myeloid),Acadm,Fatty-acid supply / regulators,WM,GM,0.27248942852020264,0.2522500455379486,0.11092253961554505,0.5714285714285714,5,3,"Kaya 2022 aged WM vs GM (m, sc)  [WM vs GM]"
Kaya2022_aged_WM_vs_GM_scRNA,Immune (lymphoid/myeloid),Hadha,Fatty-acid supply / regulators,WM,GM,0.3831327557563782,0.30830955505371094,0.3125535893495155,0.5714285714285714,5,3,"Kaya 2022 aged WM vs GM (m, sc)  [WM vs GM]"
Kaya2022_aged_WM_vs_GM_scRNA,Immune (lymphoid/myeloid),Acaa2,Fatty-acid supply / regulators,WM,GM,0.1354442536830902,0.1552935391664505,-0.19594650457122056,0.5714285714285714,5,3,"Kaya 2022 aged WM vs GM (m, sc)  [WM vs GM]"
Kaya2022_aged_WM_vs_GM_scRNA,Immune (lymphoid/myeloid),Ppara,Fatty-acid supply / regulators,WM,GM,0.0,0.0,0.0,1.0,5,3,"Kaya 2022 aged WM vs GM (m, sc)  [WM vs GM]"
Kaya2022_aged_WM_vs_GM_scRNA,Immune (lymphoid/myeloid),Ppargc1a,Fatty-acid supply / regulators,WM,GM,0.0020312753040343523,0.0032611775677651167,-0.49132728603831344,0.5485954657999336,5,3,"Kaya 2022 aged WM vs GM (m, sc)  [WM vs GM]"
Kaya2022_aged_WM_vs_GM_scRNA,Ependymal,Hmgcs2,Synthesis (ketogenesis),WM,GM,0.07233340293169022,,,,3,0,"Kaya 2022 aged WM vs GM (m, sc)  [WM vs GM]"
Kaya2022_aged_WM_vs_GM_scRNA,Ependymal,Hmgcl,Synthesis (ketogenesis),WM,GM,0.14978262782096863,,,,3,0,"Kaya 2022 aged WM vs GM (m, sc)  [WM vs GM]"
Kaya2022_aged_WM_vs_GM_scRNA,Ependymal,Hmgcll1,Synthesis (ketogenesis),WM,GM,0.006561541464179754,,,,3,0,"Kaya 2022 aged WM vs GM (m, sc)  [WM vs GM]"
Kaya2022_aged_WM_vs_GM_scRNA,Ependymal,Bdh1,Utilisation (ketolysis),WM,GM,0.26334550976753235,,,,3,0,"Kaya 2022 aged WM vs GM (m, sc)  [WM vs GM]"
Kaya2022_aged_WM_vs_GM_scRNA,Ependymal,Bdh2,Synthesis (ketogenesis),WM,GM,0.2374926060438156,,,,3,0,"Kaya 2022 aged WM vs GM (m, sc)  [WM vs GM]"
Kaya2022_aged_WM_vs_GM_scRNA,Ependymal,Oxct1,Utilisation (ketolysis),WM,GM,0.9771597981452942,,,,3,0,"Kaya 2022 aged WM vs GM (m, sc)  [WM vs GM]"
Kaya2022_aged_WM_vs_GM_scRNA,Ependymal,Acat1,Utilisation (ketolysis),WM,GM,0.9735002517700195,,,,3,0,"Kaya 2022 aged WM vs GM (m, sc)  [WM vs GM]"
Kaya2022_aged_WM_vs_GM_scRNA,Ependymal,Acss1,Acetate activation,WM,GM,0.042032331228256226,,,,3,0,"Kaya 2022 aged WM vs GM (m, sc)  [WM vs GM]"
Kaya2022_aged_WM_vs_GM_scRNA,Ependymal,Acss2,Acetate activation,WM,GM,0.10921146720647812,,,,3,0,"Kaya 2022 aged WM vs GM (m, sc)  [WM vs GM]"
Kaya2022_aged_WM_vs_GM_scRNA,Ependymal,Slc16a1,Ketone / lactate transport,WM,GM,0.08159221708774567,,,,3,0,"Kaya 2022 aged WM vs GM (m, sc)  [WM vs GM]"
Kaya2022_aged_WM_vs_GM_scRNA,Ependymal,Slc16a7,Ketone / lactate transport,WM,GM,0.02840294875204563,,,,3,0,"Kaya 2022 aged WM vs GM (m, sc)  [WM vs GM]"
Kaya2022_aged_WM_vs_GM_scRNA,Ependymal,Slc16a3,Ketone / lactate transport,WM,GM,0.006440931465476751,,,,3,0,"Kaya 2022 aged WM vs GM (m, sc)  [WM vs GM]"
Kaya2022_aged_WM_vs_GM_scRNA,Ependymal,Slc16a6,Ketone / lactate transport,WM,GM,0.30684199929237366,,,,3,0,"Kaya 2022 aged WM vs GM (m, sc)  [WM vs GM]"
Kaya2022_aged_WM_vs_GM_scRNA,Ependymal,Bsg,Ketone / lactate transport,WM,GM,2.7992513179779053,,,,3,0,"Kaya 2022 aged WM vs GM (m, sc)  [WM vs GM]"
Kaya2022_aged_WM_vs_GM_scRNA,Ependymal,Hcar2,Receptors,WM,GM,0.0,,,,3,0,"Kaya 2022 aged WM vs GM (m, sc)  [WM vs GM]"
Kaya2022_aged_WM_vs_GM_scRNA,Ependymal,Ffar2,Receptors,WM,GM,0.0,,,,3,0,"Kaya 2022 aged WM vs GM (m, sc)  [WM vs GM]"
Kaya2022_aged_WM_vs_GM_scRNA,Ependymal,Cpt1a,Fatty-acid supply / regulators,WM,GM,0.29067930579185486,,,,3,0,"Kaya 2022 aged WM vs GM (m, sc)  [WM vs GM]"
Kaya2022_aged_WM_vs_GM_scRNA,Ependymal,Cpt2,Fatty-acid supply / regulators,WM,GM,0.267207533121109,,,,3,0,"Kaya 2022 aged WM vs GM (m, sc)  [WM vs GM]"
Kaya2022_aged_WM_vs_GM_scRNA,Ependymal,Acadm,Fatty-acid supply / regulators,WM,GM,0.9527912139892578,,,,3,0,"Kaya 2022 aged WM vs GM (m, sc)  [WM vs GM]"
Kaya2022_aged_WM_vs_GM_scRNA,Ependymal,Hadha,Fatty-acid supply / regulators,WM,GM,0.9667227864265442,,,,3,0,"Kaya 2022 aged WM vs GM (m, sc)  [WM vs GM]"
Kaya2022_aged_WM_vs_GM_scRNA,Ependymal,Acaa2,Fatty-acid supply / regulators,WM,GM,1.3419326543807983,,,,3,0,"Kaya 2022 aged WM vs GM (m, sc)  [WM vs GM]"
Kaya2022_aged_WM_vs_GM_scRNA,Ependymal,Ppara,Fatty-acid supply / regulators,WM,GM,0.03202283754944801,,,,3,0,"Kaya 2022 aged WM vs GM (m, sc)  [WM vs GM]"
Kaya2022_aged_WM_vs_GM_scRNA,Ependymal,Ppargc1a,Fatty-acid supply / regulators,WM,GM,0.206972137093544,,,,3,0,"Kaya 2022 aged WM vs GM (m, sc)  [WM vs GM]"
LPC_Cuprizone_CC_snRNA_mouse,Oligodendrocyte,Hmgcs2,Synthesis (ketogenesis),LPC,Ctrl,0.0036032642237842083,0.0017791897989809513,0.7279928907541287,,2,4,"LPC + cuprizone CC (m, sn)  [LPC vs Ctrl]"
LPC_Cuprizone_CC_snRNA_mouse,Oligodendrocyte,Hmgcl,Synthesis (ketogenesis),LPC,Ctrl,0.23086804151535034,0.18218423426151276,0.3400086430003755,,2,4,"LPC + cuprizone CC (m, sn)  [LPC vs Ctrl]"
LPC_Cuprizone_CC_snRNA_mouse,Oligodendrocyte,Hmgcll1,Synthesis (ketogenesis),LPC,Ctrl,0.1324537992477417,0.05982635170221329,1.1335719969726348,,2,4,"LPC + cuprizone CC (m, sn)  [LPC vs Ctrl]"
LPC_Cuprizone_CC_snRNA_mouse,Oligodendrocyte,Bdh1,Utilisation (ketolysis),LPC,Ctrl,0.06862042099237442,0.027482274919748306,1.2894461570088085,,2,4,"LPC + cuprizone CC (m, sn)  [LPC vs Ctrl]"
LPC_Cuprizone_CC_snRNA_mouse,Oligodendrocyte,Bdh2,Synthesis (ketogenesis),LPC,Ctrl,0.0,0.0007092371815815568,-0.773352605878373,,2,4,"LPC + cuprizone CC (m, sn)  [LPC vs Ctrl]"
LPC_Cuprizone_CC_snRNA_mouse,Oligodendrocyte,Oxct1,Utilisation (ketolysis),LPC,Ctrl,0.45578253269195557,0.3047081530094147,0.5793524549307597,,2,4,"LPC + cuprizone CC (m, sn)  [LPC vs Ctrl]"
LPC_Cuprizone_CC_snRNA_mouse,Oligodendrocyte,Acat1,Utilisation (ketolysis),LPC,Ctrl,0.23411925137043,0.15317919850349426,0.6087845371626623,,2,4,"LPC + cuprizone CC (m, sn)  [LPC vs Ctrl]"
LPC_Cuprizone_CC_snRNA_mouse,Oligodendrocyte,Acss1,Acetate activation,LPC,Ctrl,0.0401502288877964,0.018968861550092697,1.0431483700295106,,2,4,"LPC + cuprizone CC (m, sn)  [LPC vs Ctrl]"
LPC_Cuprizone_CC_snRNA_mouse,Oligodendrocyte,Acss2,Acetate activation,LPC,Ctrl,0.33521467447280884,0.27110517024993896,0.305218324629919,,2,4,"LPC + cuprizone CC (m, sn)  [LPC vs Ctrl]"
LPC_Cuprizone_CC_snRNA_mouse,Oligodendrocyte,Slc16a1,Ketone / lactate transport,LPC,Ctrl,0.060465291142463684,0.06980422884225845,-0.20406356465957157,,2,4,"LPC + cuprizone CC (m, sn)  [LPC vs Ctrl]"
LPC_Cuprizone_CC_snRNA_mouse,Oligodendrocyte,Slc16a7,Ketone / lactate transport,LPC,Ctrl,0.4241717457771301,0.3488369584083557,0.2813630173287465,,2,4,"LPC + cuprizone CC (m, sn)  [LPC vs Ctrl]"
LPC_Cuprizone_CC_snRNA_mouse,Oligodendrocyte,Slc16a3,Ketone / lactate transport,LPC,Ctrl,0.026128333061933517,0.009030763059854507,1.435369043173568,,2,4,"LPC + cuprizone CC (m, sn)  [LPC vs Ctrl]"
LPC_Cuprizone_CC_snRNA_mouse,Oligodendrocyte,Slc16a6,Ketone / lactate transport,LPC,Ctrl,0.07350433617830276,0.017616568133234978,2.000737249234238,,2,4,"LPC + cuprizone CC (m, sn)  [LPC vs Ctrl]"
LPC_Cuprizone_CC_snRNA_mouse,Oligodendrocyte,Slc5a8,Ketone / lactate transport,LPC,Ctrl,0.0014046611031517386,0.000419686984969303,0.7602607076297382,,2,4,"LPC + cuprizone CC (m, sn)  [LPC vs Ctrl]"
LPC_Cuprizone_CC_snRNA_mouse,Oligodendrocyte,Bsg,Ketone / lactate transport,LPC,Ctrl,0.32669663429260254,0.14992231130599976,1.118554755678074,,2,4,"LPC + cuprizone CC (m, sn)  [LPC vs Ctrl]"
LPC_Cuprizone_CC_snRNA_mouse,Oligodendrocyte,Hcar2,Receptors,LPC,Ctrl,0.004041719250380993,9.717919601825997e-05,2.2001166114006527,,2,4,"LPC + cuprizone CC (m, sn)  [LPC vs Ctrl]"
LPC_Cuprizone_CC_snRNA_mouse,Oligodendrocyte,Ffar3,Receptors,LPC,Ctrl,0.0,9.114576096180826e-05,-0.1258438372897544,,2,4,"LPC + cuprizone CC (m, sn)  [LPC vs Ctrl]"
LPC_Cuprizone_CC_snRNA_mouse,Oligodendrocyte,Cpt1a,Fatty-acid supply / regulators,LPC,Ctrl,0.055524569004774094,0.02969539910554886,0.8808556585170916,,2,4,"LPC + cuprizone CC (m, sn)  [LPC vs Ctrl]"
LPC_Cuprizone_CC_snRNA_mouse,Oligodendrocyte,Cpt2,Fatty-acid supply / regulators,LPC,Ctrl,0.052162572741508484,0.03586585074663162,0.5281258737004074,,2,4,"LPC + cuprizone CC (m, sn)  [LPC vs Ctrl]"
LPC_Cuprizone_CC_snRNA_mouse,Oligodendrocyte,Acadm,Fatty-acid supply / regulators,LPC,Ctrl,0.04815223067998886,0.0404413603246212,0.24618553132386042,,2,4,"LPC + cuprizone CC (m, sn)  [LPC vs Ctrl]"
LPC_Cuprizone_CC_snRNA_mouse,Oligodendrocyte,Hadha,Fatty-acid supply / regulators,LPC,Ctrl,0.18135429918766022,0.13108012080192566,0.4653308682055386,,2,4,"LPC + cuprizone CC (m, sn)  [LPC vs Ctrl]"
LPC_Cuprizone_CC_snRNA_mouse,Oligodendrocyte,Acaa2,Fatty-acid supply / regulators,LPC,Ctrl,0.017327196896076202,0.004428664222359657,1.7553169886299829,,2,4,"LPC + cuprizone CC (m, sn)  [LPC vs Ctrl]"
LPC_Cuprizone_CC_snRNA_mouse,Oligodendrocyte,Ppara,Fatty-acid supply / regulators,LPC,Ctrl,0.0018434704979881644,0.003262828104197979,-0.5841580448283664,,2,4,"LPC + cuprizone CC (m, sn)  [LPC vs Ctrl]"
LPC_Cuprizone_CC_snRNA_mouse,Oligodendrocyte,Ppargc1a,Fatty-acid supply / regulators,LPC,Ctrl,0.0057949791662395,0.008509916253387928,-0.48496350880070316,,2,4,"LPC + cuprizone CC (m, sn)  [LPC vs Ctrl]"
LPC_Cuprizone_CC_snRNA_mouse,Oligodendrocyte,Hmgcs2,Synthesis (ketogenesis),Cuprizone,Ctrl,0.002514475956559181,0.0017791897989809513,0.33864522134829356,,2,4,"LPC + cuprizone CC (m, sn)  [Cuprizone vs Ctrl]"
LPC_Cuprizone_CC_snRNA_mouse,Oligodendrocyte,Hmgcl,Synthesis (ketogenesis),Cuprizone,Ctrl,0.08807222545146942,0.18218423426151276,-1.0402477982771425,,2,4,"LPC + cuprizone CC (m, sn)  [Cuprizone vs Ctrl]"
LPC_Cuprizone_CC_snRNA_mouse,Oligodendrocyte,Hmgcll1,Synthesis (ketogenesis),Cuprizone,Ctrl,0.1673504114151001,0.05982635170221329,1.4686988661781053,,2,4,"LPC + cuprizone CC (m, sn)  [Cuprizone vs Ctrl]"
LPC_Cuprizone_CC_snRNA_mouse,Oligodendrocyte,Bdh1,Utilisation (ketolysis),Cuprizone,Ctrl,0.04352292791008949,0.027482274919748306,0.6444840890856982,,2,4,"LPC + cuprizone CC (m, sn)  [Cuprizone vs Ctrl]"
LPC_Cuprizone_CC_snRNA_mouse,Oligodendrocyte,Bdh2,Synthesis (ketogenesis),Cuprizone,Ctrl,0.0012852665968239307,0.0007092371815815568,0.41900987252548244,,2,4,"LPC + cuprizone CC (m, sn)  [Cuprizone vs Ctrl]"
LPC_Cuprizone_CC_snRNA_mouse,Oligodendrocyte,Oxct1,Utilisation (ketolysis),Cuprizone,Ctrl,0.34817206859588623,0.3047081530094147,0.1917831293929975,,2,4,"LPC + cuprizone CC (m, sn)  [Cuprizone vs Ctrl]"
LPC_Cuprizone_CC_snRNA_mouse,Oligodendrocyte,Acat1,Utilisation (ketolysis),Cuprizone,Ctrl,0.1280118227005005,0.15317919850349426,-0.2571048524264627,,2,4,"LPC + cuprizone CC (m, sn)  [Cuprizone vs Ctrl]"
LPC_Cuprizone_CC_snRNA_mouse,Oligodendrocyte,Acss1,Acetate activation,Cuprizone,Ctrl,0.023065613582730293,0.018968861550092697,0.26922112180700825,,2,4,"LPC + cuprizone CC (m, sn)  [Cuprizone vs Ctrl]"
LPC_Cuprizone_CC_snRNA_mouse,Oligodendrocyte,Acss2,Acetate activation,Cuprizone,Ctrl,0.13390319049358368,0.27110517024993896,-1.012239900606669,,2,4,"LPC + cuprizone CC (m, sn)  [Cuprizone vs Ctrl]"
LPC_Cuprizone_CC_snRNA_mouse,Oligodendrocyte,Slc16a1,Ketone / lactate transport,Cuprizone,Ctrl,0.04599975794553757,0.06980422884225845,-0.5911822023044122,,2,4,"LPC + cuprizone CC (m, sn)  [Cuprizone vs Ctrl]"
LPC_Cuprizone_CC_snRNA_mouse,Oligodendrocyte,Slc16a7,Ketone / lactate transport,Cuprizone,Ctrl,0.3455563187599182,0.3488369584083557,-0.013592887006845165,,2,4,"LPC + cuprizone CC (m, sn)  [Cuprizone vs Ctrl]"
LPC_Cuprizone_CC_snRNA_mouse,Oligodendrocyte,Slc16a3,Ketone / lactate transport,Cuprizone,Ctrl,0.005115102510899305,0.009030763059854507,-0.7139827699954896,,2,4,"LPC + cuprizone CC (m, sn)  [Cuprizone vs Ctrl]"
LPC_Cuprizone_CC_snRNA_mouse,Oligodendrocyte,Slc16a6,Ketone / lactate transport,Cuprizone,Ctrl,0.03441163897514343,0.017616568133234978,0.9276364741348042,,2,4,"LPC + cuprizone CC (m, sn)  [Cuprizone vs Ctrl]"
LPC_Cuprizone_CC_snRNA_mouse,Oligodendrocyte,Slc5a8,Ketone / lactate transport,Cuprizone,Ctrl,0.0007803916232660413,0.000419686984969303,0.3266217411410054,,2,4,"LPC + cuprizone CC (m, sn)  [Cuprizone vs Ctrl]"
LPC_Cuprizone_CC_snRNA_mouse,Oligodendrocyte,Bsg,Ketone / lactate transport,Cuprizone,Ctrl,0.06249336153268814,0.14992231130599976,-1.2491284338978053,,2,4,"LPC + cuprizone CC (m, sn)  [Cuprizone vs Ctrl]"
LPC_Cuprizone_CC_snRNA_mouse,Oligodendrocyte,Hcar2,Receptors,Cuprizone,Ctrl,0.0015358156524598598,9.717919601825997e-05,1.208650696785242,,2,4,"LPC + cuprizone CC (m, sn)  [Cuprizone vs Ctrl]"
LPC_Cuprizone_CC_snRNA_mouse,Oligodendrocyte,Ffar3,Receptors,Cuprizone,Ctrl,0.0,9.114576096180826e-05,-0.1258438372897544,,2,4,"LPC + cuprizone CC (m, sn)  [Cuprizone vs Ctrl]"
LPC_Cuprizone_CC_snRNA_mouse,Oligodendrocyte,Cpt1a,Fatty-acid supply / regulators,Cuprizone,Ctrl,0.013933448120951653,0.02969539910554886,-1.03947510702865,,2,4,"LPC + cuprizone CC (m, sn)  [Cuprizone vs Ctrl]"
LPC_Cuprizone_CC_snRNA_mouse,Oligodendrocyte,Cpt2,Fatty-acid supply / regulators,Cuprizone,Ctrl,0.018512845039367676,0.03586585074663162,-0.9178609070273347,,2,4,"LPC + cuprizone CC (m, sn)  [Cuprizone vs Ctrl]"
LPC_Cuprizone_CC_snRNA_mouse,Oligodendrocyte,Acadm,Fatty-acid supply / regulators,Cuprizone,Ctrl,0.04090433567762375,0.0404413603246212,0.01602816097426333,,2,4,"LPC + cuprizone CC (m, sn)  [Cuprizone vs Ctrl]"
LPC_Cuprizone_CC_snRNA_mouse,Oligodendrocyte,Hadha,Fatty-acid supply / regulators,Cuprizone,Ctrl,0.12021227926015854,0.13108012080192566,-0.12387748821668389,,2,4,"LPC + cuprizone CC (m, sn)  [Cuprizone vs Ctrl]"
LPC_Cuprizone_CC_snRNA_mouse,Oligodendrocyte,Acaa2,Fatty-acid supply / regulators,Cuprizone,Ctrl,0.0019774686079472303,0.004428664222359657,-0.8665109544720064,,2,4,"LPC + cuprizone CC (m, sn)  [Cuprizone vs Ctrl]"
LPC_Cuprizone_CC_snRNA_mouse,Oligodendrocyte,Ppara,Fatty-acid supply / regulators,Cuprizone,Ctrl,0.00935003999620676,0.003262828104197979,1.279753556980464,,2,4,"LPC + cuprizone CC (m, sn)  [Cuprizone vs Ctrl]"
LPC_Cuprizone_CC_snRNA_mouse,Oligodendrocyte,Ppargc1a,Fatty-acid supply / regulators,Cuprizone,Ctrl,0.011707166209816933,0.008509916253387928,0.41813779322453765,,2,4,"LPC + cuprizone CC (m, sn)  [Cuprizone vs Ctrl]"
LPC_Cuprizone_CC_snRNA_mouse,OPC,Hmgcs2,Synthesis (ketogenesis),LPC,Ctrl,0.0024691345170140266,0.005482662469148636,-0.9020106757427199,,2,4,"LPC + cuprizone CC (m, sn)  [LPC vs Ctrl]"
LPC_Cuprizone_CC_snRNA_mouse,OPC,Hmgcl,Synthesis (ketogenesis),LPC,Ctrl,0.21605908870697021,0.10918228328227997,0.9781955674757439,,2,4,"LPC + cuprizone CC (m, sn)  [LPC vs Ctrl]"
LPC_Cuprizone_CC_snRNA_mouse,OPC,Hmgcll1,Synthesis (ketogenesis),LPC,Ctrl,0.27508288621902466,0.14635805785655975,0.905775508855793,,2,4,"LPC + cuprizone CC (m, sn)  [LPC vs Ctrl]"
LPC_Cuprizone_CC_snRNA_mouse,OPC,Bdh1,Utilisation (ketolysis),LPC,Ctrl,0.20009109377861023,0.05779546871781349,1.7740723088075723,,2,4,"LPC + cuprizone CC (m, sn)  [LPC vs Ctrl]"
LPC_Cuprizone_CC_snRNA_mouse,OPC,Bdh2,Synthesis (ketogenesis),LPC,Ctrl,0.0006527789519168437,0.0015571248950436711,-0.629628839622315,,2,4,"LPC + cuprizone CC (m, sn)  [LPC vs Ctrl]"
LPC_Cuprizone_CC_snRNA_mouse,OPC,Oxct1,Utilisation (ketolysis),LPC,Ctrl,0.6018117070198059,0.3868294656276703,0.6362850179211736,,2,4,"LPC + cuprizone CC (m, sn)  [LPC vs Ctrl]"
LPC_Cuprizone_CC_snRNA_mouse,OPC,Acat1,Utilisation (ketolysis),LPC,Ctrl,0.2568722665309906,0.21713365614414215,0.24144424092663241,,2,4,"LPC + cuprizone CC (m, sn)  [LPC vs Ctrl]"
LPC_Cuprizone_CC_snRNA_mouse,OPC,Acss1,Acetate activation,LPC,Ctrl,0.2943034768104553,0.1705084890127182,0.7839183563712631,,2,4,"LPC + cuprizone CC (m, sn)  [LPC vs Ctrl]"
LPC_Cuprizone_CC_snRNA_mouse,OPC,Acss2,Acetate activation,LPC,Ctrl,0.1364668905735016,0.1303950548171997,0.06517320242877041,,2,4,"LPC + cuprizone CC (m, sn)  [LPC vs Ctrl]"
LPC_Cuprizone_CC_snRNA_mouse,OPC,Slc16a1,Ketone / lactate transport,LPC,Ctrl,0.025594916194677353,0.036265213042497635,-0.48667901668935615,,2,4,"LPC + cuprizone CC (m, sn)  [LPC vs Ctrl]"
LPC_Cuprizone_CC_snRNA_mouse,OPC,Slc16a7,Ketone / lactate transport,LPC,Ctrl,0.359291672706604,0.199040949344635,0.8488699508057198,,2,4,"LPC + cuprizone CC (m, sn)  [LPC vs Ctrl]"
LPC_Cuprizone_CC_snRNA_mouse,OPC,Slc16a3,Ketone / lactate transport,LPC,Ctrl,0.02174920216202736,0.008126347325742245,1.3177064841235782,,2,4,"LPC + cuprizone CC (m, sn)  [LPC vs Ctrl]"
LPC_Cuprizone_CC_snRNA_mouse,OPC,Slc16a6,Ketone / lactate transport,LPC,Ctrl,0.11907108128070831,0.05805468559265137,1.0237652871554352,,2,4,"LPC + cuprizone CC (m, sn)  [LPC vs Ctrl]"
LPC_Cuprizone_CC_snRNA_mouse,OPC,Slc5a8,Ketone / lactate transport,LPC,Ctrl,0.0,0.003415187355130911,-2.142474658843902,,2,4,"LPC + cuprizone CC (m, sn)  [LPC vs Ctrl]"
LPC_Cuprizone_CC_snRNA_mouse,OPC,Bsg,Ketone / lactate transport,LPC,Ctrl,0.4408687949180603,0.20750388503074646,1.0835437850602128,,2,4,"LPC + cuprizone CC (m, sn)  [LPC vs Ctrl]"
LPC_Cuprizone_CC_snRNA_mouse,OPC,Hcar2,Receptors,LPC,Ctrl,0.002464652294293046,0.0009364226134493947,0.8393167264508238,,2,4,"LPC + cuprizone CC (m, sn)  [LPC vs Ctrl]"
LPC_Cuprizone_CC_snRNA_mouse,OPC,Ffar3,Receptors,LPC,Ctrl,0.0,0.0,0.0,,2,4,"LPC + cuprizone CC (m, sn)  [LPC vs Ctrl]"
LPC_Cuprizone_CC_snRNA_mouse,OPC,Cpt1a,Fatty-acid supply / regulators,LPC,Ctrl,0.0822732001543045,0.030488861724734306,1.4030106600467414,,2,4,"LPC + cuprizone CC (m, sn)  [LPC vs Ctrl]"
LPC_Cuprizone_CC_snRNA_mouse,OPC,Cpt2,Fatty-acid supply / regulators,LPC,Ctrl,0.033762674778699875,0.03678053617477417,-0.12010408322009053,,2,4,"LPC + cuprizone CC (m, sn)  [LPC vs Ctrl]"
LPC_Cuprizone_CC_snRNA_mouse,OPC,Acadm,Fatty-acid supply / regulators,LPC,Ctrl,0.07480958104133606,0.058518487960100174,0.3490423161231604,,2,4,"LPC + cuprizone CC (m, sn)  [LPC vs Ctrl]"
LPC_Cuprizone_CC_snRNA_mouse,OPC,Hadha,Fatty-acid supply / regulators,LPC,Ctrl,0.25476929545402527,0.18645033240318298,0.4483346982816794,,2,4,"LPC + cuprizone CC (m, sn)  [LPC vs Ctrl]"
LPC_Cuprizone_CC_snRNA_mouse,OPC,Acaa2,Fatty-acid supply / regulators,LPC,Ctrl,0.013564011082053185,0.013000451028347015,0.05693443893860174,,2,4,"LPC + cuprizone CC (m, sn)  [LPC vs Ctrl]"
LPC_Cuprizone_CC_snRNA_mouse,OPC,Ppara,Fatty-acid supply / regulators,LPC,Ctrl,0.04647189751267433,0.023274052888154984,0.967658710843304,,2,4,"LPC + cuprizone CC (m, sn)  [LPC vs Ctrl]"
LPC_Cuprizone_CC_snRNA_mouse,OPC,Ppargc1a,Fatty-acid supply / regulators,LPC,Ctrl,0.06896545737981796,0.06504704058170319,0.08314890636745545,,2,4,"LPC + cuprizone CC (m, sn)  [LPC vs Ctrl]"
LPC_Cuprizone_CC_snRNA_mouse,OPC,Hmgcs2,Synthesis (ketogenesis),Cuprizone,Ctrl,0.0,0.005482662469148636,-2.696586458502066,,2,4,"LPC + cuprizone CC (m, sn)  [Cuprizone vs Ctrl]"
LPC_Cuprizone_CC_snRNA_mouse,OPC,Hmgcl,Synthesis (ketogenesis),Cuprizone,Ctrl,0.07471077144145966,0.10918228328227997,-0.5413217914817895,,2,4,"LPC + cuprizone CC (m, sn)  [Cuprizone vs Ctrl]"
LPC_Cuprizone_CC_snRNA_mouse,OPC,Hmgcll1,Synthesis (ketogenesis),Cuprizone,Ctrl,0.15054349601268768,0.14635805785655975,0.04040598315386997,,2,4,"LPC + cuprizone CC (m, sn)  [Cuprizone vs Ctrl]"
LPC_Cuprizone_CC_snRNA_mouse,OPC,Bdh1,Utilisation (ketolysis),Cuprizone,Ctrl,0.07676443457603455,0.05779546871781349,0.4034055191570005,,2,4,"LPC + cuprizone CC (m, sn)  [Cuprizone vs Ctrl]"
LPC_Cuprizone_CC_snRNA_mouse,OPC,Bdh2,Synthesis (ketogenesis),Cuprizone,Ctrl,0.0,0.0015571248950436711,-1.354522626383143,,2,4,"LPC + cuprizone CC (m, sn)  [Cuprizone vs Ctrl]"
LPC_Cuprizone_CC_snRNA_mouse,OPC,Oxct1,Utilisation (ketolysis),Cuprizone,Ctrl,0.44535356760025024,0.3868294656276703,0.20276453968117802,,2,4,"LPC + cuprizone CC (m, sn)  [Cuprizone vs Ctrl]"
LPC_Cuprizone_CC_snRNA_mouse,OPC,Acat1,Utilisation (ketolysis),Cuprizone,Ctrl,0.15738630294799805,0.21713365614414215,-0.4617648042448861,,2,4,"LPC + cuprizone CC (m, sn)  [Cuprizone vs Ctrl]"
LPC_Cuprizone_CC_snRNA_mouse,OPC,Acss1,Acetate activation,Cuprizone,Ctrl,0.19776755571365356,0.1705084890127182,0.21280230289862337,,2,4,"LPC + cuprizone CC (m, sn)  [Cuprizone vs Ctrl]"
LPC_Cuprizone_CC_snRNA_mouse,OPC,Acss2,Acetate activation,Cuprizone,Ctrl,0.09217505156993866,0.1303950548171997,-0.4958953618669875,,2,4,"LPC + cuprizone CC (m, sn)  [Cuprizone vs Ctrl]"
LPC_Cuprizone_CC_snRNA_mouse,OPC,Slc16a1,Ketone / lactate transport,Cuprizone,Ctrl,0.017930185422301292,0.036265213042497635,-0.9771409650697203,,2,4,"LPC + cuprizone CC (m, sn)  [Cuprizone vs Ctrl]"
LPC_Cuprizone_CC_snRNA_mouse,OPC,Slc16a7,Ketone / lactate transport,Cuprizone,Ctrl,0.4308958053588867,0.199040949344635,1.1103879480815593,,2,4,"LPC + cuprizone CC (m, sn)  [Cuprizone vs Ctrl]"
LPC_Cuprizone_CC_snRNA_mouse,OPC,Slc16a3,Ketone / lactate transport,Cuprizone,Ctrl,0.017321070656180382,0.008126347325742245,1.005394349583029,,2,4,"LPC + cuprizone CC (m, sn)  [Cuprizone vs Ctrl]"
LPC_Cuprizone_CC_snRNA_mouse,OPC,Slc16a6,Ketone / lactate transport,Cuprizone,Ctrl,0.05589640140533447,0.05805468559265137,-0.053714124764473264,,2,4,"LPC + cuprizone CC (m, sn)  [Cuprizone vs Ctrl]"
LPC_Cuprizone_CC_snRNA_mouse,OPC,Slc5a8,Ketone / lactate transport,Cuprizone,Ctrl,0.0009989028330892324,0.003415187355130911,-1.1432663146389928,,2,4,"LPC + cuprizone CC (m, sn)  [Cuprizone vs Ctrl]"
LPC_Cuprizone_CC_snRNA_mouse,OPC,Bsg,Ketone / lactate transport,Cuprizone,Ctrl,0.09788402169942856,0.20750388503074646,-1.0762649402897968,,2,4,"LPC + cuprizone CC (m, sn)  [Cuprizone vs Ctrl]"
LPC_Cuprizone_CC_snRNA_mouse,OPC,Hcar2,Receptors,Cuprizone,Ctrl,0.0016695939702913165,0.0009364226134493947,0.4632264859445209,,2,4,"LPC + cuprizone CC (m, sn)  [Cuprizone vs Ctrl]"
LPC_Cuprizone_CC_snRNA_mouse,OPC,Ffar3,Receptors,Cuprizone,Ctrl,0.0,0.0,0.0,,2,4,"LPC + cuprizone CC (m, sn)  [Cuprizone vs Ctrl]"
LPC_Cuprizone_CC_snRNA_mouse,OPC,Cpt1a,Fatty-acid supply / regulators,Cuprizone,Ctrl,0.045675937086343765,0.030488861724734306,0.5678373797657347,,2,4,"LPC + cuprizone CC (m, sn)  [Cuprizone vs Ctrl]"
LPC_Cuprizone_CC_snRNA_mouse,OPC,Cpt2,Fatty-acid supply / regulators,Cuprizone,Ctrl,0.033029720187187195,0.03678053617477417,-0.15084788770180294,,2,4,"LPC + cuprizone CC (m, sn)  [Cuprizone vs Ctrl]"
LPC_Cuprizone_CC_snRNA_mouse,OPC,Acadm,Fatty-acid supply / regulators,Cuprizone,Ctrl,0.050580576062202454,0.058518487960100174,-0.20650999038117424,,2,4,"LPC + cuprizone CC (m, sn)  [Cuprizone vs Ctrl]"
LPC_Cuprizone_CC_snRNA_mouse,OPC,Hadha,Fatty-acid supply / regulators,Cuprizone,Ctrl,0.17322488129138947,0.18645033240318298,-0.10555771205630494,,2,4,"LPC + cuprizone CC (m, sn)  [Cuprizone vs Ctrl]"
LPC_Cuprizone_CC_snRNA_mouse,OPC,Acaa2,Fatty-acid supply / regulators,Cuprizone,Ctrl,0.00972067005932331,0.013000451028347015,-0.3850782253316609,,2,4,"LPC + cuprizone CC (m, sn)  [Cuprizone vs Ctrl]"
LPC_Cuprizone_CC_snRNA_mouse,OPC,Ppara,Fatty-acid supply / regulators,Cuprizone,Ctrl,0.019385557621717453,0.023274052888154984,-0.25186758594423975,,2,4,"LPC + cuprizone CC (m, sn)  [Cuprizone vs Ctrl]"
LPC_Cuprizone_CC_snRNA_mouse,OPC,Ppargc1a,Fatty-acid supply / regulators,Cuprizone,Ctrl,0.06125795096158981,0.06504704058170319,-0.08523582352345598,,2,4,"LPC + cuprizone CC (m, sn)  [Cuprizone vs Ctrl]"
LPC_Cuprizone_CC_snRNA_mouse,Microglia,Hmgcs2,Synthesis (ketogenesis),LPC,Ctrl,0.0006418373668566346,0.0,0.7153112272072282,,2,4,"LPC + cuprizone CC (m, sn)  [LPC vs Ctrl]"
LPC_Cuprizone_CC_snRNA_mouse,Microglia,Hmgcl,Synthesis (ketogenesis),LPC,Ctrl,0.29148077964782715,0.22191280126571655,0.39186235225306815,,2,4,"LPC + cuprizone CC (m, sn)  [LPC vs Ctrl]"
LPC_Cuprizone_CC_snRNA_mouse,Microglia,Hmgcll1,Synthesis (ketogenesis),LPC,Ctrl,0.013348706066608429,0.01910422556102276,-0.4865781190204976,,2,4,"LPC + cuprizone CC (m, sn)  [LPC vs Ctrl]"
LPC_Cuprizone_CC_snRNA_mouse,Microglia,Bdh1,Utilisation (ketolysis),LPC,Ctrl,0.010910127311944962,0.005686903838068247,0.8327785591002099,,2,4,"LPC + cuprizone CC (m, sn)  [LPC vs Ctrl]"
LPC_Cuprizone_CC_snRNA_mouse,Microglia,Bdh2,Synthesis (ketogenesis),LPC,Ctrl,0.0015868116170167923,0.0016507210675626993,-0.035209870534639184,,2,4,"LPC + cuprizone CC (m, sn)  [LPC vs Ctrl]"
LPC_Cuprizone_CC_snRNA_mouse,Microglia,Oxct1,Utilisation (ketolysis),LPC,Ctrl,1.123586654663086,0.7879704236984253,0.5113517080512728,,2,4,"LPC + cuprizone CC (m, sn)  [LPC vs Ctrl]"
LPC_Cuprizone_CC_snRNA_mouse,Microglia,Acat1,Utilisation (ketolysis),LPC,Ctrl,0.16955110430717468,0.12963789701461792,0.38463062438324014,,2,4,"LPC + cuprizone CC (m, sn)  [LPC vs Ctrl]"
LPC_Cuprizone_CC_snRNA_mouse,Microglia,Acss1,Acetate activation,LPC,Ctrl,0.5975844860076904,0.3945828080177307,0.597575159737879,,2,4,"LPC + cuprizone CC (m, sn)  [LPC vs Ctrl]"
LPC_Cuprizone_CC_snRNA_mouse,Microglia,Acss2,Acetate activation,LPC,Ctrl,0.06334507465362549,0.08340571820735931,-0.3915110196453501,,2,4,"LPC + cuprizone CC (m, sn)  [LPC vs Ctrl]"
LPC_Cuprizone_CC_snRNA_mouse,Microglia,Slc16a1,Ketone / lactate transport,LPC,Ctrl,0.035062529146671295,0.04603038728237152,-0.38309263266160515,,2,4,"LPC + cuprizone CC (m, sn)  [LPC vs Ctrl]"
LPC_Cuprizone_CC_snRNA_mouse,Microglia,Slc16a7,Ketone / lactate transport,LPC,Ctrl,0.37121114134788513,0.3451530933380127,0.1047109994370637,,2,4,"LPC + cuprizone CC (m, sn)  [LPC vs Ctrl]"
LPC_Cuprizone_CC_snRNA_mouse,Microglia,Slc16a3,Ketone / lactate transport,LPC,Ctrl,0.07557296752929688,0.04974185675382614,0.593658857296417,,2,4,"LPC + cuprizone CC (m, sn)  [LPC vs Ctrl]"
LPC_Cuprizone_CC_snRNA_mouse,Microglia,Slc16a6,Ketone / lactate transport,LPC,Ctrl,0.5092530250549316,0.3425416946411133,0.5707276250501205,,2,4,"LPC + cuprizone CC (m, sn)  [LPC vs Ctrl]"
LPC_Cuprizone_CC_snRNA_mouse,Microglia,Slc5a8,Ketone / lactate transport,LPC,Ctrl,0.0,0.0,0.0,,2,4,"LPC + cuprizone CC (m, sn)  [LPC vs Ctrl]"
LPC_Cuprizone_CC_snRNA_mouse,Microglia,Bsg,Ketone / lactate transport,LPC,Ctrl,0.3414614796638489,0.1723504662513733,0.982250004843051,,2,4,"LPC + cuprizone CC (m, sn)  [LPC vs Ctrl]"
LPC_Cuprizone_CC_snRNA_mouse,Microglia,Hcar2,Receptors,LPC,Ctrl,0.02723672240972519,0.005395199172198772,2.142511440610894,,2,4,"LPC + cuprizone CC (m, sn)  [LPC vs Ctrl]"
LPC_Cuprizone_CC_snRNA_mouse,Microglia,Ffar3,Receptors,LPC,Ctrl,0.0,0.0009656589827500284,-0.9750130538405227,,2,4,"LPC + cuprizone CC (m, sn)  [LPC vs Ctrl]"
LPC_Cuprizone_CC_snRNA_mouse,Microglia,Cpt1a,Fatty-acid supply / regulators,LPC,Ctrl,0.18056973814964294,0.06516528874635696,1.4563773094631152,,2,4,"LPC + cuprizone CC (m, sn)  [LPC vs Ctrl]"
LPC_Cuprizone_CC_snRNA_mouse,Microglia,Cpt2,Fatty-acid supply / regulators,LPC,Ctrl,0.038740359246730804,0.030036717653274536,0.35662892373555366,,2,4,"LPC + cuprizone CC (m, sn)  [LPC vs Ctrl]"
LPC_Cuprizone_CC_snRNA_mouse,Microglia,Acadm,Fatty-acid supply / regulators,LPC,Ctrl,0.13700629770755768,0.11248940974473953,0.28217642487635836,,2,4,"LPC + cuprizone CC (m, sn)  [LPC vs Ctrl]"
LPC_Cuprizone_CC_snRNA_mouse,Microglia,Hadha,Fatty-acid supply / regulators,LPC,Ctrl,0.26298215985298157,0.13706588745117188,0.9350835236898231,,2,4,"LPC + cuprizone CC (m, sn)  [LPC vs Ctrl]"
LPC_Cuprizone_CC_snRNA_mouse,Microglia,Acaa2,Fatty-acid supply / regulators,LPC,Ctrl,0.06821499764919281,0.02309899404644966,1.5221117519504852,,2,4,"LPC + cuprizone CC (m, sn)  [LPC vs Ctrl]"
LPC_Cuprizone_CC_snRNA_mouse,Microglia,Ppara,Fatty-acid supply / regulators,LPC,Ctrl,0.0003504214982967824,0.0,0.4334097766038818,,2,4,"LPC + cuprizone CC (m, sn)  [LPC vs Ctrl]"
LPC_Cuprizone_CC_snRNA_mouse,Microglia,Ppargc1a,Fatty-acid supply / regulators,LPC,Ctrl,0.007198555860668421,0.006838380359113216,0.06481422603318442,,2,4,"LPC + cuprizone CC (m, sn)  [LPC vs Ctrl]"
LPC_Cuprizone_CC_snRNA_mouse,Microglia,Hmgcs2,Synthesis (ketogenesis),Cuprizone,Ctrl,0.0,0.0,0.0,,2,4,"LPC + cuprizone CC (m, sn)  [Cuprizone vs Ctrl]"
LPC_Cuprizone_CC_snRNA_mouse,Microglia,Hmgcl,Synthesis (ketogenesis),Cuprizone,Ctrl,0.11150041222572327,0.22191280126571655,-0.9865491811660072,,2,4,"LPC + cuprizone CC (m, sn)  [Cuprizone vs Ctrl]"
LPC_Cuprizone_CC_snRNA_mouse,Microglia,Hmgcll1,Synthesis (ketogenesis),Cuprizone,Ctrl,0.07005883008241653,0.01910422556102276,1.821515173373461,,2,4,"LPC + cuprizone CC (m, sn)  [Cuprizone vs Ctrl]"
LPC_Cuprizone_CC_snRNA_mouse,Microglia,Bdh1,Utilisation (ketolysis),Cuprizone,Ctrl,0.023973781615495682,0.005686903838068247,1.9010040199209162,,2,4,"LPC + cuprizone CC (m, sn)  [Cuprizone vs Ctrl]"
LPC_Cuprizone_CC_snRNA_mouse,Microglia,Bdh2,Synthesis (ketogenesis),Cuprizone,Ctrl,0.0,0.0016507210675626993,-1.4063848649935133,,2,4,"LPC + cuprizone CC (m, sn)  [Cuprizone vs Ctrl]"
LPC_Cuprizone_CC_snRNA_mouse,Microglia,Oxct1,Utilisation (ketolysis),Cuprizone,Ctrl,0.8128397464752197,0.7879704236984253,0.04477352213592796,,2,4,"LPC + cuprizone CC (m, sn)  [Cuprizone vs Ctrl]"
LPC_Cuprizone_CC_snRNA_mouse,Microglia,Acat1,Utilisation (ketolysis),Cuprizone,Ctrl,0.09435486048460007,0.12963789701461792,-0.45419508852006246,,2,4,"LPC + cuprizone CC (m, sn)  [Cuprizone vs Ctrl]"
LPC_Cuprizone_CC_snRNA_mouse,Microglia,Acss1,Acetate activation,Cuprizone,Ctrl,0.3899047076702118,0.3945828080177307,-0.017162768976810627,,2,4,"LPC + cuprizone CC (m, sn)  [Cuprizone vs Ctrl]"
LPC_Cuprizone_CC_snRNA_mouse,Microglia,Acss2,Acetate activation,Cuprizone,Ctrl,0.0745212510228157,0.08340571820735931,-0.16045807665064754,,2,4,"LPC + cuprizone CC (m, sn)  [Cuprizone vs Ctrl]"
LPC_Cuprizone_CC_snRNA_mouse,Microglia,Slc16a1,Ketone / lactate transport,Cuprizone,Ctrl,0.01452357042580843,0.04603038728237152,-1.5991327964655835,,2,4,"LPC + cuprizone CC (m, sn)  [Cuprizone vs Ctrl]"
LPC_Cuprizone_CC_snRNA_mouse,Microglia,Slc16a7,Ketone / lactate transport,Cuprizone,Ctrl,0.5503943562507629,0.3451530933380127,0.6716742602332532,,2,4,"LPC + cuprizone CC (m, sn)  [Cuprizone vs Ctrl]"
LPC_Cuprizone_CC_snRNA_mouse,Microglia,Slc16a3,Ketone / lactate transport,Cuprizone,Ctrl,0.024661904200911522,0.04974185675382614,-0.9835480843889656,,2,4,"LPC + cuprizone CC (m, sn)  [Cuprizone vs Ctrl]"
LPC_Cuprizone_CC_snRNA_mouse,Microglia,Slc16a6,Ketone / lactate transport,Cuprizone,Ctrl,0.24899019300937653,0.3425416946411133,-0.4586137055166198,,2,4,"LPC + cuprizone CC (m, sn)  [Cuprizone vs Ctrl]"
LPC_Cuprizone_CC_snRNA_mouse,Microglia,Slc5a8,Ketone / lactate transport,Cuprizone,Ctrl,0.0,0.0,0.0,,2,4,"LPC + cuprizone CC (m, sn)  [Cuprizone vs Ctrl]"
LPC_Cuprizone_CC_snRNA_mouse,Microglia,Bsg,Ketone / lactate transport,Cuprizone,Ctrl,0.09616144001483917,0.1723504662513733,-0.8352359396774158,,2,4,"LPC + cuprizone CC (m, sn)  [Cuprizone vs Ctrl]"
LPC_Cuprizone_CC_snRNA_mouse,Microglia,Hcar2,Receptors,Cuprizone,Ctrl,0.0043767415918409824,0.005395199172198772,-0.25025715429663814,,2,4,"LPC + cuprizone CC (m, sn)  [Cuprizone vs Ctrl]"
LPC_Cuprizone_CC_snRNA_mouse,Microglia,Ffar3,Receptors,Cuprizone,Ctrl,0.0,0.0009656589827500284,-0.9750130538405227,,2,4,"LPC + cuprizone CC (m, sn)  [Cuprizone vs Ctrl]"
LPC_Cuprizone_CC_snRNA_mouse,Microglia,Cpt1a,Fatty-acid supply / regulators,Cuprizone,Ctrl,0.07139749079942703,0.06516528874635696,0.1298651391782131,,2,4,"LPC + cuprizone CC (m, sn)  [Cuprizone vs Ctrl]"
LPC_Cuprizone_CC_snRNA_mouse,Microglia,Cpt2,Fatty-acid supply / regulators,Cuprizone,Ctrl,0.041894152760505676,0.030036717653274536,0.46680500536249286,,2,4,"LPC + cuprizone CC (m, sn)  [Cuprizone vs Ctrl]"
LPC_Cuprizone_CC_snRNA_mouse,Microglia,Acadm,Fatty-acid supply / regulators,Cuprizone,Ctrl,0.07794017344713211,0.11248940974473953,-0.5237260845911386,,2,4,"LPC + cuprizone CC (m, sn)  [Cuprizone vs Ctrl]"
LPC_Cuprizone_CC_snRNA_mouse,Microglia,Hadha,Fatty-acid supply / regulators,Cuprizone,Ctrl,0.14349818229675293,0.13706588745117188,0.06569443398809731,,2,4,"LPC + cuprizone CC (m, sn)  [Cuprizone vs Ctrl]"
LPC_Cuprizone_CC_snRNA_mouse,Microglia,Acaa2,Fatty-acid supply / regulators,Cuprizone,Ctrl,0.011857034638524055,0.02309899404644966,-0.9064149897729268,,2,4,"LPC + cuprizone CC (m, sn)  [Cuprizone vs Ctrl]"
LPC_Cuprizone_CC_snRNA_mouse,Microglia,Ppara,Fatty-acid supply / regulators,Cuprizone,Ctrl,0.005398262292146683,0.0,2.677680135908245,,2,4,"LPC + cuprizone CC (m, sn)  [Cuprizone vs Ctrl]"
LPC_Cuprizone_CC_snRNA_mouse,Microglia,Ppargc1a,Fatty-acid supply / regulators,Cuprizone,Ctrl,0.004037345293909311,0.006838380359113216,-0.6378919552130363,,2,4,"LPC + cuprizone CC (m, sn)  [Cuprizone vs Ctrl]"
LPC_Cuprizone_CC_snRNA_mouse,Astrocyte,Hmgcs2,Synthesis (ketogenesis),LPC,Ctrl,0.08092297613620758,0.10208671540021896,-0.3315183948637869,,2,4,"LPC + cuprizone CC (m, sn)  [LPC vs Ctrl]"
LPC_Cuprizone_CC_snRNA_mouse,Astrocyte,Hmgcl,Synthesis (ketogenesis),LPC,Ctrl,0.0981227457523346,0.08715125173330307,0.16923509572189235,,2,4,"LPC + cuprizone CC (m, sn)  [LPC vs Ctrl]"
LPC_Cuprizone_CC_snRNA_mouse,Astrocyte,Hmgcll1,Synthesis (ketogenesis),LPC,Ctrl,0.6158678531646729,0.2956150770187378,1.0563695328515892,,2,4,"LPC + cuprizone CC (m, sn)  [LPC vs Ctrl]"
LPC_Cuprizone_CC_snRNA_mouse,Astrocyte,Bdh1,Utilisation (ketolysis),LPC,Ctrl,0.1942865401506424,0.1310320347547531,0.5647045057203836,,2,4,"LPC + cuprizone CC (m, sn)  [LPC vs Ctrl]"
LPC_Cuprizone_CC_snRNA_mouse,Astrocyte,Bdh2,Synthesis (ketogenesis),LPC,Ctrl,0.04284343123435974,0.056340597569942474,-0.3871962299835205,,2,4,"LPC + cuprizone CC (m, sn)  [LPC vs Ctrl]"
LPC_Cuprizone_CC_snRNA_mouse,Astrocyte,Oxct1,Utilisation (ketolysis),LPC,Ctrl,0.8179695010185242,0.5933205485343933,0.4625684631690404,,2,4,"LPC + cuprizone CC (m, sn)  [LPC vs Ctrl]"
LPC_Cuprizone_CC_snRNA_mouse,Astrocyte,Acat1,Utilisation (ketolysis),LPC,Ctrl,0.313408225774765,0.2325362265110016,0.4289926024741539,,2,4,"LPC + cuprizone CC (m, sn)  [LPC vs Ctrl]"
LPC_Cuprizone_CC_snRNA_mouse,Astrocyte,Acss1,Acetate activation,LPC,Ctrl,0.5887445211410522,0.5994437336921692,-0.02593894980834644,,2,4,"LPC + cuprizone CC (m, sn)  [LPC vs Ctrl]"
LPC_Cuprizone_CC_snRNA_mouse,Astrocyte,Acss2,Acetate activation,LPC,Ctrl,0.2095382809638977,0.2300722301006317,-0.13426131531007784,,2,4,"LPC + cuprizone CC (m, sn)  [LPC vs Ctrl]"
LPC_Cuprizone_CC_snRNA_mouse,Astrocyte,Slc16a1,Ketone / lactate transport,LPC,Ctrl,0.22273428738117218,0.08210855722427368,1.4287174309981279,,2,4,"LPC + cuprizone CC (m, sn)  [LPC vs Ctrl]"
LPC_Cuprizone_CC_snRNA_mouse,Astrocyte,Slc16a7,Ketone / lactate transport,LPC,Ctrl,0.03724899888038635,0.06477383524179459,-0.7820918080383376,,2,4,"LPC + cuprizone CC (m, sn)  [LPC vs Ctrl]"
LPC_Cuprizone_CC_snRNA_mouse,Astrocyte,Slc16a3,Ketone / lactate transport,LPC,Ctrl,0.011226453818380833,0.0,3.611934117681562,,2,4,"LPC + cuprizone CC (m, sn)  [LPC vs Ctrl]"
LPC_Cuprizone_CC_snRNA_mouse,Astrocyte,Slc16a6,Ketone / lactate transport,LPC,Ctrl,0.18108372390270233,0.06576775014400482,1.447378636441972,,2,4,"LPC + cuprizone CC (m, sn)  [LPC vs Ctrl]"
LPC_Cuprizone_CC_snRNA_mouse,Astrocyte,Slc5a8,Ketone / lactate transport,LPC,Ctrl,0.0,0.0009676728514023125,-0.9764903757111587,,2,4,"LPC + cuprizone CC (m, sn)  [LPC vs Ctrl]"
LPC_Cuprizone_CC_snRNA_mouse,Astrocyte,Bsg,Ketone / lactate transport,LPC,Ctrl,0.36019840836524963,0.28273314237594604,0.3482568563821294,,2,4,"LPC + cuprizone CC (m, sn)  [LPC vs Ctrl]"
LPC_Cuprizone_CC_snRNA_mouse,Astrocyte,Hcar2,Receptors,LPC,Ctrl,0.011507147923111916,0.0,3.6446809358464294,,2,4,"LPC + cuprizone CC (m, sn)  [LPC vs Ctrl]"
LPC_Cuprizone_CC_snRNA_mouse,Astrocyte,Ffar3,Receptors,LPC,Ctrl,0.0,0.0,0.0,,2,4,"LPC + cuprizone CC (m, sn)  [LPC vs Ctrl]"
LPC_Cuprizone_CC_snRNA_mouse,Astrocyte,Cpt1a,Fatty-acid supply / regulators,LPC,Ctrl,0.25541168451309204,0.16317805647850037,0.6432006921965339,,2,4,"LPC + cuprizone CC (m, sn)  [LPC vs Ctrl]"
LPC_Cuprizone_CC_snRNA_mouse,Astrocyte,Cpt2,Fatty-acid supply / regulators,LPC,Ctrl,0.07556171715259552,0.024746034294366837,1.572272958821169,,2,4,"LPC + cuprizone CC (m, sn)  [LPC vs Ctrl]"
LPC_Cuprizone_CC_snRNA_mouse,Astrocyte,Acadm,Fatty-acid supply / regulators,LPC,Ctrl,0.17032578587532043,0.0977851152420044,0.7943767240050665,,2,4,"LPC + cuprizone CC (m, sn)  [LPC vs Ctrl]"
LPC_Cuprizone_CC_snRNA_mouse,Astrocyte,Hadha,Fatty-acid supply / regulators,LPC,Ctrl,0.2806399464607239,0.22194525599479675,0.33716247226688106,,2,4,"LPC + cuprizone CC (m, sn)  [LPC vs Ctrl]"
LPC_Cuprizone_CC_snRNA_mouse,Astrocyte,Acaa2,Fatty-acid supply / regulators,LPC,Ctrl,0.09028920531272888,0.054355449974536896,0.7217189124017883,,2,4,"LPC + cuprizone CC (m, sn)  [LPC vs Ctrl]"
LPC_Cuprizone_CC_snRNA_mouse,Astrocyte,Ppara,Fatty-acid supply / regulators,LPC,Ctrl,0.24911527335643768,0.32102009654045105,-0.3645575676899822,,2,4,"LPC + cuprizone CC (m, sn)  [LPC vs Ctrl]"
LPC_Cuprizone_CC_snRNA_mouse,Astrocyte,Ppargc1a,Fatty-acid supply / regulators,LPC,Ctrl,0.40680503845214844,0.4674820899963379,-0.20011429487671642,,2,4,"LPC + cuprizone CC (m, sn)  [LPC vs Ctrl]"
LPC_Cuprizone_CC_snRNA_mouse,Astrocyte,Hmgcs2,Synthesis (ketogenesis),Cuprizone,Ctrl,0.009140326641499996,0.10208671540021896,-3.3456823966870735,,2,4,"LPC + cuprizone CC (m, sn)  [Cuprizone vs Ctrl]"
LPC_Cuprizone_CC_snRNA_mouse,Astrocyte,Hmgcl,Synthesis (ketogenesis),Cuprizone,Ctrl,0.04330012947320938,0.08715125173330307,-0.9926701404628965,,2,4,"LPC + cuprizone CC (m, sn)  [Cuprizone vs Ctrl]"
LPC_Cuprizone_CC_snRNA_mouse,Astrocyte,Hmgcll1,Synthesis (ketogenesis),Cuprizone,Ctrl,0.6766135692596436,0.2956150770187378,1.1918708328225653,,2,4,"LPC + cuprizone CC (m, sn)  [Cuprizone vs Ctrl]"
LPC_Cuprizone_CC_snRNA_mouse,Astrocyte,Bdh1,Utilisation (ketolysis),Cuprizone,Ctrl,0.14530155062675476,0.1310320347547531,0.14805704924170754,,2,4,"LPC + cuprizone CC (m, sn)  [Cuprizone vs Ctrl]"
LPC_Cuprizone_CC_snRNA_mouse,Astrocyte,Bdh2,Synthesis (ketogenesis),Cuprizone,Ctrl,0.02475322037935257,0.056340597569942474,-1.154804090392793,,2,4,"LPC + cuprizone CC (m, sn)  [Cuprizone vs Ctrl]"
LPC_Cuprizone_CC_snRNA_mouse,Astrocyte,Oxct1,Utilisation (ketolysis),Cuprizone,Ctrl,0.5044447779655457,0.5933205485343933,-0.2336877827057883,,2,4,"LPC + cuprizone CC (m, sn)  [Cuprizone vs Ctrl]"
LPC_Cuprizone_CC_snRNA_mouse,Astrocyte,Acat1,Utilisation (ketolysis),Cuprizone,Ctrl,0.1904798448085785,0.2325362265110016,-0.2864538185553016,,2,4,"LPC + cuprizone CC (m, sn)  [Cuprizone vs Ctrl]"
LPC_Cuprizone_CC_snRNA_mouse,Astrocyte,Acss1,Acetate activation,Cuprizone,Ctrl,0.5524474382400513,0.5994437336921692,-0.11758275184330623,,2,4,"LPC + cuprizone CC (m, sn)  [Cuprizone vs Ctrl]"
LPC_Cuprizone_CC_snRNA_mouse,Astrocyte,Acss2,Acetate activation,Cuprizone,Ctrl,0.12079769372940063,0.2300722301006317,-0.9238570736865408,,2,4,"LPC + cuprizone CC (m, sn)  [Cuprizone vs Ctrl]"
LPC_Cuprizone_CC_snRNA_mouse,Astrocyte,Slc16a1,Ketone / lactate transport,Cuprizone,Ctrl,0.1356891691684723,0.08210855722427368,0.7178299967196351,,2,4,"LPC + cuprizone CC (m, sn)  [Cuprizone vs Ctrl]"
LPC_Cuprizone_CC_snRNA_mouse,Astrocyte,Slc16a7,Ketone / lactate transport,Cuprizone,Ctrl,0.0569024384021759,0.06477383524179459,-0.18388969096962726,,2,4,"LPC + cuprizone CC (m, sn)  [Cuprizone vs Ctrl]"
LPC_Cuprizone_CC_snRNA_mouse,Astrocyte,Slc16a3,Ketone / lactate transport,Cuprizone,Ctrl,0.006851601414382458,0.0,2.972986936419799,,2,4,"LPC + cuprizone CC (m, sn)  [Cuprizone vs Ctrl]"
LPC_Cuprizone_CC_snRNA_mouse,Astrocyte,Slc16a6,Ketone / lactate transport,Cuprizone,Ctrl,0.11294209957122803,0.06576775014400482,0.7710775635706474,,2,4,"LPC + cuprizone CC (m, sn)  [Cuprizone vs Ctrl]"
LPC_Cuprizone_CC_snRNA_mouse,Astrocyte,Slc5a8,Ketone / lactate transport,Cuprizone,Ctrl,0.0,0.0009676728514023125,-0.9764903757111587,,2,4,"LPC + cuprizone CC (m, sn)  [Cuprizone vs Ctrl]"
LPC_Cuprizone_CC_snRNA_mouse,Astrocyte,Bsg,Ketone / lactate transport,Cuprizone,Ctrl,0.10275302082300186,0.28273314237594604,-1.4513813372738884,,2,4,"LPC + cuprizone CC (m, sn)  [Cuprizone vs Ctrl]"
LPC_Cuprizone_CC_snRNA_mouse,Astrocyte,Hcar2,Receptors,Cuprizone,Ctrl,0.0,0.0,0.0,,2,4,"LPC + cuprizone CC (m, sn)  [Cuprizone vs Ctrl]"
LPC_Cuprizone_CC_snRNA_mouse,Astrocyte,Ffar3,Receptors,Cuprizone,Ctrl,0.0,0.0,0.0,,2,4,"LPC + cuprizone CC (m, sn)  [Cuprizone vs Ctrl]"
LPC_Cuprizone_CC_snRNA_mouse,Astrocyte,Cpt1a,Fatty-acid supply / regulators,Cuprizone,Ctrl,0.12183047831058502,0.16317805647850037,-0.4185927283697944,,2,4,"LPC + cuprizone CC (m, sn)  [Cuprizone vs Ctrl]"
LPC_Cuprizone_CC_snRNA_mouse,Astrocyte,Cpt2,Fatty-acid supply / regulators,Cuprizone,Ctrl,0.019414974376559258,0.024746034294366837,-0.33472247183274173,,2,4,"LPC + cuprizone CC (m, sn)  [Cuprizone vs Ctrl]"
LPC_Cuprizone_CC_snRNA_mouse,Astrocyte,Acadm,Fatty-acid supply / regulators,Cuprizone,Ctrl,0.04418734461069107,0.0977851152420044,-1.1283748946096956,,2,4,"LPC + cuprizone CC (m, sn)  [Cuprizone vs Ctrl]"
LPC_Cuprizone_CC_snRNA_mouse,Astrocyte,Hadha,Fatty-acid supply / regulators,Cuprizone,Ctrl,0.24830928444862366,0.22194525599479675,0.16124710960782337,,2,4,"LPC + cuprizone CC (m, sn)  [Cuprizone vs Ctrl]"
LPC_Cuprizone_CC_snRNA_mouse,Astrocyte,Acaa2,Fatty-acid supply / regulators,Cuprizone,Ctrl,0.058314498513936996,0.054355449974536896,0.0996594290861913,,2,4,"LPC + cuprizone CC (m, sn)  [Cuprizone vs Ctrl]"
LPC_Cuprizone_CC_snRNA_mouse,Astrocyte,Ppara,Fatty-acid supply / regulators,Cuprizone,Ctrl,0.1523427814245224,0.32102009654045105,-1.070390472786884,,2,4,"LPC + cuprizone CC (m, sn)  [Cuprizone vs Ctrl]"
LPC_Cuprizone_CC_snRNA_mouse,Astrocyte,Ppargc1a,Fatty-acid supply / regulators,Cuprizone,Ctrl,0.31606289744377136,0.4674820899963379,-0.5632248311120142,,2,4,"LPC + cuprizone CC (m, sn)  [Cuprizone vs Ctrl]"
LPC_Cuprizone_CC_snRNA_mouse,Neuron,Hmgcs2,Synthesis (ketogenesis),LPC,Ctrl,0.0013756706612184644,0.0004895987804047763,0.6734110526388478,,2,4,"LPC + cuprizone CC (m, sn)  [LPC vs Ctrl]"
LPC_Cuprizone_CC_snRNA_mouse,Neuron,Hmgcl,Synthesis (ketogenesis),LPC,Ctrl,0.1504005491733551,0.1177089735865593,0.3509414414225378,,2,4,"LPC + cuprizone CC (m, sn)  [LPC vs Ctrl]"
LPC_Cuprizone_CC_snRNA_mouse,Neuron,Hmgcll1,Synthesis (ketogenesis),LPC,Ctrl,0.8174329996109009,0.7292179465293884,0.1645371901604019,,2,4,"LPC + cuprizone CC (m, sn)  [LPC vs Ctrl]"
LPC_Cuprizone_CC_snRNA_mouse,Neuron,Bdh1,Utilisation (ketolysis),LPC,Ctrl,0.19751477241516113,0.1750148981809616,0.17354882303267805,,2,4,"LPC + cuprizone CC (m, sn)  [LPC vs Ctrl]"
LPC_Cuprizone_CC_snRNA_mouse,Neuron,Bdh2,Synthesis (ketogenesis),LPC,Ctrl,0.007231971248984337,0.0010456566233187914,2.0086739437565777,,2,4,"LPC + cuprizone CC (m, sn)  [LPC vs Ctrl]"
LPC_Cuprizone_CC_snRNA_mouse,Neuron,Oxct1,Utilisation (ketolysis),LPC,Ctrl,0.9870958924293518,0.9091386198997498,0.11856476515763734,,2,4,"LPC + cuprizone CC (m, sn)  [LPC vs Ctrl]"
LPC_Cuprizone_CC_snRNA_mouse,Neuron,Acat1,Utilisation (ketolysis),LPC,Ctrl,0.4338317811489105,0.40858858823776245,0.08628186824151979,,2,4,"LPC + cuprizone CC (m, sn)  [LPC vs Ctrl]"
LPC_Cuprizone_CC_snRNA_mouse,Neuron,Acss1,Acetate activation,LPC,Ctrl,0.11106383800506592,0.11778032034635544,-0.08397502014536141,,2,4,"LPC + cuprizone CC (m, sn)  [LPC vs Ctrl]"
LPC_Cuprizone_CC_snRNA_mouse,Neuron,Acss2,Acetate activation,LPC,Ctrl,0.23217080533504486,0.2286577820777893,0.021901493144781282,,2,4,"LPC + cuprizone CC (m, sn)  [LPC vs Ctrl]"
LPC_Cuprizone_CC_snRNA_mouse,Neuron,Slc16a1,Ketone / lactate transport,LPC,Ctrl,0.07584376633167267,0.04768922179937363,0.6583257891530517,,2,4,"LPC + cuprizone CC (m, sn)  [LPC vs Ctrl]"
LPC_Cuprizone_CC_snRNA_mouse,Neuron,Slc16a7,Ketone / lactate transport,LPC,Ctrl,0.4475093483924866,0.47702065110206604,-0.0919348899075778,,2,4,"LPC + cuprizone CC (m, sn)  [LPC vs Ctrl]"
LPC_Cuprizone_CC_snRNA_mouse,Neuron,Slc16a3,Ketone / lactate transport,LPC,Ctrl,0.01106010377407074,0.004774882458150387,1.0623788339564604,,2,4,"LPC + cuprizone CC (m, sn)  [LPC vs Ctrl]"
LPC_Cuprizone_CC_snRNA_mouse,Neuron,Slc16a6,Ketone / lactate transport,LPC,Ctrl,0.1978231966495514,0.0986253023147583,0.996901983460858,,2,4,"LPC + cuprizone CC (m, sn)  [LPC vs Ctrl]"
LPC_Cuprizone_CC_snRNA_mouse,Neuron,Slc5a8,Ketone / lactate transport,LPC,Ctrl,0.0024930001236498356,0.0020994096994400024,0.17247322178231464,,2,4,"LPC + cuprizone CC (m, sn)  [LPC vs Ctrl]"
LPC_Cuprizone_CC_snRNA_mouse,Neuron,Bsg,Ketone / lactate transport,LPC,Ctrl,0.33387500047683716,0.2237747311592102,0.5751428190770789,,2,4,"LPC + cuprizone CC (m, sn)  [LPC vs Ctrl]"
LPC_Cuprizone_CC_snRNA_mouse,Neuron,Hcar2,Receptors,LPC,Ctrl,0.0,0.0003504559863358736,-0.4334466207208421,,2,4,"LPC + cuprizone CC (m, sn)  [LPC vs Ctrl]"
LPC_Cuprizone_CC_snRNA_mouse,Neuron,Ffar3,Receptors,LPC,Ctrl,0.0015746660064905882,0.0,1.364385293642675,,2,4,"LPC + cuprizone CC (m, sn)  [LPC vs Ctrl]"
LPC_Cuprizone_CC_snRNA_mouse,Neuron,Cpt1a,Fatty-acid supply / regulators,LPC,Ctrl,0.015641137957572937,0.011459941044449806,0.4174568493972408,,2,4,"LPC + cuprizone CC (m, sn)  [LPC vs Ctrl]"
LPC_Cuprizone_CC_snRNA_mouse,Neuron,Cpt2,Fatty-acid supply / regulators,LPC,Ctrl,0.01200106367468834,0.003850000910460949,1.4225727381223694,,2,4,"LPC + cuprizone CC (m, sn)  [LPC vs Ctrl]"
LPC_Cuprizone_CC_snRNA_mouse,Neuron,Acadm,Fatty-acid supply / regulators,LPC,Ctrl,0.06034351512789726,0.055907316505908966,0.10829668875745942,,2,4,"LPC + cuprizone CC (m, sn)  [LPC vs Ctrl]"
LPC_Cuprizone_CC_snRNA_mouse,Neuron,Hadha,Fatty-acid supply / regulators,LPC,Ctrl,0.1577463150024414,0.14999210834503174,0.07224995425413139,,2,4,"LPC + cuprizone CC (m, sn)  [LPC vs Ctrl]"
LPC_Cuprizone_CC_snRNA_mouse,Neuron,Acaa2,Fatty-acid supply / regulators,LPC,Ctrl,0.03513052314519882,0.012969288975000381,1.3709595534983061,,2,4,"LPC + cuprizone CC (m, sn)  [LPC vs Ctrl]"
LPC_Cuprizone_CC_snRNA_mouse,Neuron,Ppara,Fatty-acid supply / regulators,LPC,Ctrl,0.003229606430977583,0.012154955416917801,-1.6370110285994952,,2,4,"LPC + cuprizone CC (m, sn)  [LPC vs Ctrl]"
LPC_Cuprizone_CC_snRNA_mouse,Neuron,Ppargc1a,Fatty-acid supply / regulators,LPC,Ctrl,0.48095470666885376,0.3559488356113434,0.43318027483359256,,2,4,"LPC + cuprizone CC (m, sn)  [LPC vs Ctrl]"
LPC_Cuprizone_CC_snRNA_mouse,Neuron,Hmgcs2,Synthesis (ketogenesis),Cuprizone,Ctrl,0.0,0.0004895987804047763,-0.5749237968166071,,2,4,"LPC + cuprizone CC (m, sn)  [Cuprizone vs Ctrl]"
LPC_Cuprizone_CC_snRNA_mouse,Neuron,Hmgcl,Synthesis (ketogenesis),Cuprizone,Ctrl,0.06991758942604065,0.1177089735865593,-0.7432135937335033,,2,4,"LPC + cuprizone CC (m, sn)  [Cuprizone vs Ctrl]"
LPC_Cuprizone_CC_snRNA_mouse,Neuron,Hmgcll1,Synthesis (ketogenesis),Cuprizone,Ctrl,0.6053876876831055,0.7292179465293884,-0.2680866654514634,,2,4,"LPC + cuprizone CC (m, sn)  [Cuprizone vs Ctrl]"
LPC_Cuprizone_CC_snRNA_mouse,Neuron,Bdh1,Utilisation (ketolysis),Cuprizone,Ctrl,0.12445752322673798,0.1750148981809616,-0.48849855957155863,,2,4,"LPC + cuprizone CC (m, sn)  [Cuprizone vs Ctrl]"
LPC_Cuprizone_CC_snRNA_mouse,Neuron,Bdh2,Synthesis (ketogenesis),Cuprizone,Ctrl,0.0014188403729349375,0.0010456566233187914,0.24175156464626552,,2,4,"LPC + cuprizone CC (m, sn)  [Cuprizone vs Ctrl]"
LPC_Cuprizone_CC_snRNA_mouse,Neuron,Oxct1,Utilisation (ketolysis),Cuprizone,Ctrl,0.711179256439209,0.9091386198997498,-0.35384587857022587,,2,4,"LPC + cuprizone CC (m, sn)  [Cuprizone vs Ctrl]"
LPC_Cuprizone_CC_snRNA_mouse,Neuron,Acat1,Utilisation (ketolysis),Cuprizone,Ctrl,0.32413220405578613,0.40858858823776245,-0.3331490594485082,,2,4,"LPC + cuprizone CC (m, sn)  [Cuprizone vs Ctrl]"
LPC_Cuprizone_CC_snRNA_mouse,Neuron,Acss1,Acetate activation,Cuprizone,Ctrl,0.10090088844299316,0.11778032034635544,-0.22112919866243314,,2,4,"LPC + cuprizone CC (m, sn)  [Cuprizone vs Ctrl]"
LPC_Cuprizone_CC_snRNA_mouse,Neuron,Acss2,Acetate activation,Cuprizone,Ctrl,0.2012849897146225,0.2286577820777893,-0.18309640026229565,,2,4,"LPC + cuprizone CC (m, sn)  [Cuprizone vs Ctrl]"
LPC_Cuprizone_CC_snRNA_mouse,Neuron,Slc16a1,Ketone / lactate transport,Cuprizone,Ctrl,0.03975123167037964,0.04768922179937363,-0.25675877797289093,,2,4,"LPC + cuprizone CC (m, sn)  [Cuprizone vs Ctrl]"
LPC_Cuprizone_CC_snRNA_mouse,Neuron,Slc16a7,Ketone / lactate transport,Cuprizone,Ctrl,0.49227046966552734,0.47702065110206604,0.0453059751191214,,2,4,"LPC + cuprizone CC (m, sn)  [Cuprizone vs Ctrl]"
LPC_Cuprizone_CC_snRNA_mouse,Neuron,Slc16a3,Ketone / lactate transport,Cuprizone,Ctrl,0.004064430482685566,0.004774882458150387,-0.18939154144658948,,2,4,"LPC + cuprizone CC (m, sn)  [Cuprizone vs Ctrl]"
LPC_Cuprizone_CC_snRNA_mouse,Neuron,Slc16a6,Ketone / lactate transport,Cuprizone,Ctrl,0.06558405607938766,0.0986253023147583,-0.5813354396517815,,2,4,"LPC + cuprizone CC (m, sn)  [Cuprizone vs Ctrl]"
LPC_Cuprizone_CC_snRNA_mouse,Neuron,Slc5a8,Ketone / lactate transport,Cuprizone,Ctrl,0.0024359263479709625,0.0020994096994400024,0.14870563938101183,,2,4,"LPC + cuprizone CC (m, sn)  [Cuprizone vs Ctrl]"
LPC_Cuprizone_CC_snRNA_mouse,Neuron,Bsg,Ketone / lactate transport,Cuprizone,Ctrl,0.08031782507896423,0.2237747311592102,-1.4668363244573213,,2,4,"LPC + cuprizone CC (m, sn)  [Cuprizone vs Ctrl]"
LPC_Cuprizone_CC_snRNA_mouse,Neuron,Hcar2,Receptors,Cuprizone,Ctrl,0.0,0.0003504559863358736,-0.4334466207208421,,2,4,"LPC + cuprizone CC (m, sn)  [Cuprizone vs Ctrl]"
LPC_Cuprizone_CC_snRNA_mouse,Neuron,Ffar3,Receptors,Cuprizone,Ctrl,0.0,0.0,0.0,,2,4,"LPC + cuprizone CC (m, sn)  [Cuprizone vs Ctrl]"
LPC_Cuprizone_CC_snRNA_mouse,Neuron,Cpt1a,Fatty-acid supply / regulators,Cuprizone,Ctrl,0.007698709610849619,0.011459941044449806,-0.518423933290449,,2,4,"LPC + cuprizone CC (m, sn)  [Cuprizone vs Ctrl]"
LPC_Cuprizone_CC_snRNA_mouse,Neuron,Cpt2,Fatty-acid supply / regulators,Cuprizone,Ctrl,0.004664419684559107,0.003850000910460949,0.2239431424907914,,2,4,"LPC + cuprizone CC (m, sn)  [Cuprizone vs Ctrl]"
LPC_Cuprizone_CC_snRNA_mouse,Neuron,Acadm,Fatty-acid supply / regulators,Cuprizone,Ctrl,0.05367163568735123,0.055907316505908966,-0.05782161074298361,,2,4,"LPC + cuprizone CC (m, sn)  [Cuprizone vs Ctrl]"
LPC_Cuprizone_CC_snRNA_mouse,Neuron,Hadha,Fatty-acid supply / regulators,Cuprizone,Ctrl,0.14666227996349335,0.14999210834503174,-0.03217180898466079,,2,4,"LPC + cuprizone CC (m, sn)  [Cuprizone vs Ctrl]"
LPC_Cuprizone_CC_snRNA_mouse,Neuron,Acaa2,Fatty-acid supply / regulators,Cuprizone,Ctrl,0.011746006086468697,0.012969288975000381,-0.13221333588002657,,2,4,"LPC + cuprizone CC (m, sn)  [Cuprizone vs Ctrl]"
LPC_Cuprizone_CC_snRNA_mouse,Neuron,Ppara,Fatty-acid supply / regulators,Cuprizone,Ctrl,0.0017131457570940256,0.012154955416917801,-2.2775678990525883,,2,4,"LPC + cuprizone CC (m, sn)  [Cuprizone vs Ctrl]"
LPC_Cuprizone_CC_snRNA_mouse,Neuron,Ppargc1a,Fatty-acid supply / regulators,Cuprizone,Ctrl,0.271639883518219,0.3559488356113434,-0.3887206715195192,,2,4,"LPC + cuprizone CC (m, sn)  [Cuprizone vs Ctrl]"
LPC_Cuprizone_CC_snRNA_mouse,Vascular/Fibroblast,Hmgcs2,Synthesis (ketogenesis),LPC,Ctrl,0.04304642975330353,0.0,5.460953179051214,,2,2,"LPC + cuprizone CC (m, sn)  [LPC vs Ctrl]"
LPC_Cuprizone_CC_snRNA_mouse,Vascular/Fibroblast,Hmgcl,Synthesis (ketogenesis),LPC,Ctrl,0.09362183511257172,0.16874077916145325,-0.843088158873405,,2,2,"LPC + cuprizone CC (m, sn)  [LPC vs Ctrl]"
LPC_Cuprizone_CC_snRNA_mouse,Vascular/Fibroblast,Hmgcll1,Synthesis (ketogenesis),LPC,Ctrl,0.02601497806608677,0.0583532340824604,-1.1355671320147296,,2,2,"LPC + cuprizone CC (m, sn)  [LPC vs Ctrl]"
LPC_Cuprizone_CC_snRNA_mouse,Vascular/Fibroblast,Bdh1,Utilisation (ketolysis),LPC,Ctrl,0.04800742119550705,0.051146019250154495,-0.08955689061541346,,2,2,"LPC + cuprizone CC (m, sn)  [LPC vs Ctrl]"
LPC_Cuprizone_CC_snRNA_mouse,Vascular/Fibroblast,Bdh2,Synthesis (ketogenesis),LPC,Ctrl,0.0042887963354587555,0.0,2.4029394201739174,,2,2,"LPC + cuprizone CC (m, sn)  [LPC vs Ctrl]"
LPC_Cuprizone_CC_snRNA_mouse,Vascular/Fibroblast,Oxct1,Utilisation (ketolysis),LPC,Ctrl,0.35117048025131226,0.28535714745521545,0.2984583706996173,,2,2,"LPC + cuprizone CC (m, sn)  [LPC vs Ctrl]"
LPC_Cuprizone_CC_snRNA_mouse,Vascular/Fibroblast,Acat1,Utilisation (ketolysis),LPC,Ctrl,0.13416093587875366,0.033536601811647415,1.9684802024508625,,2,2,"LPC + cuprizone CC (m, sn)  [LPC vs Ctrl]"
LPC_Cuprizone_CC_snRNA_mouse,Vascular/Fibroblast,Acss1,Acetate activation,LPC,Ctrl,0.08308372646570206,0.0,6.393754703702856,,2,2,"LPC + cuprizone CC (m, sn)  [LPC vs Ctrl]"
LPC_Cuprizone_CC_snRNA_mouse,Vascular/Fibroblast,Acss2,Acetate activation,LPC,Ctrl,0.026383740827441216,0.15885856747627258,-2.545404617839204,,2,2,"LPC + cuprizone CC (m, sn)  [LPC vs Ctrl]"
LPC_Cuprizone_CC_snRNA_mouse,Vascular/Fibroblast,Slc16a1,Ketone / lactate transport,LPC,Ctrl,0.058898650109767914,0.16019931435585022,-1.4282502119546037,,2,2,"LPC + cuprizone CC (m, sn)  [LPC vs Ctrl]"
LPC_Cuprizone_CC_snRNA_mouse,Vascular/Fibroblast,Slc16a7,Ketone / lactate transport,LPC,Ctrl,0.04527883976697922,0.08457650989294052,-0.8868621462182121,,2,2,"LPC + cuprizone CC (m, sn)  [LPC vs Ctrl]"
LPC_Cuprizone_CC_snRNA_mouse,Vascular/Fibroblast,Slc16a3,Ketone / lactate transport,LPC,Ctrl,0.04433269798755646,0.0,5.5024801210448135,,2,2,"LPC + cuprizone CC (m, sn)  [LPC vs Ctrl]"
LPC_Cuprizone_CC_snRNA_mouse,Vascular/Fibroblast,Slc16a6,Ketone / lactate transport,LPC,Ctrl,0.0799662321805954,0.05683846399188042,0.4852911029358495,,2,2,"LPC + cuprizone CC (m, sn)  [LPC vs Ctrl]"
LPC_Cuprizone_CC_snRNA_mouse,Vascular/Fibroblast,Slc5a8,Ketone / lactate transport,LPC,Ctrl,0.0,0.0,0.0,,2,2,"LPC + cuprizone CC (m, sn)  [LPC vs Ctrl]"
LPC_Cuprizone_CC_snRNA_mouse,Vascular/Fibroblast,Bsg,Ketone / lactate transport,LPC,Ctrl,0.6548894643783569,0.8906632661819458,-0.4430462826894705,,2,2,"LPC + cuprizone CC (m, sn)  [LPC vs Ctrl]"
LPC_Cuprizone_CC_snRNA_mouse,Vascular/Fibroblast,Hcar2,Receptors,LPC,Ctrl,0.008179236203432083,0.0,3.1983741131854164,,2,2,"LPC + cuprizone CC (m, sn)  [LPC vs Ctrl]"
LPC_Cuprizone_CC_snRNA_mouse,Vascular/Fibroblast,Ffar3,Receptors,LPC,Ctrl,0.0,0.0,0.0,,2,2,"LPC + cuprizone CC (m, sn)  [LPC vs Ctrl]"
LPC_Cuprizone_CC_snRNA_mouse,Vascular/Fibroblast,Cpt1a,Fatty-acid supply / regulators,LPC,Ctrl,0.03130082041025162,0.08038780093193054,-1.3332417593124022,,2,2,"LPC + cuprizone CC (m, sn)  [LPC vs Ctrl]"
LPC_Cuprizone_CC_snRNA_mouse,Vascular/Fibroblast,Cpt2,Fatty-acid supply / regulators,LPC,Ctrl,0.025059103965759277,0.042181164026260376,-0.7286146561993841,,2,2,"LPC + cuprizone CC (m, sn)  [LPC vs Ctrl]"
LPC_Cuprizone_CC_snRNA_mouse,Vascular/Fibroblast,Acadm,Fatty-acid supply / regulators,LPC,Ctrl,0.10497602820396423,0.0,6.727594153596977,,2,2,"LPC + cuprizone CC (m, sn)  [LPC vs Ctrl]"
LPC_Cuprizone_CC_snRNA_mouse,Vascular/Fibroblast,Hadha,Fatty-acid supply / regulators,LPC,Ctrl,0.15056458115577698,0.15972347557544708,-0.08464801499263284,,2,2,"LPC + cuprizone CC (m, sn)  [LPC vs Ctrl]"
LPC_Cuprizone_CC_snRNA_mouse,Vascular/Fibroblast,Acaa2,Fatty-acid supply / regulators,LPC,Ctrl,0.05201138183474541,0.05879245325922966,-0.17366125780356492,,2,2,"LPC + cuprizone CC (m, sn)  [LPC vs Ctrl]"
LPC_Cuprizone_CC_snRNA_mouse,Vascular/Fibroblast,Ppara,Fatty-acid supply / regulators,LPC,Ctrl,0.0025177530478686094,0.0,1.8146542067664948,,2,2,"LPC + cuprizone CC (m, sn)  [LPC vs Ctrl]"
LPC_Cuprizone_CC_snRNA_mouse,Vascular/Fibroblast,Ppargc1a,Fatty-acid supply / regulators,LPC,Ctrl,0.04867219924926758,0.0341302789747715,0.4997235906177571,,2,2,"LPC + cuprizone CC (m, sn)  [LPC vs Ctrl]"
LPC_Cuprizone_CC_snRNA_mouse,Vascular/Fibroblast,Hmgcs2,Synthesis (ketogenesis),Cuprizone,Ctrl,0.0,0.0,0.0,,1,2,"LPC + cuprizone CC (m, sn)  [Cuprizone vs Ctrl]"
LPC_Cuprizone_CC_snRNA_mouse,Vascular/Fibroblast,Hmgcl,Synthesis (ketogenesis),Cuprizone,Ctrl,0.0,0.16874077916145325,-7.407189394763944,,1,2,"LPC + cuprizone CC (m, sn)  [Cuprizone vs Ctrl]"
LPC_Cuprizone_CC_snRNA_mouse,Vascular/Fibroblast,Hmgcll1,Synthesis (ketogenesis),Cuprizone,Ctrl,0.12829339504241943,0.0583532340824604,1.1232500291593543,,1,2,"LPC + cuprizone CC (m, sn)  [Cuprizone vs Ctrl]"
LPC_Cuprizone_CC_snRNA_mouse,Vascular/Fibroblast,Bdh1,Utilisation (ketolysis),Cuprizone,Ctrl,0.0,0.051146019250154495,-5.704485218634092,,1,2,"LPC + cuprizone CC (m, sn)  [Cuprizone vs Ctrl]"
LPC_Cuprizone_CC_snRNA_mouse,Vascular/Fibroblast,Bdh2,Synthesis (ketogenesis),Cuprizone,Ctrl,0.0,0.0,0.0,,1,2,"LPC + cuprizone CC (m, sn)  [Cuprizone vs Ctrl]"
LPC_Cuprizone_CC_snRNA_mouse,Vascular/Fibroblast,Oxct1,Utilisation (ketolysis),Cuprizone,Ctrl,0.2652941346168518,0.28535714745521545,-0.10479496132437774,,1,2,"LPC + cuprizone CC (m, sn)  [Cuprizone vs Ctrl]"
LPC_Cuprizone_CC_snRNA_mouse,Vascular/Fibroblast,Acat1,Utilisation (ketolysis),Cuprizone,Ctrl,0.12909723818302155,0.033536601811647415,1.913392292920172,,1,2,"LPC + cuprizone CC (m, sn)  [Cuprizone vs Ctrl]"
LPC_Cuprizone_CC_snRNA_mouse,Vascular/Fibroblast,Acss1,Acetate activation,Cuprizone,Ctrl,0.12080860137939453,0.0,6.9284722009274855,,1,2,"LPC + cuprizone CC (m, sn)  [Cuprizone vs Ctrl]"
LPC_Cuprizone_CC_snRNA_mouse,Vascular/Fibroblast,Acss2,Acetate activation,Cuprizone,Ctrl,0.0,0.15885856747627258,-7.320652255909468,,1,2,"LPC + cuprizone CC (m, sn)  [Cuprizone vs Ctrl]"
LPC_Cuprizone_CC_snRNA_mouse,Vascular/Fibroblast,Slc16a1,Ketone / lactate transport,Cuprizone,Ctrl,0.0,0.16019931435585022,-7.332701797303643,,1,2,"LPC + cuprizone CC (m, sn)  [Cuprizone vs Ctrl]"
LPC_Cuprizone_CC_snRNA_mouse,Vascular/Fibroblast,Slc16a7,Ketone / lactate transport,Cuprizone,Ctrl,0.0,0.08457650989294052,-6.419142936938024,,1,2,"LPC + cuprizone CC (m, sn)  [Cuprizone vs Ctrl]"
LPC_Cuprizone_CC_snRNA_mouse,Vascular/Fibroblast,Slc16a3,Ketone / lactate transport,Cuprizone,Ctrl,0.0,0.0,0.0,,1,2,"LPC + cuprizone CC (m, sn)  [Cuprizone vs Ctrl]"
LPC_Cuprizone_CC_snRNA_mouse,Vascular/Fibroblast,Slc16a6,Ketone / lactate transport,Cuprizone,Ctrl,0.0,0.05683846399188042,-5.8539573342316915,,1,2,"LPC + cuprizone CC (m, sn)  [Cuprizone vs Ctrl]"
LPC_Cuprizone_CC_snRNA_mouse,Vascular/Fibroblast,Slc5a8,Ketone / lactate transport,Cuprizone,Ctrl,0.0,0.0,0.0,,1,2,"LPC + cuprizone CC (m, sn)  [Cuprizone vs Ctrl]"
LPC_Cuprizone_CC_snRNA_mouse,Vascular/Fibroblast,Bsg,Ketone / lactate transport,Cuprizone,Ctrl,0.3457111716270447,0.8906632661819458,-1.3627646603758643,,1,2,"LPC + cuprizone CC (m, sn)  [Cuprizone vs Ctrl]"
LPC_Cuprizone_CC_snRNA_mouse,Vascular/Fibroblast,Hcar2,Receptors,Cuprizone,Ctrl,0.0,0.0,0.0,,1,2,"LPC + cuprizone CC (m, sn)  [Cuprizone vs Ctrl]"
LPC_Cuprizone_CC_snRNA_mouse,Vascular/Fibroblast,Ffar3,Receptors,Cuprizone,Ctrl,0.0,0.0,0.0,,1,2,"LPC + cuprizone CC (m, sn)  [Cuprizone vs Ctrl]"
LPC_Cuprizone_CC_snRNA_mouse,Vascular/Fibroblast,Cpt1a,Fatty-acid supply / regulators,Cuprizone,Ctrl,0.12080860137939453,0.08038780093193054,0.5817315382552639,,1,2,"LPC + cuprizone CC (m, sn)  [Cuprizone vs Ctrl]"
LPC_Cuprizone_CC_snRNA_mouse,Vascular/Fibroblast,Cpt2,Fatty-acid supply / regulators,Cuprizone,Ctrl,0.0,0.042181164026260376,-5.432330229222267,,1,2,"LPC + cuprizone CC (m, sn)  [Cuprizone vs Ctrl]"
LPC_Cuprizone_CC_snRNA_mouse,Vascular/Fibroblast,Acadm,Fatty-acid supply / regulators,Cuprizone,Ctrl,0.0,0.0,0.0,,1,2,"LPC + cuprizone CC (m, sn)  [Cuprizone vs Ctrl]"
LPC_Cuprizone_CC_snRNA_mouse,Vascular/Fibroblast,Hadha,Fatty-acid supply / regulators,Cuprizone,Ctrl,0.14425764977931976,0.15972347557544708,-0.1459665241442941,,1,2,"LPC + cuprizone CC (m, sn)  [Cuprizone vs Ctrl]"
LPC_Cuprizone_CC_snRNA_mouse,Vascular/Fibroblast,Acaa2,Fatty-acid supply / regulators,Cuprizone,Ctrl,0.1316060572862625,0.05879245325922966,1.1491113671450754,,1,2,"LPC + cuprizone CC (m, sn)  [Cuprizone vs Ctrl]"
LPC_Cuprizone_CC_snRNA_mouse,Vascular/Fibroblast,Ppara,Fatty-acid supply / regulators,Cuprizone,Ctrl,0.0,0.0,0.0,,1,2,"LPC + cuprizone CC (m, sn)  [Cuprizone vs Ctrl]"
LPC_Cuprizone_CC_snRNA_mouse,Vascular/Fibroblast,Ppargc1a,Fatty-acid supply / regulators,Cuprizone,Ctrl,0.16308754682540894,0.0341302789747715,2.2236788134878456,,1,2,"LPC + cuprizone CC (m, sn)  [Cuprizone vs Ctrl]"
LPC_Cuprizone_CC_snRNA_mouse,Immune (lymphoid/myeloid),Hmgcs2,Synthesis (ketogenesis),LPC,Ctrl,0.0,0.0,0.0,,2,2,"LPC + cuprizone CC (m, sn)  [LPC vs Ctrl]"
LPC_Cuprizone_CC_snRNA_mouse,Immune (lymphoid/myeloid),Hmgcl,Synthesis (ketogenesis),LPC,Ctrl,0.23683826625347137,0.19458845257759094,0.2821596547493983,,2,2,"LPC + cuprizone CC (m, sn)  [LPC vs Ctrl]"
LPC_Cuprizone_CC_snRNA_mouse,Immune (lymphoid/myeloid),Hmgcll1,Synthesis (ketogenesis),LPC,Ctrl,0.01691911369562149,0.0,4.163427376336819,,2,2,"LPC + cuprizone CC (m, sn)  [LPC vs Ctrl]"
LPC_Cuprizone_CC_snRNA_mouse,Immune (lymphoid/myeloid),Bdh1,Utilisation (ketolysis),LPC,Ctrl,0.008722508326172829,0.11042062938213348,-3.518543995104994,,2,2,"LPC + cuprizone CC (m, sn)  [LPC vs Ctrl]"
LPC_Cuprizone_CC_snRNA_mouse,Immune (lymphoid/myeloid),Bdh2,Synthesis (ketogenesis),LPC,Ctrl,0.0013320965226739645,0.0,1.2216275011890396,,2,2,"LPC + cuprizone CC (m, sn)  [LPC vs Ctrl]"
LPC_Cuprizone_CC_snRNA_mouse,Immune (lymphoid/myeloid),Oxct1,Utilisation (ketolysis),LPC,Ctrl,0.7504712343215942,0.5622201561927795,0.4160189148384968,,2,2,"LPC + cuprizone CC (m, sn)  [LPC vs Ctrl]"
LPC_Cuprizone_CC_snRNA_mouse,Immune (lymphoid/myeloid),Acat1,Utilisation (ketolysis),LPC,Ctrl,0.14870032668113708,0.21367831528186798,-0.5200991018188622,,2,2,"LPC + cuprizone CC (m, sn)  [LPC vs Ctrl]"
LPC_Cuprizone_CC_snRNA_mouse,Immune (lymphoid/myeloid),Acss1,Acetate activation,LPC,Ctrl,0.25178512930870056,0.21178479492664337,0.24851653290141765,,2,2,"LPC + cuprizone CC (m, sn)  [LPC vs Ctrl]"
LPC_Cuprizone_CC_snRNA_mouse,Immune (lymphoid/myeloid),Acss2,Acetate activation,LPC,Ctrl,0.068479523062706,0.049027781933546066,0.47385836138362525,,2,2,"LPC + cuprizone CC (m, sn)  [LPC vs Ctrl]"
LPC_Cuprizone_CC_snRNA_mouse,Immune (lymphoid/myeloid),Slc16a1,Ketone / lactate transport,LPC,Ctrl,0.03645828738808632,0.04873954877257347,-0.40910847942866796,,2,2,"LPC + cuprizone CC (m, sn)  [LPC vs Ctrl]"
LPC_Cuprizone_CC_snRNA_mouse,Immune (lymphoid/myeloid),Slc16a7,Ketone / lactate transport,LPC,Ctrl,0.32730257511138916,0.30167412757873535,0.11726070640062272,,2,2,"LPC + cuprizone CC (m, sn)  [LPC vs Ctrl]"
LPC_Cuprizone_CC_snRNA_mouse,Immune (lymphoid/myeloid),Slc16a3,Ketone / lactate transport,LPC,Ctrl,0.06401503086090088,0.020536156371235847,1.5940125038455635,,2,2,"LPC + cuprizone CC (m, sn)  [LPC vs Ctrl]"
LPC_Cuprizone_CC_snRNA_mouse,Immune (lymphoid/myeloid),Slc16a6,Ketone / lactate transport,LPC,Ctrl,0.22487960755825043,0.2052745819091797,0.13098797316369165,,2,2,"LPC + cuprizone CC (m, sn)  [LPC vs Ctrl]"
LPC_Cuprizone_CC_snRNA_mouse,Immune (lymphoid/myeloid),Slc5a8,Ketone / lactate transport,LPC,Ctrl,0.0,0.0,0.0,,2,2,"LPC + cuprizone CC (m, sn)  [LPC vs Ctrl]"
LPC_Cuprizone_CC_snRNA_mouse,Immune (lymphoid/myeloid),Bsg,Ketone / lactate transport,LPC,Ctrl,0.3404264450073242,0.16523337364196777,1.0383647537759613,,2,2,"LPC + cuprizone CC (m, sn)  [LPC vs Ctrl]"
LPC_Cuprizone_CC_snRNA_mouse,Immune (lymphoid/myeloid),Hcar2,Receptors,LPC,Ctrl,0.009010533802211285,0.0,3.323447001455862,,2,2,"LPC + cuprizone CC (m, sn)  [LPC vs Ctrl]"
LPC_Cuprizone_CC_snRNA_mouse,Immune (lymphoid/myeloid),Ffar3,Receptors,LPC,Ctrl,0.0,0.0,0.0,,2,2,"LPC + cuprizone CC (m, sn)  [LPC vs Ctrl]"
LPC_Cuprizone_CC_snRNA_mouse,Immune (lymphoid/myeloid),Cpt1a,Fatty-acid supply / regulators,LPC,Ctrl,0.17693108320236206,0.029703771695494652,2.5348307661062384,,2,2,"LPC + cuprizone CC (m, sn)  [LPC vs Ctrl]"
LPC_Cuprizone_CC_snRNA_mouse,Immune (lymphoid/myeloid),Cpt2,Fatty-acid supply / regulators,LPC,Ctrl,0.041563622653484344,0.07833155244588852,-0.8982738354911423,,2,2,"LPC + cuprizone CC (m, sn)  [LPC vs Ctrl]"
LPC_Cuprizone_CC_snRNA_mouse,Immune (lymphoid/myeloid),Acadm,Fatty-acid supply / regulators,LPC,Ctrl,0.12782150506973267,0.13188959658145905,-0.04485471328113701,,2,2,"LPC + cuprizone CC (m, sn)  [LPC vs Ctrl]"
LPC_Cuprizone_CC_snRNA_mouse,Immune (lymphoid/myeloid),Hadha,Fatty-acid supply / regulators,LPC,Ctrl,0.1946876049041748,0.26076698303222656,-0.4197307632252934,,2,2,"LPC + cuprizone CC (m, sn)  [LPC vs Ctrl]"
LPC_Cuprizone_CC_snRNA_mouse,Immune (lymphoid/myeloid),Acaa2,Fatty-acid supply / regulators,LPC,Ctrl,0.07518049329519272,0.0,6.251349724771079,,2,2,"LPC + cuprizone CC (m, sn)  [LPC vs Ctrl]"
LPC_Cuprizone_CC_snRNA_mouse,Immune (lymphoid/myeloid),Ppara,Fatty-acid supply / regulators,LPC,Ctrl,0.0018367408774793148,0.0,1.504234373436011,,2,2,"LPC + cuprizone CC (m, sn)  [LPC vs Ctrl]"
LPC_Cuprizone_CC_snRNA_mouse,Immune (lymphoid/myeloid),Ppargc1a,Fatty-acid supply / regulators,LPC,Ctrl,0.013070410117506981,0.0,3.814592475051751,,2,2,"LPC + cuprizone CC (m, sn)  [LPC vs Ctrl]"
LPC_Cuprizone_CC_snRNA_mouse,Immune (lymphoid/myeloid),Hmgcs2,Synthesis (ketogenesis),Cuprizone,Ctrl,0.0007350644445978105,0.0,0.7949892490715542,,2,2,"LPC + cuprizone CC (m, sn)  [Cuprizone vs Ctrl]"
LPC_Cuprizone_CC_snRNA_mouse,Immune (lymphoid/myeloid),Hmgcl,Synthesis (ketogenesis),Cuprizone,Ctrl,0.0819893553853035,0.19458845257759094,-1.2368229905535422,,2,2,"LPC + cuprizone CC (m, sn)  [Cuprizone vs Ctrl]"
LPC_Cuprizone_CC_snRNA_mouse,Immune (lymphoid/myeloid),Hmgcll1,Synthesis (ketogenesis),Cuprizone,Ctrl,0.02921464294195175,0.0,4.917175988143903,,2,2,"LPC + cuprizone CC (m, sn)  [Cuprizone vs Ctrl]"
LPC_Cuprizone_CC_snRNA_mouse,Immune (lymphoid/myeloid),Bdh1,Utilisation (ketolysis),Cuprizone,Ctrl,0.0024468116462230682,0.11042062938213348,-5.014610096626115,,2,2,"LPC + cuprizone CC (m, sn)  [Cuprizone vs Ctrl]"
LPC_Cuprizone_CC_snRNA_mouse,Immune (lymphoid/myeloid),Bdh2,Synthesis (ketogenesis),Cuprizone,Ctrl,0.0025450321845710278,0.0,1.8257987254366501,,2,2,"LPC + cuprizone CC (m, sn)  [Cuprizone vs Ctrl]"
LPC_Cuprizone_CC_snRNA_mouse,Immune (lymphoid/myeloid),Oxct1,Utilisation (ketolysis),Cuprizone,Ctrl,0.8752601146697998,0.5622201561927795,0.6376602270235944,,2,2,"LPC + cuprizone CC (m, sn)  [Cuprizone vs Ctrl]"
LPC_Cuprizone_CC_snRNA_mouse,Immune (lymphoid/myeloid),Acat1,Utilisation (ketolysis),Cuprizone,Ctrl,0.07407908141613007,0.21367831528186798,-1.5156935673341567,,2,2,"LPC + cuprizone CC (m, sn)  [Cuprizone vs Ctrl]"
LPC_Cuprizone_CC_snRNA_mouse,Immune (lymphoid/myeloid),Acss1,Acetate activation,Cuprizone,Ctrl,0.2362280786037445,0.21178479492664337,0.15687971601393091,,2,2,"LPC + cuprizone CC (m, sn)  [Cuprizone vs Ctrl]"
LPC_Cuprizone_CC_snRNA_mouse,Immune (lymphoid/myeloid),Acss2,Acetate activation,Cuprizone,Ctrl,0.033718619495630264,0.049027781933546066,-0.5270199058775026,,2,2,"LPC + cuprizone CC (m, sn)  [Cuprizone vs Ctrl]"
LPC_Cuprizone_CC_snRNA_mouse,Immune (lymphoid/myeloid),Slc16a1,Ketone / lactate transport,Cuprizone,Ctrl,0.02582828514277935,0.04873954877257347,-0.8906385789255059,,2,2,"LPC + cuprizone CC (m, sn)  [Cuprizone vs Ctrl]"
LPC_Cuprizone_CC_snRNA_mouse,Immune (lymphoid/myeloid),Slc16a7,Ketone / lactate transport,Cuprizone,Ctrl,0.4598957896232605,0.30167412757873535,0.6066752287808235,,2,2,"LPC + cuprizone CC (m, sn)  [Cuprizone vs Ctrl]"
LPC_Cuprizone_CC_snRNA_mouse,Immune (lymphoid/myeloid),Slc16a3,Ketone / lactate transport,Cuprizone,Ctrl,0.03028830513358116,0.020536156371235847,0.5388627205562821,,2,2,"LPC + cuprizone CC (m, sn)  [Cuprizone vs Ctrl]"
LPC_Cuprizone_CC_snRNA_mouse,Immune (lymphoid/myeloid),Slc16a6,Ketone / lactate transport,Cuprizone,Ctrl,0.13933534920215607,0.2052745819091797,-0.5556876002060673,,2,2,"LPC + cuprizone CC (m, sn)  [Cuprizone vs Ctrl]"
LPC_Cuprizone_CC_snRNA_mouse,Immune (lymphoid/myeloid),Slc5a8,Ketone / lactate transport,Cuprizone,Ctrl,0.0,0.0,0.0,,2,2,"LPC + cuprizone CC (m, sn)  [Cuprizone vs Ctrl]"
LPC_Cuprizone_CC_snRNA_mouse,Immune (lymphoid/myeloid),Bsg,Ketone / lactate transport,Cuprizone,Ctrl,0.10044512897729874,0.16523337364196777,-0.7125104582720617,,2,2,"LPC + cuprizone CC (m, sn)  [Cuprizone vs Ctrl]"
LPC_Cuprizone_CC_snRNA_mouse,Immune (lymphoid/myeloid),Hcar2,Receptors,Cuprizone,Ctrl,0.0050483327358961105,0.0,2.5965375084781193,,2,2,"LPC + cuprizone CC (m, sn)  [Cuprizone vs Ctrl]"
LPC_Cuprizone_CC_snRNA_mouse,Immune (lymphoid/myeloid),Ffar3,Receptors,Cuprizone,Ctrl,0.0,0.0,0.0,,2,2,"LPC + cuprizone CC (m, sn)  [Cuprizone vs Ctrl]"
LPC_Cuprizone_CC_snRNA_mouse,Immune (lymphoid/myeloid),Cpt1a,Fatty-acid supply / regulators,Cuprizone,Ctrl,0.07026873528957367,0.029703771695494652,1.2148534338086412,,2,2,"LPC + cuprizone CC (m, sn)  [Cuprizone vs Ctrl]"
LPC_Cuprizone_CC_snRNA_mouse,Immune (lymphoid/myeloid),Cpt2,Fatty-acid supply / regulators,Cuprizone,Ctrl,0.017988599836826324,0.07833155244588852,-2.062761252140036,,2,2,"LPC + cuprizone CC (m, sn)  [Cuprizone vs Ctrl]"
LPC_Cuprizone_CC_snRNA_mouse,Immune (lymphoid/myeloid),Acadm,Fatty-acid supply / regulators,Cuprizone,Ctrl,0.0716942697763443,0.13188959658145905,-0.8703146145937185,,2,2,"LPC + cuprizone CC (m, sn)  [Cuprizone vs Ctrl]"
LPC_Cuprizone_CC_snRNA_mouse,Immune (lymphoid/myeloid),Hadha,Fatty-acid supply / regulators,Cuprizone,Ctrl,0.12638556957244873,0.26076698303222656,-1.0390812837874543,,2,2,"LPC + cuprizone CC (m, sn)  [Cuprizone vs Ctrl]"
LPC_Cuprizone_CC_snRNA_mouse,Immune (lymphoid/myeloid),Acaa2,Fatty-acid supply / regulators,Cuprizone,Ctrl,0.03567569702863693,0.0,5.1967524797417735,,2,2,"LPC + cuprizone CC (m, sn)  [Cuprizone vs Ctrl]"
LPC_Cuprizone_CC_snRNA_mouse,Immune (lymphoid/myeloid),Ppara,Fatty-acid supply / regulators,Cuprizone,Ctrl,0.0,0.0,0.0,,2,2,"LPC + cuprizone CC (m, sn)  [Cuprizone vs Ctrl]"
LPC_Cuprizone_CC_snRNA_mouse,Immune (lymphoid/myeloid),Ppargc1a,Fatty-acid supply / regulators,Cuprizone,Ctrl,0.008853436447679996,0.0,3.3006269612596935,,2,2,"LPC + cuprizone CC (m, sn)  [Cuprizone vs Ctrl]"
LPC_Cuprizone_CC_snRNA_mouse,Ependymal,Hmgcs2,Synthesis (ketogenesis),LPC,Ctrl,,,,,0,0,"LPC + cuprizone CC (m, sn)  [LPC vs Ctrl]"
LPC_Cuprizone_CC_snRNA_mouse,Ependymal,Hmgcl,Synthesis (ketogenesis),LPC,Ctrl,,,,,0,0,"LPC + cuprizone CC (m, sn)  [LPC vs Ctrl]"
LPC_Cuprizone_CC_snRNA_mouse,Ependymal,Hmgcll1,Synthesis (ketogenesis),LPC,Ctrl,,,,,0,0,"LPC + cuprizone CC (m, sn)  [LPC vs Ctrl]"
LPC_Cuprizone_CC_snRNA_mouse,Ependymal,Bdh1,Utilisation (ketolysis),LPC,Ctrl,,,,,0,0,"LPC + cuprizone CC (m, sn)  [LPC vs Ctrl]"
LPC_Cuprizone_CC_snRNA_mouse,Ependymal,Bdh2,Synthesis (ketogenesis),LPC,Ctrl,,,,,0,0,"LPC + cuprizone CC (m, sn)  [LPC vs Ctrl]"
LPC_Cuprizone_CC_snRNA_mouse,Ependymal,Oxct1,Utilisation (ketolysis),LPC,Ctrl,,,,,0,0,"LPC + cuprizone CC (m, sn)  [LPC vs Ctrl]"
LPC_Cuprizone_CC_snRNA_mouse,Ependymal,Acat1,Utilisation (ketolysis),LPC,Ctrl,,,,,0,0,"LPC + cuprizone CC (m, sn)  [LPC vs Ctrl]"
LPC_Cuprizone_CC_snRNA_mouse,Ependymal,Acss1,Acetate activation,LPC,Ctrl,,,,,0,0,"LPC + cuprizone CC (m, sn)  [LPC vs Ctrl]"
LPC_Cuprizone_CC_snRNA_mouse,Ependymal,Acss2,Acetate activation,LPC,Ctrl,,,,,0,0,"LPC + cuprizone CC (m, sn)  [LPC vs Ctrl]"
LPC_Cuprizone_CC_snRNA_mouse,Ependymal,Slc16a1,Ketone / lactate transport,LPC,Ctrl,,,,,0,0,"LPC + cuprizone CC (m, sn)  [LPC vs Ctrl]"
LPC_Cuprizone_CC_snRNA_mouse,Ependymal,Slc16a7,Ketone / lactate transport,LPC,Ctrl,,,,,0,0,"LPC + cuprizone CC (m, sn)  [LPC vs Ctrl]"
LPC_Cuprizone_CC_snRNA_mouse,Ependymal,Slc16a3,Ketone / lactate transport,LPC,Ctrl,,,,,0,0,"LPC + cuprizone CC (m, sn)  [LPC vs Ctrl]"
LPC_Cuprizone_CC_snRNA_mouse,Ependymal,Slc16a6,Ketone / lactate transport,LPC,Ctrl,,,,,0,0,"LPC + cuprizone CC (m, sn)  [LPC vs Ctrl]"
LPC_Cuprizone_CC_snRNA_mouse,Ependymal,Slc5a8,Ketone / lactate transport,LPC,Ctrl,,,,,0,0,"LPC + cuprizone CC (m, sn)  [LPC vs Ctrl]"
LPC_Cuprizone_CC_snRNA_mouse,Ependymal,Bsg,Ketone / lactate transport,LPC,Ctrl,,,,,0,0,"LPC + cuprizone CC (m, sn)  [LPC vs Ctrl]"
LPC_Cuprizone_CC_snRNA_mouse,Ependymal,Hcar2,Receptors,LPC,Ctrl,,,,,0,0,"LPC + cuprizone CC (m, sn)  [LPC vs Ctrl]"
LPC_Cuprizone_CC_snRNA_mouse,Ependymal,Ffar3,Receptors,LPC,Ctrl,,,,,0,0,"LPC + cuprizone CC (m, sn)  [LPC vs Ctrl]"
LPC_Cuprizone_CC_snRNA_mouse,Ependymal,Cpt1a,Fatty-acid supply / regulators,LPC,Ctrl,,,,,0,0,"LPC + cuprizone CC (m, sn)  [LPC vs Ctrl]"
LPC_Cuprizone_CC_snRNA_mouse,Ependymal,Cpt2,Fatty-acid supply / regulators,LPC,Ctrl,,,,,0,0,"LPC + cuprizone CC (m, sn)  [LPC vs Ctrl]"
LPC_Cuprizone_CC_snRNA_mouse,Ependymal,Acadm,Fatty-acid supply / regulators,LPC,Ctrl,,,,,0,0,"LPC + cuprizone CC (m, sn)  [LPC vs Ctrl]"
LPC_Cuprizone_CC_snRNA_mouse,Ependymal,Hadha,Fatty-acid supply / regulators,LPC,Ctrl,,,,,0,0,"LPC + cuprizone CC (m, sn)  [LPC vs Ctrl]"
LPC_Cuprizone_CC_snRNA_mouse,Ependymal,Acaa2,Fatty-acid supply / regulators,LPC,Ctrl,,,,,0,0,"LPC + cuprizone CC (m, sn)  [LPC vs Ctrl]"
LPC_Cuprizone_CC_snRNA_mouse,Ependymal,Ppara,Fatty-acid supply / regulators,LPC,Ctrl,,,,,0,0,"LPC + cuprizone CC (m, sn)  [LPC vs Ctrl]"
LPC_Cuprizone_CC_snRNA_mouse,Ependymal,Ppargc1a,Fatty-acid supply / regulators,LPC,Ctrl,,,,,0,0,"LPC + cuprizone CC (m, sn)  [LPC vs Ctrl]"
LPC_Cuprizone_CC_snRNA_mouse,Ependymal,Hmgcs2,Synthesis (ketogenesis),Cuprizone,Ctrl,0.0,,,,2,0,"LPC + cuprizone CC (m, sn)  [Cuprizone vs Ctrl]"
LPC_Cuprizone_CC_snRNA_mouse,Ependymal,Hmgcl,Synthesis (ketogenesis),Cuprizone,Ctrl,0.0,,,,2,0,"LPC + cuprizone CC (m, sn)  [Cuprizone vs Ctrl]"
LPC_Cuprizone_CC_snRNA_mouse,Ependymal,Hmgcll1,Synthesis (ketogenesis),Cuprizone,Ctrl,0.5512369871139526,,,,2,0,"LPC + cuprizone CC (m, sn)  [Cuprizone vs Ctrl]"
LPC_Cuprizone_CC_snRNA_mouse,Ependymal,Bdh1,Utilisation (ketolysis),Cuprizone,Ctrl,0.09880316257476807,,,,2,0,"LPC + cuprizone CC (m, sn)  [Cuprizone vs Ctrl]"
LPC_Cuprizone_CC_snRNA_mouse,Ependymal,Bdh2,Synthesis (ketogenesis),Cuprizone,Ctrl,0.10842882096767426,,,,2,0,"LPC + cuprizone CC (m, sn)  [Cuprizone vs Ctrl]"
LPC_Cuprizone_CC_snRNA_mouse,Ependymal,Oxct1,Utilisation (ketolysis),Cuprizone,Ctrl,0.8604011535644531,,,,2,0,"LPC + cuprizone CC (m, sn)  [Cuprizone vs Ctrl]"
LPC_Cuprizone_CC_snRNA_mouse,Ependymal,Acat1,Utilisation (ketolysis),Cuprizone,Ctrl,0.06543327122926712,,,,2,0,"LPC + cuprizone CC (m, sn)  [Cuprizone vs Ctrl]"
LPC_Cuprizone_CC_snRNA_mouse,Ependymal,Acss1,Acetate activation,Cuprizone,Ctrl,0.19881513714790344,,,,2,0,"LPC + cuprizone CC (m, sn)  [Cuprizone vs Ctrl]"
LPC_Cuprizone_CC_snRNA_mouse,Ependymal,Acss2,Acetate activation,Cuprizone,Ctrl,0.05239737406373024,,,,2,0,"LPC + cuprizone CC (m, sn)  [Cuprizone vs Ctrl]"
LPC_Cuprizone_CC_snRNA_mouse,Ependymal,Slc16a1,Ketone / lactate transport,Cuprizone,Ctrl,0.11051170527935028,,,,2,0,"LPC + cuprizone CC (m, sn)  [Cuprizone vs Ctrl]"
LPC_Cuprizone_CC_snRNA_mouse,Ependymal,Slc16a7,Ketone / lactate transport,Cuprizone,Ctrl,0.029351450502872467,,,,2,0,"LPC + cuprizone CC (m, sn)  [Cuprizone vs Ctrl]"
LPC_Cuprizone_CC_snRNA_mouse,Ependymal,Slc16a3,Ketone / lactate transport,Cuprizone,Ctrl,0.0,,,,2,0,"LPC + cuprizone CC (m, sn)  [Cuprizone vs Ctrl]"
LPC_Cuprizone_CC_snRNA_mouse,Ependymal,Slc16a6,Ketone / lactate transport,Cuprizone,Ctrl,0.03852730616927147,,,,2,0,"LPC + cuprizone CC (m, sn)  [Cuprizone vs Ctrl]"
LPC_Cuprizone_CC_snRNA_mouse,Ependymal,Slc5a8,Ketone / lactate transport,Cuprizone,Ctrl,0.013645018450915813,,,,2,0,"LPC + cuprizone CC (m, sn)  [Cuprizone vs Ctrl]"
LPC_Cuprizone_CC_snRNA_mouse,Ependymal,Bsg,Ketone / lactate transport,Cuprizone,Ctrl,0.11489573866128922,,,,2,0,"LPC + cuprizone CC (m, sn)  [Cuprizone vs Ctrl]"
LPC_Cuprizone_CC_snRNA_mouse,Ependymal,Hcar2,Receptors,Cuprizone,Ctrl,0.0,,,,2,0,"LPC + cuprizone CC (m, sn)  [Cuprizone vs Ctrl]"
LPC_Cuprizone_CC_snRNA_mouse,Ependymal,Ffar3,Receptors,Cuprizone,Ctrl,0.0,,,,2,0,"LPC + cuprizone CC (m, sn)  [Cuprizone vs Ctrl]"
LPC_Cuprizone_CC_snRNA_mouse,Ependymal,Cpt1a,Fatty-acid supply / regulators,Cuprizone,Ctrl,0.04636139050126076,,,,2,0,"LPC + cuprizone CC (m, sn)  [Cuprizone vs Ctrl]"
LPC_Cuprizone_CC_snRNA_mouse,Ependymal,Cpt2,Fatty-acid supply / regulators,Cuprizone,Ctrl,0.03144630417227745,,,,2,0,"LPC + cuprizone CC (m, sn)  [Cuprizone vs Ctrl]"
LPC_Cuprizone_CC_snRNA_mouse,Ependymal,Acadm,Fatty-acid supply / regulators,Cuprizone,Ctrl,0.19012577831745148,,,,2,0,"LPC + cuprizone CC (m, sn)  [Cuprizone vs Ctrl]"
LPC_Cuprizone_CC_snRNA_mouse,Ependymal,Hadha,Fatty-acid supply / regulators,Cuprizone,Ctrl,0.015806123614311218,,,,2,0,"LPC + cuprizone CC (m, sn)  [Cuprizone vs Ctrl]"
LPC_Cuprizone_CC_snRNA_mouse,Ependymal,Acaa2,Fatty-acid supply / regulators,Cuprizone,Ctrl,0.0,,,,2,0,"LPC + cuprizone CC (m, sn)  [Cuprizone vs Ctrl]"
LPC_Cuprizone_CC_snRNA_mouse,Ependymal,Ppara,Fatty-acid supply / regulators,Cuprizone,Ctrl,0.0667446106672287,,,,2,0,"LPC + cuprizone CC (m, sn)  [Cuprizone vs Ctrl]"
LPC_Cuprizone_CC_snRNA_mouse,Ependymal,Ppargc1a,Fatty-acid supply / regulators,Cuprizone,Ctrl,0.6247316598892212,,,,2,0,"LPC + cuprizone CC (m, sn)  [Cuprizone vs Ctrl]"
Leng2021_AD_human_snRNA,Oligodendrocyte,Hmgcs2,Synthesis (ketogenesis),AD,Ctrl,0.0011751690180972219,0.0055860006250441074,-1.5982751411796519,0.08047174179102919,6,12,"Leng 2021 AD (h, sn)  [AD vs Ctrl]"
Leng2021_AD_human_snRNA,Oligodendrocyte,Hmgcl,Synthesis (ketogenesis),AD,Ctrl,0.06426425278186798,0.04870946705341339,0.3927723642090504,0.5424613726475142,6,12,"Leng 2021 AD (h, sn)  [AD vs Ctrl]"
Leng2021_AD_human_snRNA,Oligodendrocyte,Hmgcll1,Synthesis (ketogenesis),AD,Ctrl,0.017249921336770058,0.0183162409812212,-0.08192412167560406,0.6727796304677776,6,12,"Leng 2021 AD (h, sn)  [AD vs Ctrl]"
Leng2021_AD_human_snRNA,Oligodendrocyte,Bdh1,Utilisation (ketolysis),AD,Ctrl,0.03621489927172661,0.05311325564980507,-0.5401017106355556,0.1735575803650311,6,12,"Leng 2021 AD (h, sn)  [AD vs Ctrl]"
Leng2021_AD_human_snRNA,Oligodendrocyte,Bdh2,Synthesis (ketogenesis),AD,Ctrl,0.030720440670847893,0.009861836209893227,1.5461448000321416,0.02041192297930593,6,12,"Leng 2021 AD (h, sn)  [AD vs Ctrl]"
Leng2021_AD_human_snRNA,Oligodendrocyte,Oxct1,Utilisation (ketolysis),AD,Ctrl,0.09555702656507492,0.07596269249916077,0.3272219776464417,0.7429310860275742,6,12,"Leng 2021 AD (h, sn)  [AD vs Ctrl]"
Leng2021_AD_human_snRNA,Oligodendrocyte,Acat1,Utilisation (ketolysis),AD,Ctrl,0.11954041570425034,0.09243502467870712,0.3674815859814957,0.24962292609351436,6,12,"Leng 2021 AD (h, sn)  [AD vs Ctrl]"
Leng2021_AD_human_snRNA,Oligodendrocyte,Acss1,Acetate activation,AD,Ctrl,0.11479523032903671,0.1131596788764,0.0205226474004989,0.7502693385046326,6,12,"Leng 2021 AD (h, sn)  [AD vs Ctrl]"
Leng2021_AD_human_snRNA,Oligodendrocyte,Acss2,Acetate activation,AD,Ctrl,0.16162393987178802,0.21321986615657806,-0.3975526256334745,0.10245636716224953,6,12,"Leng 2021 AD (h, sn)  [AD vs Ctrl]"
Leng2021_AD_human_snRNA,Oligodendrocyte,Slc16a1,Ketone / lactate transport,AD,Ctrl,0.06666254252195358,0.08545208722352982,-0.35354340586471,0.6819650937297996,6,12,"Leng 2021 AD (h, sn)  [AD vs Ctrl]"
Leng2021_AD_human_snRNA,Oligodendrocyte,Slc16a7,Ketone / lactate transport,AD,Ctrl,0.1063230037689209,0.10657242685556412,-0.0033489926772825207,0.8147774199066066,6,12,"Leng 2021 AD (h, sn)  [AD vs Ctrl]"
Leng2021_AD_human_snRNA,Oligodendrocyte,Slc16a3,Ketone / lactate transport,AD,Ctrl,0.01267745066434145,0.01947341300547123,-0.58195227402735,0.14637439276593034,6,12,"Leng 2021 AD (h, sn)  [AD vs Ctrl]"
Leng2021_AD_human_snRNA,Oligodendrocyte,Slc16a6,Ketone / lactate transport,AD,Ctrl,0.005768349394202232,0.0049047707580029964,0.19692299416166942,0.5384475410657596,6,12,"Leng 2021 AD (h, sn)  [AD vs Ctrl]"
Leng2021_AD_human_snRNA,Oligodendrocyte,Slc5a8,Ketone / lactate transport,AD,Ctrl,0.00403001019731164,0.00502869812771678,-0.2612851669645207,0.47431270871907394,6,12,"Leng 2021 AD (h, sn)  [AD vs Ctrl]"
Leng2021_AD_human_snRNA,Oligodendrocyte,Bsg,Ketone / lactate transport,AD,Ctrl,0.18191832304000854,0.41166678071022034,-1.173777709450425,0.024455936220642106,6,12,"Leng 2021 AD (h, sn)  [AD vs Ctrl]"
Leng2021_AD_human_snRNA,Oligodendrocyte,Hcar2,Receptors,AD,Ctrl,0.0,0.0,0.0,1.0,6,12,"Leng 2021 AD (h, sn)  [AD vs Ctrl]"
Leng2021_AD_human_snRNA,Oligodendrocyte,Ffar3,Receptors,AD,Ctrl,0.000567031791433692,0.0012396308593451977,-0.5152265148177331,1.0,6,12,"Leng 2021 AD (h, sn)  [AD vs Ctrl]"
Leng2021_AD_human_snRNA,Oligodendrocyte,Ffar2,Receptors,AD,Ctrl,0.0013534054160118103,9.604130900697783e-05,1.1024476984363454,0.0005357826144564827,6,12,"Leng 2021 AD (h, sn)  [AD vs Ctrl]"
Leng2021_AD_human_snRNA,Oligodendrocyte,Cpt1a,Fatty-acid supply / regulators,AD,Ctrl,0.035416338592767715,0.028643859550356865,0.29685258188056735,0.4801307932863088,6,12,"Leng 2021 AD (h, sn)  [AD vs Ctrl]"
Leng2021_AD_human_snRNA,Oligodendrocyte,Cpt2,Fatty-acid supply / regulators,AD,Ctrl,0.023668186739087105,0.01691693626344204,0.46132771029707886,0.24073319554668238,6,12,"Leng 2021 AD (h, sn)  [AD vs Ctrl]"
Leng2021_AD_human_snRNA,Oligodendrocyte,Acadm,Fatty-acid supply / regulators,AD,Ctrl,0.09228124469518661,0.05986909195780754,0.6158771952992678,0.1735575803650311,6,12,"Leng 2021 AD (h, sn)  [AD vs Ctrl]"
Leng2021_AD_human_snRNA,Oligodendrocyte,Hadha,Fatty-acid supply / regulators,AD,Ctrl,0.12852667272090912,0.137351393699646,-0.09508796236365201,0.7502693385046326,6,12,"Leng 2021 AD (h, sn)  [AD vs Ctrl]"
Leng2021_AD_human_snRNA,Oligodendrocyte,Acaa2,Fatty-acid supply / regulators,AD,Ctrl,0.013389487750828266,0.011659595184028149,0.18478396227892013,0.6026998347700171,6,12,"Leng 2021 AD (h, sn)  [AD vs Ctrl]"
Leng2021_AD_human_snRNA,Oligodendrocyte,Ppara,Fatty-acid supply / regulators,AD,Ctrl,0.09600771218538284,0.0992380753159523,-0.04725926636488811,0.6732576868350784,6,12,"Leng 2021 AD (h, sn)  [AD vs Ctrl]"
Leng2021_AD_human_snRNA,Oligodendrocyte,Ppargc1a,Fatty-acid supply / regulators,AD,Ctrl,0.017087681218981743,0.02777922712266445,-0.6700203773904433,0.8147774199066066,6,12,"Leng 2021 AD (h, sn)  [AD vs Ctrl]"
Leng2021_AD_human_snRNA,OPC,Hmgcs2,Synthesis (ketogenesis),AD,Ctrl,0.0037405577022582293,0.0005833437899127603,1.5820822542942043,0.29594580405349125,6,13,"Leng 2021 AD (h, sn)  [AD vs Ctrl]"
Leng2021_AD_human_snRNA,OPC,Hmgcl,Synthesis (ketogenesis),AD,Ctrl,0.06863617897033691,0.05671736225485802,0.27083167393668833,0.4670499778858912,6,13,"Leng 2021 AD (h, sn)  [AD vs Ctrl]"
Leng2021_AD_human_snRNA,OPC,Hmgcll1,Synthesis (ketogenesis),AD,Ctrl,0.02241479605436325,0.030874770134687424,-0.44499446594761805,0.6289321323475479,6,13,"Leng 2021 AD (h, sn)  [AD vs Ctrl]"
Leng2021_AD_human_snRNA,OPC,Bdh1,Utilisation (ketolysis),AD,Ctrl,0.12377499788999557,0.14247757196426392,-0.20149635679781377,0.17912428129146396,6,13,"Leng 2021 AD (h, sn)  [AD vs Ctrl]"
Leng2021_AD_human_snRNA,OPC,Bdh2,Synthesis (ketogenesis),AD,Ctrl,0.008281906135380268,0.0022747223265469074,1.5030485266898252,0.02916462101143772,6,13,"Leng 2021 AD (h, sn)  [AD vs Ctrl]"
Leng2021_AD_human_snRNA,OPC,Oxct1,Utilisation (ketolysis),AD,Ctrl,0.1819540113210678,0.1548469364643097,0.23135125184131278,0.9660916998378299,6,13,"Leng 2021 AD (h, sn)  [AD vs Ctrl]"
Leng2021_AD_human_snRNA,OPC,Acat1,Utilisation (ketolysis),AD,Ctrl,0.17369846999645233,0.12187985330820084,0.507618574324644,0.07150228512457615,6,13,"Leng 2021 AD (h, sn)  [AD vs Ctrl]"
Leng2021_AD_human_snRNA,OPC,Acss1,Acetate activation,AD,Ctrl,0.12742839753627777,0.1848105639219284,-0.5328682855852968,0.05771782397169394,6,13,"Leng 2021 AD (h, sn)  [AD vs Ctrl]"
Leng2021_AD_human_snRNA,OPC,Acss2,Acetate activation,AD,Ctrl,0.06148764118552208,0.05451270192861557,0.170752967524137,0.3568859426433526,6,13,"Leng 2021 AD (h, sn)  [AD vs Ctrl]"
Leng2021_AD_human_snRNA,OPC,Slc16a1,Ketone / lactate transport,AD,Ctrl,0.056516245007514954,0.04936468228697777,0.1915570781083472,0.21001031991744068,6,13,"Leng 2021 AD (h, sn)  [AD vs Ctrl]"
Leng2021_AD_human_snRNA,OPC,Slc16a7,Ketone / lactate transport,AD,Ctrl,0.18690048158168793,0.2055201381444931,-0.13631370391865036,0.5213769718413681,6,13,"Leng 2021 AD (h, sn)  [AD vs Ctrl]"
Leng2021_AD_human_snRNA,OPC,Slc16a3,Ketone / lactate transport,AD,Ctrl,0.015838369727134705,0.019591938704252243,-0.29032719924473116,0.455772226564364,6,13,"Leng 2021 AD (h, sn)  [AD vs Ctrl]"
Leng2021_AD_human_snRNA,OPC,Slc16a6,Ketone / lactate transport,AD,Ctrl,0.01426208671182394,0.007410419173538685,0.8597026174180659,0.09934166746566306,6,13,"Leng 2021 AD (h, sn)  [AD vs Ctrl]"
Leng2021_AD_human_snRNA,OPC,Slc5a8,Ketone / lactate transport,AD,Ctrl,0.010888866148889065,0.005539971869438887,0.8622547952657883,0.104669153852082,6,13,"Leng 2021 AD (h, sn)  [AD vs Ctrl]"
Leng2021_AD_human_snRNA,OPC,Bsg,Ketone / lactate transport,AD,Ctrl,0.19897286593914032,0.4310564696788788,-1.1114156287682537,0.00471767654430193,6,13,"Leng 2021 AD (h, sn)  [AD vs Ctrl]"
Leng2021_AD_human_snRNA,OPC,Hcar2,Receptors,AD,Ctrl,0.0006802859134040773,0.0002098818658851087,0.47384055126261393,0.5647462254462752,6,13,"Leng 2021 AD (h, sn)  [AD vs Ctrl]"
Leng2021_AD_human_snRNA,OPC,Ffar3,Receptors,AD,Ctrl,0.0,0.0,0.0,1.0,6,13,"Leng 2021 AD (h, sn)  [AD vs Ctrl]"
Leng2021_AD_human_snRNA,OPC,Ffar2,Receptors,AD,Ctrl,0.0019302467117086053,0.004188466351479292,-0.8242860209521874,0.42414817004219796,6,13,"Leng 2021 AD (h, sn)  [AD vs Ctrl]"
Leng2021_AD_human_snRNA,OPC,Cpt1a,Fatty-acid supply / regulators,AD,Ctrl,0.1060531958937645,0.11589409410953522,-0.1268741762012538,0.9650063171057915,6,13,"Leng 2021 AD (h, sn)  [AD vs Ctrl]"
Leng2021_AD_human_snRNA,OPC,Cpt2,Fatty-acid supply / regulators,AD,Ctrl,0.029288822785019875,0.011002810671925545,1.3354132288431195,0.02181694429987872,6,13,"Leng 2021 AD (h, sn)  [AD vs Ctrl]"
Leng2021_AD_human_snRNA,OPC,Acadm,Fatty-acid supply / regulators,AD,Ctrl,0.14938651025295258,0.09887219220399857,0.5905202183835372,0.046218487394957986,6,13,"Leng 2021 AD (h, sn)  [AD vs Ctrl]"
Leng2021_AD_human_snRNA,OPC,Hadha,Fatty-acid supply / regulators,AD,Ctrl,0.1699349284172058,0.14524008333683014,0.22510842619825616,0.3676102019755271,6,13,"Leng 2021 AD (h, sn)  [AD vs Ctrl]"
Leng2021_AD_human_snRNA,OPC,Acaa2,Fatty-acid supply / regulators,AD,Ctrl,0.015228799544274807,0.013731583952903748,0.13964372810771877,1.0,6,13,"Leng 2021 AD (h, sn)  [AD vs Ctrl]"
Leng2021_AD_human_snRNA,OPC,Ppara,Fatty-acid supply / regulators,AD,Ctrl,0.16514207422733307,0.14517450332641602,0.18472578189060204,0.4670499778858912,6,13,"Leng 2021 AD (h, sn)  [AD vs Ctrl]"
Leng2021_AD_human_snRNA,OPC,Ppargc1a,Fatty-acid supply / regulators,AD,Ctrl,0.20081204175949097,0.17818377912044525,0.17157221883543444,0.3676102019755271,6,13,"Leng 2021 AD (h, sn)  [AD vs Ctrl]"
Leng2021_AD_human_snRNA,Microglia,Hmgcs2,Synthesis (ketogenesis),AD,Ctrl,0.0004607604059856385,0.001087874174118042,-0.5153152037974406,0.9206600009934166,6,9,"Leng 2021 AD (h, sn)  [AD vs Ctrl]"
Leng2021_AD_human_snRNA,Microglia,Hmgcl,Synthesis (ketogenesis),AD,Ctrl,0.05742506682872772,0.05849779397249222,-0.02624869871769916,0.9528428708163653,6,9,"Leng 2021 AD (h, sn)  [AD vs Ctrl]"
Leng2021_AD_human_snRNA,Microglia,Hmgcll1,Synthesis (ketogenesis),AD,Ctrl,0.04245416447520256,0.023959994316101074,0.7998768401810704,0.6343089895833207,6,9,"Leng 2021 AD (h, sn)  [AD vs Ctrl]"
Leng2021_AD_human_snRNA,Microglia,Bdh1,Utilisation (ketolysis),AD,Ctrl,0.054641757160425186,0.04389316961169243,0.3096720216808351,0.8135001872932537,6,9,"Leng 2021 AD (h, sn)  [AD vs Ctrl]"
Leng2021_AD_human_snRNA,Microglia,Bdh2,Synthesis (ketogenesis),AD,Ctrl,0.007234109099954367,0.0015695902984589338,1.6800742130929103,0.058176969410416154,6,9,"Leng 2021 AD (h, sn)  [AD vs Ctrl]"
Leng2021_AD_human_snRNA,Microglia,Oxct1,Utilisation (ketolysis),AD,Ctrl,0.056529294699430466,0.07551984488964081,-0.4115371661521565,0.1944518292117592,6,9,"Leng 2021 AD (h, sn)  [AD vs Ctrl]"
Leng2021_AD_human_snRNA,Microglia,Acat1,Utilisation (ketolysis),AD,Ctrl,0.1688527911901474,0.0790935680270195,1.0845266305026282,0.011988011988011988,6,9,"Leng 2021 AD (h, sn)  [AD vs Ctrl]"
Leng2021_AD_human_snRNA,Microglia,Acss1,Acetate activation,AD,Ctrl,0.08997438102960587,0.1535850167274475,-0.7648682562822565,0.017582417582417582,6,9,"Leng 2021 AD (h, sn)  [AD vs Ctrl]"
Leng2021_AD_human_snRNA,Microglia,Acss2,Acetate activation,AD,Ctrl,0.0645214319229126,0.09155037999153137,-0.49827202712989105,0.6370510037408321,6,9,"Leng 2021 AD (h, sn)  [AD vs Ctrl]"
Leng2021_AD_human_snRNA,Microglia,Slc16a1,Ketone / lactate transport,AD,Ctrl,0.08178699761629105,0.043128807097673416,0.9076834498074264,0.4420221899269482,6,9,"Leng 2021 AD (h, sn)  [AD vs Ctrl]"
Leng2021_AD_human_snRNA,Microglia,Slc16a7,Ketone / lactate transport,AD,Ctrl,0.09889552742242813,0.03342686593532562,1.5368852358099792,0.06750068780248723,6,9,"Leng 2021 AD (h, sn)  [AD vs Ctrl]"
Leng2021_AD_human_snRNA,Microglia,Slc16a3,Ketone / lactate transport,AD,Ctrl,0.13397842645645142,0.3184664845466614,-1.2429357445841087,0.14465534465534466,6,9,"Leng 2021 AD (h, sn)  [AD vs Ctrl]"
Leng2021_AD_human_snRNA,Microglia,Slc16a6,Ketone / lactate transport,AD,Ctrl,0.017222438007593155,0.028753668069839478,-0.7073515442454688,0.4420221899269482,6,9,"Leng 2021 AD (h, sn)  [AD vs Ctrl]"
Leng2021_AD_human_snRNA,Microglia,Slc5a8,Ketone / lactate transport,AD,Ctrl,0.014586597681045532,0.024089278653264046,-0.6867649482819188,0.9521501723873973,6,9,"Leng 2021 AD (h, sn)  [AD vs Ctrl]"
Leng2021_AD_human_snRNA,Microglia,Bsg,Ketone / lactate transport,AD,Ctrl,0.15722160041332245,0.28407561779022217,-0.8493980824161382,0.479107370150633,6,9,"Leng 2021 AD (h, sn)  [AD vs Ctrl]"
Leng2021_AD_human_snRNA,Microglia,Hcar2,Receptors,AD,Ctrl,0.0,0.0,0.0,1.0,6,9,"Leng 2021 AD (h, sn)  [AD vs Ctrl]"
Leng2021_AD_human_snRNA,Microglia,Ffar3,Receptors,AD,Ctrl,0.0,0.0,0.0,1.0,6,9,"Leng 2021 AD (h, sn)  [AD vs Ctrl]"
Leng2021_AD_human_snRNA,Microglia,Ffar2,Receptors,AD,Ctrl,0.0009738649823702872,0.004158319905400276,-1.3858779390639593,0.4961158231244537,6,9,"Leng 2021 AD (h, sn)  [AD vs Ctrl]"
Leng2021_AD_human_snRNA,Microglia,Cpt1a,Fatty-acid supply / regulators,AD,Ctrl,0.06321713328361511,0.08412468433380127,-0.4066192800501736,0.5955544485034858,6,9,"Leng 2021 AD (h, sn)  [AD vs Ctrl]"
Leng2021_AD_human_snRNA,Microglia,Cpt2,Fatty-acid supply / regulators,AD,Ctrl,0.02522079087793827,0.011798731051385403,1.0347104218993095,0.11357890784637738,6,9,"Leng 2021 AD (h, sn)  [AD vs Ctrl]"
Leng2021_AD_human_snRNA,Microglia,Acadm,Fatty-acid supply / regulators,AD,Ctrl,0.14086221158504486,0.10694567114114761,0.3941849547441523,0.08791208791208792,6,9,"Leng 2021 AD (h, sn)  [AD vs Ctrl]"
Leng2021_AD_human_snRNA,Microglia,Hadha,Fatty-acid supply / regulators,AD,Ctrl,0.18766610324382782,0.12443426996469498,0.5889036824655337,0.181018981018981,6,9,"Leng 2021 AD (h, sn)  [AD vs Ctrl]"
Leng2021_AD_human_snRNA,Microglia,Acaa2,Fatty-acid supply / regulators,AD,Ctrl,0.008781091310083866,0.01972382701933384,-1.0832231009223023,0.42885366100083855,6,9,"Leng 2021 AD (h, sn)  [AD vs Ctrl]"
Leng2021_AD_human_snRNA,Microglia,Ppara,Fatty-acid supply / regulators,AD,Ctrl,0.14209768176078796,0.12671197950839996,0.16410644243025851,0.5286713286713286,6,9,"Leng 2021 AD (h, sn)  [AD vs Ctrl]"
Leng2021_AD_human_snRNA,Microglia,Ppargc1a,Fatty-acid supply / regulators,AD,Ctrl,0.03919786214828491,0.02811315283179283,0.46544769056195673,0.9053405761233371,6,9,"Leng 2021 AD (h, sn)  [AD vs Ctrl]"
Leng2021_AD_human_snRNA,Astrocyte,Hmgcs2,Synthesis (ketogenesis),AD,Ctrl,0.0012047846103087068,0.0009652367443777621,0.165934604208574,0.6920994301296672,6,13,"Leng 2021 AD (h, sn)  [AD vs Ctrl]"
Leng2021_AD_human_snRNA,Astrocyte,Hmgcl,Synthesis (ketogenesis),AD,Ctrl,0.08930755406618118,0.08512651175260544,0.06838927039759048,0.4670499778858912,6,13,"Leng 2021 AD (h, sn)  [AD vs Ctrl]"
Leng2021_AD_human_snRNA,Astrocyte,Hmgcll1,Synthesis (ketogenesis),AD,Ctrl,0.12138520926237106,0.08405797928571701,0.5249107266362341,0.2727272194594814,6,13,"Leng 2021 AD (h, sn)  [AD vs Ctrl]"
Leng2021_AD_human_snRNA,Astrocyte,Bdh1,Utilisation (ketolysis),AD,Ctrl,0.09870768338441849,0.11854302138090134,-0.26175332481957,0.8314167772372107,6,13,"Leng 2021 AD (h, sn)  [AD vs Ctrl]"
Leng2021_AD_human_snRNA,Astrocyte,Bdh2,Synthesis (ketogenesis),AD,Ctrl,0.02590016834437847,0.020737115293741226,0.3074547066076695,0.3568859426433526,6,13,"Leng 2021 AD (h, sn)  [AD vs Ctrl]"
Leng2021_AD_human_snRNA,Astrocyte,Oxct1,Utilisation (ketolysis),AD,Ctrl,0.11931216716766357,0.06937915831804276,0.7735623838672314,0.025255016702324076,6,13,"Leng 2021 AD (h, sn)  [AD vs Ctrl]"
Leng2021_AD_human_snRNA,Astrocyte,Acat1,Utilisation (ketolysis),AD,Ctrl,0.16617615520954132,0.12868721783161163,0.3663327941777576,0.10607400855078875,6,13,"Leng 2021 AD (h, sn)  [AD vs Ctrl]"
Leng2021_AD_human_snRNA,Astrocyte,Acss1,Acetate activation,AD,Ctrl,0.6171440482139587,0.9002824425697327,-0.5440362131001807,0.02852720035382574,6,13,"Leng 2021 AD (h, sn)  [AD vs Ctrl]"
Leng2021_AD_human_snRNA,Astrocyte,Acss2,Acetate activation,AD,Ctrl,0.0684032216668129,0.06731998175382614,0.022695043963979675,0.9650063171057915,6,13,"Leng 2021 AD (h, sn)  [AD vs Ctrl]"
Leng2021_AD_human_snRNA,Astrocyte,Slc16a1,Ketone / lactate transport,AD,Ctrl,0.03993891924619675,0.042314015328884125,-0.08136090351968027,0.7587634280669648,6,13,"Leng 2021 AD (h, sn)  [AD vs Ctrl]"
Leng2021_AD_human_snRNA,Astrocyte,Slc16a7,Ketone / lactate transport,AD,Ctrl,0.07379484921693802,0.05495435744524002,0.4186884362058459,0.2361962157150933,6,13,"Leng 2021 AD (h, sn)  [AD vs Ctrl]"
Leng2021_AD_human_snRNA,Astrocyte,Slc16a3,Ketone / lactate transport,AD,Ctrl,0.02674419991672039,0.04543231055140495,-0.7429428743152006,0.6293843093886573,6,13,"Leng 2021 AD (h, sn)  [AD vs Ctrl]"
Leng2021_AD_human_snRNA,Astrocyte,Slc16a6,Ketone / lactate transport,AD,Ctrl,0.015572485513985157,0.022839726880192757,-0.5245777158561931,0.8951503040146672,6,13,"Leng 2021 AD (h, sn)  [AD vs Ctrl]"
Leng2021_AD_human_snRNA,Astrocyte,Slc5a8,Ketone / lactate transport,AD,Ctrl,0.013331579975783825,0.0045470502227544785,1.3694049746174224,0.006958884575073851,6,13,"Leng 2021 AD (h, sn)  [AD vs Ctrl]"
Leng2021_AD_human_snRNA,Astrocyte,Bsg,Ketone / lactate transport,AD,Ctrl,0.3396811783313751,1.0325264930725098,-1.601081220859274,0.0002948547840188707,6,13,"Leng 2021 AD (h, sn)  [AD vs Ctrl]"
Leng2021_AD_human_snRNA,Astrocyte,Hcar2,Receptors,AD,Ctrl,0.00020052306354045868,0.0,0.26366311979975704,0.17423138824802498,6,13,"Leng 2021 AD (h, sn)  [AD vs Ctrl]"
Leng2021_AD_human_snRNA,Astrocyte,Ffar3,Receptors,AD,Ctrl,0.0,0.0,0.0,1.0,6,13,"Leng 2021 AD (h, sn)  [AD vs Ctrl]"
Leng2021_AD_human_snRNA,Astrocyte,Ffar2,Receptors,AD,Ctrl,0.0033511267974972725,0.00028128252597525716,1.7638004309092057,0.00244824344897238,6,13,"Leng 2021 AD (h, sn)  [AD vs Ctrl]"
Leng2021_AD_human_snRNA,Astrocyte,Cpt1a,Fatty-acid supply / regulators,AD,Ctrl,0.2184538096189499,0.2080845683813095,0.06983072811126517,0.8982750995134897,6,13,"Leng 2021 AD (h, sn)  [AD vs Ctrl]"
Leng2021_AD_human_snRNA,Astrocyte,Cpt2,Fatty-acid supply / regulators,AD,Ctrl,0.03320424258708954,0.021839844062924385,0.5826224827252983,0.10453181673556865,6,13,"Leng 2021 AD (h, sn)  [AD vs Ctrl]"
Leng2021_AD_human_snRNA,Astrocyte,Acadm,Fatty-acid supply / regulators,AD,Ctrl,0.1275363713502884,0.07471083104610443,0.7636050407483247,0.0032434026242075774,6,13,"Leng 2021 AD (h, sn)  [AD vs Ctrl]"
Leng2021_AD_human_snRNA,Astrocyte,Hadha,Fatty-acid supply / regulators,AD,Ctrl,0.21093213558197021,0.235602468252182,-0.1588627617720436,0.7653693056169837,6,13,"Leng 2021 AD (h, sn)  [AD vs Ctrl]"
Leng2021_AD_human_snRNA,Astrocyte,Acaa2,Fatty-acid supply / regulators,AD,Ctrl,0.025897061452269554,0.031055303290486336,-0.25311449419766824,0.7578345954189641,6,13,"Leng 2021 AD (h, sn)  [AD vs Ctrl]"
Leng2021_AD_human_snRNA,Astrocyte,Ppara,Fatty-acid supply / regulators,AD,Ctrl,0.22681672871112823,0.2705269455909729,-0.25322168539361795,0.32286598850066345,6,13,"Leng 2021 AD (h, sn)  [AD vs Ctrl]"
Leng2021_AD_human_snRNA,Astrocyte,Ppargc1a,Fatty-acid supply / regulators,AD,Ctrl,0.23585470020771027,0.2306952178478241,0.03177403391221975,0.7012383900928792,6,13,"Leng 2021 AD (h, sn)  [AD vs Ctrl]"
Leng2021_AD_human_snRNA,Neuron,Hmgcs2,Synthesis (ketogenesis),AD,Ctrl,0.0017797009786590934,0.0013848079834133387,0.2210565859334746,0.26189273921379064,6,14,"Leng 2021 AD (h, sn)  [AD vs Ctrl]"
Leng2021_AD_human_snRNA,Neuron,Hmgcl,Synthesis (ketogenesis),AD,Ctrl,0.056674811989068985,0.05484132096171379,0.04660832614056788,0.7790505675954593,6,14,"Leng 2021 AD (h, sn)  [AD vs Ctrl]"
Leng2021_AD_human_snRNA,Neuron,Hmgcll1,Synthesis (ketogenesis),AD,Ctrl,0.2733398973941803,0.23689134418964386,0.20566166988794304,0.44416924664602686,6,14,"Leng 2021 AD (h, sn)  [AD vs Ctrl]"
Leng2021_AD_human_snRNA,Neuron,Bdh1,Utilisation (ketolysis),AD,Ctrl,0.20384348928928375,0.19876864552497864,0.03619187493771263,0.7790505675954593,6,14,"Leng 2021 AD (h, sn)  [AD vs Ctrl]"
Leng2021_AD_human_snRNA,Neuron,Bdh2,Synthesis (ketogenesis),AD,Ctrl,0.006289504934102297,0.003080260707065463,0.8371595016899276,0.028598487350226198,6,14,"Leng 2021 AD (h, sn)  [AD vs Ctrl]"
Leng2021_AD_human_snRNA,Neuron,Oxct1,Utilisation (ketolysis),AD,Ctrl,0.2986243665218353,0.2097332775592804,0.5077368009842497,0.04076367389060887,6,14,"Leng 2021 AD (h, sn)  [AD vs Ctrl]"
Leng2021_AD_human_snRNA,Neuron,Acat1,Utilisation (ketolysis),AD,Ctrl,0.28146806359291077,0.16638517379760742,0.7549160164351277,0.0022703818369453044,6,14,"Leng 2021 AD (h, sn)  [AD vs Ctrl]"
Leng2021_AD_human_snRNA,Neuron,Acss1,Acetate activation,AD,Ctrl,0.04515053704380989,0.03561316058039665,0.33398511862854496,0.10933952528379773,6,14,"Leng 2021 AD (h, sn)  [AD vs Ctrl]"
Leng2021_AD_human_snRNA,Neuron,Acss2,Acetate activation,AD,Ctrl,0.1018851101398468,0.07685231417417526,0.40222237650068,0.0913312693498452,6,14,"Leng 2021 AD (h, sn)  [AD vs Ctrl]"
Leng2021_AD_human_snRNA,Neuron,Slc16a1,Ketone / lactate transport,AD,Ctrl,0.08135175704956055,0.05377405136823654,0.588306838092225,0.0913312693498452,6,14,"Leng 2021 AD (h, sn)  [AD vs Ctrl]"
Leng2021_AD_human_snRNA,Neuron,Slc16a7,Ketone / lactate transport,AD,Ctrl,0.37287673354148865,0.34692081809043884,0.10380368842710241,0.7790505675954593,6,14,"Leng 2021 AD (h, sn)  [AD vs Ctrl]"
Leng2021_AD_human_snRNA,Neuron,Slc16a3,Ketone / lactate transport,AD,Ctrl,0.025112280622124672,0.019862381741404533,0.32382459510534056,0.04076367389060887,6,14,"Leng 2021 AD (h, sn)  [AD vs Ctrl]"
Leng2021_AD_human_snRNA,Neuron,Slc16a6,Ketone / lactate transport,AD,Ctrl,0.031236693263053894,0.03003045916557312,0.055018719460905675,0.8411248710010321,6,14,"Leng 2021 AD (h, sn)  [AD vs Ctrl]"
Leng2021_AD_human_snRNA,Neuron,Slc5a8,Ketone / lactate transport,AD,Ctrl,0.057632267475128174,0.03929368406534195,0.5411411332799693,0.15283797729618162,6,14,"Leng 2021 AD (h, sn)  [AD vs Ctrl]"
Leng2021_AD_human_snRNA,Neuron,Bsg,Ketone / lactate transport,AD,Ctrl,0.4290459454059601,0.6622222661972046,-0.625001639661337,0.15283797729618162,6,14,"Leng 2021 AD (h, sn)  [AD vs Ctrl]"
Leng2021_AD_human_snRNA,Neuron,Hcar2,Receptors,AD,Ctrl,0.00014798737538512796,0.0,0.19910677653501455,0.006531833738596655,6,14,"Leng 2021 AD (h, sn)  [AD vs Ctrl]"
Leng2021_AD_human_snRNA,Neuron,Ffar3,Receptors,AD,Ctrl,0.00013393569679465145,1.3723377378482837e-05,0.16167480370262644,0.5265719745968565,6,14,"Leng 2021 AD (h, sn)  [AD vs Ctrl]"
Leng2021_AD_human_snRNA,Neuron,Ffar2,Receptors,AD,Ctrl,0.0015403222059831023,0.0017767389072105289,-0.12838003375898094,0.5904818790989171,6,14,"Leng 2021 AD (h, sn)  [AD vs Ctrl]"
Leng2021_AD_human_snRNA,Neuron,Cpt1a,Fatty-acid supply / regulators,AD,Ctrl,0.07102552801370621,0.04545370489358902,0.6327146690450175,0.06217750257997936,6,14,"Leng 2021 AD (h, sn)  [AD vs Ctrl]"
Leng2021_AD_human_snRNA,Neuron,Cpt2,Fatty-acid supply / regulators,AD,Ctrl,0.021690135821700096,0.008178090676665306,1.3057992796072175,0.04322947578430588,6,14,"Leng 2021 AD (h, sn)  [AD vs Ctrl]"
Leng2021_AD_human_snRNA,Neuron,Acadm,Fatty-acid supply / regulators,AD,Ctrl,0.2292240858078003,0.15147510170936584,0.5944650963799828,0.015376676986584107,6,14,"Leng 2021 AD (h, sn)  [AD vs Ctrl]"
Leng2021_AD_human_snRNA,Neuron,Hadha,Fatty-acid supply / regulators,AD,Ctrl,0.16420288383960724,0.1287863701581955,0.3480999881219851,0.15283797729618162,6,14,"Leng 2021 AD (h, sn)  [AD vs Ctrl]"
Leng2021_AD_human_snRNA,Neuron,Acaa2,Fatty-acid supply / regulators,AD,Ctrl,0.006797474343329668,0.005540484096854925,0.2536094791954023,0.30182086773325956,6,14,"Leng 2021 AD (h, sn)  [AD vs Ctrl]"
Leng2021_AD_human_snRNA,Neuron,Ppara,Fatty-acid supply / regulators,AD,Ctrl,0.07595942914485931,0.05785544589161873,0.38692218385254884,0.12966976264189886,6,14,"Leng 2021 AD (h, sn)  [AD vs Ctrl]"
Leng2021_AD_human_snRNA,Neuron,Ppargc1a,Fatty-acid supply / regulators,AD,Ctrl,0.24578942358493805,0.24864061176776886,-0.016572084639317045,0.7790505675954593,6,14,"Leng 2021 AD (h, sn)  [AD vs Ctrl]"
Leng2021_AD_human_snRNA,Endothelial,Hmgcs2,Synthesis (ketogenesis),AD,Ctrl,0.0,0.0,0.0,1.0,6,5,"Leng 2021 AD (h, sn)  [AD vs Ctrl]"
Leng2021_AD_human_snRNA,Endothelial,Hmgcl,Synthesis (ketogenesis),AD,Ctrl,0.09403444081544876,0.07903542369604111,0.24781176746943503,0.854805435691019,6,5,"Leng 2021 AD (h, sn)  [AD vs Ctrl]"
Leng2021_AD_human_snRNA,Endothelial,Hmgcll1,Synthesis (ketogenesis),AD,Ctrl,0.05020229145884514,0.03147570416331291,0.6568475690361719,0.5130813782131334,6,5,"Leng 2021 AD (h, sn)  [AD vs Ctrl]"
Leng2021_AD_human_snRNA,Endothelial,Bdh1,Utilisation (ketolysis),AD,Ctrl,0.02376316487789154,0.020219653844833374,0.22279458940269434,0.8421868203073947,6,5,"Leng 2021 AD (h, sn)  [AD vs Ctrl]"
Leng2021_AD_human_snRNA,Endothelial,Bdh2,Synthesis (ketogenesis),AD,Ctrl,0.01924506574869156,0.021122727543115616,-0.1279589401228386,1.0,6,5,"Leng 2021 AD (h, sn)  [AD vs Ctrl]"
Leng2021_AD_human_snRNA,Endothelial,Oxct1,Utilisation (ketolysis),AD,Ctrl,0.08082807064056396,0.06772764027118683,0.25170541015290937,1.0,6,5,"Leng 2021 AD (h, sn)  [AD vs Ctrl]"
Leng2021_AD_human_snRNA,Endothelial,Acat1,Utilisation (ketolysis),AD,Ctrl,0.2610851228237152,0.20452217757701874,0.3507413806039076,0.12554112554112554,6,5,"Leng 2021 AD (h, sn)  [AD vs Ctrl]"
Leng2021_AD_human_snRNA,Endothelial,Acss1,Acetate activation,AD,Ctrl,0.08659869432449341,0.03255457431077957,1.384399911815906,0.0672640751937606,6,5,"Leng 2021 AD (h, sn)  [AD vs Ctrl]"
Leng2021_AD_human_snRNA,Endothelial,Acss2,Acetate activation,AD,Ctrl,0.06613228470087051,0.08023619651794434,-0.2751159519464149,0.32900432900432897,6,5,"Leng 2021 AD (h, sn)  [AD vs Ctrl]"
Leng2021_AD_human_snRNA,Endothelial,Slc16a1,Ketone / lactate transport,AD,Ctrl,0.5375022292137146,0.4271338880062103,0.33089028360146594,0.5367965367965368,6,5,"Leng 2021 AD (h, sn)  [AD vs Ctrl]"
Leng2021_AD_human_snRNA,Endothelial,Slc16a7,Ketone / lactate transport,AD,Ctrl,0.1106647253036499,0.09352804720401764,0.24035915612691292,0.647328684583698,6,5,"Leng 2021 AD (h, sn)  [AD vs Ctrl]"
Leng2021_AD_human_snRNA,Endothelial,Slc16a3,Ketone / lactate transport,AD,Ctrl,0.04445318877696991,0.09561674296855927,-1.0878917086192832,0.23104548827151294,6,5,"Leng 2021 AD (h, sn)  [AD vs Ctrl]"
Leng2021_AD_human_snRNA,Endothelial,Slc16a6,Ketone / lactate transport,AD,Ctrl,0.06797996163368225,0.06489668786525726,0.065971372836977,0.5830249115137662,6,5,"Leng 2021 AD (h, sn)  [AD vs Ctrl]"
Leng2021_AD_human_snRNA,Endothelial,Slc5a8,Ketone / lactate transport,AD,Ctrl,0.005816811695694923,0.0,2.7690971312844432,0.10406217983408536,6,5,"Leng 2021 AD (h, sn)  [AD vs Ctrl]"
Leng2021_AD_human_snRNA,Endothelial,Bsg,Ketone / lactate transport,AD,Ctrl,1.6428042650222778,2.00508451461792,-0.2873438655081075,0.5367965367965368,6,5,"Leng 2021 AD (h, sn)  [AD vs Ctrl]"
Leng2021_AD_human_snRNA,Endothelial,Hcar2,Receptors,AD,Ctrl,0.0,0.0,0.0,1.0,6,5,"Leng 2021 AD (h, sn)  [AD vs Ctrl]"
Leng2021_AD_human_snRNA,Endothelial,Ffar3,Receptors,AD,Ctrl,0.0,0.0,0.0,1.0,6,5,"Leng 2021 AD (h, sn)  [AD vs Ctrl]"
Leng2021_AD_human_snRNA,Endothelial,Ffar2,Receptors,AD,Ctrl,0.0043891738168895245,0.0017195061082020402,0.986719452484028,0.5615603260182771,6,5,"Leng 2021 AD (h, sn)  [AD vs Ctrl]"
Leng2021_AD_human_snRNA,Endothelial,Cpt1a,Fatty-acid supply / regulators,AD,Ctrl,0.23133301734924316,0.24501332640647888,-0.0825422744383716,0.9307359307359306,6,5,"Leng 2021 AD (h, sn)  [AD vs Ctrl]"
Leng2021_AD_human_snRNA,Endothelial,Cpt2,Fatty-acid supply / regulators,AD,Ctrl,0.027660898864269257,0.03400299698114395,-0.28839459573719417,0.923724918398048,6,5,"Leng 2021 AD (h, sn)  [AD vs Ctrl]"
Leng2021_AD_human_snRNA,Endothelial,Acadm,Fatty-acid supply / regulators,AD,Ctrl,0.06517966091632843,0.12782606482505798,-0.960964712415635,0.16699411792618535,6,5,"Leng 2021 AD (h, sn)  [AD vs Ctrl]"
Leng2021_AD_human_snRNA,Endothelial,Hadha,Fatty-acid supply / regulators,AD,Ctrl,0.15806609392166138,0.1641044318675995,-0.05375249911785226,0.9307359307359306,6,5,"Leng 2021 AD (h, sn)  [AD vs Ctrl]"
Leng2021_AD_human_snRNA,Endothelial,Acaa2,Fatty-acid supply / regulators,AD,Ctrl,0.031530607491731644,0.043721042573451996,-0.4591560576672183,0.7822520698874638,6,5,"Leng 2021 AD (h, sn)  [AD vs Ctrl]"
Leng2021_AD_human_snRNA,Endothelial,Ppara,Fatty-acid supply / regulators,AD,Ctrl,0.08002042770385742,0.1535240113735199,-0.9314734287889044,0.20021690900828493,6,5,"Leng 2021 AD (h, sn)  [AD vs Ctrl]"
Leng2021_AD_human_snRNA,Endothelial,Ppargc1a,Fatty-acid supply / regulators,AD,Ctrl,0.031077852472662926,0.014252508990466595,1.0725309793498945,0.2922631684464434,6,5,"Leng 2021 AD (h, sn)  [AD vs Ctrl]"
Leng2021_AD_human_snRNA,Immune (lymphoid/myeloid),Hmgcs2,Synthesis (ketogenesis),AD,Ctrl,0.0004290213983040303,0.0,0.5150275196499453,,6,2,"Leng 2021 AD (h, sn)  [AD vs Ctrl]"
Leng2021_AD_human_snRNA,Immune (lymphoid/myeloid),Hmgcl,Synthesis (ketogenesis),AD,Ctrl,0.08750622719526291,0.07077300548553467,0.30233763046554,,6,2,"Leng 2021 AD (h, sn)  [AD vs Ctrl]"
Leng2021_AD_human_snRNA,Immune (lymphoid/myeloid),Hmgcll1,Synthesis (ketogenesis),AD,Ctrl,0.03338528797030449,0.0,5.10371952282998,,6,2,"Leng 2021 AD (h, sn)  [AD vs Ctrl]"
Leng2021_AD_human_snRNA,Immune (lymphoid/myeloid),Bdh1,Utilisation (ketolysis),AD,Ctrl,0.051281269639730453,0.07718338817358017,-0.5805679298444059,,6,2,"Leng 2021 AD (h, sn)  [AD vs Ctrl]"
Leng2021_AD_human_snRNA,Immune (lymphoid/myeloid),Bdh2,Synthesis (ketogenesis),AD,Ctrl,0.0229469183832407,0.0,4.58176810912602,,6,2,"Leng 2021 AD (h, sn)  [AD vs Ctrl]"
Leng2021_AD_human_snRNA,Immune (lymphoid/myeloid),Oxct1,Utilisation (ketolysis),AD,Ctrl,0.07898783683776855,0.17119672894477844,-1.106205195745103,,6,2,"Leng 2021 AD (h, sn)  [AD vs Ctrl]"
Leng2021_AD_human_snRNA,Immune (lymphoid/myeloid),Acat1,Utilisation (ketolysis),AD,Ctrl,0.15495635569095612,0.12335576117038727,0.32666900160335016,,6,2,"Leng 2021 AD (h, sn)  [AD vs Ctrl]"
Leng2021_AD_human_snRNA,Immune (lymphoid/myeloid),Acss1,Acetate activation,AD,Ctrl,0.13579469919204712,0.13161779940128326,0.044737905848212814,,6,2,"Leng 2021 AD (h, sn)  [AD vs Ctrl]"
Leng2021_AD_human_snRNA,Immune (lymphoid/myeloid),Acss2,Acetate activation,AD,Ctrl,0.1606065034866333,0.08532033115625381,0.9047129525894724,,6,2,"Leng 2021 AD (h, sn)  [AD vs Ctrl]"
Leng2021_AD_human_snRNA,Immune (lymphoid/myeloid),Slc16a1,Ketone / lactate transport,AD,Ctrl,0.09282935410737991,0.0,6.551967429142953,,6,2,"Leng 2021 AD (h, sn)  [AD vs Ctrl]"
Leng2021_AD_human_snRNA,Immune (lymphoid/myeloid),Slc16a7,Ketone / lactate transport,AD,Ctrl,0.1363416463136673,0.0660514160990715,1.0344294557037195,,6,2,"Leng 2021 AD (h, sn)  [AD vs Ctrl]"
Leng2021_AD_human_snRNA,Immune (lymphoid/myeloid),Slc16a3,Ketone / lactate transport,AD,Ctrl,0.13982358574867249,0.3598306179046631,-1.3574327790929703,,6,2,"Leng 2021 AD (h, sn)  [AD vs Ctrl]"
Leng2021_AD_human_snRNA,Immune (lymphoid/myeloid),Slc16a6,Ketone / lactate transport,AD,Ctrl,0.015383478254079819,0.0,4.0341697722082115,,6,2,"Leng 2021 AD (h, sn)  [AD vs Ctrl]"
Leng2021_AD_human_snRNA,Immune (lymphoid/myeloid),Slc5a8,Ketone / lactate transport,AD,Ctrl,0.009164220653474331,0.0,3.345427694971925,,6,2,"Leng 2021 AD (h, sn)  [AD vs Ctrl]"
Leng2021_AD_human_snRNA,Immune (lymphoid/myeloid),Bsg,Ketone / lactate transport,AD,Ctrl,0.20995359122753143,0.164463073015213,0.35041636633781414,,6,2,"Leng 2021 AD (h, sn)  [AD vs Ctrl]"
Leng2021_AD_human_snRNA,Immune (lymphoid/myeloid),Hcar2,Receptors,AD,Ctrl,0.0012656644685193896,0.0,1.179934222391752,,6,2,"Leng 2021 AD (h, sn)  [AD vs Ctrl]"
Leng2021_AD_human_snRNA,Immune (lymphoid/myeloid),Ffar3,Receptors,AD,Ctrl,0.0004253230581525713,0.0,0.5112889519590229,,6,2,"Leng 2021 AD (h, sn)  [AD vs Ctrl]"
Leng2021_AD_human_snRNA,Immune (lymphoid/myeloid),Ffar2,Receptors,AD,Ctrl,0.0016421206528320909,0.0,1.4016963489723668,,6,2,"Leng 2021 AD (h, sn)  [AD vs Ctrl]"
Leng2021_AD_human_snRNA,Immune (lymphoid/myeloid),Cpt1a,Fatty-acid supply / regulators,AD,Ctrl,0.07121693342924118,0.02412925474345684,1.52296927401842,,6,2,"Leng 2021 AD (h, sn)  [AD vs Ctrl]"
Leng2021_AD_human_snRNA,Immune (lymphoid/myeloid),Cpt2,Fatty-acid supply / regulators,AD,Ctrl,0.04583675041794777,0.04647453501820564,-0.01951288655510989,,6,2,"Leng 2021 AD (h, sn)  [AD vs Ctrl]"
Leng2021_AD_human_snRNA,Immune (lymphoid/myeloid),Acadm,Fatty-acid supply / regulators,AD,Ctrl,0.1447523534297943,0.18672612309455872,-0.3651102443937627,,6,2,"Leng 2021 AD (h, sn)  [AD vs Ctrl]"
Leng2021_AD_human_snRNA,Immune (lymphoid/myeloid),Hadha,Fatty-acid supply / regulators,AD,Ctrl,0.191625714302063,0.14434055984020233,0.4063629380157241,,6,2,"Leng 2021 AD (h, sn)  [AD vs Ctrl]"
Leng2021_AD_human_snRNA,Immune (lymphoid/myeloid),Acaa2,Fatty-acid supply / regulators,AD,Ctrl,0.019299421459436417,0.027447715401649475,-0.48687418556924406,,6,2,"Leng 2021 AD (h, sn)  [AD vs Ctrl]"
Leng2021_AD_human_snRNA,Immune (lymphoid/myeloid),Ppara,Fatty-acid supply / regulators,AD,Ctrl,0.12245180457830429,0.22329078614711761,-0.8614224303288764,,6,2,"Leng 2021 AD (h, sn)  [AD vs Ctrl]"
Leng2021_AD_human_snRNA,Immune (lymphoid/myeloid),Ppargc1a,Fatty-acid supply / regulators,AD,Ctrl,0.03805266693234444,0.02940216101706028,0.3612471987561554,,6,2,"Leng 2021 AD (h, sn)  [AD vs Ctrl]"
LermaMartin2024_MS_human_Visium,spot,Hmgcl,Synthesis (ketogenesis),MS,Ctrl,0.0655478909611702,0.11461547762155533,-0.7968696965517803,0.009696186166774402,12,6,"Lerma-Martin 2024 MS (h, Visium)  [MS vs Ctrl]"
LermaMartin2024_MS_human_Visium,spot,Hmgcll1,Synthesis (ketogenesis),MS,Ctrl,0.020961670204997063,0.01874472200870514,0.1535207209390645,0.9635854341736694,12,6,"Lerma-Martin 2024 MS (h, Visium)  [MS vs Ctrl]"
LermaMartin2024_MS_human_Visium,spot,Bdh1,Utilisation (ketolysis),MS,Ctrl,0.035999786108732224,0.048385605216026306,-0.41657365947450814,0.3845076492135316,12,6,"Lerma-Martin 2024 MS (h, Visium)  [MS vs Ctrl]"
LermaMartin2024_MS_human_Visium,spot,Bdh2,Synthesis (ketogenesis),MS,Ctrl,0.1616840809583664,0.2797933518886566,-0.787435691930954,0.0020469726352079294,12,6,"Lerma-Martin 2024 MS (h, Visium)  [MS vs Ctrl]"
LermaMartin2024_MS_human_Visium,spot,Oxct1,Utilisation (ketolysis),MS,Ctrl,0.13315917551517487,0.11938837915658951,0.15624958943233333,0.6819650937297996,12,6,"Lerma-Martin 2024 MS (h, Visium)  [MS vs Ctrl]"
LermaMartin2024_MS_human_Visium,spot,Acat1,Utilisation (ketolysis),MS,Ctrl,0.17706704139709473,0.2568710148334503,-0.5342291094065594,0.05289808230984702,12,6,"Lerma-Martin 2024 MS (h, Visium)  [MS vs Ctrl]"
LermaMartin2024_MS_human_Visium,spot,Acss1,Acetate activation,MS,Ctrl,0.13111528754234314,0.17592428624629974,-0.4213346833878068,0.43708252531781944,12,6,"Lerma-Martin 2024 MS (h, Visium)  [MS vs Ctrl]"
LermaMartin2024_MS_human_Visium,spot,Acss2,Acetate activation,MS,Ctrl,0.0870998278260231,0.21038691699504852,-1.2626749844597276,0.00021547080370609782,12,6,"Lerma-Martin 2024 MS (h, Visium)  [MS vs Ctrl]"
LermaMartin2024_MS_human_Visium,spot,Slc16a1,Ketone / lactate transport,MS,Ctrl,0.16183297336101532,0.21350668370723724,-0.397629728510945,0.018207282913165267,12,6,"Lerma-Martin 2024 MS (h, Visium)  [MS vs Ctrl]"
LermaMartin2024_MS_human_Visium,spot,Slc16a7,Ketone / lactate transport,MS,Ctrl,0.026906760409474373,0.026029087603092194,0.04610184418081362,0.9635854341736694,12,6,"Lerma-Martin 2024 MS (h, Visium)  [MS vs Ctrl]"
LermaMartin2024_MS_human_Visium,spot,Slc16a3,Ketone / lactate transport,MS,Ctrl,0.07992202788591385,0.05152750015258789,0.6234595474081162,0.3845076492135316,12,6,"Lerma-Martin 2024 MS (h, Visium)  [MS vs Ctrl]"
LermaMartin2024_MS_human_Visium,spot,Slc16a6,Ketone / lactate transport,MS,Ctrl,0.006820747163146734,0.014648833312094212,-1.0006767534515073,0.041478129713423836,12,6,"Lerma-Martin 2024 MS (h, Visium)  [MS vs Ctrl]"
LermaMartin2024_MS_human_Visium,spot,Slc5a8,Ketone / lactate transport,MS,Ctrl,0.00020590073836501688,0.0,0.2701111591764846,0.22043638574536195,12,6,"Lerma-Martin 2024 MS (h, Visium)  [MS vs Ctrl]"
LermaMartin2024_MS_human_Visium,spot,Bsg,Ketone / lactate transport,MS,Ctrl,0.8325902819633484,0.9248102307319641,-0.15137804661784085,0.6819650937297996,12,6,"Lerma-Martin 2024 MS (h, Visium)  [MS vs Ctrl]"
LermaMartin2024_MS_human_Visium,spot,Hcar2,Receptors,MS,Ctrl,0.0004515226755756885,0.00011462022666819394,0.38101487090519126,0.1813297857466446,12,6,"Lerma-Martin 2024 MS (h, Visium)  [MS vs Ctrl]"
LermaMartin2024_MS_human_Visium,spot,Ffar3,Receptors,MS,Ctrl,0.00039293107693083584,0.001277448027394712,-0.7092942570307081,0.07772394299428793,12,6,"Lerma-Martin 2024 MS (h, Visium)  [MS vs Ctrl]"
LermaMartin2024_MS_human_Visium,spot,Ffar2,Receptors,MS,Ctrl,0.0005067593883723021,0.0004851808480452746,0.020810437677486637,1.0,12,6,"Lerma-Martin 2024 MS (h, Visium)  [MS vs Ctrl]"
LermaMartin2024_MS_human_Visium,spot,Cpt1a,Fatty-acid supply / regulators,MS,Ctrl,0.08877130597829819,0.06408806890249252,0.46386127174415026,0.05289808230984702,12,6,"Lerma-Martin 2024 MS (h, Visium)  [MS vs Ctrl]"
LermaMartin2024_MS_human_Visium,spot,Cpt2,Fatty-acid supply / regulators,MS,Ctrl,0.035765305161476135,0.07589638978242874,-1.0645709068043379,0.009696186166774402,12,6,"Lerma-Martin 2024 MS (h, Visium)  [MS vs Ctrl]"
LermaMartin2024_MS_human_Visium,spot,Acadm,Fatty-acid supply / regulators,MS,Ctrl,0.1276739090681076,0.17193841934204102,-0.4265388571931393,0.08306399482870072,12,6,"Lerma-Martin 2024 MS (h, Visium)  [MS vs Ctrl]"
LermaMartin2024_MS_human_Visium,spot,Hadha,Fatty-acid supply / regulators,MS,Ctrl,0.3434358835220337,0.4842334985733032,-0.4944437004352341,0.041478129713423836,12,6,"Lerma-Martin 2024 MS (h, Visium)  [MS vs Ctrl]"
LermaMartin2024_MS_human_Visium,spot,Acaa2,Fatty-acid supply / regulators,MS,Ctrl,0.17468737065792084,0.24933522939682007,-0.510850847687567,0.05289808230984702,12,6,"Lerma-Martin 2024 MS (h, Visium)  [MS vs Ctrl]"
LermaMartin2024_MS_human_Visium,spot,Ppara,Fatty-acid supply / regulators,MS,Ctrl,0.07393421977758408,0.06504198163747787,0.18224128636758527,0.5532212885154062,12,6,"Lerma-Martin 2024 MS (h, Visium)  [MS vs Ctrl]"
LermaMartin2024_MS_human_Visium,spot,Ppargc1a,Fatty-acid supply / regulators,MS,Ctrl,0.01983950287103653,0.01906183920800686,0.05486698847692874,0.6819650937297996,12,6,"Lerma-Martin 2024 MS (h, Visium)  [MS vs Ctrl]"
LermaMartin2024_MS_human_snRNA,Oligodendrocyte,Hmgcs2,Synthesis (ketogenesis),MS,Ctrl,4.763515244121663e-05,2.0431041775736958e-05,0.03795768205228818,0.8504362683123465,10,6,"Lerma-Martin 2024 MS (h, sn)  [MS vs Ctrl]"
LermaMartin2024_MS_human_snRNA,Oligodendrocyte,Hmgcl,Synthesis (ketogenesis),MS,Ctrl,0.07265210896730423,0.09331044554710388,-0.35669073216891634,0.26348651348651353,10,6,"Lerma-Martin 2024 MS (h, sn)  [MS vs Ctrl]"
LermaMartin2024_MS_human_snRNA,Oligodendrocyte,Hmgcll1,Synthesis (ketogenesis),MS,Ctrl,0.009367330931127071,0.016083505004644394,-0.7205594813600249,0.7924575424575424,10,6,"Lerma-Martin 2024 MS (h, sn)  [MS vs Ctrl]"
LermaMartin2024_MS_human_snRNA,Oligodendrocyte,Bdh1,Utilisation (ketolysis),MS,Ctrl,0.06543342024087906,0.08929678797721863,-0.44276547763966845,0.26348651348651353,10,6,"Lerma-Martin 2024 MS (h, sn)  [MS vs Ctrl]"
LermaMartin2024_MS_human_snRNA,Oligodendrocyte,Bdh2,Synthesis (ketogenesis),MS,Ctrl,0.06938044726848602,0.05943726375699043,0.2197363372040526,0.3676323676323677,10,6,"Lerma-Martin 2024 MS (h, sn)  [MS vs Ctrl]"
LermaMartin2024_MS_human_snRNA,Oligodendrocyte,Oxct1,Utilisation (ketolysis),MS,Ctrl,0.1703534573316574,0.1948772668838501,-0.19297467023242973,0.7127872127872128,10,6,"Lerma-Martin 2024 MS (h, sn)  [MS vs Ctrl]"
LermaMartin2024_MS_human_snRNA,Oligodendrocyte,Acat1,Utilisation (ketolysis),MS,Ctrl,0.13830295205116272,0.11833230406045914,0.22324118807268645,0.3676323676323677,10,6,"Lerma-Martin 2024 MS (h, sn)  [MS vs Ctrl]"
LermaMartin2024_MS_human_snRNA,Oligodendrocyte,Acss1,Acetate activation,MS,Ctrl,0.20101895928382874,0.2229287028312683,-0.14854876757508187,0.42782217782217785,10,6,"Lerma-Martin 2024 MS (h, sn)  [MS vs Ctrl]"
LermaMartin2024_MS_human_snRNA,Oligodendrocyte,Acss2,Acetate activation,MS,Ctrl,0.47854405641555786,0.4783243238925934,0.0006612107214339065,0.9577922077922078,10,6,"Lerma-Martin 2024 MS (h, sn)  [MS vs Ctrl]"
LermaMartin2024_MS_human_snRNA,Oligodendrocyte,Slc16a1,Ketone / lactate transport,MS,Ctrl,0.04640074819326401,0.06863395869731903,-0.5548812116821853,0.14710289710289712,10,6,"Lerma-Martin 2024 MS (h, sn)  [MS vs Ctrl]"
LermaMartin2024_MS_human_snRNA,Oligodendrocyte,Slc16a7,Ketone / lactate transport,MS,Ctrl,0.30416861176490784,0.26881057024002075,0.17765971168032937,0.26348651348651353,10,6,"Lerma-Martin 2024 MS (h, sn)  [MS vs Ctrl]"
LermaMartin2024_MS_human_snRNA,Oligodendrocyte,Slc16a3,Ketone / lactate transport,MS,Ctrl,0.01902972348034382,0.010022611357271671,0.861676452182132,0.1805694305694306,10,6,"Lerma-Martin 2024 MS (h, sn)  [MS vs Ctrl]"
LermaMartin2024_MS_human_snRNA,Oligodendrocyte,Slc16a6,Ketone / lactate transport,MS,Ctrl,0.0007720001740381122,8.799732313491404e-05,0.7037037385446808,0.06378062759445292,10,6,"Lerma-Martin 2024 MS (h, sn)  [MS vs Ctrl]"
LermaMartin2024_MS_human_snRNA,Oligodendrocyte,Slc5a8,Ketone / lactate transport,MS,Ctrl,6.394905358320102e-05,0.00015939479635562748,-0.12394284547158964,1.0,10,6,"Lerma-Martin 2024 MS (h, sn)  [MS vs Ctrl]"
LermaMartin2024_MS_human_snRNA,Oligodendrocyte,Bsg,Ketone / lactate transport,MS,Ctrl,0.1586928367614746,0.056427355855703354,1.4754895582178569,0.04195804195804197,10,6,"Lerma-Martin 2024 MS (h, sn)  [MS vs Ctrl]"
LermaMartin2024_MS_human_snRNA,Oligodendrocyte,Ffar3,Receptors,MS,Ctrl,0.001601052819751203,0.0008964606677182019,0.4557862457967761,0.5623972585719925,10,6,"Lerma-Martin 2024 MS (h, sn)  [MS vs Ctrl]"
LermaMartin2024_MS_human_snRNA,Oligodendrocyte,Cpt1a,Fatty-acid supply / regulators,MS,Ctrl,0.007893407717347145,0.012732992880046368,-0.626837838938228,0.3676323676323677,10,6,"Lerma-Martin 2024 MS (h, sn)  [MS vs Ctrl]"
LermaMartin2024_MS_human_snRNA,Oligodendrocyte,Cpt2,Fatty-acid supply / regulators,MS,Ctrl,0.03004312887787819,0.016569064930081367,0.8212365664653157,0.14710289710289712,10,6,"Lerma-Martin 2024 MS (h, sn)  [MS vs Ctrl]"
LermaMartin2024_MS_human_snRNA,Oligodendrocyte,Acadm,Fatty-acid supply / regulators,MS,Ctrl,0.17922630906105042,0.1053425744175911,0.7610903303841837,0.02247752247752248,10,6,"Lerma-Martin 2024 MS (h, sn)  [MS vs Ctrl]"
LermaMartin2024_MS_human_snRNA,Oligodendrocyte,Hadha,Fatty-acid supply / regulators,MS,Ctrl,0.21511106193065643,0.14865881204605103,0.5300956918177463,0.07267732267732269,10,6,"Lerma-Martin 2024 MS (h, sn)  [MS vs Ctrl]"
LermaMartin2024_MS_human_snRNA,Oligodendrocyte,Acaa2,Fatty-acid supply / regulators,MS,Ctrl,0.040867727249860764,0.026877978816628456,0.5867126368026631,0.11788211788211789,10,6,"Lerma-Martin 2024 MS (h, sn)  [MS vs Ctrl]"
LermaMartin2024_MS_human_snRNA,Oligodendrocyte,Ppara,Fatty-acid supply / regulators,MS,Ctrl,0.1963837742805481,0.20409709215164185,-0.05530363807585075,0.9577922077922078,10,6,"Lerma-Martin 2024 MS (h, sn)  [MS vs Ctrl]"
LermaMartin2024_MS_human_snRNA,Oligodendrocyte,Ppargc1a,Fatty-acid supply / regulators,MS,Ctrl,0.004169851541519165,0.0005773545708507299,1.7126158548710162,0.0446343863556977,10,6,"Lerma-Martin 2024 MS (h, sn)  [MS vs Ctrl]"
LermaMartin2024_MS_human_snRNA,OPC,Hmgcs2,Synthesis (ketogenesis),MS,Ctrl,0.0,0.0,0.0,1.0,10,6,"Lerma-Martin 2024 MS (h, sn)  [MS vs Ctrl]"
LermaMartin2024_MS_human_snRNA,OPC,Hmgcl,Synthesis (ketogenesis),MS,Ctrl,0.0585067942738533,0.06664315611124039,-0.18488957533619363,0.49225774225774227,10,6,"Lerma-Martin 2024 MS (h, sn)  [MS vs Ctrl]"
LermaMartin2024_MS_human_snRNA,OPC,Hmgcll1,Synthesis (ketogenesis),MS,Ctrl,0.049681954085826874,0.013778976164758205,1.7779258217532037,0.08243640566247795,10,6,"Lerma-Martin 2024 MS (h, sn)  [MS vs Ctrl]"
LermaMartin2024_MS_human_snRNA,OPC,Bdh1,Utilisation (ketolysis),MS,Ctrl,0.17014408111572266,0.32749858498573303,-0.9406757573929132,0.002997002997002997,10,6,"Lerma-Martin 2024 MS (h, sn)  [MS vs Ctrl]"
LermaMartin2024_MS_human_snRNA,OPC,Bdh2,Synthesis (ketogenesis),MS,Ctrl,0.006864901632070541,0.005825111176818609,0.20457617484321933,0.39576568734555595,10,6,"Lerma-Martin 2024 MS (h, sn)  [MS vs Ctrl]"
LermaMartin2024_MS_human_snRNA,OPC,Oxct1,Utilisation (ketolysis),MS,Ctrl,0.348020076751709,0.38125863671302795,-0.13123907080295769,0.7127872127872128,10,6,"Lerma-Martin 2024 MS (h, sn)  [MS vs Ctrl]"
LermaMartin2024_MS_human_snRNA,OPC,Acat1,Utilisation (ketolysis),MS,Ctrl,0.16083070635795593,0.14939555525779724,0.10572344534804047,0.8748751248751249,10,6,"Lerma-Martin 2024 MS (h, sn)  [MS vs Ctrl]"
LermaMartin2024_MS_human_snRNA,OPC,Acss1,Acetate activation,MS,Ctrl,0.23139390349388123,0.20694933831691742,0.16034012787725593,0.6353646353646354,10,6,"Lerma-Martin 2024 MS (h, sn)  [MS vs Ctrl]"
LermaMartin2024_MS_human_snRNA,OPC,Acss2,Acetate activation,MS,Ctrl,0.11197588592767715,0.04375371336936951,1.335935572474093,0.09176157601058405,10,6,"Lerma-Martin 2024 MS (h, sn)  [MS vs Ctrl]"
LermaMartin2024_MS_human_snRNA,OPC,Slc16a1,Ketone / lactate transport,MS,Ctrl,0.06452645361423492,0.03178221359848976,0.9991641783058632,0.09340659340659341,10,6,"Lerma-Martin 2024 MS (h, sn)  [MS vs Ctrl]"
LermaMartin2024_MS_human_snRNA,OPC,Slc16a7,Ketone / lactate transport,MS,Ctrl,0.46226969361305237,0.4185910224914551,0.1428684960275998,0.8748751248751249,10,6,"Lerma-Martin 2024 MS (h, sn)  [MS vs Ctrl]"
LermaMartin2024_MS_human_snRNA,OPC,Slc16a3,Ketone / lactate transport,MS,Ctrl,0.019621463492512703,0.004166061524301767,1.9970099933204346,0.051300062964425984,10,6,"Lerma-Martin 2024 MS (h, sn)  [MS vs Ctrl]"
LermaMartin2024_MS_human_snRNA,OPC,Slc16a6,Ketone / lactate transport,MS,Ctrl,0.006493552587926388,0.0031788938213139772,0.8425287396351473,0.7216643955600963,10,6,"Lerma-Martin 2024 MS (h, sn)  [MS vs Ctrl]"
LermaMartin2024_MS_human_snRNA,OPC,Slc5a8,Ketone / lactate transport,MS,Ctrl,0.0,0.0,0.0,1.0,10,6,"Lerma-Martin 2024 MS (h, sn)  [MS vs Ctrl]"
LermaMartin2024_MS_human_snRNA,OPC,Bsg,Ketone / lactate transport,MS,Ctrl,0.10491665452718735,0.013459030538797379,2.8728867295390903,0.0028358810660778734,10,6,"Lerma-Martin 2024 MS (h, sn)  [MS vs Ctrl]"
LermaMartin2024_MS_human_snRNA,OPC,Ffar3,Receptors,MS,Ctrl,0.0,0.0,0.0,1.0,10,6,"Lerma-Martin 2024 MS (h, sn)  [MS vs Ctrl]"
LermaMartin2024_MS_human_snRNA,OPC,Cpt1a,Fatty-acid supply / regulators,MS,Ctrl,0.1367388516664505,0.13500389456748962,0.01828758973662066,0.6353646353646354,10,6,"Lerma-Martin 2024 MS (h, sn)  [MS vs Ctrl]"
LermaMartin2024_MS_human_snRNA,OPC,Cpt2,Fatty-acid supply / regulators,MS,Ctrl,0.022637711837887764,0.011815983802080154,0.8831461580044896,0.2197802197802198,10,6,"Lerma-Martin 2024 MS (h, sn)  [MS vs Ctrl]"
LermaMartin2024_MS_human_snRNA,OPC,Acadm,Fatty-acid supply / regulators,MS,Ctrl,0.21045169234275818,0.17671418190002441,0.25076929142083626,0.8748751248751249,10,6,"Lerma-Martin 2024 MS (h, sn)  [MS vs Ctrl]"
LermaMartin2024_MS_human_snRNA,OPC,Hadha,Fatty-acid supply / regulators,MS,Ctrl,0.20915882289409637,0.1842685341835022,0.18186214869380718,0.3676323676323677,10,6,"Lerma-Martin 2024 MS (h, sn)  [MS vs Ctrl]"
LermaMartin2024_MS_human_snRNA,OPC,Acaa2,Fatty-acid supply / regulators,MS,Ctrl,0.046360116451978683,0.023677026852965355,0.9405040427397577,0.09340659340659341,10,6,"Lerma-Martin 2024 MS (h, sn)  [MS vs Ctrl]"
LermaMartin2024_MS_human_snRNA,OPC,Ppara,Fatty-acid supply / regulators,MS,Ctrl,0.2378551959991455,0.25480762124061584,-0.09892298567558375,0.7127872127872128,10,6,"Lerma-Martin 2024 MS (h, sn)  [MS vs Ctrl]"
LermaMartin2024_MS_human_snRNA,OPC,Ppargc1a,Fatty-acid supply / regulators,MS,Ctrl,0.29424089193344116,0.28985247015953064,0.021604996952261635,0.9577922077922078,10,6,"Lerma-Martin 2024 MS (h, sn)  [MS vs Ctrl]"
LermaMartin2024_MS_human_snRNA,Microglia,Hmgcs2,Synthesis (ketogenesis),MS,Ctrl,0.0,0.0,0.0,1.0,10,6,"Lerma-Martin 2024 MS (h, sn)  [MS vs Ctrl]"
LermaMartin2024_MS_human_snRNA,Microglia,Hmgcl,Synthesis (ketogenesis),MS,Ctrl,0.11131727695465088,0.06377135962247849,0.7941519308790717,0.02247752247752248,10,6,"Lerma-Martin 2024 MS (h, sn)  [MS vs Ctrl]"
LermaMartin2024_MS_human_snRNA,Microglia,Hmgcll1,Synthesis (ketogenesis),MS,Ctrl,0.001246017636731267,0.0,1.1673692564672922,0.17623224021150963,10,6,"Lerma-Martin 2024 MS (h, sn)  [MS vs Ctrl]"
LermaMartin2024_MS_human_snRNA,Microglia,Bdh1,Utilisation (ketolysis),MS,Ctrl,0.046049512922763824,0.08044954389333725,-0.7917268322541934,0.05594405594405595,10,6,"Lerma-Martin 2024 MS (h, sn)  [MS vs Ctrl]"
LermaMartin2024_MS_human_snRNA,Microglia,Bdh2,Synthesis (ketogenesis),MS,Ctrl,0.0026261615566909313,0.006745632272213697,-1.0949398072881855,0.6021187956161442,10,6,"Lerma-Martin 2024 MS (h, sn)  [MS vs Ctrl]"
LermaMartin2024_MS_human_snRNA,Microglia,Oxct1,Utilisation (ketolysis),MS,Ctrl,0.14066526293754578,0.11553895473480225,0.2816737692744575,0.42782217782217785,10,6,"Lerma-Martin 2024 MS (h, sn)  [MS vs Ctrl]"
LermaMartin2024_MS_human_snRNA,Microglia,Acat1,Utilisation (ketolysis),MS,Ctrl,0.12146411836147308,0.051425833255052567,1.2240093138156594,0.015984015984015984,10,6,"Lerma-Martin 2024 MS (h, sn)  [MS vs Ctrl]"
LermaMartin2024_MS_human_snRNA,Microglia,Acss1,Acetate activation,MS,Ctrl,0.1770070493221283,0.19500578939914703,-0.13896189266183107,1.0,10,6,"Lerma-Martin 2024 MS (h, sn)  [MS vs Ctrl]"
LermaMartin2024_MS_human_snRNA,Microglia,Acss2,Acetate activation,MS,Ctrl,0.20740273594856262,0.18042409420013428,0.2000081506171597,0.9577922077922078,10,6,"Lerma-Martin 2024 MS (h, sn)  [MS vs Ctrl]"
LermaMartin2024_MS_human_snRNA,Microglia,Slc16a1,Ketone / lactate transport,MS,Ctrl,0.042702097445726395,0.013089562766253948,1.6330756803621624,0.025740406451426976,10,6,"Lerma-Martin 2024 MS (h, sn)  [MS vs Ctrl]"
LermaMartin2024_MS_human_snRNA,Microglia,Slc16a7,Ketone / lactate transport,MS,Ctrl,0.0230570025742054,0.007764650974422693,1.4566883522130396,0.044163604222008435,10,6,"Lerma-Martin 2024 MS (h, sn)  [MS vs Ctrl]"
LermaMartin2024_MS_human_snRNA,Microglia,Slc16a3,Ketone / lactate transport,MS,Ctrl,0.319381982088089,0.2116936892271042,0.5910157863818837,0.26348651348651353,10,6,"Lerma-Martin 2024 MS (h, sn)  [MS vs Ctrl]"
LermaMartin2024_MS_human_snRNA,Microglia,Slc16a6,Ketone / lactate transport,MS,Ctrl,0.024283748120069504,0.005343895871192217,1.9947693518186889,0.010747315563791207,10,6,"Lerma-Martin 2024 MS (h, sn)  [MS vs Ctrl]"
LermaMartin2024_MS_human_snRNA,Microglia,Slc5a8,Ketone / lactate transport,MS,Ctrl,0.0,0.0,0.0,1.0,10,6,"Lerma-Martin 2024 MS (h, sn)  [MS vs Ctrl]"
LermaMartin2024_MS_human_snRNA,Microglia,Bsg,Ketone / lactate transport,MS,Ctrl,0.11654441058635712,0.01316929142922163,3.0523664186947648,0.0004995004995004995,10,6,"Lerma-Martin 2024 MS (h, sn)  [MS vs Ctrl]"
LermaMartin2024_MS_human_snRNA,Microglia,Ffar3,Receptors,MS,Ctrl,0.0,0.0,0.0,1.0,10,6,"Lerma-Martin 2024 MS (h, sn)  [MS vs Ctrl]"
LermaMartin2024_MS_human_snRNA,Microglia,Cpt1a,Fatty-acid supply / regulators,MS,Ctrl,0.09174161404371262,0.06001478433609009,0.6040579743335662,0.11788211788211789,10,6,"Lerma-Martin 2024 MS (h, sn)  [MS vs Ctrl]"
LermaMartin2024_MS_human_snRNA,Microglia,Cpt2,Fatty-acid supply / regulators,MS,Ctrl,0.04235990718007088,0.00767773762345314,2.3209707971525853,0.0037831467727709417,10,6,"Lerma-Martin 2024 MS (h, sn)  [MS vs Ctrl]"
LermaMartin2024_MS_human_snRNA,Microglia,Acadm,Fatty-acid supply / regulators,MS,Ctrl,0.2152964174747467,0.09379632025957108,1.1901068063407756,0.002997002997002997,10,6,"Lerma-Martin 2024 MS (h, sn)  [MS vs Ctrl]"
LermaMartin2024_MS_human_snRNA,Microglia,Hadha,Fatty-acid supply / regulators,MS,Ctrl,0.2868573069572449,0.12956003844738007,1.140640446759241,0.000999000999000999,10,6,"Lerma-Martin 2024 MS (h, sn)  [MS vs Ctrl]"
LermaMartin2024_MS_human_snRNA,Microglia,Acaa2,Fatty-acid supply / regulators,MS,Ctrl,0.06256047636270523,0.015004863031208515,1.989619606776099,0.004021830714323655,10,6,"Lerma-Martin 2024 MS (h, sn)  [MS vs Ctrl]"
LermaMartin2024_MS_human_snRNA,Microglia,Ppara,Fatty-acid supply / regulators,MS,Ctrl,0.26009953022003174,0.2104925662279129,0.30399290708979354,0.14710289710289712,10,6,"Lerma-Martin 2024 MS (h, sn)  [MS vs Ctrl]"
LermaMartin2024_MS_human_snRNA,Microglia,Ppargc1a,Fatty-acid supply / regulators,MS,Ctrl,0.0012563645141199231,0.005788112059235573,-1.5890102283704806,0.8516974163860169,10,6,"Lerma-Martin 2024 MS (h, sn)  [MS vs Ctrl]"
LermaMartin2024_MS_human_snRNA,Astrocyte,Hmgcs2,Synthesis (ketogenesis),MS,Ctrl,0.0,0.0,0.0,1.0,10,6,"Lerma-Martin 2024 MS (h, sn)  [MS vs Ctrl]"
LermaMartin2024_MS_human_snRNA,Astrocyte,Hmgcl,Synthesis (ketogenesis),MS,Ctrl,0.10188599675893784,0.1069486141204834,-0.06929808329849979,0.7127872127872128,10,6,"Lerma-Martin 2024 MS (h, sn)  [MS vs Ctrl]"
LermaMartin2024_MS_human_snRNA,Astrocyte,Hmgcll1,Synthesis (ketogenesis),MS,Ctrl,0.310649573802948,0.33949193358421326,-0.12769588072136118,0.7127872127872128,10,6,"Lerma-Martin 2024 MS (h, sn)  [MS vs Ctrl]"
LermaMartin2024_MS_human_snRNA,Astrocyte,Bdh1,Utilisation (ketolysis),MS,Ctrl,0.0630761981010437,0.1388256549835205,-1.1257686338469894,0.02247752247752248,10,6,"Lerma-Martin 2024 MS (h, sn)  [MS vs Ctrl]"
LermaMartin2024_MS_human_snRNA,Astrocyte,Bdh2,Synthesis (ketogenesis),MS,Ctrl,0.10448739677667618,0.12975391745567322,-0.3097835293728874,0.31318681318681324,10,6,"Lerma-Martin 2024 MS (h, sn)  [MS vs Ctrl]"
LermaMartin2024_MS_human_snRNA,Astrocyte,Oxct1,Utilisation (ketolysis),MS,Ctrl,0.28296583890914917,0.22875626385211945,0.3056131896629752,0.5621878121878122,10,6,"Lerma-Martin 2024 MS (h, sn)  [MS vs Ctrl]"
LermaMartin2024_MS_human_snRNA,Astrocyte,Acat1,Utilisation (ketolysis),MS,Ctrl,0.16993948817253113,0.18094921112060547,-0.09005008830210062,0.6353646353646354,10,6,"Lerma-Martin 2024 MS (h, sn)  [MS vs Ctrl]"
LermaMartin2024_MS_human_snRNA,Astrocyte,Acss1,Acetate activation,MS,Ctrl,0.45106807351112366,0.8890157341957092,-0.9772908075435653,0.015984015984015984,10,6,"Lerma-Martin 2024 MS (h, sn)  [MS vs Ctrl]"
LermaMartin2024_MS_human_snRNA,Astrocyte,Acss2,Acetate activation,MS,Ctrl,0.14146889746189117,0.05418381094932556,1.368330000750629,0.015984015984015984,10,6,"Lerma-Martin 2024 MS (h, sn)  [MS vs Ctrl]"
LermaMartin2024_MS_human_snRNA,Astrocyte,Slc16a1,Ketone / lactate transport,MS,Ctrl,0.10760380327701569,0.05249009653925896,1.0217309142489615,0.007492507492507492,10,6,"Lerma-Martin 2024 MS (h, sn)  [MS vs Ctrl]"
LermaMartin2024_MS_human_snRNA,Astrocyte,Slc16a7,Ketone / lactate transport,MS,Ctrl,0.17546936869621277,0.07517176121473312,1.212089625604696,0.1805694305694306,10,6,"Lerma-Martin 2024 MS (h, sn)  [MS vs Ctrl]"
LermaMartin2024_MS_human_snRNA,Astrocyte,Slc16a3,Ketone / lactate transport,MS,Ctrl,0.0292223934084177,0.0163604486733675,0.7998136825814026,0.11788211788211789,10,6,"Lerma-Martin 2024 MS (h, sn)  [MS vs Ctrl]"
LermaMartin2024_MS_human_snRNA,Astrocyte,Slc16a6,Ketone / lactate transport,MS,Ctrl,0.01834626868367195,0.07885835319757462,-2.0453879811844726,0.3024572743808477,10,6,"Lerma-Martin 2024 MS (h, sn)  [MS vs Ctrl]"
LermaMartin2024_MS_human_snRNA,Astrocyte,Slc5a8,Ketone / lactate transport,MS,Ctrl,0.0034228272270411253,0.0,2.144968886016938,0.0558501136757434,10,6,"Lerma-Martin 2024 MS (h, sn)  [MS vs Ctrl]"
LermaMartin2024_MS_human_snRNA,Astrocyte,Bsg,Ketone / lactate transport,MS,Ctrl,0.23066970705986023,0.23957090079784393,-0.0543927352787395,0.9577922077922078,10,6,"Lerma-Martin 2024 MS (h, sn)  [MS vs Ctrl]"
LermaMartin2024_MS_human_snRNA,Astrocyte,Ffar3,Receptors,MS,Ctrl,0.0,0.0,0.0,1.0,10,6,"Lerma-Martin 2024 MS (h, sn)  [MS vs Ctrl]"
LermaMartin2024_MS_human_snRNA,Astrocyte,Cpt1a,Fatty-acid supply / regulators,MS,Ctrl,0.3102787435054779,0.27838802337646484,0.15593688435080422,0.5621878121878122,10,6,"Lerma-Martin 2024 MS (h, sn)  [MS vs Ctrl]"
LermaMartin2024_MS_human_snRNA,Astrocyte,Cpt2,Fatty-acid supply / regulators,MS,Ctrl,0.0321698859333992,0.014659284614026546,1.08285574551847,0.0446343863556977,10,6,"Lerma-Martin 2024 MS (h, sn)  [MS vs Ctrl]"
LermaMartin2024_MS_human_snRNA,Astrocyte,Acadm,Fatty-acid supply / regulators,MS,Ctrl,0.1560043841600418,0.12974335253238678,0.26406724874322285,0.7924575424575424,10,6,"Lerma-Martin 2024 MS (h, sn)  [MS vs Ctrl]"
LermaMartin2024_MS_human_snRNA,Astrocyte,Hadha,Fatty-acid supply / regulators,MS,Ctrl,0.27025532722473145,0.247221902012825,0.12802105297062247,0.6353646353646354,10,6,"Lerma-Martin 2024 MS (h, sn)  [MS vs Ctrl]"
LermaMartin2024_MS_human_snRNA,Astrocyte,Acaa2,Fatty-acid supply / regulators,MS,Ctrl,0.05708044022321701,0.03225752338767052,0.8043716499468628,0.14282314559159495,10,6,"Lerma-Martin 2024 MS (h, sn)  [MS vs Ctrl]"
LermaMartin2024_MS_human_snRNA,Astrocyte,Ppara,Fatty-acid supply / regulators,MS,Ctrl,0.39181363582611084,0.4858863055706024,-0.3097399120392277,0.42782217782217785,10,6,"Lerma-Martin 2024 MS (h, sn)  [MS vs Ctrl]"
LermaMartin2024_MS_human_snRNA,Astrocyte,Ppargc1a,Fatty-acid supply / regulators,MS,Ctrl,0.2843357026576996,0.6108643412590027,-1.1005515474640264,0.04195804195804197,10,6,"Lerma-Martin 2024 MS (h, sn)  [MS vs Ctrl]"
LermaMartin2024_MS_human_snRNA,Neuron,Hmgcs2,Synthesis (ketogenesis),MS,Ctrl,6.621377542614937e-05,0.0,0.09249672686518277,0.49624247444426295,9,6,"Lerma-Martin 2024 MS (h, sn)  [MS vs Ctrl]"
LermaMartin2024_MS_human_snRNA,Neuron,Hmgcl,Synthesis (ketogenesis),MS,Ctrl,0.055141910910606384,0.04297574236989021,0.3523702373702624,0.8639360639360639,9,6,"Lerma-Martin 2024 MS (h, sn)  [MS vs Ctrl]"
LermaMartin2024_MS_human_snRNA,Neuron,Hmgcll1,Synthesis (ketogenesis),MS,Ctrl,0.44932153820991516,0.42333483695983887,0.08575235569879762,0.8639360639360639,9,6,"Lerma-Martin 2024 MS (h, sn)  [MS vs Ctrl]"
LermaMartin2024_MS_human_snRNA,Neuron,Bdh1,Utilisation (ketolysis),MS,Ctrl,0.2104029804468155,0.3236733675003052,-0.6189933306558942,0.22377622377622375,9,6,"Lerma-Martin 2024 MS (h, sn)  [MS vs Ctrl]"
LermaMartin2024_MS_human_snRNA,Neuron,Bdh2,Synthesis (ketogenesis),MS,Ctrl,0.0009388495236635208,0.009456180967390537,-2.4310832718134128,0.946998066201394,9,6,"Lerma-Martin 2024 MS (h, sn)  [MS vs Ctrl]"
LermaMartin2024_MS_human_snRNA,Neuron,Oxct1,Utilisation (ketolysis),MS,Ctrl,0.4692927896976471,0.3664524555206299,0.3560016211862642,0.14465534465534466,9,6,"Lerma-Martin 2024 MS (h, sn)  [MS vs Ctrl]"
LermaMartin2024_MS_human_snRNA,Neuron,Acat1,Utilisation (ketolysis),MS,Ctrl,0.2062215507030487,0.20242029428482056,0.02671043149048029,0.8639360639360639,9,6,"Lerma-Martin 2024 MS (h, sn)  [MS vs Ctrl]"
LermaMartin2024_MS_human_snRNA,Neuron,Acss1,Acetate activation,MS,Ctrl,0.00606737844645977,0.013876303099095821,-1.0737689776085475,0.6637141413795251,9,6,"Lerma-Martin 2024 MS (h, sn)  [MS vs Ctrl]"
LermaMartin2024_MS_human_snRNA,Neuron,Acss2,Acetate activation,MS,Ctrl,0.155142679810524,0.11084774136543274,0.4813288122126419,0.14465534465534466,9,6,"Lerma-Martin 2024 MS (h, sn)  [MS vs Ctrl]"
LermaMartin2024_MS_human_snRNA,Neuron,Slc16a1,Ketone / lactate transport,MS,Ctrl,0.0617278628051281,0.08465364575386047,-0.4494082447900258,0.7234366954165334,9,6,"Lerma-Martin 2024 MS (h, sn)  [MS vs Ctrl]"
LermaMartin2024_MS_human_snRNA,Neuron,Slc16a7,Ketone / lactate transport,MS,Ctrl,0.5683817267417908,0.5127076506614685,0.14844863324217028,0.45594405594405585,9,6,"Lerma-Martin 2024 MS (h, sn)  [MS vs Ctrl]"
LermaMartin2024_MS_human_snRNA,Neuron,Slc16a3,Ketone / lactate transport,MS,Ctrl,0.01256656926125288,0.0050330995582044125,1.1690846405027182,0.16159256150940549,9,6,"Lerma-Martin 2024 MS (h, sn)  [MS vs Ctrl]"
LermaMartin2024_MS_human_snRNA,Neuron,Slc16a6,Ketone / lactate transport,MS,Ctrl,0.04379456490278244,0.04192926362156868,0.0613622691308288,0.38841158841158835,9,6,"Lerma-Martin 2024 MS (h, sn)  [MS vs Ctrl]"
LermaMartin2024_MS_human_snRNA,Neuron,Slc5a8,Ketone / lactate transport,MS,Ctrl,0.043028734624385834,0.04811682924628258,-0.15777204789213586,0.9528428708163653,9,6,"Lerma-Martin 2024 MS (h, sn)  [MS vs Ctrl]"
LermaMartin2024_MS_human_snRNA,Neuron,Bsg,Ketone / lactate transport,MS,Ctrl,0.4918921887874603,0.26326730847358704,0.8992741522007557,0.007592407592407592,9,6,"Lerma-Martin 2024 MS (h, sn)  [MS vs Ctrl]"
LermaMartin2024_MS_human_snRNA,Neuron,Ffar3,Receptors,MS,Ctrl,0.0,0.0,0.0,1.0,9,6,"Lerma-Martin 2024 MS (h, sn)  [MS vs Ctrl]"
LermaMartin2024_MS_human_snRNA,Neuron,Cpt1a,Fatty-acid supply / regulators,MS,Ctrl,0.03922204673290253,0.052537087351083755,-0.4125521559989498,0.1944518292117592,9,6,"Lerma-Martin 2024 MS (h, sn)  [MS vs Ctrl]"
LermaMartin2024_MS_human_snRNA,Neuron,Cpt2,Fatty-acid supply / regulators,MS,Ctrl,0.010883784852921963,0.007775457110255957,0.4374482096741688,1.0,9,6,"Lerma-Martin 2024 MS (h, sn)  [MS vs Ctrl]"
LermaMartin2024_MS_human_snRNA,Neuron,Acadm,Fatty-acid supply / regulators,MS,Ctrl,0.24294604361057281,0.24481229484081268,-0.010994991673700313,0.7756243756243756,9,6,"Lerma-Martin 2024 MS (h, sn)  [MS vs Ctrl]"
LermaMartin2024_MS_human_snRNA,Neuron,Hadha,Fatty-acid supply / regulators,MS,Ctrl,0.14617611467838287,0.13532514870166779,0.11049182520510063,0.5286713286713286,9,6,"Lerma-Martin 2024 MS (h, sn)  [MS vs Ctrl]"
LermaMartin2024_MS_human_snRNA,Neuron,Acaa2,Fatty-acid supply / regulators,MS,Ctrl,0.030506305396556854,0.007208412047475576,1.9404655273191147,0.4353383976171995,9,6,"Lerma-Martin 2024 MS (h, sn)  [MS vs Ctrl]"
LermaMartin2024_MS_human_snRNA,Neuron,Ppara,Fatty-acid supply / regulators,MS,Ctrl,0.06190302595496178,0.03209753334522247,0.926405718203771,0.3763326353427692,9,6,"Lerma-Martin 2024 MS (h, sn)  [MS vs Ctrl]"
LermaMartin2024_MS_human_snRNA,Neuron,Ppargc1a,Fatty-acid supply / regulators,MS,Ctrl,0.308243066072464,0.2833232581615448,0.12120912815458075,0.606993006993007,9,6,"Lerma-Martin 2024 MS (h, sn)  [MS vs Ctrl]"
LermaMartin2024_MS_human_snRNA,Endothelial,Hmgcs2,Synthesis (ketogenesis),MS,Ctrl,0.0,0.0,0.0,1.0,10,6,"Lerma-Martin 2024 MS (h, sn)  [MS vs Ctrl]"
LermaMartin2024_MS_human_snRNA,Endothelial,Hmgcl,Synthesis (ketogenesis),MS,Ctrl,0.08116371184587479,0.1259482055902481,-0.6276667389220493,0.49225774225774227,10,6,"Lerma-Martin 2024 MS (h, sn)  [MS vs Ctrl]"
LermaMartin2024_MS_human_snRNA,Endothelial,Hmgcll1,Synthesis (ketogenesis),MS,Ctrl,0.014709720388054848,0.022053539752960205,-0.5533307832730587,0.7382983443176347,10,6,"Lerma-Martin 2024 MS (h, sn)  [MS vs Ctrl]"
LermaMartin2024_MS_human_snRNA,Endothelial,Bdh1,Utilisation (ketolysis),MS,Ctrl,0.012224381789565086,0.0,3.7251283760187035,0.014276948952934444,10,6,"Lerma-Martin 2024 MS (h, sn)  [MS vs Ctrl]"
LermaMartin2024_MS_human_snRNA,Endothelial,Bdh2,Synthesis (ketogenesis),MS,Ctrl,0.11327837407588959,0.0785878375172615,0.5219325327920248,0.6353646353646354,10,6,"Lerma-Martin 2024 MS (h, sn)  [MS vs Ctrl]"
LermaMartin2024_MS_human_snRNA,Endothelial,Oxct1,Utilisation (ketolysis),MS,Ctrl,0.2806720435619354,0.20205217599868774,0.47216589292158717,0.14710289710289712,10,6,"Lerma-Martin 2024 MS (h, sn)  [MS vs Ctrl]"
LermaMartin2024_MS_human_snRNA,Endothelial,Acat1,Utilisation (ketolysis),MS,Ctrl,0.2903544306755066,0.2721453905105591,0.09310617324430641,0.8748751248751249,10,6,"Lerma-Martin 2024 MS (h, sn)  [MS vs Ctrl]"
LermaMartin2024_MS_human_snRNA,Endothelial,Acss1,Acetate activation,MS,Ctrl,0.0885225385427475,0.06487304717302322,0.4425626583855682,0.4145616564887328,10,6,"Lerma-Martin 2024 MS (h, sn)  [MS vs Ctrl]"
LermaMartin2024_MS_human_snRNA,Endothelial,Acss2,Acetate activation,MS,Ctrl,0.17480117082595825,0.09244415909051895,0.9117682853485394,0.05594405594405595,10,6,"Lerma-Martin 2024 MS (h, sn)  [MS vs Ctrl]"
LermaMartin2024_MS_human_snRNA,Endothelial,Slc16a1,Ketone / lactate transport,MS,Ctrl,0.9312331080436707,0.9857211112976074,-0.08195162550098148,1.0,10,6,"Lerma-Martin 2024 MS (h, sn)  [MS vs Ctrl]"
LermaMartin2024_MS_human_snRNA,Endothelial,Slc16a7,Ketone / lactate transport,MS,Ctrl,0.14465868473052979,0.08347655087709427,0.7859688863586078,0.17484051332663486,10,6,"Lerma-Martin 2024 MS (h, sn)  [MS vs Ctrl]"
LermaMartin2024_MS_human_snRNA,Endothelial,Slc16a3,Ketone / lactate transport,MS,Ctrl,0.11226359754800797,0.12196540832519531,-0.11856826542853849,1.0,10,6,"Lerma-Martin 2024 MS (h, sn)  [MS vs Ctrl]"
LermaMartin2024_MS_human_snRNA,Endothelial,Slc16a6,Ketone / lactate transport,MS,Ctrl,0.14902189373970032,0.348050981760025,-1.2182647106538815,0.04195804195804197,10,6,"Lerma-Martin 2024 MS (h, sn)  [MS vs Ctrl]"
LermaMartin2024_MS_human_snRNA,Endothelial,Slc5a8,Ketone / lactate transport,MS,Ctrl,0.0,0.0,0.0,1.0,10,6,"Lerma-Martin 2024 MS (h, sn)  [MS vs Ctrl]"
LermaMartin2024_MS_human_snRNA,Endothelial,Bsg,Ketone / lactate transport,MS,Ctrl,1.8309414386749268,1.9554773569107056,-0.0948850276399919,0.49225774225774227,10,6,"Lerma-Martin 2024 MS (h, sn)  [MS vs Ctrl]"
LermaMartin2024_MS_human_snRNA,Endothelial,Ffar3,Receptors,MS,Ctrl,0.0,0.0,0.0,1.0,10,6,"Lerma-Martin 2024 MS (h, sn)  [MS vs Ctrl]"
LermaMartin2024_MS_human_snRNA,Endothelial,Cpt1a,Fatty-acid supply / regulators,MS,Ctrl,0.5778113007545471,0.6433879733085632,-0.15483647877743117,0.7924575424575424,10,6,"Lerma-Martin 2024 MS (h, sn)  [MS vs Ctrl]"
LermaMartin2024_MS_human_snRNA,Endothelial,Cpt2,Fatty-acid supply / regulators,MS,Ctrl,0.043212492018938065,0.023068906739354134,0.8772834404558812,0.11470534349135066,10,6,"Lerma-Martin 2024 MS (h, sn)  [MS vs Ctrl]"
LermaMartin2024_MS_human_snRNA,Endothelial,Acadm,Fatty-acid supply / regulators,MS,Ctrl,0.20201997458934784,0.16801075637340546,0.2645066102227832,0.7861121047867433,10,6,"Lerma-Martin 2024 MS (h, sn)  [MS vs Ctrl]"
LermaMartin2024_MS_human_snRNA,Endothelial,Hadha,Fatty-acid supply / regulators,MS,Ctrl,0.3809131979942322,0.22256146371364594,0.7725732510300424,0.002997002997002997,10,6,"Lerma-Martin 2024 MS (h, sn)  [MS vs Ctrl]"
LermaMartin2024_MS_human_snRNA,Endothelial,Acaa2,Fatty-acid supply / regulators,MS,Ctrl,0.07681403309106827,0.07353897392749786,0.06203539664325682,1.0,10,6,"Lerma-Martin 2024 MS (h, sn)  [MS vs Ctrl]"
LermaMartin2024_MS_human_snRNA,Endothelial,Ppara,Fatty-acid supply / regulators,MS,Ctrl,0.2167593538761139,0.1805742233991623,0.2621752816716106,0.5621878121878122,10,6,"Lerma-Martin 2024 MS (h, sn)  [MS vs Ctrl]"
LermaMartin2024_MS_human_snRNA,Endothelial,Ppargc1a,Fatty-acid supply / regulators,MS,Ctrl,0.013267820701003075,0.0038586154114454985,1.554147847037781,0.08430734783821127,10,6,"Lerma-Martin 2024 MS (h, sn)  [MS vs Ctrl]"
LermaMartin2024_MS_human_snRNA,Immune (lymphoid/myeloid),Hmgcs2,Synthesis (ketogenesis),MS,Ctrl,0.0,,,,4,0,"Lerma-Martin 2024 MS (h, sn)  [MS vs Ctrl]"
LermaMartin2024_MS_human_snRNA,Immune (lymphoid/myeloid),Hmgcl,Synthesis (ketogenesis),MS,Ctrl,0.056115925312042236,,,,4,0,"Lerma-Martin 2024 MS (h, sn)  [MS vs Ctrl]"
LermaMartin2024_MS_human_snRNA,Immune (lymphoid/myeloid),Hmgcll1,Synthesis (ketogenesis),MS,Ctrl,0.0,,,,4,0,"Lerma-Martin 2024 MS (h, sn)  [MS vs Ctrl]"
LermaMartin2024_MS_human_snRNA,Immune (lymphoid/myeloid),Bdh1,Utilisation (ketolysis),MS,Ctrl,0.01625552587211132,,,,4,0,"Lerma-Martin 2024 MS (h, sn)  [MS vs Ctrl]"
LermaMartin2024_MS_human_snRNA,Immune (lymphoid/myeloid),Bdh2,Synthesis (ketogenesis),MS,Ctrl,0.03198413550853729,,,,4,0,"Lerma-Martin 2024 MS (h, sn)  [MS vs Ctrl]"
LermaMartin2024_MS_human_snRNA,Immune (lymphoid/myeloid),Oxct1,Utilisation (ketolysis),MS,Ctrl,0.40563496947288513,,,,4,0,"Lerma-Martin 2024 MS (h, sn)  [MS vs Ctrl]"
LermaMartin2024_MS_human_snRNA,Immune (lymphoid/myeloid),Acat1,Utilisation (ketolysis),MS,Ctrl,0.17135608196258545,,,,4,0,"Lerma-Martin 2024 MS (h, sn)  [MS vs Ctrl]"
LermaMartin2024_MS_human_snRNA,Immune (lymphoid/myeloid),Acss1,Acetate activation,MS,Ctrl,0.34575238823890686,,,,4,0,"Lerma-Martin 2024 MS (h, sn)  [MS vs Ctrl]"
LermaMartin2024_MS_human_snRNA,Immune (lymphoid/myeloid),Acss2,Acetate activation,MS,Ctrl,0.22765958309173584,,,,4,0,"Lerma-Martin 2024 MS (h, sn)  [MS vs Ctrl]"
LermaMartin2024_MS_human_snRNA,Immune (lymphoid/myeloid),Slc16a1,Ketone / lactate transport,MS,Ctrl,0.039808981120586395,,,,4,0,"Lerma-Martin 2024 MS (h, sn)  [MS vs Ctrl]"
LermaMartin2024_MS_human_snRNA,Immune (lymphoid/myeloid),Slc16a7,Ketone / lactate transport,MS,Ctrl,0.555848240852356,,,,4,0,"Lerma-Martin 2024 MS (h, sn)  [MS vs Ctrl]"
LermaMartin2024_MS_human_snRNA,Immune (lymphoid/myeloid),Slc16a3,Ketone / lactate transport,MS,Ctrl,0.1239260584115982,,,,4,0,"Lerma-Martin 2024 MS (h, sn)  [MS vs Ctrl]"
LermaMartin2024_MS_human_snRNA,Immune (lymphoid/myeloid),Slc16a6,Ketone / lactate transport,MS,Ctrl,0.05791102349758148,,,,4,0,"Lerma-Martin 2024 MS (h, sn)  [MS vs Ctrl]"
LermaMartin2024_MS_human_snRNA,Immune (lymphoid/myeloid),Slc5a8,Ketone / lactate transport,MS,Ctrl,0.0,,,,4,0,"Lerma-Martin 2024 MS (h, sn)  [MS vs Ctrl]"
LermaMartin2024_MS_human_snRNA,Immune (lymphoid/myeloid),Bsg,Ketone / lactate transport,MS,Ctrl,0.36130374670028687,,,,4,0,"Lerma-Martin 2024 MS (h, sn)  [MS vs Ctrl]"
LermaMartin2024_MS_human_snRNA,Immune (lymphoid/myeloid),Ffar3,Receptors,MS,Ctrl,0.0,,,,4,0,"Lerma-Martin 2024 MS (h, sn)  [MS vs Ctrl]"
LermaMartin2024_MS_human_snRNA,Immune (lymphoid/myeloid),Cpt1a,Fatty-acid supply / regulators,MS,Ctrl,0.13879041373729706,,,,4,0,"Lerma-Martin 2024 MS (h, sn)  [MS vs Ctrl]"
LermaMartin2024_MS_human_snRNA,Immune (lymphoid/myeloid),Cpt2,Fatty-acid supply / regulators,MS,Ctrl,0.05706252530217171,,,,4,0,"Lerma-Martin 2024 MS (h, sn)  [MS vs Ctrl]"
LermaMartin2024_MS_human_snRNA,Immune (lymphoid/myeloid),Acadm,Fatty-acid supply / regulators,MS,Ctrl,0.28818023204803467,,,,4,0,"Lerma-Martin 2024 MS (h, sn)  [MS vs Ctrl]"
LermaMartin2024_MS_human_snRNA,Immune (lymphoid/myeloid),Hadha,Fatty-acid supply / regulators,MS,Ctrl,0.18198099732398987,,,,4,0,"Lerma-Martin 2024 MS (h, sn)  [MS vs Ctrl]"
LermaMartin2024_MS_human_snRNA,Immune (lymphoid/myeloid),Acaa2,Fatty-acid supply / regulators,MS,Ctrl,0.07869965583086014,,,,4,0,"Lerma-Martin 2024 MS (h, sn)  [MS vs Ctrl]"
LermaMartin2024_MS_human_snRNA,Immune (lymphoid/myeloid),Ppara,Fatty-acid supply / regulators,MS,Ctrl,0.3736162781715393,,,,4,0,"Lerma-Martin 2024 MS (h, sn)  [MS vs Ctrl]"
LermaMartin2024_MS_human_snRNA,Immune (lymphoid/myeloid),Ppargc1a,Fatty-acid supply / regulators,MS,Ctrl,0.06896882504224777,,,,4,0,"Lerma-Martin 2024 MS (h, sn)  [MS vs Ctrl]"
Park2023_AD_hippocampus_scRNA,Oligodendrocyte,Hmgcs2,Synthesis (ketogenesis),AD,WT,0.009591485373675823,0.008070922456681728,0.22358375382394763,1.0,3,3,"Park 2023 AD hippocampus (m, sc)  [AD vs WT]"
Park2023_AD_hippocampus_scRNA,Oligodendrocyte,Hmgcl,Synthesis (ketogenesis),AD,WT,0.4243290424346924,0.38346540927886963,0.14572556545559562,1.0,3,3,"Park 2023 AD hippocampus (m, sc)  [AD vs WT]"
Park2023_AD_hippocampus_scRNA,Oligodendrocyte,Hmgcll1,Synthesis (ketogenesis),AD,WT,0.003973399754613638,0.004910456016659737,-0.24903704719326902,0.7,3,3,"Park 2023 AD hippocampus (m, sc)  [AD vs WT]"
Park2023_AD_hippocampus_scRNA,Oligodendrocyte,Bdh1,Utilisation (ketolysis),AD,WT,0.07024066895246506,0.09738659858703613,-0.46576075343663315,0.4,3,3,"Park 2023 AD hippocampus (m, sc)  [AD vs WT]"
Park2023_AD_hippocampus_scRNA,Oligodendrocyte,Bdh2,Synthesis (ketogenesis),AD,WT,0.0025523717049509287,0.004183824639767408,-0.545234368043165,0.4,3,3,"Park 2023 AD hippocampus (m, sc)  [AD vs WT]"
Park2023_AD_hippocampus_scRNA,Oligodendrocyte,Oxct1,Utilisation (ketolysis),AD,WT,0.38001060485839844,0.5254284739494324,-0.46640637147642044,0.2,3,3,"Park 2023 AD hippocampus (m, sc)  [AD vs WT]"
Park2023_AD_hippocampus_scRNA,Oligodendrocyte,Acat1,Utilisation (ketolysis),AD,WT,0.32312098145484924,0.3089979887008667,0.0642735590667135,1.0,3,3,"Park 2023 AD hippocampus (m, sc)  [AD vs WT]"
Park2023_AD_hippocampus_scRNA,Oligodendrocyte,Acss1,Acetate activation,AD,WT,0.02091890387237072,0.02061566151678562,0.02009866478929835,0.7,3,3,"Park 2023 AD hippocampus (m, sc)  [AD vs WT]"
Park2023_AD_hippocampus_scRNA,Oligodendrocyte,Acss2,Acetate activation,AD,WT,0.13214920461177826,0.1467180699110031,-0.14980250707700146,0.7,3,3,"Park 2023 AD hippocampus (m, sc)  [AD vs WT]"
Park2023_AD_hippocampus_scRNA,Oligodendrocyte,Slc16a1,Ketone / lactate transport,AD,WT,0.2235756367444992,0.4030878245830536,-0.8474674584995723,0.1,3,3,"Park 2023 AD hippocampus (m, sc)  [AD vs WT]"
Park2023_AD_hippocampus_scRNA,Oligodendrocyte,Slc16a7,Ketone / lactate transport,AD,WT,0.025226540863513947,0.08693468570709229,-1.7454048099537813,0.1,3,3,"Park 2023 AD hippocampus (m, sc)  [AD vs WT]"
Park2023_AD_hippocampus_scRNA,Oligodendrocyte,Slc16a3,Ketone / lactate transport,AD,WT,0.04480012133717537,0.03870270401239395,0.2061141527942328,0.7,3,3,"Park 2023 AD hippocampus (m, sc)  [AD vs WT]"
Park2023_AD_hippocampus_scRNA,Oligodendrocyte,Slc16a6,Ketone / lactate transport,AD,WT,0.028293577954173088,0.024877360090613365,0.17889396995016316,0.7,3,3,"Park 2023 AD hippocampus (m, sc)  [AD vs WT]"
Park2023_AD_hippocampus_scRNA,Oligodendrocyte,Slc5a8,Ketone / lactate transport,AD,WT,0.0,0.0003953243140131235,-0.48060048537992384,0.19670560245894686,3,3,"Park 2023 AD hippocampus (m, sc)  [AD vs WT]"
Park2023_AD_hippocampus_scRNA,Oligodendrocyte,Bsg,Ketone / lactate transport,AD,WT,1.649888515472412,1.2713359594345093,0.3757630347639578,0.1,3,3,"Park 2023 AD hippocampus (m, sc)  [AD vs WT]"
Park2023_AD_hippocampus_scRNA,Oligodendrocyte,Hcar2,Receptors,AD,WT,0.0028186440467834473,0.00018698815256357193,1.6857549106657845,0.1840386271964254,3,3,"Park 2023 AD hippocampus (m, sc)  [AD vs WT]"
Park2023_AD_hippocampus_scRNA,Oligodendrocyte,Ffar3,Receptors,AD,WT,9.621395292924717e-05,0.000422446959419176,-0.3758454549810056,0.3536785173184648,3,3,"Park 2023 AD hippocampus (m, sc)  [AD vs WT]"
Park2023_AD_hippocampus_scRNA,Oligodendrocyte,Ffar2,Receptors,AD,WT,0.0,0.0,0.0,1.0,3,3,"Park 2023 AD hippocampus (m, sc)  [AD vs WT]"
Park2023_AD_hippocampus_scRNA,Oligodendrocyte,Cpt1a,Fatty-acid supply / regulators,AD,WT,0.018470143899321556,0.02981676161289215,-0.6624517171260943,0.4,3,3,"Park 2023 AD hippocampus (m, sc)  [AD vs WT]"
Park2023_AD_hippocampus_scRNA,Oligodendrocyte,Cpt2,Fatty-acid supply / regulators,AD,WT,0.0768914446234703,0.0685020312666893,0.16440973277135695,0.7,3,3,"Park 2023 AD hippocampus (m, sc)  [AD vs WT]"
Park2023_AD_hippocampus_scRNA,Oligodendrocyte,Acadm,Fatty-acid supply / regulators,AD,WT,0.2723586857318878,0.1970815658569336,0.4647005922566542,0.1,3,3,"Park 2023 AD hippocampus (m, sc)  [AD vs WT]"
Park2023_AD_hippocampus_scRNA,Oligodendrocyte,Hadha,Fatty-acid supply / regulators,AD,WT,0.2432439923286438,0.4796593487262726,-0.9766917175257931,0.1,3,3,"Park 2023 AD hippocampus (m, sc)  [AD vs WT]"
Park2023_AD_hippocampus_scRNA,Oligodendrocyte,Acaa2,Fatty-acid supply / regulators,AD,WT,0.04137064889073372,0.06446881592273712,-0.6277426631887755,0.1,3,3,"Park 2023 AD hippocampus (m, sc)  [AD vs WT]"
Park2023_AD_hippocampus_scRNA,Oligodendrocyte,Ppara,Fatty-acid supply / regulators,AD,WT,0.001779999933205545,0.004306510090827942,-0.9326785136997489,0.4,3,3,"Park 2023 AD hippocampus (m, sc)  [AD vs WT]"
Park2023_AD_hippocampus_scRNA,Oligodendrocyte,Ppargc1a,Fatty-acid supply / regulators,AD,WT,0.01204958837479353,0.011080324649810791,0.11134507380899314,0.7,3,3,"Park 2023 AD hippocampus (m, sc)  [AD vs WT]"
Park2023_AD_hippocampus_scRNA,OPC,Hmgcs2,Synthesis (ketogenesis),AD,WT,,0.1051487922668457,,,0,3,"Park 2023 AD hippocampus (m, sc)  [AD vs WT]"
Park2023_AD_hippocampus_scRNA,OPC,Hmgcl,Synthesis (ketogenesis),AD,WT,,0.18549101054668427,,,0,3,"Park 2023 AD hippocampus (m, sc)  [AD vs WT]"
Park2023_AD_hippocampus_scRNA,OPC,Hmgcll1,Synthesis (ketogenesis),AD,WT,,0.01626741886138916,,,0,3,"Park 2023 AD hippocampus (m, sc)  [AD vs WT]"
Park2023_AD_hippocampus_scRNA,OPC,Bdh1,Utilisation (ketolysis),AD,WT,,0.26740381121635437,,,0,3,"Park 2023 AD hippocampus (m, sc)  [AD vs WT]"
Park2023_AD_hippocampus_scRNA,OPC,Bdh2,Synthesis (ketogenesis),AD,WT,,0.10041607171297073,,,0,3,"Park 2023 AD hippocampus (m, sc)  [AD vs WT]"
Park2023_AD_hippocampus_scRNA,OPC,Oxct1,Utilisation (ketolysis),AD,WT,,0.5884935855865479,,,0,3,"Park 2023 AD hippocampus (m, sc)  [AD vs WT]"
Park2023_AD_hippocampus_scRNA,OPC,Acat1,Utilisation (ketolysis),AD,WT,,0.33822202682495117,,,0,3,"Park 2023 AD hippocampus (m, sc)  [AD vs WT]"
Park2023_AD_hippocampus_scRNA,OPC,Acss1,Acetate activation,AD,WT,,0.36255040764808655,,,0,3,"Park 2023 AD hippocampus (m, sc)  [AD vs WT]"
Park2023_AD_hippocampus_scRNA,OPC,Acss2,Acetate activation,AD,WT,,0.23730655014514923,,,0,3,"Park 2023 AD hippocampus (m, sc)  [AD vs WT]"
Park2023_AD_hippocampus_scRNA,OPC,Slc16a1,Ketone / lactate transport,AD,WT,,0.18619321286678314,,,0,3,"Park 2023 AD hippocampus (m, sc)  [AD vs WT]"
Park2023_AD_hippocampus_scRNA,OPC,Slc16a7,Ketone / lactate transport,AD,WT,,0.025176942348480225,,,0,3,"Park 2023 AD hippocampus (m, sc)  [AD vs WT]"
Park2023_AD_hippocampus_scRNA,OPC,Slc16a3,Ketone / lactate transport,AD,WT,,0.01151676569133997,,,0,3,"Park 2023 AD hippocampus (m, sc)  [AD vs WT]"
Park2023_AD_hippocampus_scRNA,OPC,Slc16a6,Ketone / lactate transport,AD,WT,,0.13800792396068573,,,0,3,"Park 2023 AD hippocampus (m, sc)  [AD vs WT]"
Park2023_AD_hippocampus_scRNA,OPC,Slc5a8,Ketone / lactate transport,AD,WT,,0.0,,,0,3,"Park 2023 AD hippocampus (m, sc)  [AD vs WT]"
Park2023_AD_hippocampus_scRNA,OPC,Bsg,Ketone / lactate transport,AD,WT,,1.8092703819274902,,,0,3,"Park 2023 AD hippocampus (m, sc)  [AD vs WT]"
Park2023_AD_hippocampus_scRNA,OPC,Hcar2,Receptors,AD,WT,,0.013068857602775097,,,0,3,"Park 2023 AD hippocampus (m, sc)  [AD vs WT]"
Park2023_AD_hippocampus_scRNA,OPC,Ffar3,Receptors,AD,WT,,0.0,,,0,3,"Park 2023 AD hippocampus (m, sc)  [AD vs WT]"
Park2023_AD_hippocampus_scRNA,OPC,Ffar2,Receptors,AD,WT,,0.0,,,0,3,"Park 2023 AD hippocampus (m, sc)  [AD vs WT]"
Park2023_AD_hippocampus_scRNA,OPC,Cpt1a,Fatty-acid supply / regulators,AD,WT,,0.18019644916057587,,,0,3,"Park 2023 AD hippocampus (m, sc)  [AD vs WT]"
Park2023_AD_hippocampus_scRNA,OPC,Cpt2,Fatty-acid supply / regulators,AD,WT,,0.07846315950155258,,,0,3,"Park 2023 AD hippocampus (m, sc)  [AD vs WT]"
Park2023_AD_hippocampus_scRNA,OPC,Acadm,Fatty-acid supply / regulators,AD,WT,,0.30160048604011536,,,0,3,"Park 2023 AD hippocampus (m, sc)  [AD vs WT]"
Park2023_AD_hippocampus_scRNA,OPC,Hadha,Fatty-acid supply / regulators,AD,WT,,0.41978514194488525,,,0,3,"Park 2023 AD hippocampus (m, sc)  [AD vs WT]"
Park2023_AD_hippocampus_scRNA,OPC,Acaa2,Fatty-acid supply / regulators,AD,WT,,0.47871947288513184,,,0,3,"Park 2023 AD hippocampus (m, sc)  [AD vs WT]"
Park2023_AD_hippocampus_scRNA,OPC,Ppara,Fatty-acid supply / regulators,AD,WT,,0.06653964519500732,,,0,3,"Park 2023 AD hippocampus (m, sc)  [AD vs WT]"
Park2023_AD_hippocampus_scRNA,OPC,Ppargc1a,Fatty-acid supply / regulators,AD,WT,,0.3746426999568939,,,0,3,"Park 2023 AD hippocampus (m, sc)  [AD vs WT]"
Park2023_AD_hippocampus_scRNA,Microglia,Hmgcs2,Synthesis (ketogenesis),AD,WT,0.00871925801038742,0.01077274139970541,-0.27653222073550504,0.7,3,3,"Park 2023 AD hippocampus (m, sc)  [AD vs WT]"
Park2023_AD_hippocampus_scRNA,Microglia,Hmgcl,Synthesis (ketogenesis),AD,WT,0.19127249717712402,0.19749939441680908,-0.04598219289205206,1.0,3,3,"Park 2023 AD hippocampus (m, sc)  [AD vs WT]"
Park2023_AD_hippocampus_scRNA,Microglia,Hmgcll1,Synthesis (ketogenesis),AD,WT,0.00044329967931844294,0.0013163662515580654,-0.6824924979516948,0.8247780950825133,3,3,"Park 2023 AD hippocampus (m, sc)  [AD vs WT]"
Park2023_AD_hippocampus_scRNA,Microglia,Bdh1,Utilisation (ketolysis),AD,WT,0.00890505500137806,0.02146311290562153,-1.1813209768474409,0.1,3,3,"Park 2023 AD hippocampus (m, sc)  [AD vs WT]"
Park2023_AD_hippocampus_scRNA,Microglia,Bdh2,Synthesis (ketogenesis),AD,WT,0.004881106782704592,0.005110731348395348,-0.055257370296997343,1.0,3,3,"Park 2023 AD hippocampus (m, sc)  [AD vs WT]"
Park2023_AD_hippocampus_scRNA,Microglia,Oxct1,Utilisation (ketolysis),AD,WT,0.39978623390197754,0.5435848236083984,-0.4423238220948575,0.2,3,3,"Park 2023 AD hippocampus (m, sc)  [AD vs WT]"
Park2023_AD_hippocampus_scRNA,Microglia,Acat1,Utilisation (ketolysis),AD,WT,0.21381016075611115,0.1751936674118042,0.28590016280174596,0.1,3,3,"Park 2023 AD hippocampus (m, sc)  [AD vs WT]"
Park2023_AD_hippocampus_scRNA,Microglia,Acss1,Acetate activation,AD,WT,0.1050259992480278,0.13457806408405304,-0.3547056960807894,0.1,3,3,"Park 2023 AD hippocampus (m, sc)  [AD vs WT]"
Park2023_AD_hippocampus_scRNA,Microglia,Acss2,Acetate activation,AD,WT,0.011915982700884342,0.0221442561596632,-0.8414967823754416,1.0,3,3,"Park 2023 AD hippocampus (m, sc)  [AD vs WT]"
Park2023_AD_hippocampus_scRNA,Microglia,Slc16a1,Ketone / lactate transport,AD,WT,0.040488097816705704,0.049659233540296555,-0.28812773689498805,1.0,3,3,"Park 2023 AD hippocampus (m, sc)  [AD vs WT]"
Park2023_AD_hippocampus_scRNA,Microglia,Slc16a7,Ketone / lactate transport,AD,WT,0.05194477736949921,0.06871042400598526,-0.3968860231821007,0.7,3,3,"Park 2023 AD hippocampus (m, sc)  [AD vs WT]"
Park2023_AD_hippocampus_scRNA,Microglia,Slc16a3,Ketone / lactate transport,AD,WT,0.1688736528158188,0.1262851357460022,0.4163981574055676,0.4,3,3,"Park 2023 AD hippocampus (m, sc)  [AD vs WT]"
Park2023_AD_hippocampus_scRNA,Microglia,Slc16a6,Ketone / lactate transport,AD,WT,0.37925639748573303,0.6138020753860474,-0.6931495148864648,0.1,3,3,"Park 2023 AD hippocampus (m, sc)  [AD vs WT]"
Park2023_AD_hippocampus_scRNA,Microglia,Slc5a8,Ketone / lactate transport,AD,WT,0.0004502616066019982,0.000245618139160797,0.21945130666449042,1.0,3,3,"Park 2023 AD hippocampus (m, sc)  [AD vs WT]"
Park2023_AD_hippocampus_scRNA,Microglia,Bsg,Ketone / lactate transport,AD,WT,2.032327651977539,1.6877886056900024,0.26785396097935965,0.1,3,3,"Park 2023 AD hippocampus (m, sc)  [AD vs WT]"
Park2023_AD_hippocampus_scRNA,Microglia,Hcar2,Receptors,AD,WT,0.06044088304042816,0.12740996479988098,-1.0634863060192123,0.7,3,3,"Park 2023 AD hippocampus (m, sc)  [AD vs WT]"
Park2023_AD_hippocampus_scRNA,Microglia,Ffar3,Receptors,AD,WT,0.0,0.0,0.0,1.0,3,3,"Park 2023 AD hippocampus (m, sc)  [AD vs WT]"
Park2023_AD_hippocampus_scRNA,Microglia,Ffar2,Receptors,AD,WT,0.0,0.0,0.0,1.0,3,3,"Park 2023 AD hippocampus (m, sc)  [AD vs WT]"
Park2023_AD_hippocampus_scRNA,Microglia,Cpt1a,Fatty-acid supply / regulators,AD,WT,0.019824428483843803,0.053827881813049316,-1.3966328364297331,0.1,3,3,"Park 2023 AD hippocampus (m, sc)  [AD vs WT]"
Park2023_AD_hippocampus_scRNA,Microglia,Cpt2,Fatty-acid supply / regulators,AD,WT,0.06829986721277237,0.049600522965192795,0.45370029248025273,0.2,3,3,"Park 2023 AD hippocampus (m, sc)  [AD vs WT]"
Park2023_AD_hippocampus_scRNA,Microglia,Acadm,Fatty-acid supply / regulators,AD,WT,0.29651451110839844,0.23099780082702637,0.3588489071002496,0.4,3,3,"Park 2023 AD hippocampus (m, sc)  [AD vs WT]"
Park2023_AD_hippocampus_scRNA,Microglia,Hadha,Fatty-acid supply / regulators,AD,WT,0.11675577610731125,0.2636905610561371,-1.1685089207675037,0.1,3,3,"Park 2023 AD hippocampus (m, sc)  [AD vs WT]"
Park2023_AD_hippocampus_scRNA,Microglia,Acaa2,Fatty-acid supply / regulators,AD,WT,0.10855764150619507,0.15117089450359344,-0.4740023291509372,0.1,3,3,"Park 2023 AD hippocampus (m, sc)  [AD vs WT]"
Park2023_AD_hippocampus_scRNA,Microglia,Ppara,Fatty-acid supply / regulators,AD,WT,0.0005326495156623423,0.003358566900715232,-1.5078260329669109,0.5065551690490403,3,3,"Park 2023 AD hippocampus (m, sc)  [AD vs WT]"
Park2023_AD_hippocampus_scRNA,Microglia,Ppargc1a,Fatty-acid supply / regulators,AD,WT,0.004027631599456072,0.015288007445633411,-1.69585928099218,0.1,3,3,"Park 2023 AD hippocampus (m, sc)  [AD vs WT]"
Park2023_AD_hippocampus_scRNA,Astrocyte,Hmgcs2,Synthesis (ketogenesis),AD,WT,0.04079819843173027,0.057314660400152206,-0.4804178636817026,,3,1,"Park 2023 AD hippocampus (m, sc)  [AD vs WT]"
Park2023_AD_hippocampus_scRNA,Astrocyte,Hmgcl,Synthesis (ketogenesis),AD,WT,0.11152664572000504,0.12452936172485352,-0.15775819017590864,,3,1,"Park 2023 AD hippocampus (m, sc)  [AD vs WT]"
Park2023_AD_hippocampus_scRNA,Astrocyte,Hmgcll1,Synthesis (ketogenesis),AD,WT,0.01300703827291727,0.006406849715858698,0.9192199659554858,,3,1,"Park 2023 AD hippocampus (m, sc)  [AD vs WT]"
Park2023_AD_hippocampus_scRNA,Astrocyte,Bdh1,Utilisation (ketolysis),AD,WT,0.245984748005867,0.08806749433279037,1.4714510406341395,,3,1,"Park 2023 AD hippocampus (m, sc)  [AD vs WT]"
Park2023_AD_hippocampus_scRNA,Astrocyte,Bdh2,Synthesis (ketogenesis),AD,WT,0.09696934372186661,0.02472427301108837,1.9292000700093557,,3,1,"Park 2023 AD hippocampus (m, sc)  [AD vs WT]"
Park2023_AD_hippocampus_scRNA,Astrocyte,Oxct1,Utilisation (ketolysis),AD,WT,0.38810038566589355,0.41335898637771606,-0.09073880057624857,,3,1,"Park 2023 AD hippocampus (m, sc)  [AD vs WT]"
Park2023_AD_hippocampus_scRNA,Astrocyte,Acat1,Utilisation (ketolysis),AD,WT,0.3614387512207031,0.21155883371829987,0.7698749965871416,,3,1,"Park 2023 AD hippocampus (m, sc)  [AD vs WT]"
Park2023_AD_hippocampus_scRNA,Astrocyte,Acss1,Acetate activation,AD,WT,0.2606121301651001,0.08106645941734314,1.6725648180559531,,3,1,"Park 2023 AD hippocampus (m, sc)  [AD vs WT]"
Park2023_AD_hippocampus_scRNA,Astrocyte,Acss2,Acetate activation,AD,WT,0.1844443529844284,0.08707275986671448,1.0742185563094475,,3,1,"Park 2023 AD hippocampus (m, sc)  [AD vs WT]"
Park2023_AD_hippocampus_scRNA,Astrocyte,Slc16a1,Ketone / lactate transport,AD,WT,0.12554393708705902,0.11729849874973297,0.09720662190790441,,3,1,"Park 2023 AD hippocampus (m, sc)  [AD vs WT]"
Park2023_AD_hippocampus_scRNA,Astrocyte,Slc16a7,Ketone / lactate transport,AD,WT,0.0032049675937741995,0.008927125483751297,-1.2392813466888337,,3,1,"Park 2023 AD hippocampus (m, sc)  [AD vs WT]"
Park2023_AD_hippocampus_scRNA,Astrocyte,Slc16a3,Ketone / lactate transport,AD,WT,0.008903000503778458,0.014439450576901436,-0.6406837964726416,,3,1,"Park 2023 AD hippocampus (m, sc)  [AD vs WT]"
Park2023_AD_hippocampus_scRNA,Astrocyte,Slc16a6,Ketone / lactate transport,AD,WT,0.0930798277258873,0.04363108053803444,1.0758366830959076,,3,1,"Park 2023 AD hippocampus (m, sc)  [AD vs WT]"
Park2023_AD_hippocampus_scRNA,Astrocyte,Slc5a8,Ketone / lactate transport,AD,WT,0.0007933665183372796,0.0,0.8426703683791453,,3,1,"Park 2023 AD hippocampus (m, sc)  [AD vs WT]"
Park2023_AD_hippocampus_scRNA,Astrocyte,Bsg,Ketone / lactate transport,AD,WT,2.1401050090789795,2.0010523796081543,0.09687583364817275,,3,1,"Park 2023 AD hippocampus (m, sc)  [AD vs WT]"
Park2023_AD_hippocampus_scRNA,Astrocyte,Hcar2,Receptors,AD,WT,0.00242248154245317,0.0,1.775042761006014,,3,1,"Park 2023 AD hippocampus (m, sc)  [AD vs WT]"
Park2023_AD_hippocampus_scRNA,Astrocyte,Ffar3,Receptors,AD,WT,0.0,0.0,0.0,,3,1,"Park 2023 AD hippocampus (m, sc)  [AD vs WT]"
Park2023_AD_hippocampus_scRNA,Astrocyte,Ffar2,Receptors,AD,WT,0.0,0.001660159439779818,-1.4115127179393137,,3,1,"Park 2023 AD hippocampus (m, sc)  [AD vs WT]"
Park2023_AD_hippocampus_scRNA,Astrocyte,Cpt1a,Fatty-acid supply / regulators,AD,WT,0.12378600984811783,0.07991775125265121,0.6249280658862458,,3,1,"Park 2023 AD hippocampus (m, sc)  [AD vs WT]"
Park2023_AD_hippocampus_scRNA,Astrocyte,Cpt2,Fatty-acid supply / regulators,AD,WT,0.08544263988733292,0.06237449496984482,0.4478407862414116,,3,1,"Park 2023 AD hippocampus (m, sc)  [AD vs WT]"
Park2023_AD_hippocampus_scRNA,Astrocyte,Acadm,Fatty-acid supply / regulators,AD,WT,0.3516385853290558,0.18561728298664093,0.9181077382632066,,3,1,"Park 2023 AD hippocampus (m, sc)  [AD vs WT]"
Park2023_AD_hippocampus_scRNA,Astrocyte,Hadha,Fatty-acid supply / regulators,AD,WT,0.1743612289428711,0.18500609695911407,-0.08502009721708005,,3,1,"Park 2023 AD hippocampus (m, sc)  [AD vs WT]"
Park2023_AD_hippocampus_scRNA,Astrocyte,Acaa2,Fatty-acid supply / regulators,AD,WT,0.372241735458374,0.23929248750209808,0.6353187709037965,,3,1,"Park 2023 AD hippocampus (m, sc)  [AD vs WT]"
Park2023_AD_hippocampus_scRNA,Astrocyte,Ppara,Fatty-acid supply / regulators,AD,WT,0.03302735462784767,0.03038555569946766,0.1165942440209312,,3,1,"Park 2023 AD hippocampus (m, sc)  [AD vs WT]"
Park2023_AD_hippocampus_scRNA,Astrocyte,Ppargc1a,Fatty-acid supply / regulators,AD,WT,0.23790162801742554,0.05718212202191353,2.037768864635445,,3,1,"Park 2023 AD hippocampus (m, sc)  [AD vs WT]"
Park2023_AD_hippocampus_scRNA,Neuron,Hmgcs2,Synthesis (ketogenesis),AD,WT,0.020198596641421318,0.013799910433590412,0.5183803158081696,,2,3,"Park 2023 AD hippocampus (m, sc)  [AD vs WT]"
Park2023_AD_hippocampus_scRNA,Neuron,Hmgcl,Synthesis (ketogenesis),AD,WT,0.14744439721107483,0.1419156938791275,0.05475829163522917,,2,3,"Park 2023 AD hippocampus (m, sc)  [AD vs WT]"
Park2023_AD_hippocampus_scRNA,Neuron,Hmgcll1,Synthesis (ketogenesis),AD,WT,0.00651914207264781,0.011700168251991272,-0.7562076437680595,,2,3,"Park 2023 AD hippocampus (m, sc)  [AD vs WT]"
Park2023_AD_hippocampus_scRNA,Neuron,Bdh1,Utilisation (ketolysis),AD,WT,0.08978819847106934,0.12833993136882782,-0.5105910706177705,,2,3,"Park 2023 AD hippocampus (m, sc)  [AD vs WT]"
Park2023_AD_hippocampus_scRNA,Neuron,Bdh2,Synthesis (ketogenesis),AD,WT,0.005373093299567699,0.008015081286430359,-0.5003467186981502,,2,3,"Park 2023 AD hippocampus (m, sc)  [AD vs WT]"
Park2023_AD_hippocampus_scRNA,Neuron,Oxct1,Utilisation (ketolysis),AD,WT,0.42996978759765625,0.6309642791748047,-0.5522562793688754,,2,3,"Park 2023 AD hippocampus (m, sc)  [AD vs WT]"
Park2023_AD_hippocampus_scRNA,Neuron,Acat1,Utilisation (ketolysis),AD,WT,0.709879457950592,0.5493771433830261,0.36918438880857063,,2,3,"Park 2023 AD hippocampus (m, sc)  [AD vs WT]"
Park2023_AD_hippocampus_scRNA,Neuron,Acss1,Acetate activation,AD,WT,0.026424705982208252,0.02080845832824707,0.3305883663434285,,2,3,"Park 2023 AD hippocampus (m, sc)  [AD vs WT]"
Park2023_AD_hippocampus_scRNA,Neuron,Acss2,Acetate activation,AD,WT,0.04175269976258278,0.047034960240125656,-0.16806926677567025,,2,3,"Park 2023 AD hippocampus (m, sc)  [AD vs WT]"
Park2023_AD_hippocampus_scRNA,Neuron,Slc16a1,Ketone / lactate transport,AD,WT,0.04567991942167282,0.042016834020614624,0.11790072237227354,,2,3,"Park 2023 AD hippocampus (m, sc)  [AD vs WT]"
Park2023_AD_hippocampus_scRNA,Neuron,Slc16a7,Ketone / lactate transport,AD,WT,0.00709168054163456,0.008439995348453522,-0.22234678506993552,,2,3,"Park 2023 AD hippocampus (m, sc)  [AD vs WT]"
Park2023_AD_hippocampus_scRNA,Neuron,Slc16a3,Ketone / lactate transport,AD,WT,0.007400332950055599,0.006764156743884087,0.11361726705843768,,2,3,"Park 2023 AD hippocampus (m, sc)  [AD vs WT]"
Park2023_AD_hippocampus_scRNA,Neuron,Slc16a6,Ketone / lactate transport,AD,WT,0.053084224462509155,0.08857863396406174,-0.7279468224475983,,2,3,"Park 2023 AD hippocampus (m, sc)  [AD vs WT]"
Park2023_AD_hippocampus_scRNA,Neuron,Slc5a8,Ketone / lactate transport,AD,WT,0.0,0.0009144709329120815,-0.9369457561599007,,2,3,"Park 2023 AD hippocampus (m, sc)  [AD vs WT]"
Park2023_AD_hippocampus_scRNA,Neuron,Bsg,Ketone / lactate transport,AD,WT,1.7371338605880737,1.3807798624038696,0.33101140233853293,,2,3,"Park 2023 AD hippocampus (m, sc)  [AD vs WT]"
Park2023_AD_hippocampus_scRNA,Neuron,Hcar2,Receptors,AD,WT,0.0007720577414147556,0.0033364498522132635,-1.2910888119556319,,2,3,"Park 2023 AD hippocampus (m, sc)  [AD vs WT]"
Park2023_AD_hippocampus_scRNA,Neuron,Ffar3,Receptors,AD,WT,0.0,0.0,0.0,,2,3,"Park 2023 AD hippocampus (m, sc)  [AD vs WT]"
Park2023_AD_hippocampus_scRNA,Neuron,Ffar2,Receptors,AD,WT,0.0,0.0,0.0,,2,3,"Park 2023 AD hippocampus (m, sc)  [AD vs WT]"
Park2023_AD_hippocampus_scRNA,Neuron,Cpt1a,Fatty-acid supply / regulators,AD,WT,0.017835795879364014,0.03849416226148605,-1.0681624268387397,,2,3,"Park 2023 AD hippocampus (m, sc)  [AD vs WT]"
Park2023_AD_hippocampus_scRNA,Neuron,Cpt2,Fatty-acid supply / regulators,AD,WT,0.029675576835870743,0.019314808771014214,0.5945586890200536,,2,3,"Park 2023 AD hippocampus (m, sc)  [AD vs WT]"
Park2023_AD_hippocampus_scRNA,Neuron,Acadm,Fatty-acid supply / regulators,AD,WT,0.1851351112127304,0.1751415729522705,0.07961476647923565,,2,3,"Park 2023 AD hippocampus (m, sc)  [AD vs WT]"
Park2023_AD_hippocampus_scRNA,Neuron,Hadha,Fatty-acid supply / regulators,AD,WT,0.11270365118980408,0.3223578929901123,-1.5078532442035804,,2,3,"Park 2023 AD hippocampus (m, sc)  [AD vs WT]"
Park2023_AD_hippocampus_scRNA,Neuron,Acaa2,Fatty-acid supply / regulators,AD,WT,0.06393580883741379,0.15189848840236664,-1.235487967240355,,2,3,"Park 2023 AD hippocampus (m, sc)  [AD vs WT]"
Park2023_AD_hippocampus_scRNA,Neuron,Ppara,Fatty-acid supply / regulators,AD,WT,0.0009847200708463788,0.006664944346994162,-1.9493397759893174,,2,3,"Park 2023 AD hippocampus (m, sc)  [AD vs WT]"
Park2023_AD_hippocampus_scRNA,Neuron,Ppargc1a,Fatty-acid supply / regulators,AD,WT,0.013909305445849895,0.028761526569724083,-0.9972354782336574,,2,3,"Park 2023 AD hippocampus (m, sc)  [AD vs WT]"
Park2023_AD_hippocampus_scRNA,Endothelial,Hmgcs2,Synthesis (ketogenesis),AD,WT,0.6161749958992004,0.4728271961212158,0.3813186071419445,0.4,3,3,"Park 2023 AD hippocampus (m, sc)  [AD vs WT]"
Park2023_AD_hippocampus_scRNA,Endothelial,Hmgcl,Synthesis (ketogenesis),AD,WT,0.22102399170398712,0.21902978420257568,0.013016754733856049,1.0,3,3,"Park 2023 AD hippocampus (m, sc)  [AD vs WT]"
Park2023_AD_hippocampus_scRNA,Endothelial,Hmgcll1,Synthesis (ketogenesis),AD,WT,0.003388774348422885,0.002106664702296257,0.49845155310648664,0.4,3,3,"Park 2023 AD hippocampus (m, sc)  [AD vs WT]"
Park2023_AD_hippocampus_scRNA,Endothelial,Bdh1,Utilisation (ketolysis),AD,WT,0.017179779708385468,0.019972272217273712,-0.20614845914723662,0.7,3,3,"Park 2023 AD hippocampus (m, sc)  [AD vs WT]"
Park2023_AD_hippocampus_scRNA,Endothelial,Bdh2,Synthesis (ketogenesis),AD,WT,0.004952196963131428,0.006865650415420532,-0.40214380069406563,0.7,3,3,"Park 2023 AD hippocampus (m, sc)  [AD vs WT]"
Park2023_AD_hippocampus_scRNA,Endothelial,Oxct1,Utilisation (ketolysis),AD,WT,0.14552398025989532,0.21103675663471222,-0.5331775812095891,0.4,3,3,"Park 2023 AD hippocampus (m, sc)  [AD vs WT]"
Park2023_AD_hippocampus_scRNA,Endothelial,Acat1,Utilisation (ketolysis),AD,WT,0.2753395736217499,0.27597376704216003,-0.003307160829170708,0.7,3,3,"Park 2023 AD hippocampus (m, sc)  [AD vs WT]"
Park2023_AD_hippocampus_scRNA,Endothelial,Acss1,Acetate activation,AD,WT,0.02237364836037159,0.02648320235311985,-0.23366717735537285,0.7,3,3,"Park 2023 AD hippocampus (m, sc)  [AD vs WT]"
Park2023_AD_hippocampus_scRNA,Endothelial,Acss2,Acetate activation,AD,WT,0.034878913313150406,0.04114002361893654,-0.23205492764586919,0.7,3,3,"Park 2023 AD hippocampus (m, sc)  [AD vs WT]"
Park2023_AD_hippocampus_scRNA,Endothelial,Slc16a1,Ketone / lactate transport,AD,WT,0.9373416304588318,0.8220294117927551,0.1891692855703272,1.0,3,3,"Park 2023 AD hippocampus (m, sc)  [AD vs WT]"
Park2023_AD_hippocampus_scRNA,Endothelial,Slc16a7,Ketone / lactate transport,AD,WT,0.0035147133748978376,0.004334455356001854,-0.24070658206301915,0.7,3,3,"Park 2023 AD hippocampus (m, sc)  [AD vs WT]"
Park2023_AD_hippocampus_scRNA,Endothelial,Slc16a3,Ketone / lactate transport,AD,WT,0.017951808869838715,0.014382713474333286,0.30102554034922313,0.7,3,3,"Park 2023 AD hippocampus (m, sc)  [AD vs WT]"
Park2023_AD_hippocampus_scRNA,Endothelial,Slc16a6,Ketone / lactate transport,AD,WT,0.022860601544380188,0.04978712275624275,-1.0898323282832028,0.2,3,3,"Park 2023 AD hippocampus (m, sc)  [AD vs WT]"
Park2023_AD_hippocampus_scRNA,Endothelial,Slc5a8,Ketone / lactate transport,AD,WT,0.0010665295412763953,0.0004929993883706629,0.4689964128994897,1.0,3,3,"Park 2023 AD hippocampus (m, sc)  [AD vs WT]"
Park2023_AD_hippocampus_scRNA,Endothelial,Bsg,Ketone / lactate transport,AD,WT,5.384143829345703,4.874269485473633,0.14350291006625296,0.1,3,3,"Park 2023 AD hippocampus (m, sc)  [AD vs WT]"
Park2023_AD_hippocampus_scRNA,Endothelial,Hcar2,Receptors,AD,WT,0.0048813908360898495,0.003933579660952091,0.2535225612814829,1.0,3,3,"Park 2023 AD hippocampus (m, sc)  [AD vs WT]"
Park2023_AD_hippocampus_scRNA,Endothelial,Ffar3,Receptors,AD,WT,0.0,0.0,0.0,1.0,3,3,"Park 2023 AD hippocampus (m, sc)  [AD vs WT]"
Park2023_AD_hippocampus_scRNA,Endothelial,Ffar2,Receptors,AD,WT,0.0026416124310344458,0.001859094831161201,0.34901891513285,0.7,3,3,"Park 2023 AD hippocampus (m, sc)  [AD vs WT]"
Park2023_AD_hippocampus_scRNA,Endothelial,Cpt1a,Fatty-acid supply / regulators,AD,WT,0.15198446810245514,0.3092832565307617,-1.020200659094316,0.1,3,3,"Park 2023 AD hippocampus (m, sc)  [AD vs WT]"
Park2023_AD_hippocampus_scRNA,Endothelial,Cpt2,Fatty-acid supply / regulators,AD,WT,0.10177183151245117,0.13466772437095642,-0.4006326476260037,0.1,3,3,"Park 2023 AD hippocampus (m, sc)  [AD vs WT]"
Park2023_AD_hippocampus_scRNA,Endothelial,Acadm,Fatty-acid supply / regulators,AD,WT,0.38368916511535645,0.381140798330307,0.009588904536768203,1.0,3,3,"Park 2023 AD hippocampus (m, sc)  [AD vs WT]"
Park2023_AD_hippocampus_scRNA,Endothelial,Hadha,Fatty-acid supply / regulators,AD,WT,0.1637282371520996,0.39508605003356934,-1.2657260129673908,0.1,3,3,"Park 2023 AD hippocampus (m, sc)  [AD vs WT]"
Park2023_AD_hippocampus_scRNA,Endothelial,Acaa2,Fatty-acid supply / regulators,AD,WT,0.3304251730442047,0.49245938658714294,-0.5742481657016982,0.1,3,3,"Park 2023 AD hippocampus (m, sc)  [AD vs WT]"
Park2023_AD_hippocampus_scRNA,Endothelial,Ppara,Fatty-acid supply / regulators,AD,WT,0.018528515473008156,0.023629119619727135,-0.3347827769103916,1.0,3,3,"Park 2023 AD hippocampus (m, sc)  [AD vs WT]"
Park2023_AD_hippocampus_scRNA,Endothelial,Ppargc1a,Fatty-acid supply / regulators,AD,WT,0.01036841981112957,0.02122761309146881,-0.9673212968344785,0.1,3,3,"Park 2023 AD hippocampus (m, sc)  [AD vs WT]"
Park2023_AD_hippocampus_scRNA,Vascular/Fibroblast,Hmgcs2,Synthesis (ketogenesis),AD,WT,0.15399578213691711,0.1290341168642044,0.2533387655784493,0.7,3,3,"Park 2023 AD hippocampus (m, sc)  [AD vs WT]"
Park2023_AD_hippocampus_scRNA,Vascular/Fibroblast,Hmgcl,Synthesis (ketogenesis),AD,WT,0.17757387459278107,0.14392010867595673,0.30126323642896735,0.4,3,3,"Park 2023 AD hippocampus (m, sc)  [AD vs WT]"
Park2023_AD_hippocampus_scRNA,Vascular/Fibroblast,Hmgcll1,Synthesis (ketogenesis),AD,WT,0.02501104213297367,0.016890142112970352,0.5399593543521074,0.4,3,3,"Park 2023 AD hippocampus (m, sc)  [AD vs WT]"
Park2023_AD_hippocampus_scRNA,Vascular/Fibroblast,Bdh1,Utilisation (ketolysis),AD,WT,0.10799682140350342,0.04901353642344475,1.1238955375713573,0.1,3,3,"Park 2023 AD hippocampus (m, sc)  [AD vs WT]"
Park2023_AD_hippocampus_scRNA,Vascular/Fibroblast,Bdh2,Synthesis (ketogenesis),AD,WT,0.04068851098418236,0.037610337138175964,0.11066269170846568,1.0,3,3,"Park 2023 AD hippocampus (m, sc)  [AD vs WT]"
Park2023_AD_hippocampus_scRNA,Vascular/Fibroblast,Oxct1,Utilisation (ketolysis),AD,WT,0.4319276809692383,0.6298911571502686,-0.5432650814818074,0.2,3,3,"Park 2023 AD hippocampus (m, sc)  [AD vs WT]"
Park2023_AD_hippocampus_scRNA,Vascular/Fibroblast,Acat1,Utilisation (ketolysis),AD,WT,0.4255158603191376,0.49249395728111267,-0.2104330290623349,0.4,3,3,"Park 2023 AD hippocampus (m, sc)  [AD vs WT]"
Park2023_AD_hippocampus_scRNA,Vascular/Fibroblast,Acss1,Acetate activation,AD,WT,0.05625055357813835,0.030572941526770592,0.8586009661285974,0.7,3,3,"Park 2023 AD hippocampus (m, sc)  [AD vs WT]"
Park2023_AD_hippocampus_scRNA,Vascular/Fibroblast,Acss2,Acetate activation,AD,WT,0.05212664231657982,0.08526650071144104,-0.6993649009106104,0.2,3,3,"Park 2023 AD hippocampus (m, sc)  [AD vs WT]"
Park2023_AD_hippocampus_scRNA,Vascular/Fibroblast,Slc16a1,Ketone / lactate transport,AD,WT,0.10402131825685501,0.042947422713041306,1.2568317435745824,0.7,3,3,"Park 2023 AD hippocampus (m, sc)  [AD vs WT]"
Park2023_AD_hippocampus_scRNA,Vascular/Fibroblast,Slc16a7,Ketone / lactate transport,AD,WT,0.027462616562843323,0.02174278534948826,0.3236593401516216,1.0,3,3,"Park 2023 AD hippocampus (m, sc)  [AD vs WT]"
Park2023_AD_hippocampus_scRNA,Vascular/Fibroblast,Slc16a3,Ketone / lactate transport,AD,WT,0.013095282018184662,0.041621122509241104,-1.5963562461526597,0.2,3,3,"Park 2023 AD hippocampus (m, sc)  [AD vs WT]"
Park2023_AD_hippocampus_scRNA,Vascular/Fibroblast,Slc16a6,Ketone / lactate transport,AD,WT,0.02923908270895481,0.021277643740177155,0.440817726711282,1.0,3,3,"Park 2023 AD hippocampus (m, sc)  [AD vs WT]"
Park2023_AD_hippocampus_scRNA,Vascular/Fibroblast,Slc5a8,Ketone / lactate transport,AD,WT,0.0,0.0,0.0,1.0,3,3,"Park 2023 AD hippocampus (m, sc)  [AD vs WT]"
Park2023_AD_hippocampus_scRNA,Vascular/Fibroblast,Bsg,Ketone / lactate transport,AD,WT,2.102428913116455,1.8217841386795044,0.20659934019133197,0.2,3,3,"Park 2023 AD hippocampus (m, sc)  [AD vs WT]"
Park2023_AD_hippocampus_scRNA,Vascular/Fibroblast,Hcar2,Receptors,AD,WT,0.004344079177826643,0.0,2.417941382926417,0.5049850750938458,3,3,"Park 2023 AD hippocampus (m, sc)  [AD vs WT]"
Park2023_AD_hippocampus_scRNA,Vascular/Fibroblast,Ffar3,Receptors,AD,WT,0.0,0.000543341098818928,-0.6260569518568214,0.5049850750938458,3,3,"Park 2023 AD hippocampus (m, sc)  [AD vs WT]"
Park2023_AD_hippocampus_scRNA,Vascular/Fibroblast,Ffar2,Receptors,AD,WT,0.004116795491427183,0.012793075293302536,-1.4306316770372038,1.0,3,3,"Park 2023 AD hippocampus (m, sc)  [AD vs WT]"
Park2023_AD_hippocampus_scRNA,Vascular/Fibroblast,Cpt1a,Fatty-acid supply / regulators,AD,WT,0.09829304367303848,0.08945419639348984,0.13450521358317685,0.7,3,3,"Park 2023 AD hippocampus (m, sc)  [AD vs WT]"
Park2023_AD_hippocampus_scRNA,Vascular/Fibroblast,Cpt2,Fatty-acid supply / regulators,AD,WT,0.07202544063329697,0.08127038925886154,-0.1719741113159432,0.4,3,3,"Park 2023 AD hippocampus (m, sc)  [AD vs WT]"
Park2023_AD_hippocampus_scRNA,Vascular/Fibroblast,Acadm,Fatty-acid supply / regulators,AD,WT,0.5382307171821594,0.47857579588890076,0.16914383371834146,1.0,3,3,"Park 2023 AD hippocampus (m, sc)  [AD vs WT]"
Park2023_AD_hippocampus_scRNA,Vascular/Fibroblast,Hadha,Fatty-acid supply / regulators,AD,WT,0.15777528285980225,0.3441739082336426,-1.1203370747799615,0.1,3,3,"Park 2023 AD hippocampus (m, sc)  [AD vs WT]"
Park2023_AD_hippocampus_scRNA,Vascular/Fibroblast,Acaa2,Fatty-acid supply / regulators,AD,WT,0.33736827969551086,0.4960458278656006,-0.5547845456226456,0.2,3,3,"Park 2023 AD hippocampus (m, sc)  [AD vs WT]"
Park2023_AD_hippocampus_scRNA,Vascular/Fibroblast,Ppara,Fatty-acid supply / regulators,AD,WT,0.029195358976721764,0.06831630319356918,-1.1988678896030383,0.7,3,3,"Park 2023 AD hippocampus (m, sc)  [AD vs WT]"
Park2023_AD_hippocampus_scRNA,Vascular/Fibroblast,Ppargc1a,Fatty-acid supply / regulators,AD,WT,0.0257562343031168,0.025802606716752052,-0.002498234339248421,1.0,3,3,"Park 2023 AD hippocampus (m, sc)  [AD vs WT]"
Park2023_AD_hippocampus_scRNA,Immune (lymphoid/myeloid),Hmgcs2,Synthesis (ketogenesis),AD,WT,0.007878046482801437,0.0,3.1502422622033945,0.06360256962075367,3,3,"Park 2023 AD hippocampus (m, sc)  [AD vs WT]"
Park2023_AD_hippocampus_scRNA,Immune (lymphoid/myeloid),Hmgcl,Synthesis (ketogenesis),AD,WT,0.1740635186433792,0.23383967578411102,-0.42379769709384196,0.1,3,3,"Park 2023 AD hippocampus (m, sc)  [AD vs WT]"
Park2023_AD_hippocampus_scRNA,Immune (lymphoid/myeloid),Hmgcll1,Synthesis (ketogenesis),AD,WT,0.0,0.0,0.0,1.0,3,3,"Park 2023 AD hippocampus (m, sc)  [AD vs WT]"
Park2023_AD_hippocampus_scRNA,Immune (lymphoid/myeloid),Bdh1,Utilisation (ketolysis),AD,WT,0.026633473113179207,0.02889304794371128,-0.11339310536662124,1.0,3,3,"Park 2023 AD hippocampus (m, sc)  [AD vs WT]"
Park2023_AD_hippocampus_scRNA,Immune (lymphoid/myeloid),Bdh2,Synthesis (ketogenesis),AD,WT,0.0019800837617367506,0.011763956397771835,-2.0986507989771006,0.3536785173184648,3,3,"Park 2023 AD hippocampus (m, sc)  [AD vs WT]"
Park2023_AD_hippocampus_scRNA,Immune (lymphoid/myeloid),Oxct1,Utilisation (ketolysis),AD,WT,0.28663337230682373,0.39792683720588684,-0.4718931094404637,0.4,3,3,"Park 2023 AD hippocampus (m, sc)  [AD vs WT]"
Park2023_AD_hippocampus_scRNA,Immune (lymphoid/myeloid),Acat1,Utilisation (ketolysis),AD,WT,0.2950810194015503,0.28818872570991516,0.03398069934788591,1.0,3,3,"Park 2023 AD hippocampus (m, sc)  [AD vs WT]"
Park2023_AD_hippocampus_scRNA,Immune (lymphoid/myeloid),Acss1,Acetate activation,AD,WT,0.05561776086688042,0.10207470506429672,-0.8643637337093877,0.2,3,3,"Park 2023 AD hippocampus (m, sc)  [AD vs WT]"
Park2023_AD_hippocampus_scRNA,Immune (lymphoid/myeloid),Acss2,Acetate activation,AD,WT,0.027485499158501625,0.043801914900541306,-0.6533327093996913,0.4,3,3,"Park 2023 AD hippocampus (m, sc)  [AD vs WT]"
Park2023_AD_hippocampus_scRNA,Immune (lymphoid/myeloid),Slc16a1,Ketone / lactate transport,AD,WT,0.03979712352156639,0.02510617859661579,0.6440761433797932,1.0,3,3,"Park 2023 AD hippocampus (m, sc)  [AD vs WT]"
Park2023_AD_hippocampus_scRNA,Immune (lymphoid/myeloid),Slc16a7,Ketone / lactate transport,AD,WT,0.04307655990123749,0.06989725679159164,-0.6857181782683947,0.4,3,3,"Park 2023 AD hippocampus (m, sc)  [AD vs WT]"
Park2023_AD_hippocampus_scRNA,Immune (lymphoid/myeloid),Slc16a3,Ketone / lactate transport,AD,WT,0.054689329117536545,0.11877596378326416,-1.1048656043511411,0.1,3,3,"Park 2023 AD hippocampus (m, sc)  [AD vs WT]"
Park2023_AD_hippocampus_scRNA,Immune (lymphoid/myeloid),Slc16a6,Ketone / lactate transport,AD,WT,0.0953935906291008,0.16672289371490479,-0.799070498705705,0.2,3,3,"Park 2023 AD hippocampus (m, sc)  [AD vs WT]"
Park2023_AD_hippocampus_scRNA,Immune (lymphoid/myeloid),Slc5a8,Ketone / lactate transport,AD,WT,0.0,0.0,0.0,1.0,3,3,"Park 2023 AD hippocampus (m, sc)  [AD vs WT]"
Park2023_AD_hippocampus_scRNA,Immune (lymphoid/myeloid),Bsg,Ketone / lactate transport,AD,WT,1.6256132125854492,1.2742801904678345,0.3510569828011881,0.1,3,3,"Park 2023 AD hippocampus (m, sc)  [AD vs WT]"
Park2023_AD_hippocampus_scRNA,Immune (lymphoid/myeloid),Hcar2,Receptors,AD,WT,0.07053250819444656,0.08346062153577805,-0.23967983516205682,1.0,3,3,"Park 2023 AD hippocampus (m, sc)  [AD vs WT]"
Park2023_AD_hippocampus_scRNA,Immune (lymphoid/myeloid),Ffar3,Receptors,AD,WT,0.0,0.0,0.0,1.0,3,3,"Park 2023 AD hippocampus (m, sc)  [AD vs WT]"
Park2023_AD_hippocampus_scRNA,Immune (lymphoid/myeloid),Ffar2,Receptors,AD,WT,0.00080591015284881,0.0,0.852726118032577,0.5049850750938458,3,3,"Park 2023 AD hippocampus (m, sc)  [AD vs WT]"
Park2023_AD_hippocampus_scRNA,Immune (lymphoid/myeloid),Cpt1a,Fatty-acid supply / regulators,AD,WT,0.026740139350295067,0.09557666629552841,-1.7996996294215608,0.1,3,3,"Park 2023 AD hippocampus (m, sc)  [AD vs WT]"
Park2023_AD_hippocampus_scRNA,Immune (lymphoid/myeloid),Cpt2,Fatty-acid supply / regulators,AD,WT,0.040088776499032974,0.03401282802224159,0.2308607775588734,1.0,3,3,"Park 2023 AD hippocampus (m, sc)  [AD vs WT]"
Park2023_AD_hippocampus_scRNA,Immune (lymphoid/myeloid),Acadm,Fatty-acid supply / regulators,AD,WT,0.19739733636379242,0.20766305923461914,-0.07278255832168729,1.0,3,3,"Park 2023 AD hippocampus (m, sc)  [AD vs WT]"
Park2023_AD_hippocampus_scRNA,Immune (lymphoid/myeloid),Hadha,Fatty-acid supply / regulators,AD,WT,0.12069475650787354,0.22222988307476044,-0.8752631614614781,0.1,3,3,"Park 2023 AD hippocampus (m, sc)  [AD vs WT]"
Park2023_AD_hippocampus_scRNA,Immune (lymphoid/myeloid),Acaa2,Fatty-acid supply / regulators,AD,WT,0.119089774787426,0.15830278396606445,-0.4076581635600145,0.1,3,3,"Park 2023 AD hippocampus (m, sc)  [AD vs WT]"
Park2023_AD_hippocampus_scRNA,Immune (lymphoid/myeloid),Ppara,Fatty-acid supply / regulators,AD,WT,0.0010260988492518663,0.0067411866039037704,-1.9338501640857457,1.0,3,3,"Park 2023 AD hippocampus (m, sc)  [AD vs WT]"
Park2023_AD_hippocampus_scRNA,Immune (lymphoid/myeloid),Ppargc1a,Fatty-acid supply / regulators,AD,WT,0.0051797726191580296,0.00843533594161272,-0.6105201293076907,0.6579050194284821,3,3,"Park 2023 AD hippocampus (m, sc)  [AD vs WT]"
Park2023_AD_hippocampus_scRNA,Ependymal,Hmgcs2,Synthesis (ketogenesis),AD,WT,0.03248554840683937,0.04864827170968056,-0.5682049015619585,0.7,3,3,"Park 2023 AD hippocampus (m, sc)  [AD vs WT]"
Park2023_AD_hippocampus_scRNA,Ependymal,Hmgcl,Synthesis (ketogenesis),AD,WT,0.07335676997900009,0.09722699970006943,-0.4016555316267857,0.4,3,3,"Park 2023 AD hippocampus (m, sc)  [AD vs WT]"
Park2023_AD_hippocampus_scRNA,Ependymal,Hmgcll1,Synthesis (ketogenesis),AD,WT,0.031167611479759216,0.03671964630484581,-0.22970733150726527,0.7,3,3,"Park 2023 AD hippocampus (m, sc)  [AD vs WT]"
Park2023_AD_hippocampus_scRNA,Ependymal,Bdh1,Utilisation (ketolysis),AD,WT,0.14597006142139435,0.1573578119277954,-0.1076657381329397,1.0,3,3,"Park 2023 AD hippocampus (m, sc)  [AD vs WT]"
Park2023_AD_hippocampus_scRNA,Ependymal,Bdh2,Synthesis (ketogenesis),AD,WT,0.16037128865718842,0.22982364892959595,-0.5164071265175173,0.7,3,3,"Park 2023 AD hippocampus (m, sc)  [AD vs WT]"
Park2023_AD_hippocampus_scRNA,Ependymal,Oxct1,Utilisation (ketolysis),AD,WT,0.8646309971809387,0.8055866360664368,0.1019226585801715,1.0,3,3,"Park 2023 AD hippocampus (m, sc)  [AD vs WT]"
Park2023_AD_hippocampus_scRNA,Ependymal,Acat1,Utilisation (ketolysis),AD,WT,0.5327553153038025,0.3737647533416748,0.5101932578363413,0.1,3,3,"Park 2023 AD hippocampus (m, sc)  [AD vs WT]"
Park2023_AD_hippocampus_scRNA,Ependymal,Acss1,Acetate activation,AD,WT,0.09779980033636093,0.10098771005868912,-0.04581528054939157,1.0,3,3,"Park 2023 AD hippocampus (m, sc)  [AD vs WT]"
Park2023_AD_hippocampus_scRNA,Ependymal,Acss2,Acetate activation,AD,WT,0.07852619141340256,0.07557535916566849,0.05454985192013216,1.0,3,3,"Park 2023 AD hippocampus (m, sc)  [AD vs WT]"
Park2023_AD_hippocampus_scRNA,Ependymal,Slc16a1,Ketone / lactate transport,AD,WT,0.1854815036058426,0.16552425920963287,0.16330017808346148,0.7,3,3,"Park 2023 AD hippocampus (m, sc)  [AD vs WT]"
Park2023_AD_hippocampus_scRNA,Ependymal,Slc16a7,Ketone / lactate transport,AD,WT,0.007529087830334902,0.007617672439664602,-0.014906805903153294,0.7,3,3,"Park 2023 AD hippocampus (m, sc)  [AD vs WT]"
Park2023_AD_hippocampus_scRNA,Ependymal,Slc16a3,Ketone / lactate transport,AD,WT,0.012284492142498493,0.0021347033325582743,2.0833422572412474,0.7,3,3,"Park 2023 AD hippocampus (m, sc)  [AD vs WT]"
Park2023_AD_hippocampus_scRNA,Ependymal,Slc16a6,Ketone / lactate transport,AD,WT,0.23798763751983643,0.1275991052389145,0.8940553868545659,0.4,3,3,"Park 2023 AD hippocampus (m, sc)  [AD vs WT]"
Park2023_AD_hippocampus_scRNA,Ependymal,Slc5a8,Ketone / lactate transport,AD,WT,0.010394379496574402,0.0011976317036896944,2.3743008283986535,0.5065551690490403,3,3,"Park 2023 AD hippocampus (m, sc)  [AD vs WT]"
Park2023_AD_hippocampus_scRNA,Ependymal,Bsg,Ketone / lactate transport,AD,WT,3.2772178649902344,2.3353912830352783,0.4886298294975845,0.1,3,3,"Park 2023 AD hippocampus (m, sc)  [AD vs WT]"
Park2023_AD_hippocampus_scRNA,Ependymal,Hcar2,Receptors,AD,WT,0.0036389820743352175,0.0,2.213808271426453,0.19670560245894686,3,3,"Park 2023 AD hippocampus (m, sc)  [AD vs WT]"
Park2023_AD_hippocampus_scRNA,Ependymal,Ffar3,Receptors,AD,WT,0.0,0.0,0.0,1.0,3,3,"Park 2023 AD hippocampus (m, sc)  [AD vs WT]"
Park2023_AD_hippocampus_scRNA,Ependymal,Ffar2,Receptors,AD,WT,0.0,0.0,0.0,1.0,3,3,"Park 2023 AD hippocampus (m, sc)  [AD vs WT]"
Park2023_AD_hippocampus_scRNA,Ependymal,Cpt1a,Fatty-acid supply / regulators,AD,WT,0.2848554849624634,0.14080685377120972,1.0113587105890263,0.1,3,3,"Park 2023 AD hippocampus (m, sc)  [AD vs WT]"
Park2023_AD_hippocampus_scRNA,Ependymal,Cpt2,Fatty-acid supply / regulators,AD,WT,0.2102111577987671,0.09877929836511612,1.0818736213109807,0.1,3,3,"Park 2023 AD hippocampus (m, sc)  [AD vs WT]"
Park2023_AD_hippocampus_scRNA,Ependymal,Acadm,Fatty-acid supply / regulators,AD,WT,0.5895760655403137,0.44694212079048157,0.3988105573660574,0.1,3,3,"Park 2023 AD hippocampus (m, sc)  [AD vs WT]"
Park2023_AD_hippocampus_scRNA,Ependymal,Hadha,Fatty-acid supply / regulators,AD,WT,0.24938149750232697,0.33336901664733887,-0.41731321533437404,0.1,3,3,"Park 2023 AD hippocampus (m, sc)  [AD vs WT]"
Park2023_AD_hippocampus_scRNA,Ependymal,Acaa2,Fatty-acid supply / regulators,AD,WT,0.7053813934326172,0.6062642931938171,0.21812279990856834,0.4,3,3,"Park 2023 AD hippocampus (m, sc)  [AD vs WT]"
Park2023_AD_hippocampus_scRNA,Ependymal,Ppara,Fatty-acid supply / regulators,AD,WT,0.02291320264339447,0.02003384195268154,0.1850949692904869,0.7,3,3,"Park 2023 AD hippocampus (m, sc)  [AD vs WT]"
Park2023_AD_hippocampus_scRNA,Ependymal,Ppargc1a,Fatty-acid supply / regulators,AD,WT,0.22764337062835693,0.14960850775241852,0.6022958207259591,0.1,3,3,"Park 2023 AD hippocampus (m, sc)  [AD vs WT]"
Sadick2022_AD_human_astro_oligo_snRNA,Oligodendrocyte,Hmgcs2,Synthesis (ketogenesis),AD,Ctrl,0.00047050422290340066,0.0001872628490673378,0.3086715575289132,0.1170250266951005,10,7,"Sadick 2022 AD (h, sn)  [AD vs Ctrl]"
Sadick2022_AD_human_astro_oligo_snRNA,Oligodendrocyte,Hmgcl,Synthesis (ketogenesis),AD,Ctrl,0.12745049595832825,0.08695081621408463,0.5464435890357209,0.055327025915261216,10,7,"Sadick 2022 AD (h, sn)  [AD vs Ctrl]"
Sadick2022_AD_human_astro_oligo_snRNA,Oligodendrocyte,Hmgcll1,Synthesis (ketogenesis),AD,Ctrl,0.04316927120089531,0.028697801753878593,0.5726868819355534,0.19323323735088443,10,7,"Sadick 2022 AD (h, sn)  [AD vs Ctrl]"
Sadick2022_AD_human_astro_oligo_snRNA,Oligodendrocyte,Bdh1,Utilisation (ketolysis),AD,Ctrl,0.09488197416067123,0.09137246757745743,0.05379670581693827,0.8125257095845331,10,7,"Sadick 2022 AD (h, sn)  [AD vs Ctrl]"
Sadick2022_AD_human_astro_oligo_snRNA,Oligodendrocyte,Bdh2,Synthesis (ketogenesis),AD,Ctrl,0.07883094996213913,0.0669722631573677,0.23200202019290628,0.6008844097079391,10,7,"Sadick 2022 AD (h, sn)  [AD vs Ctrl]"
Sadick2022_AD_human_astro_oligo_snRNA,Oligodendrocyte,Oxct1,Utilisation (ketolysis),AD,Ctrl,0.16721013188362122,0.15327022969722748,0.12480492212676449,0.4747017688194159,10,7,"Sadick 2022 AD (h, sn)  [AD vs Ctrl]"
Sadick2022_AD_human_astro_oligo_snRNA,Oligodendrocyte,Acat1,Utilisation (ketolysis),AD,Ctrl,0.17406129837036133,0.15209676325321198,0.1934163936648004,0.269847799259564,10,7,"Sadick 2022 AD (h, sn)  [AD vs Ctrl]"
Sadick2022_AD_human_astro_oligo_snRNA,Oligodendrocyte,Acss1,Acetate activation,AD,Ctrl,0.33429569005966187,0.3068174719810486,0.12335881605005576,0.36384204031262857,10,7,"Sadick 2022 AD (h, sn)  [AD vs Ctrl]"
Sadick2022_AD_human_astro_oligo_snRNA,Oligodendrocyte,Acss2,Acetate activation,AD,Ctrl,0.5572071671485901,0.4540092349052429,0.2949048214621526,0.043089263677498976,10,7,"Sadick 2022 AD (h, sn)  [AD vs Ctrl]"
Sadick2022_AD_human_astro_oligo_snRNA,Oligodendrocyte,Slc16a1,Ketone / lactate transport,AD,Ctrl,0.10917939245700836,0.1386842280626297,-0.34231472043536854,0.2295351707116413,10,7,"Sadick 2022 AD (h, sn)  [AD vs Ctrl]"
Sadick2022_AD_human_astro_oligo_snRNA,Oligodendrocyte,Slc16a7,Ketone / lactate transport,AD,Ctrl,0.2629258930683136,0.19796636700630188,0.4076083163398511,0.03301110654051831,10,7,"Sadick 2022 AD (h, sn)  [AD vs Ctrl]"
Sadick2022_AD_human_astro_oligo_snRNA,Oligodendrocyte,Slc16a3,Ketone / lactate transport,AD,Ctrl,0.012609449215233326,0.01995028182864189,-0.6223609705070609,1.0,10,7,"Sadick 2022 AD (h, sn)  [AD vs Ctrl]"
Sadick2022_AD_human_astro_oligo_snRNA,Oligodendrocyte,Slc16a6,Ketone / lactate transport,AD,Ctrl,0.00303324731066823,0.001577112590894103,0.646186303479503,0.1064848446863977,10,7,"Sadick 2022 AD (h, sn)  [AD vs Ctrl]"
Sadick2022_AD_human_astro_oligo_snRNA,Oligodendrocyte,Slc5a8,Ketone / lactate transport,AD,Ctrl,0.0005123153678141534,0.00032717332942411304,0.1884022209797802,0.6428854137212296,10,7,"Sadick 2022 AD (h, sn)  [AD vs Ctrl]"
Sadick2022_AD_human_astro_oligo_snRNA,Oligodendrocyte,Bsg,Ketone / lactate transport,AD,Ctrl,0.26511746644973755,0.2504992187023163,0.08150928561669114,0.8125257095845331,10,7,"Sadick 2022 AD (h, sn)  [AD vs Ctrl]"
Sadick2022_AD_human_astro_oligo_snRNA,Oligodendrocyte,Hcar2,Receptors,AD,Ctrl,0.0,0.0,0.0,1.0,10,7,"Sadick 2022 AD (h, sn)  [AD vs Ctrl]"
Sadick2022_AD_human_astro_oligo_snRNA,Oligodendrocyte,Ffar3,Receptors,AD,Ctrl,0.001070369384251535,0.0014465877320617437,-0.2408828285891238,0.8048919591196726,10,7,"Sadick 2022 AD (h, sn)  [AD vs Ctrl]"
Sadick2022_AD_human_astro_oligo_snRNA,Oligodendrocyte,Ffar2,Receptors,AD,Ctrl,0.00022672442719340324,0.00010481367644388229,0.15100811281717125,0.5299751936344058,10,7,"Sadick 2022 AD (h, sn)  [AD vs Ctrl]"
Sadick2022_AD_human_astro_oligo_snRNA,Oligodendrocyte,Cpt1a,Fatty-acid supply / regulators,AD,Ctrl,0.048972923308610916,0.04751720279455185,0.04265023922595706,0.5361990950226244,10,7,"Sadick 2022 AD (h, sn)  [AD vs Ctrl]"
Sadick2022_AD_human_astro_oligo_snRNA,Oligodendrocyte,Cpt2,Fatty-acid supply / regulators,AD,Ctrl,0.026946818456053734,0.032096344977617264,-0.2439878486231354,0.8125257095845331,10,7,"Sadick 2022 AD (h, sn)  [AD vs Ctrl]"
Sadick2022_AD_human_astro_oligo_snRNA,Oligodendrocyte,Acadm,Fatty-acid supply / regulators,AD,Ctrl,0.19629299640655518,0.19916987419128418,-0.02088511961051197,1.0,10,7,"Sadick 2022 AD (h, sn)  [AD vs Ctrl]"
Sadick2022_AD_human_astro_oligo_snRNA,Oligodendrocyte,Hadha,Fatty-acid supply / regulators,AD,Ctrl,0.2664906084537506,0.24501851201057434,0.12072136236846619,0.6690662278897572,10,7,"Sadick 2022 AD (h, sn)  [AD vs Ctrl]"
Sadick2022_AD_human_astro_oligo_snRNA,Oligodendrocyte,Acaa2,Fatty-acid supply / regulators,AD,Ctrl,0.04673749953508377,0.03525187820196152,0.3970672580157009,0.4747017688194159,10,7,"Sadick 2022 AD (h, sn)  [AD vs Ctrl]"
Sadick2022_AD_human_astro_oligo_snRNA,Oligodendrocyte,Ppara,Fatty-acid supply / regulators,AD,Ctrl,0.2995515763759613,0.21469776332378387,0.47860137037164335,0.013574660633484163,10,7,"Sadick 2022 AD (h, sn)  [AD vs Ctrl]"
Sadick2022_AD_human_astro_oligo_snRNA,Oligodendrocyte,Ppargc1a,Fatty-acid supply / regulators,AD,Ctrl,0.03690348193049431,0.041533056646585464,-0.1662541533654561,0.7396133278486219,10,7,"Sadick 2022 AD (h, sn)  [AD vs Ctrl]"
Sadick2022_AD_human_astro_oligo_snRNA,Oligodendrocyte,Fgf21,Fatty-acid supply / regulators,AD,Ctrl,0.0,0.0,0.0,1.0,10,7,"Sadick 2022 AD (h, sn)  [AD vs Ctrl]"
Sadick2022_AD_human_astro_oligo_snRNA,OPC,Hmgcs2,Synthesis (ketogenesis),AD,Ctrl,0.00028393216780386865,0.00017282618500757962,0.13057976542376537,0.8440736126393321,10,7,"Sadick 2022 AD (h, sn)  [AD vs Ctrl]"
Sadick2022_AD_human_astro_oligo_snRNA,OPC,Hmgcl,Synthesis (ketogenesis),AD,Ctrl,0.1797151267528534,0.12994883954524994,0.4647139972563201,0.10880296174413821,10,7,"Sadick 2022 AD (h, sn)  [AD vs Ctrl]"
Sadick2022_AD_human_astro_oligo_snRNA,OPC,Hmgcll1,Synthesis (ketogenesis),AD,Ctrl,0.33271244168281555,0.1605532020330429,1.0465961294751815,0.043089263677498976,10,7,"Sadick 2022 AD (h, sn)  [AD vs Ctrl]"
Sadick2022_AD_human_astro_oligo_snRNA,OPC,Bdh1,Utilisation (ketolysis),AD,Ctrl,0.18268552422523499,0.23109011352062225,-0.33744713274634563,0.2295351707116413,10,7,"Sadick 2022 AD (h, sn)  [AD vs Ctrl]"
Sadick2022_AD_human_astro_oligo_snRNA,OPC,Bdh2,Synthesis (ketogenesis),AD,Ctrl,0.08773188292980194,0.04664047434926033,0.8972648054650499,0.0702385849444673,10,7,"Sadick 2022 AD (h, sn)  [AD vs Ctrl]"
Sadick2022_AD_human_astro_oligo_snRNA,OPC,Oxct1,Utilisation (ketolysis),AD,Ctrl,0.32062679529190063,0.28065183758735657,0.1914747207602144,0.5361990950226244,10,7,"Sadick 2022 AD (h, sn)  [AD vs Ctrl]"
Sadick2022_AD_human_astro_oligo_snRNA,OPC,Acat1,Utilisation (ketolysis),AD,Ctrl,0.27636271715164185,0.19639630615711212,0.4906788817725275,0.00020567667626491157,10,7,"Sadick 2022 AD (h, sn)  [AD vs Ctrl]"
Sadick2022_AD_human_astro_oligo_snRNA,OPC,Acss1,Acetate activation,AD,Ctrl,0.6568427681922913,0.5414486527442932,0.2782562238579066,0.2295351707116413,10,7,"Sadick 2022 AD (h, sn)  [AD vs Ctrl]"
Sadick2022_AD_human_astro_oligo_snRNA,OPC,Acss2,Acetate activation,AD,Ctrl,0.15763507783412933,0.12220067530870438,0.3647016550962241,0.19323323735088443,10,7,"Sadick 2022 AD (h, sn)  [AD vs Ctrl]"
Sadick2022_AD_human_astro_oligo_snRNA,OPC,Slc16a1,Ketone / lactate transport,AD,Ctrl,0.09938071668148041,0.10014772415161133,-0.010981707712156018,0.8125257095845331,10,7,"Sadick 2022 AD (h, sn)  [AD vs Ctrl]"
Sadick2022_AD_human_astro_oligo_snRNA,OPC,Slc16a7,Ketone / lactate transport,AD,Ctrl,0.2034578025341034,0.26518210768699646,-0.38061047882595195,0.31478815302344715,10,7,"Sadick 2022 AD (h, sn)  [AD vs Ctrl]"
Sadick2022_AD_human_astro_oligo_snRNA,OPC,Slc16a3,Ketone / lactate transport,AD,Ctrl,0.024232780560851097,0.037140097469091415,-0.5960093357084523,0.16125051419169067,10,7,"Sadick 2022 AD (h, sn)  [AD vs Ctrl]"
Sadick2022_AD_human_astro_oligo_snRNA,OPC,Slc16a6,Ketone / lactate transport,AD,Ctrl,0.0204326044768095,0.020112674683332443,0.021697816340389666,0.6960933393097521,10,7,"Sadick 2022 AD (h, sn)  [AD vs Ctrl]"
Sadick2022_AD_human_astro_oligo_snRNA,OPC,Slc5a8,Ketone / lactate transport,AD,Ctrl,0.005817168392241001,0.0008177990093827248,1.9069799275092536,0.5611210944666966,10,7,"Sadick 2022 AD (h, sn)  [AD vs Ctrl]"
Sadick2022_AD_human_astro_oligo_snRNA,OPC,Bsg,Ketone / lactate transport,AD,Ctrl,0.39135992527008057,0.34407731890678406,0.18525804351479383,0.2295351707116413,10,7,"Sadick 2022 AD (h, sn)  [AD vs Ctrl]"
Sadick2022_AD_human_astro_oligo_snRNA,OPC,Hcar2,Receptors,AD,Ctrl,0.0002115082461386919,0.00023294016136787832,-0.025298558179267083,0.9477266609878172,10,7,"Sadick 2022 AD (h, sn)  [AD vs Ctrl]"
Sadick2022_AD_human_astro_oligo_snRNA,OPC,Ffar3,Receptors,AD,Ctrl,0.0,0.0,0.0,1.0,10,7,"Sadick 2022 AD (h, sn)  [AD vs Ctrl]"
Sadick2022_AD_human_astro_oligo_snRNA,OPC,Ffar2,Receptors,AD,Ctrl,0.0004976077470928431,0.00029948962037451565,0.20471469270121836,0.6073540107401558,10,7,"Sadick 2022 AD (h, sn)  [AD vs Ctrl]"
Sadick2022_AD_human_astro_oligo_snRNA,OPC,Cpt1a,Fatty-acid supply / regulators,AD,Ctrl,0.3296410143375397,0.23140010237693787,0.5086549904399135,0.006787330316742082,10,7,"Sadick 2022 AD (h, sn)  [AD vs Ctrl]"
Sadick2022_AD_human_astro_oligo_snRNA,OPC,Cpt2,Fatty-acid supply / regulators,AD,Ctrl,0.03809041529893875,0.04841205105185509,-0.3380480300739148,0.9622583299053886,10,7,"Sadick 2022 AD (h, sn)  [AD vs Ctrl]"
Sadick2022_AD_human_astro_oligo_snRNA,OPC,Acadm,Fatty-acid supply / regulators,AD,Ctrl,0.2240016758441925,0.25304296612739563,-0.1751367728620787,0.269847799259564,10,7,"Sadick 2022 AD (h, sn)  [AD vs Ctrl]"
Sadick2022_AD_human_astro_oligo_snRNA,OPC,Hadha,Fatty-acid supply / regulators,AD,Ctrl,0.3643473982810974,0.36010169982910156,0.016863722070870623,0.7396133278486219,10,7,"Sadick 2022 AD (h, sn)  [AD vs Ctrl]"
Sadick2022_AD_human_astro_oligo_snRNA,OPC,Acaa2,Fatty-acid supply / regulators,AD,Ctrl,0.07515708357095718,0.047766417264938354,0.6430902464045128,0.10880296174413821,10,7,"Sadick 2022 AD (h, sn)  [AD vs Ctrl]"
Sadick2022_AD_human_astro_oligo_snRNA,OPC,Ppara,Fatty-acid supply / regulators,AD,Ctrl,0.5268112421035767,0.3988945782184601,0.4004023584595938,0.08782394076511724,10,7,"Sadick 2022 AD (h, sn)  [AD vs Ctrl]"
Sadick2022_AD_human_astro_oligo_snRNA,OPC,Ppargc1a,Fatty-acid supply / regulators,AD,Ctrl,0.42761754989624023,0.3637006878852844,0.23297800204346067,0.41731797614150556,10,7,"Sadick 2022 AD (h, sn)  [AD vs Ctrl]"
Sadick2022_AD_human_astro_oligo_snRNA,OPC,Fgf21,Fatty-acid supply / regulators,AD,Ctrl,0.0,0.0,0.0,1.0,10,7,"Sadick 2022 AD (h, sn)  [AD vs Ctrl]"
Sadick2022_AD_human_astro_oligo_snRNA,Astrocyte,Hmgcs2,Synthesis (ketogenesis),AD,Ctrl,0.0009203756926581264,0.0008410164737142622,0.060886043957093176,0.8867749897161661,10,7,"Sadick 2022 AD (h, sn)  [AD vs Ctrl]"
Sadick2022_AD_human_astro_oligo_snRNA,Astrocyte,Hmgcl,Synthesis (ketogenesis),AD,Ctrl,0.1886223554611206,0.14798188209533691,0.3479921671891091,0.024989716166186754,10,7,"Sadick 2022 AD (h, sn)  [AD vs Ctrl]"
Sadick2022_AD_human_astro_oligo_snRNA,Astrocyte,Hmgcll1,Synthesis (ketogenesis),AD,Ctrl,0.2960571348667145,0.2727428078651428,0.11791937951341405,0.7396133278486219,10,7,"Sadick 2022 AD (h, sn)  [AD vs Ctrl]"
Sadick2022_AD_human_astro_oligo_snRNA,Astrocyte,Bdh1,Utilisation (ketolysis),AD,Ctrl,0.1839759647846222,0.22027356922626495,-0.2584933103112671,0.2295351707116413,10,7,"Sadick 2022 AD (h, sn)  [AD vs Ctrl]"
Sadick2022_AD_human_astro_oligo_snRNA,Astrocyte,Bdh2,Synthesis (ketogenesis),AD,Ctrl,0.15239055454730988,0.11770697683095932,0.3698049178040022,0.055327025915261216,10,7,"Sadick 2022 AD (h, sn)  [AD vs Ctrl]"
Sadick2022_AD_human_astro_oligo_snRNA,Astrocyte,Oxct1,Utilisation (ketolysis),AD,Ctrl,0.2183985710144043,0.18691207468509674,0.22349635608113172,0.0702385849444673,10,7,"Sadick 2022 AD (h, sn)  [AD vs Ctrl]"
Sadick2022_AD_human_astro_oligo_snRNA,Astrocyte,Acat1,Utilisation (ketolysis),AD,Ctrl,0.22788269817829132,0.19308994710445404,0.23788301450347776,0.055327025915261216,10,7,"Sadick 2022 AD (h, sn)  [AD vs Ctrl]"
Sadick2022_AD_human_astro_oligo_snRNA,Astrocyte,Acss1,Acetate activation,AD,Ctrl,1.1580212116241455,1.0885131359100342,0.08922337914761652,1.0,10,7,"Sadick 2022 AD (h, sn)  [AD vs Ctrl]"
Sadick2022_AD_human_astro_oligo_snRNA,Astrocyte,Acss2,Acetate activation,AD,Ctrl,0.16147315502166748,0.1842799335718155,-0.1895052757679752,0.6690662278897572,10,7,"Sadick 2022 AD (h, sn)  [AD vs Ctrl]"
Sadick2022_AD_human_astro_oligo_snRNA,Astrocyte,Slc16a1,Ketone / lactate transport,AD,Ctrl,0.0695142075419426,0.08403612673282623,-0.27016191784452187,0.5361990950226244,10,7,"Sadick 2022 AD (h, sn)  [AD vs Ctrl]"
Sadick2022_AD_human_astro_oligo_snRNA,Astrocyte,Slc16a7,Ketone / lactate transport,AD,Ctrl,0.01969311013817787,0.019585218280553818,0.007541749309003203,0.08782394076511724,10,7,"Sadick 2022 AD (h, sn)  [AD vs Ctrl]"
Sadick2022_AD_human_astro_oligo_snRNA,Astrocyte,Slc16a3,Ketone / lactate transport,AD,Ctrl,0.03586140647530556,0.04252636060118675,-0.23977827698218734,0.8867749897161661,10,7,"Sadick 2022 AD (h, sn)  [AD vs Ctrl]"
Sadick2022_AD_human_astro_oligo_snRNA,Astrocyte,Slc16a6,Ketone / lactate transport,AD,Ctrl,0.008628304116427898,0.014462755993008614,-0.683443863743721,0.36384204031262857,10,7,"Sadick 2022 AD (h, sn)  [AD vs Ctrl]"
Sadick2022_AD_human_astro_oligo_snRNA,Astrocyte,Slc5a8,Ketone / lactate transport,AD,Ctrl,0.0011281578335911036,0.0019599185325205326,-0.47595231685716227,0.2222286986408264,10,7,"Sadick 2022 AD (h, sn)  [AD vs Ctrl]"
Sadick2022_AD_human_astro_oligo_snRNA,Astrocyte,Bsg,Ketone / lactate transport,AD,Ctrl,0.726249635219574,0.7459457516670227,-0.038552800706344495,1.0,10,7,"Sadick 2022 AD (h, sn)  [AD vs Ctrl]"
Sadick2022_AD_human_astro_oligo_snRNA,Astrocyte,Hcar2,Receptors,AD,Ctrl,0.0,0.0,0.0,1.0,10,7,"Sadick 2022 AD (h, sn)  [AD vs Ctrl]"
Sadick2022_AD_human_astro_oligo_snRNA,Astrocyte,Ffar3,Receptors,AD,Ctrl,0.0,0.0,0.0,1.0,10,7,"Sadick 2022 AD (h, sn)  [AD vs Ctrl]"
Sadick2022_AD_human_astro_oligo_snRNA,Astrocyte,Ffar2,Receptors,AD,Ctrl,0.0005076155066490173,0.000669187749736011,-0.146877698633918,0.8060818151104874,10,7,"Sadick 2022 AD (h, sn)  [AD vs Ctrl]"
Sadick2022_AD_human_astro_oligo_snRNA,Astrocyte,Cpt1a,Fatty-acid supply / regulators,AD,Ctrl,0.4644353985786438,0.4745357036590576,-0.030972725281656174,0.8867749897161661,10,7,"Sadick 2022 AD (h, sn)  [AD vs Ctrl]"
Sadick2022_AD_human_astro_oligo_snRNA,Astrocyte,Cpt2,Fatty-acid supply / regulators,AD,Ctrl,0.0537494532763958,0.05580344423651695,-0.05313385102179521,0.8125257095845331,10,7,"Sadick 2022 AD (h, sn)  [AD vs Ctrl]"
Sadick2022_AD_human_astro_oligo_snRNA,Astrocyte,Acadm,Fatty-acid supply / regulators,AD,Ctrl,0.2733587622642517,0.2579136788845062,0.08359246477863422,0.5361990950226244,10,7,"Sadick 2022 AD (h, sn)  [AD vs Ctrl]"
Sadick2022_AD_human_astro_oligo_snRNA,Astrocyte,Hadha,Fatty-acid supply / regulators,AD,Ctrl,0.42639225721359253,0.4264155328273773,-7.856646366705209e-05,0.41731797614150556,10,7,"Sadick 2022 AD (h, sn)  [AD vs Ctrl]"
Sadick2022_AD_human_astro_oligo_snRNA,Astrocyte,Acaa2,Fatty-acid supply / regulators,AD,Ctrl,0.1167803555727005,0.12109483778476715,-0.05190326986599691,1.0,10,7,"Sadick 2022 AD (h, sn)  [AD vs Ctrl]"
Sadick2022_AD_human_astro_oligo_snRNA,Astrocyte,Ppara,Fatty-acid supply / regulators,AD,Ctrl,0.5764988660812378,0.5224448442459106,0.14178058643436536,0.36384204031262857,10,7,"Sadick 2022 AD (h, sn)  [AD vs Ctrl]"
Sadick2022_AD_human_astro_oligo_snRNA,Astrocyte,Ppargc1a,Fatty-acid supply / regulators,AD,Ctrl,0.507806658744812,0.42827630043029785,0.24521102487818291,0.5361990950226244,10,7,"Sadick 2022 AD (h, sn)  [AD vs Ctrl]"
Sadick2022_AD_human_astro_oligo_snRNA,Astrocyte,Fgf21,Fatty-acid supply / regulators,AD,Ctrl,0.0,0.0,0.0,1.0,10,7,"Sadick 2022 AD (h, sn)  [AD vs Ctrl]"
Sadick2022_AD_human_astro_oligo_snRNA,Neuron,Hmgcs2,Synthesis (ketogenesis),AD,Ctrl,0.0006612663855776191,0.00018488802015781403,0.4875327080772834,0.6229536585084618,10,7,"Sadick 2022 AD (h, sn)  [AD vs Ctrl]"
Sadick2022_AD_human_astro_oligo_snRNA,Neuron,Hmgcl,Synthesis (ketogenesis),AD,Ctrl,0.06792962551116943,0.059972770512104034,0.17695907589404467,0.31478815302344715,10,7,"Sadick 2022 AD (h, sn)  [AD vs Ctrl]"
Sadick2022_AD_human_astro_oligo_snRNA,Neuron,Hmgcll1,Synthesis (ketogenesis),AD,Ctrl,0.3574296832084656,0.3219286799430847,0.1504745432670684,0.41731797614150556,10,7,"Sadick 2022 AD (h, sn)  [AD vs Ctrl]"
Sadick2022_AD_human_astro_oligo_snRNA,Neuron,Bdh1,Utilisation (ketolysis),AD,Ctrl,0.3261658251285553,0.34433844685554504,-0.07798890366935937,0.7396133278486219,10,7,"Sadick 2022 AD (h, sn)  [AD vs Ctrl]"
Sadick2022_AD_human_astro_oligo_snRNA,Neuron,Bdh2,Synthesis (ketogenesis),AD,Ctrl,0.014965338632464409,0.012989935465157032,0.19055384604300823,0.4747017688194159,10,7,"Sadick 2022 AD (h, sn)  [AD vs Ctrl]"
Sadick2022_AD_human_astro_oligo_snRNA,Neuron,Oxct1,Utilisation (ketolysis),AD,Ctrl,0.32996705174446106,0.3627682030200958,-0.13633184074881133,0.6690662278897572,10,7,"Sadick 2022 AD (h, sn)  [AD vs Ctrl]"
Sadick2022_AD_human_astro_oligo_snRNA,Neuron,Acat1,Utilisation (ketolysis),AD,Ctrl,0.23745188117027283,0.20739991962909698,0.1943434431088304,0.31478815302344715,10,7,"Sadick 2022 AD (h, sn)  [AD vs Ctrl]"
Sadick2022_AD_human_astro_oligo_snRNA,Neuron,Acss1,Acetate activation,AD,Ctrl,0.1019958108663559,0.11464931070804596,-0.16717100718598207,1.0,10,7,"Sadick 2022 AD (h, sn)  [AD vs Ctrl]"
Sadick2022_AD_human_astro_oligo_snRNA,Neuron,Acss2,Acetate activation,AD,Ctrl,0.1382027566432953,0.12101249396800995,0.19015889526679935,0.2295351707116413,10,7,"Sadick 2022 AD (h, sn)  [AD vs Ctrl]"
Sadick2022_AD_human_astro_oligo_snRNA,Neuron,Slc16a1,Ketone / lactate transport,AD,Ctrl,0.0487714484333992,0.05796046182513237,-0.24442945231618107,0.9622583299053886,10,7,"Sadick 2022 AD (h, sn)  [AD vs Ctrl]"
Sadick2022_AD_human_astro_oligo_snRNA,Neuron,Slc16a7,Ketone / lactate transport,AD,Ctrl,0.4204663336277008,0.4286355972290039,-0.02769613748933725,0.9622583299053886,10,7,"Sadick 2022 AD (h, sn)  [AD vs Ctrl]"
Sadick2022_AD_human_astro_oligo_snRNA,Neuron,Slc16a3,Ketone / lactate transport,AD,Ctrl,0.010953022167086601,0.013536053709685802,-0.2822602242379813,0.6690662278897572,10,7,"Sadick 2022 AD (h, sn)  [AD vs Ctrl]"
Sadick2022_AD_human_astro_oligo_snRNA,Neuron,Slc16a6,Ketone / lactate transport,AD,Ctrl,0.02242567017674446,0.019552944228053093,0.18874524593423803,0.6690662278897572,10,7,"Sadick 2022 AD (h, sn)  [AD vs Ctrl]"
Sadick2022_AD_human_astro_oligo_snRNA,Neuron,Slc5a8,Ketone / lactate transport,AD,Ctrl,0.05882574990391731,0.07056864351034164,-0.2585610597502357,0.5361990950226244,10,7,"Sadick 2022 AD (h, sn)  [AD vs Ctrl]"
Sadick2022_AD_human_astro_oligo_snRNA,Neuron,Bsg,Ketone / lactate transport,AD,Ctrl,0.39851441979408264,0.3801296651363373,0.06796567137501121,0.8867749897161661,10,7,"Sadick 2022 AD (h, sn)  [AD vs Ctrl]"
Sadick2022_AD_human_astro_oligo_snRNA,Neuron,Hcar2,Receptors,AD,Ctrl,0.0,2.5212026230292395e-05,-0.03592230734829286,0.28205887576155886,10,7,"Sadick 2022 AD (h, sn)  [AD vs Ctrl]"
Sadick2022_AD_human_astro_oligo_snRNA,Neuron,Ffar3,Receptors,AD,Ctrl,0.00026918057119473815,0.0,0.3438973415466133,0.47328946538009,10,7,"Sadick 2022 AD (h, sn)  [AD vs Ctrl]"
Sadick2022_AD_human_astro_oligo_snRNA,Neuron,Ffar2,Receptors,AD,Ctrl,0.0005107881152071059,0.0008018717053346336,-0.25419495399571784,0.4443800587933403,10,7,"Sadick 2022 AD (h, sn)  [AD vs Ctrl]"
Sadick2022_AD_human_astro_oligo_snRNA,Neuron,Cpt1a,Fatty-acid supply / regulators,AD,Ctrl,0.06420708447694778,0.06653346866369247,-0.05057394357296501,0.8125257095845331,10,7,"Sadick 2022 AD (h, sn)  [AD vs Ctrl]"
Sadick2022_AD_human_astro_oligo_snRNA,Neuron,Cpt2,Fatty-acid supply / regulators,AD,Ctrl,0.010341783985495567,0.008248693309724331,0.29432612850634243,0.5361990950226244,10,7,"Sadick 2022 AD (h, sn)  [AD vs Ctrl]"
Sadick2022_AD_human_astro_oligo_snRNA,Neuron,Acadm,Fatty-acid supply / regulators,AD,Ctrl,0.2631426155567169,0.2635292708873749,-0.002110291248080373,0.8867749897161661,10,7,"Sadick 2022 AD (h, sn)  [AD vs Ctrl]"
Sadick2022_AD_human_astro_oligo_snRNA,Neuron,Hadha,Fatty-acid supply / regulators,AD,Ctrl,0.19607213139533997,0.1658383458852768,0.24027286080843158,0.16125051419169067,10,7,"Sadick 2022 AD (h, sn)  [AD vs Ctrl]"
Sadick2022_AD_human_astro_oligo_snRNA,Neuron,Acaa2,Fatty-acid supply / regulators,AD,Ctrl,0.025289660319685936,0.02026408724486828,0.30607657247148323,0.6008844097079391,10,7,"Sadick 2022 AD (h, sn)  [AD vs Ctrl]"
Sadick2022_AD_human_astro_oligo_snRNA,Neuron,Ppara,Fatty-acid supply / regulators,AD,Ctrl,0.1356888711452484,0.12790365517139435,0.0846026141133447,0.6690662278897572,10,7,"Sadick 2022 AD (h, sn)  [AD vs Ctrl]"
Sadick2022_AD_human_astro_oligo_snRNA,Neuron,Ppargc1a,Fatty-acid supply / regulators,AD,Ctrl,0.2695014476776123,0.3085353970527649,-0.19446808375154787,0.8125257095845331,10,7,"Sadick 2022 AD (h, sn)  [AD vs Ctrl]"
Sadick2022_AD_human_astro_oligo_snRNA,Neuron,Fgf21,Fatty-acid supply / regulators,AD,Ctrl,0.0,1.0250048035231885e-05,-0.014712420118441536,0.28205887576155886,10,7,"Sadick 2022 AD (h, sn)  [AD vs Ctrl]"
Sadick2022_AD_human_astro_oligo_snRNA,Endothelial,Hmgcs2,Synthesis (ketogenesis),AD,Ctrl,0.0,0.0,0.0,1.0,9,5,"Sadick 2022 AD (h, sn)  [AD vs Ctrl]"
Sadick2022_AD_human_astro_oligo_snRNA,Endothelial,Hmgcl,Synthesis (ketogenesis),AD,Ctrl,0.06617126613855362,0.06061790511012077,0.1244945887510023,0.8981018981018981,9,5,"Sadick 2022 AD (h, sn)  [AD vs Ctrl]"
Sadick2022_AD_human_astro_oligo_snRNA,Endothelial,Hmgcll1,Synthesis (ketogenesis),AD,Ctrl,0.012722708284854889,0.007892511785030365,0.6259023505011849,0.4371893629716975,9,5,"Sadick 2022 AD (h, sn)  [AD vs Ctrl]"
Sadick2022_AD_human_astro_oligo_snRNA,Endothelial,Bdh1,Utilisation (ketolysis),AD,Ctrl,0.019151747226715088,0.0521819069981575,-1.4000305794538979,0.49535270225675476,9,5,"Sadick 2022 AD (h, sn)  [AD vs Ctrl]"
Sadick2022_AD_human_astro_oligo_snRNA,Endothelial,Bdh2,Synthesis (ketogenesis),AD,Ctrl,0.04549159109592438,0.03698645904660225,0.29148456477510265,0.6063936063936064,9,5,"Sadick 2022 AD (h, sn)  [AD vs Ctrl]"
Sadick2022_AD_human_astro_oligo_snRNA,Endothelial,Oxct1,Utilisation (ketolysis),AD,Ctrl,0.15438182651996613,0.17986342310905457,-0.21908289841272452,0.2977022977022977,9,5,"Sadick 2022 AD (h, sn)  [AD vs Ctrl]"
Sadick2022_AD_human_astro_oligo_snRNA,Endothelial,Acat1,Utilisation (ketolysis),AD,Ctrl,0.23135314881801605,0.161020427942276,0.5201434729961665,0.43756243756243757,9,5,"Sadick 2022 AD (h, sn)  [AD vs Ctrl]"
Sadick2022_AD_human_astro_oligo_snRNA,Endothelial,Acss1,Acetate activation,AD,Ctrl,0.08075155317783356,0.11149168014526367,-0.4605002586513207,0.7972027972027972,9,5,"Sadick 2022 AD (h, sn)  [AD vs Ctrl]"
Sadick2022_AD_human_astro_oligo_snRNA,Endothelial,Acss2,Acetate activation,AD,Ctrl,0.08348694443702698,0.10370601713657379,-0.30954402439146117,0.6403708625217639,9,5,"Sadick 2022 AD (h, sn)  [AD vs Ctrl]"
Sadick2022_AD_human_astro_oligo_snRNA,Endothelial,Slc16a1,Ketone / lactate transport,AD,Ctrl,0.4972132444381714,0.7100589871406555,-0.513205871585088,0.7972027972027972,9,5,"Sadick 2022 AD (h, sn)  [AD vs Ctrl]"
Sadick2022_AD_human_astro_oligo_snRNA,Endothelial,Slc16a7,Ketone / lactate transport,AD,Ctrl,0.048970285803079605,0.06130855157971382,-0.3183597109694316,0.7888173888336769,9,5,"Sadick 2022 AD (h, sn)  [AD vs Ctrl]"
Sadick2022_AD_human_astro_oligo_snRNA,Endothelial,Slc16a3,Ketone / lactate transport,AD,Ctrl,0.10307064652442932,0.11205197870731354,-0.11942303424412887,0.8981018981018981,9,5,"Sadick 2022 AD (h, sn)  [AD vs Ctrl]"
Sadick2022_AD_human_astro_oligo_snRNA,Endothelial,Slc16a6,Ketone / lactate transport,AD,Ctrl,0.12455317378044128,0.03812028095126152,1.6823098615742802,0.18981018981018982,9,5,"Sadick 2022 AD (h, sn)  [AD vs Ctrl]"
Sadick2022_AD_human_astro_oligo_snRNA,Endothelial,Slc5a8,Ketone / lactate transport,AD,Ctrl,0.00013519120693672448,0.0,0.18293531960103088,0.5509849875850934,9,5,"Sadick 2022 AD (h, sn)  [AD vs Ctrl]"
Sadick2022_AD_human_astro_oligo_snRNA,Endothelial,Bsg,Ketone / lactate transport,AD,Ctrl,1.1991404294967651,1.3405578136444092,-0.16070600129376406,0.6993006993006993,9,5,"Sadick 2022 AD (h, sn)  [AD vs Ctrl]"
Sadick2022_AD_human_astro_oligo_snRNA,Endothelial,Hcar2,Receptors,AD,Ctrl,0.0,0.0,0.0,1.0,9,5,"Sadick 2022 AD (h, sn)  [AD vs Ctrl]"
Sadick2022_AD_human_astro_oligo_snRNA,Endothelial,Ffar3,Receptors,AD,Ctrl,0.0,0.0,0.0,1.0,9,5,"Sadick 2022 AD (h, sn)  [AD vs Ctrl]"
Sadick2022_AD_human_astro_oligo_snRNA,Endothelial,Ffar2,Receptors,AD,Ctrl,0.0,0.0,0.0,1.0,9,5,"Sadick 2022 AD (h, sn)  [AD vs Ctrl]"
Sadick2022_AD_human_astro_oligo_snRNA,Endothelial,Cpt1a,Fatty-acid supply / regulators,AD,Ctrl,0.23736350238323212,0.24669885635375977,-0.055423856662951916,0.8981018981018981,9,5,"Sadick 2022 AD (h, sn)  [AD vs Ctrl]"
Sadick2022_AD_human_astro_oligo_snRNA,Endothelial,Cpt2,Fatty-acid supply / regulators,AD,Ctrl,0.023823212832212448,0.028539931401610374,-0.25097662237603946,0.8413084141649276,9,5,"Sadick 2022 AD (h, sn)  [AD vs Ctrl]"
Sadick2022_AD_human_astro_oligo_snRNA,Endothelial,Acadm,Fatty-acid supply / regulators,AD,Ctrl,0.1684977114200592,0.13755294680595398,0.29082839901067153,0.36363636363636365,9,5,"Sadick 2022 AD (h, sn)  [AD vs Ctrl]"
Sadick2022_AD_human_astro_oligo_snRNA,Endothelial,Hadha,Fatty-acid supply / regulators,AD,Ctrl,0.3433040976524353,0.3708522915840149,-0.11104631205496991,0.6063936063936064,9,5,"Sadick 2022 AD (h, sn)  [AD vs Ctrl]"
Sadick2022_AD_human_astro_oligo_snRNA,Endothelial,Acaa2,Fatty-acid supply / regulators,AD,Ctrl,0.07524856925010681,0.09489373862743378,-0.33072635100707304,0.6993006993006993,9,5,"Sadick 2022 AD (h, sn)  [AD vs Ctrl]"
Sadick2022_AD_human_astro_oligo_snRNA,Endothelial,Ppara,Fatty-acid supply / regulators,AD,Ctrl,0.1683502346277237,0.14561250805854797,0.2080017952236549,0.5184815184815185,9,5,"Sadick 2022 AD (h, sn)  [AD vs Ctrl]"
Sadick2022_AD_human_astro_oligo_snRNA,Endothelial,Ppargc1a,Fatty-acid supply / regulators,AD,Ctrl,0.04163149371743202,0.006652037147432566,2.4780038226790237,0.01592545234936245,9,5,"Sadick 2022 AD (h, sn)  [AD vs Ctrl]"
Sadick2022_AD_human_astro_oligo_snRNA,Endothelial,Fgf21,Fatty-acid supply / regulators,AD,Ctrl,0.0015130193205550313,0.0,1.3294217629661935,0.5509849875850934,9,5,"Sadick 2022 AD (h, sn)  [AD vs Ctrl]"
Sadick2022_AD_human_astro_oligo_snRNA,Vascular/Fibroblast,Hmgcs2,Synthesis (ketogenesis),AD,Ctrl,0.0,0.0,0.0,1.0,8,7,"Sadick 2022 AD (h, sn)  [AD vs Ctrl]"
Sadick2022_AD_human_astro_oligo_snRNA,Vascular/Fibroblast,Hmgcl,Synthesis (ketogenesis),AD,Ctrl,0.13372080028057098,0.15204967558383942,-0.1840273732492063,0.151981351981352,8,7,"Sadick 2022 AD (h, sn)  [AD vs Ctrl]"
Sadick2022_AD_human_astro_oligo_snRNA,Vascular/Fibroblast,Hmgcll1,Synthesis (ketogenesis),AD,Ctrl,0.13412997126579285,0.11185813695192337,0.25983725485479175,0.9550893550893552,8,7,"Sadick 2022 AD (h, sn)  [AD vs Ctrl]"
Sadick2022_AD_human_astro_oligo_snRNA,Vascular/Fibroblast,Bdh1,Utilisation (ketolysis),AD,Ctrl,0.04693068191409111,0.037777598947286606,0.30572598882942165,0.8665112665112666,8,7,"Sadick 2022 AD (h, sn)  [AD vs Ctrl]"
Sadick2022_AD_human_astro_oligo_snRNA,Vascular/Fibroblast,Bdh2,Synthesis (ketogenesis),AD,Ctrl,0.08906036615371704,0.0695471316576004,0.3523049170205153,0.23185703185703188,8,7,"Sadick 2022 AD (h, sn)  [AD vs Ctrl]"
Sadick2022_AD_human_astro_oligo_snRNA,Vascular/Fibroblast,Oxct1,Utilisation (ketolysis),AD,Ctrl,0.2166518270969391,0.2262077033519745,-0.06198961844818075,0.778865578865579,8,7,"Sadick 2022 AD (h, sn)  [AD vs Ctrl]"
Sadick2022_AD_human_astro_oligo_snRNA,Vascular/Fibroblast,Acat1,Utilisation (ketolysis),AD,Ctrl,0.20268824696540833,0.18842698633670807,0.10472086151266427,0.280963480963481,8,7,"Sadick 2022 AD (h, sn)  [AD vs Ctrl]"
Sadick2022_AD_human_astro_oligo_snRNA,Vascular/Fibroblast,Acss1,Acetate activation,AD,Ctrl,0.17720778286457062,0.1389944702386856,0.3481905029740652,0.39689199689199695,8,7,"Sadick 2022 AD (h, sn)  [AD vs Ctrl]"
Sadick2022_AD_human_astro_oligo_snRNA,Vascular/Fibroblast,Acss2,Acetate activation,AD,Ctrl,0.16351556777954102,0.19126097857952118,-0.22484187224030622,0.6125874125874127,8,7,"Sadick 2022 AD (h, sn)  [AD vs Ctrl]"
Sadick2022_AD_human_astro_oligo_snRNA,Vascular/Fibroblast,Slc16a1,Ketone / lactate transport,AD,Ctrl,0.07127009332180023,0.04422779753804207,0.6761890146044172,0.23185703185703188,8,7,"Sadick 2022 AD (h, sn)  [AD vs Ctrl]"
Sadick2022_AD_human_astro_oligo_snRNA,Vascular/Fibroblast,Slc16a7,Ketone / lactate transport,AD,Ctrl,0.24712465703487396,0.29257455468177795,-0.2426618211448628,0.778865578865579,8,7,"Sadick 2022 AD (h, sn)  [AD vs Ctrl]"
Sadick2022_AD_human_astro_oligo_snRNA,Vascular/Fibroblast,Slc16a3,Ketone / lactate transport,AD,Ctrl,0.0370943546295166,0.016278723254799843,1.1405805952108379,0.1205905205905206,8,7,"Sadick 2022 AD (h, sn)  [AD vs Ctrl]"
Sadick2022_AD_human_astro_oligo_snRNA,Vascular/Fibroblast,Slc16a6,Ketone / lactate transport,AD,Ctrl,0.13478058576583862,0.10252047330141068,0.39136109578680484,0.6943278943278944,8,7,"Sadick 2022 AD (h, sn)  [AD vs Ctrl]"
Sadick2022_AD_human_astro_oligo_snRNA,Vascular/Fibroblast,Slc5a8,Ketone / lactate transport,AD,Ctrl,0.000995025155134499,0.002095530042424798,-0.6337795234423694,0.9220850727491523,8,7,"Sadick 2022 AD (h, sn)  [AD vs Ctrl]"
Sadick2022_AD_human_astro_oligo_snRNA,Vascular/Fibroblast,Bsg,Ketone / lactate transport,AD,Ctrl,1.01239812374115,1.1913211345672607,-0.23457179442527615,0.46340326340326343,8,7,"Sadick 2022 AD (h, sn)  [AD vs Ctrl]"
Sadick2022_AD_human_astro_oligo_snRNA,Vascular/Fibroblast,Hcar2,Receptors,AD,Ctrl,0.0012153430143371224,0.0,1.1475300968704676,0.4226780741706355,8,7,"Sadick 2022 AD (h, sn)  [AD vs Ctrl]"
Sadick2022_AD_human_astro_oligo_snRNA,Vascular/Fibroblast,Ffar3,Receptors,AD,Ctrl,0.0,0.0,0.0,1.0,8,7,"Sadick 2022 AD (h, sn)  [AD vs Ctrl]"
Sadick2022_AD_human_astro_oligo_snRNA,Vascular/Fibroblast,Ffar2,Receptors,AD,Ctrl,0.0,0.0,0.0,1.0,8,7,"Sadick 2022 AD (h, sn)  [AD vs Ctrl]"
Sadick2022_AD_human_astro_oligo_snRNA,Vascular/Fibroblast,Cpt1a,Fatty-acid supply / regulators,AD,Ctrl,0.6062713861465454,0.6110925078392029,-0.011408316476697168,1.0,8,7,"Sadick 2022 AD (h, sn)  [AD vs Ctrl]"
Sadick2022_AD_human_astro_oligo_snRNA,Vascular/Fibroblast,Cpt2,Fatty-acid supply / regulators,AD,Ctrl,0.043130215257406235,0.03982149809598923,0.11243765610023883,0.778865578865579,8,7,"Sadick 2022 AD (h, sn)  [AD vs Ctrl]"
Sadick2022_AD_human_astro_oligo_snRNA,Vascular/Fibroblast,Acadm,Fatty-acid supply / regulators,AD,Ctrl,0.207316592335701,0.19527320563793182,0.0859145182439466,0.5358197358197359,8,7,"Sadick 2022 AD (h, sn)  [AD vs Ctrl]"
Sadick2022_AD_human_astro_oligo_snRNA,Vascular/Fibroblast,Hadha,Fatty-acid supply / regulators,AD,Ctrl,0.33306217193603516,0.36679166555404663,-0.1387721614826993,0.23185703185703188,8,7,"Sadick 2022 AD (h, sn)  [AD vs Ctrl]"
Sadick2022_AD_human_astro_oligo_snRNA,Vascular/Fibroblast,Acaa2,Fatty-acid supply / regulators,AD,Ctrl,0.06548641622066498,0.06532030552625656,0.0036089619091491804,0.9550893550893552,8,7,"Sadick 2022 AD (h, sn)  [AD vs Ctrl]"
Sadick2022_AD_human_astro_oligo_snRNA,Vascular/Fibroblast,Ppara,Fatty-acid supply / regulators,AD,Ctrl,0.45086684823036194,0.3561752140522003,0.3392657467633173,0.1205905205905206,8,7,"Sadick 2022 AD (h, sn)  [AD vs Ctrl]"
Sadick2022_AD_human_astro_oligo_snRNA,Vascular/Fibroblast,Ppargc1a,Fatty-acid supply / regulators,AD,Ctrl,0.11170835793018341,0.0698142796754837,0.6704822893416433,0.39689199689199695,8,7,"Sadick 2022 AD (h, sn)  [AD vs Ctrl]"
Sadick2022_AD_human_astro_oligo_snRNA,Vascular/Fibroblast,Fgf21,Fatty-acid supply / regulators,AD,Ctrl,0.0,0.0,0.0,1.0,8,7,"Sadick 2022 AD (h, sn)  [AD vs Ctrl]"
Sadick2022_AD_human_astro_oligo_snRNA,Immune (lymphoid/myeloid),Hmgcs2,Synthesis (ketogenesis),AD,Ctrl,0.0,0.0017315266886726022,-1.4497075191104118,0.11778267457315603,9,7,"Sadick 2022 AD (h, sn)  [AD vs Ctrl]"
Sadick2022_AD_human_astro_oligo_snRNA,Immune (lymphoid/myeloid),Hmgcl,Synthesis (ketogenesis),AD,Ctrl,0.15916509926319122,0.1377522051334381,0.20704911206111398,0.2522727272727273,9,7,"Sadick 2022 AD (h, sn)  [AD vs Ctrl]"
Sadick2022_AD_human_astro_oligo_snRNA,Immune (lymphoid/myeloid),Hmgcll1,Synthesis (ketogenesis),AD,Ctrl,0.015100366435945034,0.018453460186719894,-0.27293326648440447,0.49111315110504294,9,7,"Sadick 2022 AD (h, sn)  [AD vs Ctrl]"
Sadick2022_AD_human_astro_oligo_snRNA,Immune (lymphoid/myeloid),Bdh1,Utilisation (ketolysis),AD,Ctrl,0.07134303450584412,0.07734017074108124,-0.1148981579744118,1.0,9,7,"Sadick 2022 AD (h, sn)  [AD vs Ctrl]"
Sadick2022_AD_human_astro_oligo_snRNA,Immune (lymphoid/myeloid),Bdh2,Synthesis (ketogenesis),AD,Ctrl,0.019911617040634155,0.02098555490374565,-0.07225131979380028,0.6064685314685315,9,7,"Sadick 2022 AD (h, sn)  [AD vs Ctrl]"
Sadick2022_AD_human_astro_oligo_snRNA,Immune (lymphoid/myeloid),Oxct1,Utilisation (ketolysis),AD,Ctrl,0.13264963030815125,0.13417431712150574,-0.01636522127061235,0.8370629370629371,9,7,"Sadick 2022 AD (h, sn)  [AD vs Ctrl]"
Sadick2022_AD_human_astro_oligo_snRNA,Immune (lymphoid/myeloid),Acat1,Utilisation (ketolysis),AD,Ctrl,0.13412244617938995,0.1324232518672943,0.018257242183479943,1.0,9,7,"Sadick 2022 AD (h, sn)  [AD vs Ctrl]"
Sadick2022_AD_human_astro_oligo_snRNA,Immune (lymphoid/myeloid),Acss1,Acetate activation,AD,Ctrl,0.3166607618331909,0.3164817988872528,0.0008130110542355339,0.8370629370629371,9,7,"Sadick 2022 AD (h, sn)  [AD vs Ctrl]"
Sadick2022_AD_human_astro_oligo_snRNA,Immune (lymphoid/myeloid),Acss2,Acetate activation,AD,Ctrl,0.19483478367328644,0.1902874857187271,0.03389454175746984,0.8370629370629371,9,7,"Sadick 2022 AD (h, sn)  [AD vs Ctrl]"
Sadick2022_AD_human_astro_oligo_snRNA,Immune (lymphoid/myeloid),Slc16a1,Ketone / lactate transport,AD,Ctrl,0.05722104758024216,0.060627251863479614,-0.08202766028957974,0.9181818181818182,9,7,"Sadick 2022 AD (h, sn)  [AD vs Ctrl]"
Sadick2022_AD_human_astro_oligo_snRNA,Immune (lymphoid/myeloid),Slc16a7,Ketone / lactate transport,AD,Ctrl,0.07802828401327133,0.041544415056705475,0.893399325353162,0.29912587412587416,9,7,"Sadick 2022 AD (h, sn)  [AD vs Ctrl]"
Sadick2022_AD_human_astro_oligo_snRNA,Immune (lymphoid/myeloid),Slc16a3,Ketone / lactate transport,AD,Ctrl,0.3549273908138275,0.34387829899787903,0.04549560941131835,0.9181818181818182,9,7,"Sadick 2022 AD (h, sn)  [AD vs Ctrl]"
Sadick2022_AD_human_astro_oligo_snRNA,Immune (lymphoid/myeloid),Slc16a6,Ketone / lactate transport,AD,Ctrl,0.04496590793132782,0.02555505558848381,0.7915776879277071,0.1737762237762238,9,7,"Sadick 2022 AD (h, sn)  [AD vs Ctrl]"
Sadick2022_AD_human_astro_oligo_snRNA,Immune (lymphoid/myeloid),Slc5a8,Ketone / lactate transport,AD,Ctrl,0.00041548418812453747,0.0036686158273369074,-1.721699242983833,0.10058424890352449,9,7,"Sadick 2022 AD (h, sn)  [AD vs Ctrl]"
Sadick2022_AD_human_astro_oligo_snRNA,Immune (lymphoid/myeloid),Bsg,Ketone / lactate transport,AD,Ctrl,0.22260181605815887,0.18172027170658112,0.29129520445223106,0.1737762237762238,9,7,"Sadick 2022 AD (h, sn)  [AD vs Ctrl]"
Sadick2022_AD_human_astro_oligo_snRNA,Immune (lymphoid/myeloid),Hcar2,Receptors,AD,Ctrl,0.001116722822189331,0.0,1.0818323655980147,0.23165221696225213,9,7,"Sadick 2022 AD (h, sn)  [AD vs Ctrl]"
Sadick2022_AD_human_astro_oligo_snRNA,Immune (lymphoid/myeloid),Ffar3,Receptors,AD,Ctrl,0.0006901266169734299,0.0,0.7571313310264406,0.4496917979688909,9,7,"Sadick 2022 AD (h, sn)  [AD vs Ctrl]"
Sadick2022_AD_human_astro_oligo_snRNA,Immune (lymphoid/myeloid),Ffar2,Receptors,AD,Ctrl,0.006914136465638876,0.0049117980524897575,0.4208349545698586,0.5780467909482823,9,7,"Sadick 2022 AD (h, sn)  [AD vs Ctrl]"
Sadick2022_AD_human_astro_oligo_snRNA,Immune (lymphoid/myeloid),Cpt1a,Fatty-acid supply / regulators,AD,Ctrl,0.1861710250377655,0.17569947242736816,0.08305938373965854,0.7576923076923078,9,7,"Sadick 2022 AD (h, sn)  [AD vs Ctrl]"
Sadick2022_AD_human_astro_oligo_snRNA,Immune (lymphoid/myeloid),Cpt2,Fatty-acid supply / regulators,AD,Ctrl,0.03781156241893768,0.045166898518800735,-0.2503723035421971,0.5360139860139861,9,7,"Sadick 2022 AD (h, sn)  [AD vs Ctrl]"
Sadick2022_AD_human_astro_oligo_snRNA,Immune (lymphoid/myeloid),Acadm,Fatty-acid supply / regulators,AD,Ctrl,0.23053687810897827,0.25646689534187317,-0.15314494743831733,0.29912587412587416,9,7,"Sadick 2022 AD (h, sn)  [AD vs Ctrl]"
Sadick2022_AD_human_astro_oligo_snRNA,Immune (lymphoid/myeloid),Hadha,Fatty-acid supply / regulators,AD,Ctrl,0.392580509185791,0.326046884059906,0.26716130837825625,0.11416083916083916,9,7,"Sadick 2022 AD (h, sn)  [AD vs Ctrl]"
Sadick2022_AD_human_astro_oligo_snRNA,Immune (lymphoid/myeloid),Acaa2,Fatty-acid supply / regulators,AD,Ctrl,0.0765429362654686,0.09549462050199509,-0.31545314985422945,0.35104895104895106,9,7,"Sadick 2022 AD (h, sn)  [AD vs Ctrl]"
Sadick2022_AD_human_astro_oligo_snRNA,Immune (lymphoid/myeloid),Ppara,Fatty-acid supply / regulators,AD,Ctrl,0.28305360674858093,0.2354663461446762,0.26452834757417104,0.29912587412587416,9,7,"Sadick 2022 AD (h, sn)  [AD vs Ctrl]"
Sadick2022_AD_human_astro_oligo_snRNA,Immune (lymphoid/myeloid),Ppargc1a,Fatty-acid supply / regulators,AD,Ctrl,0.03258918970823288,0.025647951290011406,0.333972370997397,0.9154522871096203,9,7,"Sadick 2022 AD (h, sn)  [AD vs Ctrl]"
Sadick2022_AD_human_astro_oligo_snRNA,Immune (lymphoid/myeloid),Fgf21,Fatty-acid supply / regulators,AD,Ctrl,0.0,0.0,0.0,1.0,9,7,"Sadick 2022 AD (h, sn)  [AD vs Ctrl]"
Schirmer2019_MS_human_snRNA,Oligodendrocyte,Hmgcs2,Synthesis (ketogenesis),MS,Ctrl,0.0020249311346560717,0.0005288216634653509,0.9844821718589937,0.413517339783104,12,7,"Schirmer 2019 MS (h, sn)  [MS vs Ctrl]"
Schirmer2019_MS_human_snRNA,Oligodendrocyte,Hmgcl,Synthesis (ketogenesis),MS,Ctrl,0.07817969471216202,0.08941282331943512,-0.19139690081014216,0.4824164483607208,12,7,"Schirmer 2019 MS (h, sn)  [MS vs Ctrl]"
Schirmer2019_MS_human_snRNA,Oligodendrocyte,Hmgcll1,Synthesis (ketogenesis),MS,Ctrl,0.04046979919075966,0.05016656965017319,-0.30314045298508324,0.33087448913712214,12,7,"Schirmer 2019 MS (h, sn)  [MS vs Ctrl]"
Schirmer2019_MS_human_snRNA,Oligodendrocyte,Bdh1,Utilisation (ketolysis),MS,Ctrl,0.10492653399705887,0.0754472017288208,0.47052842224306773,0.4723279998326053,12,7,"Schirmer 2019 MS (h, sn)  [MS vs Ctrl]"
Schirmer2019_MS_human_snRNA,Oligodendrocyte,Bdh2,Synthesis (ketogenesis),MS,Ctrl,0.02072819508612156,0.02700098231434822,-0.3659091018961286,0.5811020620364432,12,7,"Schirmer 2019 MS (h, sn)  [MS vs Ctrl]"
Schirmer2019_MS_human_snRNA,Oligodendrocyte,Oxct1,Utilisation (ketolysis),MS,Ctrl,0.17456388473510742,0.18401606380939484,-0.07565443808844421,0.7732396602365642,12,7,"Schirmer 2019 MS (h, sn)  [MS vs Ctrl]"
Schirmer2019_MS_human_snRNA,Oligodendrocyte,Acat1,Utilisation (ketolysis),MS,Ctrl,0.17983900010585785,0.12327408045530319,0.5411804175029575,0.0831150273874732,12,7,"Schirmer 2019 MS (h, sn)  [MS vs Ctrl]"
Schirmer2019_MS_human_snRNA,Oligodendrocyte,Acss1,Acetate activation,MS,Ctrl,0.1586570292711258,0.23842017352581024,-0.584568646476084,0.012979280781138367,12,7,"Schirmer 2019 MS (h, sn)  [MS vs Ctrl]"
Schirmer2019_MS_human_snRNA,Oligodendrocyte,Acss2,Acetate activation,MS,Ctrl,0.3571239411830902,0.4249909222126007,-0.2503637187620431,0.195562435500516,12,7,"Schirmer 2019 MS (h, sn)  [MS vs Ctrl]"
Schirmer2019_MS_human_snRNA,Oligodendrocyte,Slc16a1,Ketone / lactate transport,MS,Ctrl,0.10625782608985901,0.09403755515813828,0.17451328972547278,0.7997601285820589,12,7,"Schirmer 2019 MS (h, sn)  [MS vs Ctrl]"
Schirmer2019_MS_human_snRNA,Oligodendrocyte,Slc16a7,Ketone / lactate transport,MS,Ctrl,0.30781829357147217,0.4583698809146881,-0.572898051407977,0.16734143049932523,12,7,"Schirmer 2019 MS (h, sn)  [MS vs Ctrl]"
Schirmer2019_MS_human_snRNA,Oligodendrocyte,Slc16a3,Ketone / lactate transport,MS,Ctrl,0.02239927649497986,0.023082753643393517,-0.04153643815339881,0.8657140237516031,12,7,"Schirmer 2019 MS (h, sn)  [MS vs Ctrl]"
Schirmer2019_MS_human_snRNA,Oligodendrocyte,Slc16a6,Ketone / lactate transport,MS,Ctrl,0.0062802513130009174,0.004793359898030758,0.3295879612398959,0.4102951033896167,12,7,"Schirmer 2019 MS (h, sn)  [MS vs Ctrl]"
Schirmer2019_MS_human_snRNA,Oligodendrocyte,Slc5a8,Ketone / lactate transport,MS,Ctrl,0.004656080622226,0.012029488570988178,-1.203905867149861,0.633582560502326,12,7,"Schirmer 2019 MS (h, sn)  [MS vs Ctrl]"
Schirmer2019_MS_human_snRNA,Oligodendrocyte,Bsg,Ketone / lactate transport,MS,Ctrl,0.43230631947517395,0.22130009531974792,0.9628787105036434,0.00523934270064301,12,7,"Schirmer 2019 MS (h, sn)  [MS vs Ctrl]"
Schirmer2019_MS_human_snRNA,Oligodendrocyte,Ffar3,Receptors,MS,Ctrl,0.002048155525699258,0.000918812002055347,0.6677231465250608,0.797879096123339,12,7,"Schirmer 2019 MS (h, sn)  [MS vs Ctrl]"
Schirmer2019_MS_human_snRNA,Oligodendrocyte,Ffar2,Receptors,MS,Ctrl,0.0014036409556865692,0.00031547542312182486,0.869637114255935,0.23878568770129927,12,7,"Schirmer 2019 MS (h, sn)  [MS vs Ctrl]"
Schirmer2019_MS_human_snRNA,Oligodendrocyte,Cpt1a,Fatty-acid supply / regulators,MS,Ctrl,0.06362778693437576,0.028796596452593803,1.1170070431431514,0.5821022530196049,12,7,"Schirmer 2019 MS (h, sn)  [MS vs Ctrl]"
Schirmer2019_MS_human_snRNA,Oligodendrocyte,Cpt2,Fatty-acid supply / regulators,MS,Ctrl,0.025151578709483147,0.0072173988446593285,1.670144344118804,0.02190614964034368,12,7,"Schirmer 2019 MS (h, sn)  [MS vs Ctrl]"
Schirmer2019_MS_human_snRNA,Oligodendrocyte,Acadm,Fatty-acid supply / regulators,MS,Ctrl,0.16312365233898163,0.19857478141784668,-0.28214626615459626,0.16734143049932523,12,7,"Schirmer 2019 MS (h, sn)  [MS vs Ctrl]"
Schirmer2019_MS_human_snRNA,Oligodendrocyte,Hadha,Fatty-acid supply / regulators,MS,Ctrl,0.20693935453891754,0.2169656604528427,-0.06793803447847063,0.9018020163530999,12,7,"Schirmer 2019 MS (h, sn)  [MS vs Ctrl]"
Schirmer2019_MS_human_snRNA,Oligodendrocyte,Acaa2,Fatty-acid supply / regulators,MS,Ctrl,0.024170473217964172,0.020938988775014877,0.19823531045827614,0.1624263589086311,12,7,"Schirmer 2019 MS (h, sn)  [MS vs Ctrl]"
Schirmer2019_MS_human_snRNA,Oligodendrocyte,Ppara,Fatty-acid supply / regulators,MS,Ctrl,0.13900302350521088,0.1918734312057495,-0.4621964383003947,0.34023973962054455,12,7,"Schirmer 2019 MS (h, sn)  [MS vs Ctrl]"
Schirmer2019_MS_human_snRNA,Oligodendrocyte,Ppargc1a,Fatty-acid supply / regulators,MS,Ctrl,0.03731873631477356,0.02308846451342106,0.6697075504234336,0.4970691104142616,12,7,"Schirmer 2019 MS (h, sn)  [MS vs Ctrl]"
Schirmer2019_MS_human_snRNA,OPC,Hmgcs2,Synthesis (ketogenesis),MS,Ctrl,0.0010726145701482892,0.002168732462450862,-0.6124540041184171,0.816281639940913,11,8,"Schirmer 2019 MS (h, sn)  [MS vs Ctrl]"
Schirmer2019_MS_human_snRNA,OPC,Hmgcl,Synthesis (ketogenesis),MS,Ctrl,0.06694850325584412,0.05996773764491081,0.15639575989189303,1.0,11,8,"Schirmer 2019 MS (h, sn)  [MS vs Ctrl]"
Schirmer2019_MS_human_snRNA,OPC,Hmgcll1,Synthesis (ketogenesis),MS,Ctrl,0.072982557117939,0.0579511858522892,0.32766433182796484,0.2647582787237853,11,8,"Schirmer 2019 MS (h, sn)  [MS vs Ctrl]"
Schirmer2019_MS_human_snRNA,OPC,Bdh1,Utilisation (ketolysis),MS,Ctrl,0.24749311804771423,0.27540117502212524,-0.15355785157159368,0.4920219099785663,11,8,"Schirmer 2019 MS (h, sn)  [MS vs Ctrl]"
Schirmer2019_MS_human_snRNA,OPC,Bdh2,Synthesis (ketogenesis),MS,Ctrl,0.0034350159112364054,0.008210036903619766,-1.0542676566461404,0.8024288728498905,11,8,"Schirmer 2019 MS (h, sn)  [MS vs Ctrl]"
Schirmer2019_MS_human_snRNA,OPC,Oxct1,Utilisation (ketolysis),MS,Ctrl,0.3501880466938019,0.3024067282676697,0.21099066226719118,0.5447593342330185,11,8,"Schirmer 2019 MS (h, sn)  [MS vs Ctrl]"
Schirmer2019_MS_human_snRNA,OPC,Acat1,Utilisation (ketolysis),MS,Ctrl,0.1935712844133377,0.13485389947891235,0.5182428307714652,0.05062051811277818,11,8,"Schirmer 2019 MS (h, sn)  [MS vs Ctrl]"
Schirmer2019_MS_human_snRNA,OPC,Acss1,Acetate activation,MS,Ctrl,0.18628893792629242,0.2049875557422638,-0.1372914925348571,0.44214230901537405,11,8,"Schirmer 2019 MS (h, sn)  [MS vs Ctrl]"
Schirmer2019_MS_human_snRNA,OPC,Acss2,Acetate activation,MS,Ctrl,0.10746712982654572,0.10888180136680603,-0.018694556117502762,0.5998782778968538,11,8,"Schirmer 2019 MS (h, sn)  [MS vs Ctrl]"
Schirmer2019_MS_human_snRNA,OPC,Slc16a1,Ketone / lactate transport,MS,Ctrl,0.10201766341924667,0.05600757151842117,0.853666273138096,0.04297953710136181,11,8,"Schirmer 2019 MS (h, sn)  [MS vs Ctrl]"
Schirmer2019_MS_human_snRNA,OPC,Slc16a7,Ketone / lactate transport,MS,Ctrl,0.4796954095363617,0.47474342584609985,0.014939305864270416,0.7779894683919452,11,8,"Schirmer 2019 MS (h, sn)  [MS vs Ctrl]"
Schirmer2019_MS_human_snRNA,OPC,Slc16a3,Ketone / lactate transport,MS,Ctrl,0.01683231256902218,0.01150648295879364,0.5118176743106326,0.33015569295242597,11,8,"Schirmer 2019 MS (h, sn)  [MS vs Ctrl]"
Schirmer2019_MS_human_snRNA,OPC,Slc16a6,Ketone / lactate transport,MS,Ctrl,0.011896745301783085,0.018120238557457924,-0.5680934988945571,0.47888109952274516,11,8,"Schirmer 2019 MS (h, sn)  [MS vs Ctrl]"
Schirmer2019_MS_human_snRNA,OPC,Slc5a8,Ketone / lactate transport,MS,Ctrl,0.005044341553002596,0.0028664995916187763,0.6445571257927175,0.5820101820938727,11,8,"Schirmer 2019 MS (h, sn)  [MS vs Ctrl]"
Schirmer2019_MS_human_snRNA,OPC,Bsg,Ketone / lactate transport,MS,Ctrl,0.3621797263622284,0.23170369863510132,0.6421895284996529,0.02593210023550581,11,8,"Schirmer 2019 MS (h, sn)  [MS vs Ctrl]"
Schirmer2019_MS_human_snRNA,OPC,Ffar3,Receptors,MS,Ctrl,0.0,0.0,0.0,1.0,11,8,"Schirmer 2019 MS (h, sn)  [MS vs Ctrl]"
Schirmer2019_MS_human_snRNA,OPC,Ffar2,Receptors,MS,Ctrl,0.0009459311258979142,0.01012406311929226,-2.515151282324692,0.816281639940913,11,8,"Schirmer 2019 MS (h, sn)  [MS vs Ctrl]"
Schirmer2019_MS_human_snRNA,OPC,Cpt1a,Fatty-acid supply / regulators,MS,Ctrl,0.13550525903701782,0.1137249544262886,0.2507773002097362,0.7167844195707973,11,8,"Schirmer 2019 MS (h, sn)  [MS vs Ctrl]"
Schirmer2019_MS_human_snRNA,OPC,Cpt2,Fatty-acid supply / regulators,MS,Ctrl,0.023866498842835426,0.02347411774098873,0.022946539501749914,0.9669224677021455,11,8,"Schirmer 2019 MS (h, sn)  [MS vs Ctrl]"
Schirmer2019_MS_human_snRNA,OPC,Acadm,Fatty-acid supply / regulators,MS,Ctrl,0.27430203557014465,0.18022401630878448,0.6032411191932829,0.05062051811277818,11,8,"Schirmer 2019 MS (h, sn)  [MS vs Ctrl]"
Schirmer2019_MS_human_snRNA,OPC,Hadha,Fatty-acid supply / regulators,MS,Ctrl,0.2737959921360016,0.21285130083560944,0.3617529797814655,0.20600142891164563,11,8,"Schirmer 2019 MS (h, sn)  [MS vs Ctrl]"
Schirmer2019_MS_human_snRNA,OPC,Acaa2,Fatty-acid supply / regulators,MS,Ctrl,0.02193499356508255,0.028316572308540344,-0.35416593089473686,0.4716694172312532,11,8,"Schirmer 2019 MS (h, sn)  [MS vs Ctrl]"
Schirmer2019_MS_human_snRNA,OPC,Ppara,Fatty-acid supply / regulators,MS,Ctrl,0.2680555582046509,0.25109386444091797,0.09394310484171485,0.5447593342330185,11,8,"Schirmer 2019 MS (h, sn)  [MS vs Ctrl]"
Schirmer2019_MS_human_snRNA,OPC,Ppargc1a,Fatty-acid supply / regulators,MS,Ctrl,0.3554661273956299,0.28911343216896057,0.29714790002103825,0.09084173480458312,11,8,"Schirmer 2019 MS (h, sn)  [MS vs Ctrl]"
Schirmer2019_MS_human_snRNA,Microglia,Hmgcs2,Synthesis (ketogenesis),MS,Ctrl,0.0,0.0,0.0,,12,2,"Schirmer 2019 MS (h, sn)  [MS vs Ctrl]"
Schirmer2019_MS_human_snRNA,Microglia,Hmgcl,Synthesis (ketogenesis),MS,Ctrl,0.11484519392251968,0.08606360107660294,0.41205659382810833,,12,2,"Schirmer 2019 MS (h, sn)  [MS vs Ctrl]"
Schirmer2019_MS_human_snRNA,Microglia,Hmgcll1,Synthesis (ketogenesis),MS,Ctrl,0.039754267781972885,0.01822659932076931,1.0838475356323423,,12,2,"Schirmer 2019 MS (h, sn)  [MS vs Ctrl]"
Schirmer2019_MS_human_snRNA,Microglia,Bdh1,Utilisation (ketolysis),MS,Ctrl,0.09977487474679947,0.10333782434463501,-0.05012626560986264,,12,2,"Schirmer 2019 MS (h, sn)  [MS vs Ctrl]"
Schirmer2019_MS_human_snRNA,Microglia,Bdh2,Synthesis (ketogenesis),MS,Ctrl,0.011523477733135223,0.0,3.646563344988349,,12,2,"Schirmer 2019 MS (h, sn)  [MS vs Ctrl]"
Schirmer2019_MS_human_snRNA,Microglia,Oxct1,Utilisation (ketolysis),MS,Ctrl,0.168695330619812,0.21659144759178162,-0.3586749848702891,,12,2,"Schirmer 2019 MS (h, sn)  [MS vs Ctrl]"
Schirmer2019_MS_human_snRNA,Microglia,Acat1,Utilisation (ketolysis),MS,Ctrl,0.1981324702501297,0.04069793224334717,2.255680735163748,,12,2,"Schirmer 2019 MS (h, sn)  [MS vs Ctrl]"
Schirmer2019_MS_human_snRNA,Microglia,Acss1,Acetate activation,MS,Ctrl,0.19573207199573517,0.14748834073543549,0.4058825148663853,,12,2,"Schirmer 2019 MS (h, sn)  [MS vs Ctrl]"
Schirmer2019_MS_human_snRNA,Microglia,Acss2,Acetate activation,MS,Ctrl,0.12207919359207153,0.20781996846199036,-0.7626727802218004,,12,2,"Schirmer 2019 MS (h, sn)  [MS vs Ctrl]"
Schirmer2019_MS_human_snRNA,Microglia,Slc16a1,Ketone / lactate transport,MS,Ctrl,0.03139234706759453,0.06791403889656067,-1.0891449070643016,,12,2,"Schirmer 2019 MS (h, sn)  [MS vs Ctrl]"
Schirmer2019_MS_human_snRNA,Microglia,Slc16a7,Ketone / lactate transport,MS,Ctrl,0.061999544501304626,0.07469798624515533,-0.2649135237519911,,12,2,"Schirmer 2019 MS (h, sn)  [MS vs Ctrl]"
Schirmer2019_MS_human_snRNA,Microglia,Slc16a3,Ketone / lactate transport,MS,Ctrl,0.41500863432884216,0.33118152618408203,0.32464163001128765,,12,2,"Schirmer 2019 MS (h, sn)  [MS vs Ctrl]"
Schirmer2019_MS_human_snRNA,Microglia,Slc16a6,Ketone / lactate transport,MS,Ctrl,0.026493972167372704,0.021598000079393387,0.2829202540700544,,12,2,"Schirmer 2019 MS (h, sn)  [MS vs Ctrl]"
Schirmer2019_MS_human_snRNA,Microglia,Slc5a8,Ketone / lactate transport,MS,Ctrl,0.006750455591827631,0.0,2.9542811182258046,,12,2,"Schirmer 2019 MS (h, sn)  [MS vs Ctrl]"
Schirmer2019_MS_human_snRNA,Microglia,Bsg,Ketone / lactate transport,MS,Ctrl,0.3796628713607788,0.1847454309463501,1.0351871377934547,,12,2,"Schirmer 2019 MS (h, sn)  [MS vs Ctrl]"
Schirmer2019_MS_human_snRNA,Microglia,Ffar3,Receptors,MS,Ctrl,0.0,0.0,0.0,,12,2,"Schirmer 2019 MS (h, sn)  [MS vs Ctrl]"
Schirmer2019_MS_human_snRNA,Microglia,Ffar2,Receptors,MS,Ctrl,0.0,0.0,0.0,,12,2,"Schirmer 2019 MS (h, sn)  [MS vs Ctrl]"
Schirmer2019_MS_human_snRNA,Microglia,Cpt1a,Fatty-acid supply / regulators,MS,Ctrl,0.058378566056489944,0.016938932240009308,1.7268482330374468,,12,2,"Schirmer 2019 MS (h, sn)  [MS vs Ctrl]"
Schirmer2019_MS_human_snRNA,Microglia,Cpt2,Fatty-acid supply / regulators,MS,Ctrl,0.051158491522073746,0.01915759965777397,1.371578291217572,,12,2,"Schirmer 2019 MS (h, sn)  [MS vs Ctrl]"
Schirmer2019_MS_human_snRNA,Microglia,Acadm,Fatty-acid supply / regulators,MS,Ctrl,0.20101845264434814,0.20382457971572876,-0.019901777775747424,,12,2,"Schirmer 2019 MS (h, sn)  [MS vs Ctrl]"
Schirmer2019_MS_human_snRNA,Microglia,Hadha,Fatty-acid supply / regulators,MS,Ctrl,0.2775341272354126,0.14674323797225952,0.9147620022619726,,12,2,"Schirmer 2019 MS (h, sn)  [MS vs Ctrl]"
Schirmer2019_MS_human_snRNA,Microglia,Acaa2,Fatty-acid supply / regulators,MS,Ctrl,0.04780971631407738,0.022779399529099464,1.0374560816960583,,12,2,"Schirmer 2019 MS (h, sn)  [MS vs Ctrl]"
Schirmer2019_MS_human_snRNA,Microglia,Ppara,Fatty-acid supply / regulators,MS,Ctrl,0.25233298540115356,0.38092195987701416,-0.5922429384964013,,12,2,"Schirmer 2019 MS (h, sn)  [MS vs Ctrl]"
Schirmer2019_MS_human_snRNA,Microglia,Ppargc1a,Fatty-acid supply / regulators,MS,Ctrl,0.04809723421931267,0.05359255522489548,-0.15306246864879933,,12,2,"Schirmer 2019 MS (h, sn)  [MS vs Ctrl]"
Schirmer2019_MS_human_snRNA,Astrocyte,Hmgcs2,Synthesis (ketogenesis),MS,Ctrl,0.00043554059811867774,0.0010299813002347946,-0.4998723060917431,0.8343194288581393,12,9,"Schirmer 2019 MS (h, sn)  [MS vs Ctrl]"
Schirmer2019_MS_human_snRNA,Astrocyte,Hmgcl,Synthesis (ketogenesis),MS,Ctrl,0.11431276798248291,0.06821642071008682,0.736366019428678,0.035979881698764225,12,9,"Schirmer 2019 MS (h, sn)  [MS vs Ctrl]"
Schirmer2019_MS_human_snRNA,Astrocyte,Hmgcll1,Synthesis (ketogenesis),MS,Ctrl,0.32746484875679016,0.17491623759269714,0.9008503322569789,0.05066103315249452,12,9,"Schirmer 2019 MS (h, sn)  [MS vs Ctrl]"
Schirmer2019_MS_human_snRNA,Astrocyte,Bdh1,Utilisation (ketolysis),MS,Ctrl,0.1817835569381714,0.2114645093679428,-0.21708557724377822,0.5457979706092143,12,9,"Schirmer 2019 MS (h, sn)  [MS vs Ctrl]"
Schirmer2019_MS_human_snRNA,Astrocyte,Bdh2,Synthesis (ketogenesis),MS,Ctrl,0.046041280031204224,0.040009863674640656,0.19795636975187553,0.6436970122418235,12,9,"Schirmer 2019 MS (h, sn)  [MS vs Ctrl]"
Schirmer2019_MS_human_snRNA,Astrocyte,Oxct1,Utilisation (ketolysis),MS,Ctrl,0.1752416342496872,0.1283136010169983,0.4466807543048612,0.3027893674905606,12,9,"Schirmer 2019 MS (h, sn)  [MS vs Ctrl]"
Schirmer2019_MS_human_snRNA,Astrocyte,Acat1,Utilisation (ketolysis),MS,Ctrl,0.20504333078861237,0.16136534512043,0.34370402729097754,0.3373556517763615,12,9,"Schirmer 2019 MS (h, sn)  [MS vs Ctrl]"
Schirmer2019_MS_human_snRNA,Astrocyte,Acss1,Acetate activation,MS,Ctrl,0.9024011492729187,1.4640624523162842,-0.6975235105706645,0.009488247828076448,12,9,"Schirmer 2019 MS (h, sn)  [MS vs Ctrl]"
Schirmer2019_MS_human_snRNA,Astrocyte,Acss2,Acetate activation,MS,Ctrl,0.14398039877414703,0.12836529314517975,0.16440724745862093,0.9716543717925432,12,9,"Schirmer 2019 MS (h, sn)  [MS vs Ctrl]"
Schirmer2019_MS_human_snRNA,Astrocyte,Slc16a1,Ketone / lactate transport,MS,Ctrl,0.059673380106687546,0.05869770050048828,0.023388324677844484,0.5939124955809413,12,9,"Schirmer 2019 MS (h, sn)  [MS vs Ctrl]"
Schirmer2019_MS_human_snRNA,Astrocyte,Slc16a7,Ketone / lactate transport,MS,Ctrl,0.08833977580070496,0.07124689966440201,0.3063669557026416,0.21302548044617076,12,9,"Schirmer 2019 MS (h, sn)  [MS vs Ctrl]"
Schirmer2019_MS_human_snRNA,Astrocyte,Slc16a3,Ketone / lactate transport,MS,Ctrl,0.04364536702632904,0.058964893221855164,-0.4256076434427067,0.9149959858912714,12,9,"Schirmer 2019 MS (h, sn)  [MS vs Ctrl]"
Schirmer2019_MS_human_snRNA,Astrocyte,Slc16a6,Ketone / lactate transport,MS,Ctrl,0.016970152035355568,0.017787300050258636,-0.06415513515695404,0.07611499455839493,12,9,"Schirmer 2019 MS (h, sn)  [MS vs Ctrl]"
Schirmer2019_MS_human_snRNA,Astrocyte,Slc5a8,Ketone / lactate transport,MS,Ctrl,0.013101301155984402,0.0018104995833709836,2.3269297830369076,0.05598689479627601,12,9,"Schirmer 2019 MS (h, sn)  [MS vs Ctrl]"
Schirmer2019_MS_human_snRNA,Astrocyte,Bsg,Ketone / lactate transport,MS,Ctrl,0.6726357340812683,0.6658207774162292,0.014669612646114204,0.7491191330005953,12,9,"Schirmer 2019 MS (h, sn)  [MS vs Ctrl]"
Schirmer2019_MS_human_snRNA,Astrocyte,Ffar3,Receptors,MS,Ctrl,0.0,0.0,0.0,1.0,12,9,"Schirmer 2019 MS (h, sn)  [MS vs Ctrl]"
Schirmer2019_MS_human_snRNA,Astrocyte,Ffar2,Receptors,MS,Ctrl,0.0005146320327185094,0.000608320813626051,-0.08658786580304435,0.9444151944788589,12,9,"Schirmer 2019 MS (h, sn)  [MS vs Ctrl]"
Schirmer2019_MS_human_snRNA,Astrocyte,Cpt1a,Fatty-acid supply / regulators,MS,Ctrl,0.36710453033447266,0.31042206287384033,0.2412443487698967,0.37435986931078846,12,9,"Schirmer 2019 MS (h, sn)  [MS vs Ctrl]"
Schirmer2019_MS_human_snRNA,Astrocyte,Cpt2,Fatty-acid supply / regulators,MS,Ctrl,0.027269097045063972,0.03166252374649048,-0.20841046623663115,0.9145514728939473,12,9,"Schirmer 2019 MS (h, sn)  [MS vs Ctrl]"
Schirmer2019_MS_human_snRNA,Astrocyte,Acadm,Fatty-acid supply / regulators,MS,Ctrl,0.2229764461517334,0.1653497964143753,0.4291269227308395,0.3371987373071196,12,9,"Schirmer 2019 MS (h, sn)  [MS vs Ctrl]"
Schirmer2019_MS_human_snRNA,Astrocyte,Hadha,Fatty-acid supply / regulators,MS,Ctrl,0.3413368761539459,0.2432154268026352,0.4872623696898319,0.08165918443678832,12,9,"Schirmer 2019 MS (h, sn)  [MS vs Ctrl]"
Schirmer2019_MS_human_snRNA,Astrocyte,Acaa2,Fatty-acid supply / regulators,MS,Ctrl,0.06737169623374939,0.03813699260354042,0.8048663181127397,0.05933221383786601,12,9,"Schirmer 2019 MS (h, sn)  [MS vs Ctrl]"
Schirmer2019_MS_human_snRNA,Astrocyte,Ppara,Fatty-acid supply / regulators,MS,Ctrl,0.4845089018344879,0.4594915211200714,0.07632315509731545,0.6441280160472187,12,9,"Schirmer 2019 MS (h, sn)  [MS vs Ctrl]"
Schirmer2019_MS_human_snRNA,Astrocyte,Ppargc1a,Fatty-acid supply / regulators,MS,Ctrl,0.40704217553138733,0.5062834620475769,-0.31407385002646154,0.18859805455922163,12,9,"Schirmer 2019 MS (h, sn)  [MS vs Ctrl]"
Schirmer2019_MS_human_snRNA,Neuron,Hmgcs2,Synthesis (ketogenesis),MS,Ctrl,0.002124122576788068,0.000561102177016437,1.0008860921222613,0.2040841777655732,12,9,"Schirmer 2019 MS (h, sn)  [MS vs Ctrl]"
Schirmer2019_MS_human_snRNA,Neuron,Hmgcl,Synthesis (ketogenesis),MS,Ctrl,0.08319837599992752,0.088124580681324,-0.08203097672429488,0.9716543717925432,12,9,"Schirmer 2019 MS (h, sn)  [MS vs Ctrl]"
Schirmer2019_MS_human_snRNA,Neuron,Hmgcll1,Synthesis (ketogenesis),MS,Ctrl,0.5796552300453186,0.5762919783592224,0.008380624156310183,0.37435986931078846,12,9,"Schirmer 2019 MS (h, sn)  [MS vs Ctrl]"
Schirmer2019_MS_human_snRNA,Neuron,Bdh1,Utilisation (ketolysis),MS,Ctrl,0.4011824429035187,0.40199294686317444,-0.002904486284662305,0.695894823170777,12,9,"Schirmer 2019 MS (h, sn)  [MS vs Ctrl]"
Schirmer2019_MS_human_snRNA,Neuron,Bdh2,Synthesis (ketogenesis),MS,Ctrl,0.004906821064651012,0.013172651641070843,-1.262655891265562,0.5210751666671835,12,9,"Schirmer 2019 MS (h, sn)  [MS vs Ctrl]"
Schirmer2019_MS_human_snRNA,Neuron,Oxct1,Utilisation (ketolysis),MS,Ctrl,0.6174018979072571,0.5421530604362488,0.18718594044442025,0.1265278162606013,12,9,"Schirmer 2019 MS (h, sn)  [MS vs Ctrl]"
Schirmer2019_MS_human_snRNA,Neuron,Acat1,Utilisation (ketolysis),MS,Ctrl,0.3587719202041626,0.3819108307361603,-0.08992587753410737,0.695894823170777,12,9,"Schirmer 2019 MS (h, sn)  [MS vs Ctrl]"
Schirmer2019_MS_human_snRNA,Neuron,Acss1,Acetate activation,MS,Ctrl,0.03518008813261986,0.04150155931711197,-0.23231985020679238,0.16580656019401352,12,9,"Schirmer 2019 MS (h, sn)  [MS vs Ctrl]"
Schirmer2019_MS_human_snRNA,Neuron,Acss2,Acetate activation,MS,Ctrl,0.1699783354997635,0.16065296530723572,0.08091356217641972,0.6441280160472187,12,9,"Schirmer 2019 MS (h, sn)  [MS vs Ctrl]"
Schirmer2019_MS_human_snRNA,Neuron,Slc16a1,Ketone / lactate transport,MS,Ctrl,0.11433154344558716,0.10035325586795807,0.18639471278337352,0.5940323405990415,12,9,"Schirmer 2019 MS (h, sn)  [MS vs Ctrl]"
Schirmer2019_MS_human_snRNA,Neuron,Slc16a7,Ketone / lactate transport,MS,Ctrl,0.7411737442016602,0.7673491835594177,-0.05000514251582563,0.9151060344205056,12,9,"Schirmer 2019 MS (h, sn)  [MS vs Ctrl]"
Schirmer2019_MS_human_snRNA,Neuron,Slc16a3,Ketone / lactate transport,MS,Ctrl,0.02824912965297699,0.0432765930891037,-0.5981505206300668,0.18859805455922163,12,9,"Schirmer 2019 MS (h, sn)  [MS vs Ctrl]"
Schirmer2019_MS_human_snRNA,Neuron,Slc16a6,Ketone / lactate transport,MS,Ctrl,0.053984422236680984,0.05854497849941254,-0.1149569057178449,0.803566416196146,12,9,"Schirmer 2019 MS (h, sn)  [MS vs Ctrl]"
Schirmer2019_MS_human_snRNA,Neuron,Slc5a8,Ketone / lactate transport,MS,Ctrl,0.15499326586723328,0.17151445150375366,-0.14523347107075552,0.2706629953488259,12,9,"Schirmer 2019 MS (h, sn)  [MS vs Ctrl]"
Schirmer2019_MS_human_snRNA,Neuron,Bsg,Ketone / lactate transport,MS,Ctrl,0.574374258518219,0.44206127524375916,0.37699444137933347,0.24095466870157012,12,9,"Schirmer 2019 MS (h, sn)  [MS vs Ctrl]"
Schirmer2019_MS_human_snRNA,Neuron,Ffar3,Receptors,MS,Ctrl,0.0,0.0,0.0,1.0,12,9,"Schirmer 2019 MS (h, sn)  [MS vs Ctrl]"
Schirmer2019_MS_human_snRNA,Neuron,Ffar2,Receptors,MS,Ctrl,0.0029259417206048965,0.0012346936855465174,0.812961665069855,0.3516806827985527,12,9,"Schirmer 2019 MS (h, sn)  [MS vs Ctrl]"
Schirmer2019_MS_human_snRNA,Neuron,Cpt1a,Fatty-acid supply / regulators,MS,Ctrl,0.06970295310020447,0.08181006461381912,-0.22803564706422508,0.9716543717925432,12,9,"Schirmer 2019 MS (h, sn)  [MS vs Ctrl]"
Schirmer2019_MS_human_snRNA,Neuron,Cpt2,Fatty-acid supply / regulators,MS,Ctrl,0.014219973236322403,0.020301952958106995,-0.48501988053567746,0.2553544580554338,12,9,"Schirmer 2019 MS (h, sn)  [MS vs Ctrl]"
Schirmer2019_MS_human_snRNA,Neuron,Acadm,Fatty-acid supply / regulators,MS,Ctrl,0.3462570607662201,0.3284398317337036,0.0759890305699542,0.4137744825729498,12,9,"Schirmer 2019 MS (h, sn)  [MS vs Ctrl]"
Schirmer2019_MS_human_snRNA,Neuron,Hadha,Fatty-acid supply / regulators,MS,Ctrl,0.26273801922798157,0.19821497797966003,0.4047794377798521,0.04282560923089135,12,9,"Schirmer 2019 MS (h, sn)  [MS vs Ctrl]"
Schirmer2019_MS_human_snRNA,Neuron,Acaa2,Fatty-acid supply / regulators,MS,Ctrl,0.012454431504011154,0.016827255487442017,-0.40600318318338074,0.8029386937020011,12,9,"Schirmer 2019 MS (h, sn)  [MS vs Ctrl]"
Schirmer2019_MS_human_snRNA,Neuron,Ppara,Fatty-acid supply / regulators,MS,Ctrl,0.21231399476528168,0.2212924361228943,-0.05948024022975613,0.9716543717925432,12,9,"Schirmer 2019 MS (h, sn)  [MS vs Ctrl]"
Schirmer2019_MS_human_snRNA,Neuron,Ppargc1a,Fatty-acid supply / regulators,MS,Ctrl,0.5076090097427368,0.5711652040481567,-0.16987474468054192,0.1265278162606013,12,9,"Schirmer 2019 MS (h, sn)  [MS vs Ctrl]"
Schirmer2019_MS_human_snRNA,Endothelial,Hmgcs2,Synthesis (ketogenesis),MS,Ctrl,0.0,0.0,0.0,,5,2,"Schirmer 2019 MS (h, sn)  [MS vs Ctrl]"
Schirmer2019_MS_human_snRNA,Endothelial,Hmgcl,Synthesis (ketogenesis),MS,Ctrl,0.11246168613433838,0.0,6.826061398695004,,5,2,"Schirmer 2019 MS (h, sn)  [MS vs Ctrl]"
Schirmer2019_MS_human_snRNA,Endothelial,Hmgcll1,Synthesis (ketogenesis),MS,Ctrl,0.04029330611228943,0.0,5.367836026137177,,5,2,"Schirmer 2019 MS (h, sn)  [MS vs Ctrl]"
Schirmer2019_MS_human_snRNA,Endothelial,Bdh1,Utilisation (ketolysis),MS,Ctrl,0.056054312735795975,0.0,5.83426403884883,,5,2,"Schirmer 2019 MS (h, sn)  [MS vs Ctrl]"
Schirmer2019_MS_human_snRNA,Endothelial,Bdh2,Synthesis (ketogenesis),MS,Ctrl,0.015773018822073936,0.0,4.068070464629337,,5,2,"Schirmer 2019 MS (h, sn)  [MS vs Ctrl]"
Schirmer2019_MS_human_snRNA,Endothelial,Oxct1,Utilisation (ketolysis),MS,Ctrl,0.25279390811920166,0.16597484052181244,0.6040267039137613,,5,2,"Schirmer 2019 MS (h, sn)  [MS vs Ctrl]"
Schirmer2019_MS_human_snRNA,Endothelial,Acat1,Utilisation (ketolysis),MS,Ctrl,0.5824811458587646,0.5809048414230347,0.0039027892973540726,,5,2,"Schirmer 2019 MS (h, sn)  [MS vs Ctrl]"
Schirmer2019_MS_human_snRNA,Endothelial,Acss1,Acetate activation,MS,Ctrl,0.08947786688804626,0.19188407063484192,-1.0920971813098013,,5,2,"Schirmer 2019 MS (h, sn)  [MS vs Ctrl]"
Schirmer2019_MS_human_snRNA,Endothelial,Acss2,Acetate activation,MS,Ctrl,0.17759770154953003,0.13810406625270844,0.3605489209464115,,5,2,"Schirmer 2019 MS (h, sn)  [MS vs Ctrl]"
Schirmer2019_MS_human_snRNA,Endothelial,Slc16a1,Ketone / lactate transport,MS,Ctrl,0.9386987686157227,0.48676952719688416,0.94599872785684,,5,2,"Schirmer 2019 MS (h, sn)  [MS vs Ctrl]"
Schirmer2019_MS_human_snRNA,Endothelial,Slc16a7,Ketone / lactate transport,MS,Ctrl,0.17428645491600037,0.2073293775320053,-0.24915177752119994,,5,2,"Schirmer 2019 MS (h, sn)  [MS vs Ctrl]"
Schirmer2019_MS_human_snRNA,Endothelial,Slc16a3,Ketone / lactate transport,MS,Ctrl,0.2625943720340729,0.6068300008773804,-1.2053483163216832,,5,2,"Schirmer 2019 MS (h, sn)  [MS vs Ctrl]"
Schirmer2019_MS_human_snRNA,Endothelial,Slc16a6,Ketone / lactate transport,MS,Ctrl,0.19382523000240326,0.5991859436035156,-1.6232290117868349,,5,2,"Schirmer 2019 MS (h, sn)  [MS vs Ctrl]"
Schirmer2019_MS_human_snRNA,Endothelial,Slc5a8,Ketone / lactate transport,MS,Ctrl,0.0,0.0,0.0,,5,2,"Schirmer 2019 MS (h, sn)  [MS vs Ctrl]"
Schirmer2019_MS_human_snRNA,Endothelial,Bsg,Ketone / lactate transport,MS,Ctrl,3.2729544639587402,4.170523166656494,-0.3495400013509851,,5,2,"Schirmer 2019 MS (h, sn)  [MS vs Ctrl]"
Schirmer2019_MS_human_snRNA,Endothelial,Ffar3,Receptors,MS,Ctrl,0.0,0.0,0.0,,5,2,"Schirmer 2019 MS (h, sn)  [MS vs Ctrl]"
Schirmer2019_MS_human_snRNA,Endothelial,Ffar2,Receptors,MS,Ctrl,0.0,0.0,0.0,,5,2,"Schirmer 2019 MS (h, sn)  [MS vs Ctrl]"
Schirmer2019_MS_human_snRNA,Endothelial,Cpt1a,Fatty-acid supply / regulators,MS,Ctrl,0.4161933958530426,0.4659934639930725,-0.16268603795957043,,5,2,"Schirmer 2019 MS (h, sn)  [MS vs Ctrl]"
Schirmer2019_MS_human_snRNA,Endothelial,Cpt2,Fatty-acid supply / regulators,MS,Ctrl,0.059700123965740204,0.02706562541425228,1.1128952541826616,,5,2,"Schirmer 2019 MS (h, sn)  [MS vs Ctrl]"
Schirmer2019_MS_human_snRNA,Endothelial,Acadm,Fatty-acid supply / regulators,MS,Ctrl,0.22146987915039062,0.08565687388181686,1.360223920674222,,5,2,"Schirmer 2019 MS (h, sn)  [MS vs Ctrl]"
Schirmer2019_MS_human_snRNA,Endothelial,Hadha,Fatty-acid supply / regulators,MS,Ctrl,0.43029555678367615,0.17418062686920166,1.2998336165768016,,5,2,"Schirmer 2019 MS (h, sn)  [MS vs Ctrl]"
Schirmer2019_MS_human_snRNA,Endothelial,Acaa2,Fatty-acid supply / regulators,MS,Ctrl,0.05760843679308891,0.0,5.873036453108905,,5,2,"Schirmer 2019 MS (h, sn)  [MS vs Ctrl]"
Schirmer2019_MS_human_snRNA,Endothelial,Ppara,Fatty-acid supply / regulators,MS,Ctrl,0.21983692049980164,0.06478749960660934,1.7470960022582323,,5,2,"Schirmer 2019 MS (h, sn)  [MS vs Ctrl]"
Schirmer2019_MS_human_snRNA,Endothelial,Ppargc1a,Fatty-acid supply / regulators,MS,Ctrl,0.04778195172548294,0.0,5.608275575209792,,5,2,"Schirmer 2019 MS (h, sn)  [MS vs Ctrl]"
Schirmer2019_MS_human_snRNA,Vascular/Fibroblast,Hmgcs2,Synthesis (ketogenesis),MS,Ctrl,0.0,,,,1,0,"Schirmer 2019 MS (h, sn)  [MS vs Ctrl]"
Schirmer2019_MS_human_snRNA,Vascular/Fibroblast,Hmgcl,Synthesis (ketogenesis),MS,Ctrl,0.0,,,,1,0,"Schirmer 2019 MS (h, sn)  [MS vs Ctrl]"
Schirmer2019_MS_human_snRNA,Vascular/Fibroblast,Hmgcll1,Synthesis (ketogenesis),MS,Ctrl,0.0,,,,1,0,"Schirmer 2019 MS (h, sn)  [MS vs Ctrl]"
Schirmer2019_MS_human_snRNA,Vascular/Fibroblast,Bdh1,Utilisation (ketolysis),MS,Ctrl,0.13036954402923584,,,,1,0,"Schirmer 2019 MS (h, sn)  [MS vs Ctrl]"
Schirmer2019_MS_human_snRNA,Vascular/Fibroblast,Bdh2,Synthesis (ketogenesis),MS,Ctrl,0.0,,,,1,0,"Schirmer 2019 MS (h, sn)  [MS vs Ctrl]"
Schirmer2019_MS_human_snRNA,Vascular/Fibroblast,Oxct1,Utilisation (ketolysis),MS,Ctrl,0.5128082036972046,,,,1,0,"Schirmer 2019 MS (h, sn)  [MS vs Ctrl]"
Schirmer2019_MS_human_snRNA,Vascular/Fibroblast,Acat1,Utilisation (ketolysis),MS,Ctrl,0.23978909850120544,,,,1,0,"Schirmer 2019 MS (h, sn)  [MS vs Ctrl]"
Schirmer2019_MS_human_snRNA,Vascular/Fibroblast,Acss1,Acetate activation,MS,Ctrl,0.12776455283164978,,,,1,0,"Schirmer 2019 MS (h, sn)  [MS vs Ctrl]"
Schirmer2019_MS_human_snRNA,Vascular/Fibroblast,Acss2,Acetate activation,MS,Ctrl,0.1534477323293686,,,,1,0,"Schirmer 2019 MS (h, sn)  [MS vs Ctrl]"
Schirmer2019_MS_human_snRNA,Vascular/Fibroblast,Slc16a1,Ketone / lactate transport,MS,Ctrl,0.12175591289997101,,,,1,0,"Schirmer 2019 MS (h, sn)  [MS vs Ctrl]"
Schirmer2019_MS_human_snRNA,Vascular/Fibroblast,Slc16a7,Ketone / lactate transport,MS,Ctrl,0.9253232479095459,,,,1,0,"Schirmer 2019 MS (h, sn)  [MS vs Ctrl]"
Schirmer2019_MS_human_snRNA,Vascular/Fibroblast,Slc16a3,Ketone / lactate transport,MS,Ctrl,0.0,,,,1,0,"Schirmer 2019 MS (h, sn)  [MS vs Ctrl]"
Schirmer2019_MS_human_snRNA,Vascular/Fibroblast,Slc16a6,Ketone / lactate transport,MS,Ctrl,0.0,,,,1,0,"Schirmer 2019 MS (h, sn)  [MS vs Ctrl]"
Schirmer2019_MS_human_snRNA,Vascular/Fibroblast,Slc5a8,Ketone / lactate transport,MS,Ctrl,0.0,,,,1,0,"Schirmer 2019 MS (h, sn)  [MS vs Ctrl]"
Schirmer2019_MS_human_snRNA,Vascular/Fibroblast,Bsg,Ketone / lactate transport,MS,Ctrl,1.7906314134597778,,,,1,0,"Schirmer 2019 MS (h, sn)  [MS vs Ctrl]"
Schirmer2019_MS_human_snRNA,Vascular/Fibroblast,Ffar3,Receptors,MS,Ctrl,0.0,,,,1,0,"Schirmer 2019 MS (h, sn)  [MS vs Ctrl]"
Schirmer2019_MS_human_snRNA,Vascular/Fibroblast,Ffar2,Receptors,MS,Ctrl,0.0,,,,1,0,"Schirmer 2019 MS (h, sn)  [MS vs Ctrl]"
Schirmer2019_MS_human_snRNA,Vascular/Fibroblast,Cpt1a,Fatty-acid supply / regulators,MS,Ctrl,0.41992998123168945,,,,1,0,"Schirmer 2019 MS (h, sn)  [MS vs Ctrl]"
Schirmer2019_MS_human_snRNA,Vascular/Fibroblast,Cpt2,Fatty-acid supply / regulators,MS,Ctrl,0.13932226598262787,,,,1,0,"Schirmer 2019 MS (h, sn)  [MS vs Ctrl]"
Schirmer2019_MS_human_snRNA,Vascular/Fibroblast,Acadm,Fatty-acid supply / regulators,MS,Ctrl,0.10793545097112656,,,,1,0,"Schirmer 2019 MS (h, sn)  [MS vs Ctrl]"
Schirmer2019_MS_human_snRNA,Vascular/Fibroblast,Hadha,Fatty-acid supply / regulators,MS,Ctrl,0.26675453782081604,,,,1,0,"Schirmer 2019 MS (h, sn)  [MS vs Ctrl]"
Schirmer2019_MS_human_snRNA,Vascular/Fibroblast,Acaa2,Fatty-acid supply / regulators,MS,Ctrl,0.0,,,,1,0,"Schirmer 2019 MS (h, sn)  [MS vs Ctrl]"
Schirmer2019_MS_human_snRNA,Vascular/Fibroblast,Ppara,Fatty-acid supply / regulators,MS,Ctrl,0.21054726839065552,,,,1,0,"Schirmer 2019 MS (h, sn)  [MS vs Ctrl]"
Schirmer2019_MS_human_snRNA,Vascular/Fibroblast,Ppargc1a,Fatty-acid supply / regulators,MS,Ctrl,0.0,,,,1,0,"Schirmer 2019 MS (h, sn)  [MS vs Ctrl]"
Schirmer2019_MS_human_snRNA,Immune (lymphoid/myeloid),Hmgcs2,Synthesis (ketogenesis),MS,Ctrl,0.0,,,,1,0,"Schirmer 2019 MS (h, sn)  [MS vs Ctrl]"
Schirmer2019_MS_human_snRNA,Immune (lymphoid/myeloid),Hmgcl,Synthesis (ketogenesis),MS,Ctrl,0.13935765624046326,,,,1,0,"Schirmer 2019 MS (h, sn)  [MS vs Ctrl]"
Schirmer2019_MS_human_snRNA,Immune (lymphoid/myeloid),Hmgcll1,Synthesis (ketogenesis),MS,Ctrl,0.13654392957687378,,,,1,0,"Schirmer 2019 MS (h, sn)  [MS vs Ctrl]"
Schirmer2019_MS_human_snRNA,Immune (lymphoid/myeloid),Bdh1,Utilisation (ketolysis),MS,Ctrl,0.15029297769069672,,,,1,0,"Schirmer 2019 MS (h, sn)  [MS vs Ctrl]"
Schirmer2019_MS_human_snRNA,Immune (lymphoid/myeloid),Bdh2,Synthesis (ketogenesis),MS,Ctrl,0.0,,,,1,0,"Schirmer 2019 MS (h, sn)  [MS vs Ctrl]"
Schirmer2019_MS_human_snRNA,Immune (lymphoid/myeloid),Oxct1,Utilisation (ketolysis),MS,Ctrl,0.37341251969337463,,,,1,0,"Schirmer 2019 MS (h, sn)  [MS vs Ctrl]"
Schirmer2019_MS_human_snRNA,Immune (lymphoid/myeloid),Acat1,Utilisation (ketolysis),MS,Ctrl,0.3440927565097809,,,,1,0,"Schirmer 2019 MS (h, sn)  [MS vs Ctrl]"
Schirmer2019_MS_human_snRNA,Immune (lymphoid/myeloid),Acss1,Acetate activation,MS,Ctrl,0.23310711979866028,,,,1,0,"Schirmer 2019 MS (h, sn)  [MS vs Ctrl]"
Schirmer2019_MS_human_snRNA,Immune (lymphoid/myeloid),Acss2,Acetate activation,MS,Ctrl,0.08560977876186371,,,,1,0,"Schirmer 2019 MS (h, sn)  [MS vs Ctrl]"
Schirmer2019_MS_human_snRNA,Immune (lymphoid/myeloid),Slc16a1,Ketone / lactate transport,MS,Ctrl,0.1293342411518097,,,,1,0,"Schirmer 2019 MS (h, sn)  [MS vs Ctrl]"
Schirmer2019_MS_human_snRNA,Immune (lymphoid/myeloid),Slc16a7,Ketone / lactate transport,MS,Ctrl,0.4802020788192749,,,,1,0,"Schirmer 2019 MS (h, sn)  [MS vs Ctrl]"
Schirmer2019_MS_human_snRNA,Immune (lymphoid/myeloid),Slc16a3,Ketone / lactate transport,MS,Ctrl,0.14384116232395172,,,,1,0,"Schirmer 2019 MS (h, sn)  [MS vs Ctrl]"
Schirmer2019_MS_human_snRNA,Immune (lymphoid/myeloid),Slc16a6,Ketone / lactate transport,MS,Ctrl,0.13891956210136414,,,,1,0,"Schirmer 2019 MS (h, sn)  [MS vs Ctrl]"
Schirmer2019_MS_human_snRNA,Immune (lymphoid/myeloid),Slc5a8,Ketone / lactate transport,MS,Ctrl,0.0,,,,1,0,"Schirmer 2019 MS (h, sn)  [MS vs Ctrl]"
Schirmer2019_MS_human_snRNA,Immune (lymphoid/myeloid),Bsg,Ketone / lactate transport,MS,Ctrl,0.9220812320709229,,,,1,0,"Schirmer 2019 MS (h, sn)  [MS vs Ctrl]"
Schirmer2019_MS_human_snRNA,Immune (lymphoid/myeloid),Ffar3,Receptors,MS,Ctrl,0.0,,,,1,0,"Schirmer 2019 MS (h, sn)  [MS vs Ctrl]"
Schirmer2019_MS_human_snRNA,Immune (lymphoid/myeloid),Ffar2,Receptors,MS,Ctrl,0.0,,,,1,0,"Schirmer 2019 MS (h, sn)  [MS vs Ctrl]"
Schirmer2019_MS_human_snRNA,Immune (lymphoid/myeloid),Cpt1a,Fatty-acid supply / regulators,MS,Ctrl,0.10028721392154694,,,,1,0,"Schirmer 2019 MS (h, sn)  [MS vs Ctrl]"
Schirmer2019_MS_human_snRNA,Immune (lymphoid/myeloid),Cpt2,Fatty-acid supply / regulators,MS,Ctrl,0.018313830718398094,,,,1,0,"Schirmer 2019 MS (h, sn)  [MS vs Ctrl]"
Schirmer2019_MS_human_snRNA,Immune (lymphoid/myeloid),Acadm,Fatty-acid supply / regulators,MS,Ctrl,0.23977138102054596,,,,1,0,"Schirmer 2019 MS (h, sn)  [MS vs Ctrl]"
Schirmer2019_MS_human_snRNA,Immune (lymphoid/myeloid),Hadha,Fatty-acid supply / regulators,MS,Ctrl,0.24042999744415283,,,,1,0,"Schirmer 2019 MS (h, sn)  [MS vs Ctrl]"
Schirmer2019_MS_human_snRNA,Immune (lymphoid/myeloid),Acaa2,Fatty-acid supply / regulators,MS,Ctrl,0.06934244930744171,,,,1,0,"Schirmer 2019 MS (h, sn)  [MS vs Ctrl]"
Schirmer2019_MS_human_snRNA,Immune (lymphoid/myeloid),Ppara,Fatty-acid supply / regulators,MS,Ctrl,0.26563021540641785,,,,1,0,"Schirmer 2019 MS (h, sn)  [MS vs Ctrl]"
Schirmer2019_MS_human_snRNA,Immune (lymphoid/myeloid),Ppargc1a,Fatty-acid supply / regulators,MS,Ctrl,0.11218786984682083,,,,1,0,"Schirmer 2019 MS (h, sn)  [MS vs Ctrl]"
SenescentGlia2025_MS_human_Visium,spot,Hmgcl,Synthesis (ketogenesis),MS,Ctrl,0.01813853345811367,,,,12,0,"Senescent-glia 2025 MS (h, Visium)  [MS vs Ctrl]"
SenescentGlia2025_MS_human_Visium,spot,Hmgcll1,Synthesis (ketogenesis),MS,Ctrl,0.014034203253686428,,,,12,0,"Senescent-glia 2025 MS (h, Visium)  [MS vs Ctrl]"
SenescentGlia2025_MS_human_Visium,spot,Bdh1,Utilisation (ketolysis),MS,Ctrl,0.02086717076599598,,,,12,0,"Senescent-glia 2025 MS (h, Visium)  [MS vs Ctrl]"
SenescentGlia2025_MS_human_Visium,spot,Bdh2,Synthesis (ketogenesis),MS,Ctrl,0.054904598742723465,,,,12,0,"Senescent-glia 2025 MS (h, Visium)  [MS vs Ctrl]"
SenescentGlia2025_MS_human_Visium,spot,Oxct1,Utilisation (ketolysis),MS,Ctrl,0.05219174548983574,,,,12,0,"Senescent-glia 2025 MS (h, Visium)  [MS vs Ctrl]"
SenescentGlia2025_MS_human_Visium,spot,Acat1,Utilisation (ketolysis),MS,Ctrl,0.07161417603492737,,,,12,0,"Senescent-glia 2025 MS (h, Visium)  [MS vs Ctrl]"
SenescentGlia2025_MS_human_Visium,spot,Acss1,Acetate activation,MS,Ctrl,0.04786370322108269,,,,12,0,"Senescent-glia 2025 MS (h, Visium)  [MS vs Ctrl]"
SenescentGlia2025_MS_human_Visium,spot,Acss2,Acetate activation,MS,Ctrl,0.05011719465255737,,,,12,0,"Senescent-glia 2025 MS (h, Visium)  [MS vs Ctrl]"
SenescentGlia2025_MS_human_Visium,spot,Slc16a1,Ketone / lactate transport,MS,Ctrl,0.13326425850391388,,,,12,0,"Senescent-glia 2025 MS (h, Visium)  [MS vs Ctrl]"
SenescentGlia2025_MS_human_Visium,spot,Slc16a7,Ketone / lactate transport,MS,Ctrl,0.016153257340192795,,,,12,0,"Senescent-glia 2025 MS (h, Visium)  [MS vs Ctrl]"
SenescentGlia2025_MS_human_Visium,spot,Slc16a3,Ketone / lactate transport,MS,Ctrl,0.029872385784983635,,,,12,0,"Senescent-glia 2025 MS (h, Visium)  [MS vs Ctrl]"
SenescentGlia2025_MS_human_Visium,spot,Slc16a6,Ketone / lactate transport,MS,Ctrl,0.0031156677287071943,,,,12,0,"Senescent-glia 2025 MS (h, Visium)  [MS vs Ctrl]"
SenescentGlia2025_MS_human_Visium,spot,Slc5a8,Ketone / lactate transport,MS,Ctrl,0.0011498088715597987,,,,12,0,"Senescent-glia 2025 MS (h, Visium)  [MS vs Ctrl]"
SenescentGlia2025_MS_human_Visium,spot,Bsg,Ketone / lactate transport,MS,Ctrl,0.2869356572628021,,,,12,0,"Senescent-glia 2025 MS (h, Visium)  [MS vs Ctrl]"
SenescentGlia2025_MS_human_Visium,spot,Ffar2,Receptors,MS,Ctrl,0.001252052839845419,,,,12,0,"Senescent-glia 2025 MS (h, Visium)  [MS vs Ctrl]"
SenescentGlia2025_MS_human_Visium,spot,Cpt1a,Fatty-acid supply / regulators,MS,Ctrl,0.06958656758069992,,,,12,0,"Senescent-glia 2025 MS (h, Visium)  [MS vs Ctrl]"
SenescentGlia2025_MS_human_Visium,spot,Cpt2,Fatty-acid supply / regulators,MS,Ctrl,0.016359368339180946,,,,12,0,"Senescent-glia 2025 MS (h, Visium)  [MS vs Ctrl]"
SenescentGlia2025_MS_human_Visium,spot,Acadm,Fatty-acid supply / regulators,MS,Ctrl,0.05056209862232208,,,,12,0,"Senescent-glia 2025 MS (h, Visium)  [MS vs Ctrl]"
SenescentGlia2025_MS_human_Visium,spot,Hadha,Fatty-acid supply / regulators,MS,Ctrl,0.09747094660997391,,,,12,0,"Senescent-glia 2025 MS (h, Visium)  [MS vs Ctrl]"
SenescentGlia2025_MS_human_Visium,spot,Acaa2,Fatty-acid supply / regulators,MS,Ctrl,0.07330380380153656,,,,12,0,"Senescent-glia 2025 MS (h, Visium)  [MS vs Ctrl]"
SenescentGlia2025_MS_human_Visium,spot,Ppara,Fatty-acid supply / regulators,MS,Ctrl,0.05991867557168007,,,,12,0,"Senescent-glia 2025 MS (h, Visium)  [MS vs Ctrl]"
SenescentGlia2025_MS_human_Visium,spot,Ppargc1a,Fatty-acid supply / regulators,MS,Ctrl,0.014514647424221039,,,,12,0,"Senescent-glia 2025 MS (h, Visium)  [MS vs Ctrl]"
Serpina3n_Cuprizone_snRNA_mouse,Oligodendrocyte,Hmgcs2,Synthesis (ketogenesis),Cuprizone,Ctrl,0.012559429742395878,0.0011803271481767297,2.636679979341552,,4,1,"Serpina3n-cKO cuprizone (m, sn)  [Cuprizone vs Ctrl]"
Serpina3n_Cuprizone_snRNA_mouse,Oligodendrocyte,Hmgcl,Synthesis (ketogenesis),Cuprizone,Ctrl,0.24614320695400238,0.08916722238063812,1.454672267808956,,4,1,"Serpina3n-cKO cuprizone (m, sn)  [Cuprizone vs Ctrl]"
Serpina3n_Cuprizone_snRNA_mouse,Oligodendrocyte,Hmgcll1,Synthesis (ketogenesis),Cuprizone,Ctrl,0.30709517002105713,0.7195675373077393,-1.2257575920049395,,4,1,"Serpina3n-cKO cuprizone (m, sn)  [Cuprizone vs Ctrl]"
Serpina3n_Cuprizone_snRNA_mouse,Oligodendrocyte,Bdh1,Utilisation (ketolysis),Cuprizone,Ctrl,0.0571681372821331,0.10251979529857635,-0.8316056590368016,,4,1,"Serpina3n-cKO cuprizone (m, sn)  [Cuprizone vs Ctrl]"
Serpina3n_Cuprizone_snRNA_mouse,Oligodendrocyte,Bdh2,Synthesis (ketogenesis),Cuprizone,Ctrl,0.006222808267921209,0.001517336699180305,1.5206616810621911,,4,1,"Serpina3n-cKO cuprizone (m, sn)  [Cuprizone vs Ctrl]"
Serpina3n_Cuprizone_snRNA_mouse,Oligodendrocyte,Oxct1,Utilisation (ketolysis),Cuprizone,Ctrl,0.6245062947273254,0.8470367193222046,-0.4391023308019961,,4,1,"Serpina3n-cKO cuprizone (m, sn)  [Cuprizone vs Ctrl]"
Serpina3n_Cuprizone_snRNA_mouse,Oligodendrocyte,Acat1,Utilisation (ketolysis),Cuprizone,Ctrl,0.2604677677154541,0.298801988363266,-0.19737684158429072,,4,1,"Serpina3n-cKO cuprizone (m, sn)  [Cuprizone vs Ctrl]"
Serpina3n_Cuprizone_snRNA_mouse,Oligodendrocyte,Acss1,Acetate activation,Cuprizone,Ctrl,0.19153138995170593,0.13181257247924805,0.5357019557863185,,4,1,"Serpina3n-cKO cuprizone (m, sn)  [Cuprizone vs Ctrl]"
Serpina3n_Cuprizone_snRNA_mouse,Oligodendrocyte,Acss2,Acetate activation,Cuprizone,Ctrl,0.24550369381904602,0.32921189069747925,-0.42178280629504317,,4,1,"Serpina3n-cKO cuprizone (m, sn)  [Cuprizone vs Ctrl]"
Serpina3n_Cuprizone_snRNA_mouse,Oligodendrocyte,Slc16a1,Ketone / lactate transport,Cuprizone,Ctrl,0.0638321116566658,0.06425590813159943,-0.009399962221162243,,4,1,"Serpina3n-cKO cuprizone (m, sn)  [Cuprizone vs Ctrl]"
Serpina3n_Cuprizone_snRNA_mouse,Oligodendrocyte,Slc16a7,Ketone / lactate transport,Cuprizone,Ctrl,0.5548678040504456,0.7066701650619507,-0.34833527406146825,,4,1,"Serpina3n-cKO cuprizone (m, sn)  [Cuprizone vs Ctrl]"
Serpina3n_Cuprizone_snRNA_mouse,Oligodendrocyte,Slc16a3,Ketone / lactate transport,Cuprizone,Ctrl,0.005505543202161789,0.002162365708500147,1.0406653083219644,,4,1,"Serpina3n-cKO cuprizone (m, sn)  [Cuprizone vs Ctrl]"
Serpina3n_Cuprizone_snRNA_mouse,Oligodendrocyte,Slc16a6,Ketone / lactate transport,Cuprizone,Ctrl,0.14250685274600983,0.08097148686647415,0.8079255581476859,,4,1,"Serpina3n-cKO cuprizone (m, sn)  [Cuprizone vs Ctrl]"
Serpina3n_Cuprizone_snRNA_mouse,Oligodendrocyte,Slc5a8,Ketone / lactate transport,Cuprizone,Ctrl,0.0,0.0002229663950856775,-0.29038476174810374,,4,1,"Serpina3n-cKO cuprizone (m, sn)  [Cuprizone vs Ctrl]"
Serpina3n_Cuprizone_snRNA_mouse,Oligodendrocyte,Bsg,Ketone / lactate transport,Cuprizone,Ctrl,0.18433833122253418,0.10625962913036346,0.7890541167979045,,4,1,"Serpina3n-cKO cuprizone (m, sn)  [Cuprizone vs Ctrl]"
Serpina3n_Cuprizone_snRNA_mouse,Oligodendrocyte,Hcar2,Receptors,Cuprizone,Ctrl,0.000275096099358052,0.0,0.3506059818627126,,4,1,"Serpina3n-cKO cuprizone (m, sn)  [Cuprizone vs Ctrl]"
Serpina3n_Cuprizone_snRNA_mouse,Oligodendrocyte,Ffar2,Receptors,Cuprizone,Ctrl,0.0,0.0,0.0,,4,1,"Serpina3n-cKO cuprizone (m, sn)  [Cuprizone vs Ctrl]"
Serpina3n_Cuprizone_snRNA_mouse,Oligodendrocyte,Cpt1a,Fatty-acid supply / regulators,Cuprizone,Ctrl,0.058040551841259,0.023565663024783134,1.2650630282595021,,4,1,"Serpina3n-cKO cuprizone (m, sn)  [Cuprizone vs Ctrl]"
Serpina3n_Cuprizone_snRNA_mouse,Oligodendrocyte,Cpt2,Fatty-acid supply / regulators,Cuprizone,Ctrl,0.014987579546868801,0.004857742693275213,1.448534809296368,,4,1,"Serpina3n-cKO cuprizone (m, sn)  [Cuprizone vs Ctrl]"
Serpina3n_Cuprizone_snRNA_mouse,Oligodendrocyte,Acadm,Fatty-acid supply / regulators,Cuprizone,Ctrl,0.09096240997314453,0.04787934198975563,0.9118194100866751,,4,1,"Serpina3n-cKO cuprizone (m, sn)  [Cuprizone vs Ctrl]"
Serpina3n_Cuprizone_snRNA_mouse,Oligodendrocyte,Hadha,Fatty-acid supply / regulators,Cuprizone,Ctrl,0.23831939697265625,0.17441655695438385,0.44815240772441506,,4,1,"Serpina3n-cKO cuprizone (m, sn)  [Cuprizone vs Ctrl]"
Serpina3n_Cuprizone_snRNA_mouse,Oligodendrocyte,Acaa2,Fatty-acid supply / regulators,Cuprizone,Ctrl,0.013455202803015709,0.014912574551999569,-0.13857842369159726,,4,1,"Serpina3n-cKO cuprizone (m, sn)  [Cuprizone vs Ctrl]"
Serpina3n_Cuprizone_snRNA_mouse,Oligodendrocyte,Ppara,Fatty-acid supply / regulators,Cuprizone,Ctrl,0.03637426346540451,0.032775040715932846,0.14608763967421984,,4,1,"Serpina3n-cKO cuprizone (m, sn)  [Cuprizone vs Ctrl]"
Serpina3n_Cuprizone_snRNA_mouse,Oligodendrocyte,Ppargc1a,Fatty-acid supply / regulators,Cuprizone,Ctrl,0.23953217267990112,0.4310413599014282,-0.8449395537684629,,4,1,"Serpina3n-cKO cuprizone (m, sn)  [Cuprizone vs Ctrl]"
Serpina3n_Cuprizone_snRNA_mouse,Oligodendrocyte,Fgf21,Fatty-acid supply / regulators,Cuprizone,Ctrl,0.0,0.0,0.0,,4,1,"Serpina3n-cKO cuprizone (m, sn)  [Cuprizone vs Ctrl]"
Serpina3n_Cuprizone_snRNA_mouse,OPC,Hmgcs2,Synthesis (ketogenesis),Cuprizone,Ctrl,0.0021503353491425514,0.0,1.6555054098169095,,4,1,"Serpina3n-cKO cuprizone (m, sn)  [Cuprizone vs Ctrl]"
Serpina3n_Cuprizone_snRNA_mouse,OPC,Hmgcl,Synthesis (ketogenesis),Cuprizone,Ctrl,0.17504243552684784,0.11943870037794113,0.5476241909832886,,4,1,"Serpina3n-cKO cuprizone (m, sn)  [Cuprizone vs Ctrl]"
Serpina3n_Cuprizone_snRNA_mouse,OPC,Hmgcll1,Synthesis (ketogenesis),Cuprizone,Ctrl,0.8194890022277832,0.7881674766540527,0.05615249547690761,,4,1,"Serpina3n-cKO cuprizone (m, sn)  [Cuprizone vs Ctrl]"
Serpina3n_Cuprizone_snRNA_mouse,OPC,Bdh1,Utilisation (ketolysis),Cuprizone,Ctrl,0.1206696406006813,0.16084930300712585,-0.4116819256351485,,4,1,"Serpina3n-cKO cuprizone (m, sn)  [Cuprizone vs Ctrl]"
Serpina3n_Cuprizone_snRNA_mouse,OPC,Bdh2,Synthesis (ketogenesis),Cuprizone,Ctrl,0.0003150208794977516,0.0012883967719972134,-0.7992515080580725,,4,1,"Serpina3n-cKO cuprizone (m, sn)  [Cuprizone vs Ctrl]"
Serpina3n_Cuprizone_snRNA_mouse,OPC,Oxct1,Utilisation (ketolysis),Cuprizone,Ctrl,0.9241722226142883,1.0105183124542236,-0.12872858234125106,,4,1,"Serpina3n-cKO cuprizone (m, sn)  [Cuprizone vs Ctrl]"
Serpina3n_Cuprizone_snRNA_mouse,OPC,Acat1,Utilisation (ketolysis),Cuprizone,Ctrl,0.4160924553871155,0.36515018343925476,0.1879316975265818,,4,1,"Serpina3n-cKO cuprizone (m, sn)  [Cuprizone vs Ctrl]"
Serpina3n_Cuprizone_snRNA_mouse,OPC,Acss1,Acetate activation,Cuprizone,Ctrl,0.16565890610218048,0.1920977085828781,-0.21243262864160295,,4,1,"Serpina3n-cKO cuprizone (m, sn)  [Cuprizone vs Ctrl]"
Serpina3n_Cuprizone_snRNA_mouse,OPC,Acss2,Acetate activation,Cuprizone,Ctrl,0.361686646938324,0.48837044835090637,-0.432203353442943,,4,1,"Serpina3n-cKO cuprizone (m, sn)  [Cuprizone vs Ctrl]"
Serpina3n_Cuprizone_snRNA_mouse,OPC,Slc16a1,Ketone / lactate transport,Cuprizone,Ctrl,0.05981636792421341,0.04963839426636696,0.2642280003801102,,4,1,"Serpina3n-cKO cuprizone (m, sn)  [Cuprizone vs Ctrl]"
Serpina3n_Cuprizone_snRNA_mouse,OPC,Slc16a7,Ketone / lactate transport,Cuprizone,Ctrl,0.5380166172981262,0.595595121383667,-0.14642242979215153,,4,1,"Serpina3n-cKO cuprizone (m, sn)  [Cuprizone vs Ctrl]"
Serpina3n_Cuprizone_snRNA_mouse,OPC,Slc16a3,Ketone / lactate transport,Cuprizone,Ctrl,0.004611499607563019,0.001955729676410556,0.9248720354521363,,4,1,"Serpina3n-cKO cuprizone (m, sn)  [Cuprizone vs Ctrl]"
Serpina3n_Cuprizone_snRNA_mouse,OPC,Slc16a6,Ketone / lactate transport,Cuprizone,Ctrl,0.10364580899477005,0.10834379494190216,-0.06335681880064185,,4,1,"Serpina3n-cKO cuprizone (m, sn)  [Cuprizone vs Ctrl]"
Serpina3n_Cuprizone_snRNA_mouse,OPC,Slc5a8,Ketone / lactate transport,Cuprizone,Ctrl,0.0007042995421215892,0.0013855709694325924,-0.48515568513175517,,4,1,"Serpina3n-cKO cuprizone (m, sn)  [Cuprizone vs Ctrl]"
Serpina3n_Cuprizone_snRNA_mouse,OPC,Bsg,Ketone / lactate transport,Cuprizone,Ctrl,0.18293380737304688,0.14213646948337555,0.3617953735591587,,4,1,"Serpina3n-cKO cuprizone (m, sn)  [Cuprizone vs Ctrl]"
Serpina3n_Cuprizone_snRNA_mouse,OPC,Hcar2,Receptors,Cuprizone,Ctrl,0.0,0.0,0.0,,4,1,"Serpina3n-cKO cuprizone (m, sn)  [Cuprizone vs Ctrl]"
Serpina3n_Cuprizone_snRNA_mouse,OPC,Ffar2,Receptors,Cuprizone,Ctrl,0.0,0.0,0.0,,4,1,"Serpina3n-cKO cuprizone (m, sn)  [Cuprizone vs Ctrl]"
Serpina3n_Cuprizone_snRNA_mouse,OPC,Cpt1a,Fatty-acid supply / regulators,Cuprizone,Ctrl,0.03046189248561859,0.04617524519562721,-0.5844245624318134,,4,1,"Serpina3n-cKO cuprizone (m, sn)  [Cuprizone vs Ctrl]"
Serpina3n_Cuprizone_snRNA_mouse,OPC,Cpt2,Fatty-acid supply / regulators,Cuprizone,Ctrl,0.013006787747144699,0.005940024275332689,1.013113518306593,,4,1,"Serpina3n-cKO cuprizone (m, sn)  [Cuprizone vs Ctrl]"
Serpina3n_Cuprizone_snRNA_mouse,OPC,Acadm,Fatty-acid supply / regulators,Cuprizone,Ctrl,0.07037203013896942,0.05679329112172127,0.3044567811636543,,4,1,"Serpina3n-cKO cuprizone (m, sn)  [Cuprizone vs Ctrl]"
Serpina3n_Cuprizone_snRNA_mouse,OPC,Hadha,Fatty-acid supply / regulators,Cuprizone,Ctrl,0.25545835494995117,0.21835213899612427,0.22547579771977289,,4,1,"Serpina3n-cKO cuprizone (m, sn)  [Cuprizone vs Ctrl]"
Serpina3n_Cuprizone_snRNA_mouse,OPC,Acaa2,Fatty-acid supply / regulators,Cuprizone,Ctrl,0.01004858035594225,0.011468100361526012,-0.17438066496799437,,4,1,"Serpina3n-cKO cuprizone (m, sn)  [Cuprizone vs Ctrl]"
Serpina3n_Cuprizone_snRNA_mouse,OPC,Ppara,Fatty-acid supply / regulators,Cuprizone,Ctrl,0.028543580323457718,0.03581720218062401,-0.31753532348399294,,4,1,"Serpina3n-cKO cuprizone (m, sn)  [Cuprizone vs Ctrl]"
Serpina3n_Cuprizone_snRNA_mouse,OPC,Ppargc1a,Fatty-acid supply / regulators,Cuprizone,Ctrl,0.4474034011363983,0.44564536213874817,0.005667439606388335,,4,1,"Serpina3n-cKO cuprizone (m, sn)  [Cuprizone vs Ctrl]"
Serpina3n_Cuprizone_snRNA_mouse,OPC,Fgf21,Fatty-acid supply / regulators,Cuprizone,Ctrl,0.00017195579130202532,0.0,0.228918149220681,,4,1,"Serpina3n-cKO cuprizone (m, sn)  [Cuprizone vs Ctrl]"
Serpina3n_Cuprizone_snRNA_mouse,Microglia,Hmgcs2,Synthesis (ketogenesis),Cuprizone,Ctrl,0.000854617974255234,0.0,0.8911220421518059,,4,1,"Serpina3n-cKO cuprizone (m, sn)  [Cuprizone vs Ctrl]"
Serpina3n_Cuprizone_snRNA_mouse,Microglia,Hmgcl,Synthesis (ketogenesis),Cuprizone,Ctrl,0.1424906998872757,0.11007645726203918,0.36940416519703784,,4,1,"Serpina3n-cKO cuprizone (m, sn)  [Cuprizone vs Ctrl]"
Serpina3n_Cuprizone_snRNA_mouse,Microglia,Hmgcll1,Synthesis (ketogenesis),Cuprizone,Ctrl,0.20805537700653076,0.5883662104606628,-1.4952791995699253,,4,1,"Serpina3n-cKO cuprizone (m, sn)  [Cuprizone vs Ctrl]"
Serpina3n_Cuprizone_snRNA_mouse,Microglia,Bdh1,Utilisation (ketolysis),Cuprizone,Ctrl,0.0342763289809227,0.0638519749045372,-0.8784500736695449,,4,1,"Serpina3n-cKO cuprizone (m, sn)  [Cuprizone vs Ctrl]"
Serpina3n_Cuprizone_snRNA_mouse,Microglia,Bdh2,Synthesis (ketogenesis),Cuprizone,Ctrl,0.0,0.00933755747973919,-3.369823446098097,,4,1,"Serpina3n-cKO cuprizone (m, sn)  [Cuprizone vs Ctrl]"
Serpina3n_Cuprizone_snRNA_mouse,Microglia,Oxct1,Utilisation (ketolysis),Cuprizone,Ctrl,0.6092846393585205,0.8969289064407349,-0.557118945286001,,4,1,"Serpina3n-cKO cuprizone (m, sn)  [Cuprizone vs Ctrl]"
Serpina3n_Cuprizone_snRNA_mouse,Microglia,Acat1,Utilisation (ketolysis),Cuprizone,Ctrl,0.16441190242767334,0.22978909313678741,-0.48051199602587213,,4,1,"Serpina3n-cKO cuprizone (m, sn)  [Cuprizone vs Ctrl]"
Serpina3n_Cuprizone_snRNA_mouse,Microglia,Acss1,Acetate activation,Cuprizone,Ctrl,0.2712170481681824,0.382498174905777,-0.494462290361051,,4,1,"Serpina3n-cKO cuprizone (m, sn)  [Cuprizone vs Ctrl]"
Serpina3n_Cuprizone_snRNA_mouse,Microglia,Acss2,Acetate activation,Cuprizone,Ctrl,0.10479427874088287,0.28999030590057373,-1.4597094818360148,,4,1,"Serpina3n-cKO cuprizone (m, sn)  [Cuprizone vs Ctrl]"
Serpina3n_Cuprizone_snRNA_mouse,Microglia,Slc16a1,Ketone / lactate transport,Cuprizone,Ctrl,0.03753276914358139,0.03356032073497772,0.1569692620746982,,4,1,"Serpina3n-cKO cuprizone (m, sn)  [Cuprizone vs Ctrl]"
Serpina3n_Cuprizone_snRNA_mouse,Microglia,Slc16a7,Ketone / lactate transport,Cuprizone,Ctrl,0.5116863250732422,0.7100497484207153,-0.4718740840608906,,4,1,"Serpina3n-cKO cuprizone (m, sn)  [Cuprizone vs Ctrl]"
Serpina3n_Cuprizone_snRNA_mouse,Microglia,Slc16a3,Ketone / lactate transport,Cuprizone,Ctrl,0.01572994887828827,0.0236629918217659,-0.5599147840754691,,4,1,"Serpina3n-cKO cuprizone (m, sn)  [Cuprizone vs Ctrl]"
Serpina3n_Cuprizone_snRNA_mouse,Microglia,Slc16a6,Ketone / lactate transport,Cuprizone,Ctrl,0.31947481632232666,0.5142220854759216,-0.6849834463776054,,4,1,"Serpina3n-cKO cuprizone (m, sn)  [Cuprizone vs Ctrl]"
Serpina3n_Cuprizone_snRNA_mouse,Microglia,Slc5a8,Ketone / lactate transport,Cuprizone,Ctrl,0.00020143277652096003,0.0,0.2647559279575634,,4,1,"Serpina3n-cKO cuprizone (m, sn)  [Cuprizone vs Ctrl]"
Serpina3n_Cuprizone_snRNA_mouse,Microglia,Bsg,Ketone / lactate transport,Cuprizone,Ctrl,0.20379555225372314,0.049580760300159454,2.017523755234277,,4,1,"Serpina3n-cKO cuprizone (m, sn)  [Cuprizone vs Ctrl]"
Serpina3n_Cuprizone_snRNA_mouse,Microglia,Hcar2,Receptors,Cuprizone,Ctrl,0.001109573058784008,0.0,1.0769510518711896,,4,1,"Serpina3n-cKO cuprizone (m, sn)  [Cuprizone vs Ctrl]"
Serpina3n_Cuprizone_snRNA_mouse,Microglia,Ffar2,Receptors,Cuprizone,Ctrl,0.0,0.0,0.0,,4,1,"Serpina3n-cKO cuprizone (m, sn)  [Cuprizone vs Ctrl]"
Serpina3n_Cuprizone_snRNA_mouse,Microglia,Cpt1a,Fatty-acid supply / regulators,Cuprizone,Ctrl,0.04058130085468292,0.05929538235068321,-0.5361126262412674,,4,1,"Serpina3n-cKO cuprizone (m, sn)  [Cuprizone vs Ctrl]"
Serpina3n_Cuprizone_snRNA_mouse,Microglia,Cpt2,Fatty-acid supply / regulators,Cuprizone,Ctrl,0.013395989313721657,0.01096204575151205,0.2672027958121473,,4,1,"Serpina3n-cKO cuprizone (m, sn)  [Cuprizone vs Ctrl]"
Serpina3n_Cuprizone_snRNA_mouse,Microglia,Acadm,Fatty-acid supply / regulators,Cuprizone,Ctrl,0.1007622480392456,0.10454162210226059,-0.05260961524950546,,4,1,"Serpina3n-cKO cuprizone (m, sn)  [Cuprizone vs Ctrl]"
Serpina3n_Cuprizone_snRNA_mouse,Microglia,Hadha,Fatty-acid supply / regulators,Cuprizone,Ctrl,0.14001312851905823,0.1394832581281662,0.005431276026045765,,4,1,"Serpina3n-cKO cuprizone (m, sn)  [Cuprizone vs Ctrl]"
Serpina3n_Cuprizone_snRNA_mouse,Microglia,Acaa2,Fatty-acid supply / regulators,Cuprizone,Ctrl,0.022853193804621696,0.019925720989704132,0.18890511640662386,,4,1,"Serpina3n-cKO cuprizone (m, sn)  [Cuprizone vs Ctrl]"
Serpina3n_Cuprizone_snRNA_mouse,Microglia,Ppara,Fatty-acid supply / regulators,Cuprizone,Ctrl,0.007268802262842655,0.0401848629117012,-2.3163639114950025,,4,1,"Serpina3n-cKO cuprizone (m, sn)  [Cuprizone vs Ctrl]"
Serpina3n_Cuprizone_snRNA_mouse,Microglia,Ppargc1a,Fatty-acid supply / regulators,Cuprizone,Ctrl,0.18819783627986908,0.26676225662231445,-0.5010570251000696,,4,1,"Serpina3n-cKO cuprizone (m, sn)  [Cuprizone vs Ctrl]"
Serpina3n_Cuprizone_snRNA_mouse,Microglia,Fgf21,Fatty-acid supply / regulators,Cuprizone,Ctrl,0.0,0.0,0.0,,4,1,"Serpina3n-cKO cuprizone (m, sn)  [Cuprizone vs Ctrl]"
Serpina3n_Cuprizone_snRNA_mouse,Astrocyte,Hmgcs2,Synthesis (ketogenesis),Cuprizone,Ctrl,0.024624794721603394,0.007538434583693743,1.5854969484162338,,4,1,"Serpina3n-cKO cuprizone (m, sn)  [Cuprizone vs Ctrl]"
Serpina3n_Cuprizone_snRNA_mouse,Astrocyte,Hmgcl,Synthesis (ketogenesis),Cuprizone,Ctrl,0.13797704875469208,0.1085638701915741,0.3430745167316525,,4,1,"Serpina3n-cKO cuprizone (m, sn)  [Cuprizone vs Ctrl]"
Serpina3n_Cuprizone_snRNA_mouse,Astrocyte,Hmgcll1,Synthesis (ketogenesis),Cuprizone,Ctrl,0.43286627531051636,0.6175041794776917,-0.5115328951465538,,4,1,"Serpina3n-cKO cuprizone (m, sn)  [Cuprizone vs Ctrl]"
Serpina3n_Cuprizone_snRNA_mouse,Astrocyte,Bdh1,Utilisation (ketolysis),Cuprizone,Ctrl,0.14044594764709473,0.16034753620624542,-0.18992070302594719,,4,1,"Serpina3n-cKO cuprizone (m, sn)  [Cuprizone vs Ctrl]"
Serpina3n_Cuprizone_snRNA_mouse,Astrocyte,Bdh2,Synthesis (ketogenesis),Cuprizone,Ctrl,0.03544219955801964,0.01880122534930706,0.8800203285113919,,4,1,"Serpina3n-cKO cuprizone (m, sn)  [Cuprizone vs Ctrl]"
Serpina3n_Cuprizone_snRNA_mouse,Astrocyte,Oxct1,Utilisation (ketolysis),Cuprizone,Ctrl,0.8131915926933289,0.9805727005004883,-0.26972680097580753,,4,1,"Serpina3n-cKO cuprizone (m, sn)  [Cuprizone vs Ctrl]"
Serpina3n_Cuprizone_snRNA_mouse,Astrocyte,Acat1,Utilisation (ketolysis),Cuprizone,Ctrl,0.342604398727417,0.33696919679641724,0.023856743249447736,,4,1,"Serpina3n-cKO cuprizone (m, sn)  [Cuprizone vs Ctrl]"
Serpina3n_Cuprizone_snRNA_mouse,Astrocyte,Acss1,Acetate activation,Cuprizone,Ctrl,0.8766881823539734,0.6458507180213928,0.44027568075203766,,4,1,"Serpina3n-cKO cuprizone (m, sn)  [Cuprizone vs Ctrl]"
Serpina3n_Cuprizone_snRNA_mouse,Astrocyte,Acss2,Acetate activation,Cuprizone,Ctrl,0.3763805627822876,0.5532233119010925,-0.5544472771937186,,4,1,"Serpina3n-cKO cuprizone (m, sn)  [Cuprizone vs Ctrl]"
Serpina3n_Cuprizone_snRNA_mouse,Astrocyte,Slc16a1,Ketone / lactate transport,Cuprizone,Ctrl,0.052283525466918945,0.06319179385900497,-0.26869933763314147,,4,1,"Serpina3n-cKO cuprizone (m, sn)  [Cuprizone vs Ctrl]"
Serpina3n_Cuprizone_snRNA_mouse,Astrocyte,Slc16a7,Ketone / lactate transport,Cuprizone,Ctrl,0.22572794556617737,0.4961951971054077,-1.1328501372830608,,4,1,"Serpina3n-cKO cuprizone (m, sn)  [Cuprizone vs Ctrl]"
Serpina3n_Cuprizone_snRNA_mouse,Astrocyte,Slc16a3,Ketone / lactate transport,Cuprizone,Ctrl,0.002668425440788269,0.0048945629969239235,-0.6842238973263834,,4,1,"Serpina3n-cKO cuprizone (m, sn)  [Cuprizone vs Ctrl]"
Serpina3n_Cuprizone_snRNA_mouse,Astrocyte,Slc16a6,Ketone / lactate transport,Cuprizone,Ctrl,0.15483492612838745,0.11008863896131516,0.4883073303956985,,4,1,"Serpina3n-cKO cuprizone (m, sn)  [Cuprizone vs Ctrl]"
Serpina3n_Cuprizone_snRNA_mouse,Astrocyte,Slc5a8,Ketone / lactate transport,Cuprizone,Ctrl,0.00234280270524323,0.0,1.7410582085099853,,4,1,"Serpina3n-cKO cuprizone (m, sn)  [Cuprizone vs Ctrl]"
Serpina3n_Cuprizone_snRNA_mouse,Astrocyte,Bsg,Ketone / lactate transport,Cuprizone,Ctrl,0.19846713542938232,0.10040925443172455,0.9759617487670866,,4,1,"Serpina3n-cKO cuprizone (m, sn)  [Cuprizone vs Ctrl]"
Serpina3n_Cuprizone_snRNA_mouse,Astrocyte,Hcar2,Receptors,Cuprizone,Ctrl,0.0,0.0,0.0,,4,1,"Serpina3n-cKO cuprizone (m, sn)  [Cuprizone vs Ctrl]"
Serpina3n_Cuprizone_snRNA_mouse,Astrocyte,Ffar2,Receptors,Cuprizone,Ctrl,0.0,0.0010239981347694993,-1.0172079605065147,,4,1,"Serpina3n-cKO cuprizone (m, sn)  [Cuprizone vs Ctrl]"
Serpina3n_Cuprizone_snRNA_mouse,Astrocyte,Cpt1a,Fatty-acid supply / regulators,Cuprizone,Ctrl,0.2065533548593521,0.19441872835159302,0.08691351407486156,,4,1,"Serpina3n-cKO cuprizone (m, sn)  [Cuprizone vs Ctrl]"
Serpina3n_Cuprizone_snRNA_mouse,Astrocyte,Cpt2,Fatty-acid supply / regulators,Cuprizone,Ctrl,0.02151862531900406,0.01387897040694952,0.5978440602916483,,4,1,"Serpina3n-cKO cuprizone (m, sn)  [Cuprizone vs Ctrl]"
Serpina3n_Cuprizone_snRNA_mouse,Astrocyte,Acadm,Fatty-acid supply / regulators,Cuprizone,Ctrl,0.14401336014270782,0.07912397384643555,0.8558799422107747,,4,1,"Serpina3n-cKO cuprizone (m, sn)  [Cuprizone vs Ctrl]"
Serpina3n_Cuprizone_snRNA_mouse,Astrocyte,Hadha,Fatty-acid supply / regulators,Cuprizone,Ctrl,0.26236090064048767,0.2834804952144623,-0.11128856607648352,,4,1,"Serpina3n-cKO cuprizone (m, sn)  [Cuprizone vs Ctrl]"
Serpina3n_Cuprizone_snRNA_mouse,Astrocyte,Acaa2,Fatty-acid supply / regulators,Cuprizone,Ctrl,0.04403771087527275,0.0452515184879303,-0.03836723001726175,,4,1,"Serpina3n-cKO cuprizone (m, sn)  [Cuprizone vs Ctrl]"
Serpina3n_Cuprizone_snRNA_mouse,Astrocyte,Ppara,Fatty-acid supply / regulators,Cuprizone,Ctrl,0.21582546830177307,0.2664874494075775,-0.30293697592561897,,4,1,"Serpina3n-cKO cuprizone (m, sn)  [Cuprizone vs Ctrl]"
Serpina3n_Cuprizone_snRNA_mouse,Astrocyte,Ppargc1a,Fatty-acid supply / regulators,Cuprizone,Ctrl,0.7609153389930725,0.6502688527107239,0.2263774694359359,,4,1,"Serpina3n-cKO cuprizone (m, sn)  [Cuprizone vs Ctrl]"
Serpina3n_Cuprizone_snRNA_mouse,Astrocyte,Fgf21,Fatty-acid supply / regulators,Cuprizone,Ctrl,0.0,0.0,0.0,,4,1,"Serpina3n-cKO cuprizone (m, sn)  [Cuprizone vs Ctrl]"
Serpina3n_Cuprizone_snRNA_mouse,Neuron,Hmgcs2,Synthesis (ketogenesis),Cuprizone,Ctrl,0.000659657409414649,0.0010175395291298628,-0.28171147250265877,,4,1,"Serpina3n-cKO cuprizone (m, sn)  [Cuprizone vs Ctrl]"
Serpina3n_Cuprizone_snRNA_mouse,Neuron,Hmgcl,Synthesis (ketogenesis),Cuprizone,Ctrl,0.143118754029274,0.11629819869995117,0.2970772255270454,,4,1,"Serpina3n-cKO cuprizone (m, sn)  [Cuprizone vs Ctrl]"
Serpina3n_Cuprizone_snRNA_mouse,Neuron,Hmgcll1,Synthesis (ketogenesis),Cuprizone,Ctrl,0.7539856433868408,0.7110090255737305,0.08455368157162033,,4,1,"Serpina3n-cKO cuprizone (m, sn)  [Cuprizone vs Ctrl]"
Serpina3n_Cuprizone_snRNA_mouse,Neuron,Bdh1,Utilisation (ketolysis),Cuprizone,Ctrl,0.13270774483680725,0.16060315072536469,-0.27337229215834585,,4,1,"Serpina3n-cKO cuprizone (m, sn)  [Cuprizone vs Ctrl]"
Serpina3n_Cuprizone_snRNA_mouse,Neuron,Bdh2,Synthesis (ketogenesis),Cuprizone,Ctrl,0.0006456899573095143,0.0011175499530509114,-0.36370344090960255,,4,1,"Serpina3n-cKO cuprizone (m, sn)  [Cuprizone vs Ctrl]"
Serpina3n_Cuprizone_snRNA_mouse,Neuron,Oxct1,Utilisation (ketolysis),Cuprizone,Ctrl,0.9262344241142273,0.9423008561134338,-0.024783848823137035,,4,1,"Serpina3n-cKO cuprizone (m, sn)  [Cuprizone vs Ctrl]"
Serpina3n_Cuprizone_snRNA_mouse,Neuron,Acat1,Utilisation (ketolysis),Cuprizone,Ctrl,0.4648425579071045,0.3897807002067566,0.2534832280860407,,4,1,"Serpina3n-cKO cuprizone (m, sn)  [Cuprizone vs Ctrl]"
Serpina3n_Cuprizone_snRNA_mouse,Neuron,Acss1,Acetate activation,Cuprizone,Ctrl,0.08712635934352875,0.11995262652635574,-0.45679658709578647,,4,1,"Serpina3n-cKO cuprizone (m, sn)  [Cuprizone vs Ctrl]"
Serpina3n_Cuprizone_snRNA_mouse,Neuron,Acss2,Acetate activation,Cuprizone,Ctrl,0.32270577549934387,0.4097907841205597,-0.34372070982153824,,4,1,"Serpina3n-cKO cuprizone (m, sn)  [Cuprizone vs Ctrl]"
Serpina3n_Cuprizone_snRNA_mouse,Neuron,Slc16a1,Ketone / lactate transport,Cuprizone,Ctrl,0.04921010881662369,0.05091371387243271,-0.04813784920724585,,4,1,"Serpina3n-cKO cuprizone (m, sn)  [Cuprizone vs Ctrl]"
Serpina3n_Cuprizone_snRNA_mouse,Neuron,Slc16a7,Ketone / lactate transport,Cuprizone,Ctrl,0.737358808517456,0.7130522131919861,0.048292498915566105,,4,1,"Serpina3n-cKO cuprizone (m, sn)  [Cuprizone vs Ctrl]"
Serpina3n_Cuprizone_snRNA_mouse,Neuron,Slc16a3,Ketone / lactate transport,Cuprizone,Ctrl,0.0031751245260238647,0.004039151594042778,-0.27136163028984084,,4,1,"Serpina3n-cKO cuprizone (m, sn)  [Cuprizone vs Ctrl]"
Serpina3n_Cuprizone_snRNA_mouse,Neuron,Slc16a6,Ketone / lactate transport,Cuprizone,Ctrl,0.09670859575271606,0.10340964049100876,-0.09569753530367714,,4,1,"Serpina3n-cKO cuprizone (m, sn)  [Cuprizone vs Ctrl]"
Serpina3n_Cuprizone_snRNA_mouse,Neuron,Slc5a8,Ketone / lactate transport,Cuprizone,Ctrl,0.0005949724582023919,0.0001821347832446918,0.4321369755268946,,4,1,"Serpina3n-cKO cuprizone (m, sn)  [Cuprizone vs Ctrl]"
Serpina3n_Cuprizone_snRNA_mouse,Neuron,Bsg,Ketone / lactate transport,Cuprizone,Ctrl,0.20293426513671875,0.15300603210926056,0.4051173385442874,,4,1,"Serpina3n-cKO cuprizone (m, sn)  [Cuprizone vs Ctrl]"
Serpina3n_Cuprizone_snRNA_mouse,Neuron,Hcar2,Receptors,Cuprizone,Ctrl,0.0,0.0,0.0,,4,1,"Serpina3n-cKO cuprizone (m, sn)  [Cuprizone vs Ctrl]"
Serpina3n_Cuprizone_snRNA_mouse,Neuron,Ffar2,Receptors,Cuprizone,Ctrl,5.9210684412391856e-05,0.0,0.08298958000609619,,4,1,"Serpina3n-cKO cuprizone (m, sn)  [Cuprizone vs Ctrl]"
Serpina3n_Cuprizone_snRNA_mouse,Neuron,Cpt1a,Fatty-acid supply / regulators,Cuprizone,Ctrl,0.005265791900455952,0.015114380978047848,-1.3627800085906674,,4,1,"Serpina3n-cKO cuprizone (m, sn)  [Cuprizone vs Ctrl]"
Serpina3n_Cuprizone_snRNA_mouse,Neuron,Cpt2,Fatty-acid supply / regulators,Cuprizone,Ctrl,0.002485030796378851,0.0021860681008547544,0.12939430071149116,,4,1,"Serpina3n-cKO cuprizone (m, sn)  [Cuprizone vs Ctrl]"
Serpina3n_Cuprizone_snRNA_mouse,Neuron,Acadm,Fatty-acid supply / regulators,Cuprizone,Ctrl,0.0673615038394928,0.0648578554391861,0.05382860072660543,,4,1,"Serpina3n-cKO cuprizone (m, sn)  [Cuprizone vs Ctrl]"
Serpina3n_Cuprizone_snRNA_mouse,Neuron,Hadha,Fatty-acid supply / regulators,Cuprizone,Ctrl,0.21982982754707336,0.20293867588043213,0.11479964979478934,,4,1,"Serpina3n-cKO cuprizone (m, sn)  [Cuprizone vs Ctrl]"
Serpina3n_Cuprizone_snRNA_mouse,Neuron,Acaa2,Fatty-acid supply / regulators,Cuprizone,Ctrl,0.013554414734244347,0.016713466495275497,-0.2833897460717638,,4,1,"Serpina3n-cKO cuprizone (m, sn)  [Cuprizone vs Ctrl]"
Serpina3n_Cuprizone_snRNA_mouse,Neuron,Ppara,Fatty-acid supply / regulators,Cuprizone,Ctrl,0.0028863518964499235,0.016704250127077103,-2.1876072956412096,,4,1,"Serpina3n-cKO cuprizone (m, sn)  [Cuprizone vs Ctrl]"
Serpina3n_Cuprizone_snRNA_mouse,Neuron,Ppargc1a,Fatty-acid supply / regulators,Cuprizone,Ctrl,0.5140119791030884,0.42458146810531616,0.27517065933919144,,4,1,"Serpina3n-cKO cuprizone (m, sn)  [Cuprizone vs Ctrl]"
Serpina3n_Cuprizone_snRNA_mouse,Neuron,Fgf21,Fatty-acid supply / regulators,Cuprizone,Ctrl,5.612766835838556e-05,4.061047366121784e-05,0.021354110084409954,,4,1,"Serpina3n-cKO cuprizone (m, sn)  [Cuprizone vs Ctrl]"
Serpina3n_Cuprizone_snRNA_mouse,Endothelial,Hmgcs2,Synthesis (ketogenesis),Cuprizone,Ctrl,0.09126336127519608,0.07793622463941574,0.22507033294852608,,4,1,"Serpina3n-cKO cuprizone (m, sn)  [Cuprizone vs Ctrl]"
Serpina3n_Cuprizone_snRNA_mouse,Endothelial,Hmgcl,Synthesis (ketogenesis),Cuprizone,Ctrl,0.06305842101573944,0.0,6.001316332262566,,4,1,"Serpina3n-cKO cuprizone (m, sn)  [Cuprizone vs Ctrl]"
Serpina3n_Cuprizone_snRNA_mouse,Endothelial,Hmgcll1,Synthesis (ketogenesis),Cuprizone,Ctrl,0.2509566843509674,0.42701396346092224,-0.7644821324806244,,4,1,"Serpina3n-cKO cuprizone (m, sn)  [Cuprizone vs Ctrl]"
Serpina3n_Cuprizone_snRNA_mouse,Endothelial,Bdh1,Utilisation (ketolysis),Cuprizone,Ctrl,0.02420453168451786,0.0,4.655611243334997,,4,1,"Serpina3n-cKO cuprizone (m, sn)  [Cuprizone vs Ctrl]"
Serpina3n_Cuprizone_snRNA_mouse,Endothelial,Bdh2,Synthesis (ketogenesis),Cuprizone,Ctrl,0.0,0.0,0.0,,4,1,"Serpina3n-cKO cuprizone (m, sn)  [Cuprizone vs Ctrl]"
Serpina3n_Cuprizone_snRNA_mouse,Endothelial,Oxct1,Utilisation (ketolysis),Cuprizone,Ctrl,0.3688799738883972,0.5528979301452637,-0.5825629554127613,,4,1,"Serpina3n-cKO cuprizone (m, sn)  [Cuprizone vs Ctrl]"
Serpina3n_Cuprizone_snRNA_mouse,Endothelial,Acat1,Utilisation (ketolysis),Cuprizone,Ctrl,0.21732279658317566,0.2231709063053131,-0.038136272321890916,,4,1,"Serpina3n-cKO cuprizone (m, sn)  [Cuprizone vs Ctrl]"
Serpina3n_Cuprizone_snRNA_mouse,Endothelial,Acss1,Acetate activation,Cuprizone,Ctrl,0.024460040032863617,0.1367654949426651,-2.435907999805192,,4,1,"Serpina3n-cKO cuprizone (m, sn)  [Cuprizone vs Ctrl]"
Serpina3n_Cuprizone_snRNA_mouse,Endothelial,Acss2,Acetate activation,Cuprizone,Ctrl,0.16732332110404968,0.23510713875293732,-0.4882065873133473,,4,1,"Serpina3n-cKO cuprizone (m, sn)  [Cuprizone vs Ctrl]"
Serpina3n_Cuprizone_snRNA_mouse,Endothelial,Slc16a1,Ketone / lactate transport,Cuprizone,Ctrl,0.1362704634666443,0.5491650104522705,-2.0028431559664357,,4,1,"Serpina3n-cKO cuprizone (m, sn)  [Cuprizone vs Ctrl]"
Serpina3n_Cuprizone_snRNA_mouse,Endothelial,Slc16a7,Ketone / lactate transport,Cuprizone,Ctrl,0.2501436471939087,0.4159587323665619,-0.7313918211918485,,4,1,"Serpina3n-cKO cuprizone (m, sn)  [Cuprizone vs Ctrl]"
Serpina3n_Cuprizone_snRNA_mouse,Endothelial,Slc16a3,Ketone / lactate transport,Cuprizone,Ctrl,0.0025249035097658634,0.0,1.817583765912121,,4,1,"Serpina3n-cKO cuprizone (m, sn)  [Cuprizone vs Ctrl]"
Serpina3n_Cuprizone_snRNA_mouse,Endothelial,Slc16a6,Ketone / lactate transport,Cuprizone,Ctrl,0.04112475365400314,0.04999042674899101,-0.27555816279424616,,4,1,"Serpina3n-cKO cuprizone (m, sn)  [Cuprizone vs Ctrl]"
Serpina3n_Cuprizone_snRNA_mouse,Endothelial,Slc5a8,Ketone / lactate transport,Cuprizone,Ctrl,0.0,0.0,0.0,,4,1,"Serpina3n-cKO cuprizone (m, sn)  [Cuprizone vs Ctrl]"
Serpina3n_Cuprizone_snRNA_mouse,Endothelial,Bsg,Ketone / lactate transport,Cuprizone,Ctrl,0.9401410818099976,2.129287004470825,-1.1785649001233889,,4,1,"Serpina3n-cKO cuprizone (m, sn)  [Cuprizone vs Ctrl]"
Serpina3n_Cuprizone_snRNA_mouse,Endothelial,Hcar2,Receptors,Cuprizone,Ctrl,0.0,0.0,0.0,,4,1,"Serpina3n-cKO cuprizone (m, sn)  [Cuprizone vs Ctrl]"
Serpina3n_Cuprizone_snRNA_mouse,Endothelial,Ffar2,Receptors,Cuprizone,Ctrl,0.0,0.0,0.0,,4,1,"Serpina3n-cKO cuprizone (m, sn)  [Cuprizone vs Ctrl]"
Serpina3n_Cuprizone_snRNA_mouse,Endothelial,Cpt1a,Fatty-acid supply / regulators,Cuprizone,Ctrl,0.14614808559417725,0.28892338275909424,-0.9784029207802096,,4,1,"Serpina3n-cKO cuprizone (m, sn)  [Cuprizone vs Ctrl]"
Serpina3n_Cuprizone_snRNA_mouse,Endothelial,Cpt2,Fatty-acid supply / regulators,Cuprizone,Ctrl,0.023286892101168633,0.12863706052303314,-2.4162284226702453,,4,1,"Serpina3n-cKO cuprizone (m, sn)  [Cuprizone vs Ctrl]"
Serpina3n_Cuprizone_snRNA_mouse,Endothelial,Acadm,Fatty-acid supply / regulators,Cuprizone,Ctrl,0.06709058582782745,0.11766504496335983,-0.8013677736047757,,4,1,"Serpina3n-cKO cuprizone (m, sn)  [Cuprizone vs Ctrl]"
Serpina3n_Cuprizone_snRNA_mouse,Endothelial,Hadha,Fatty-acid supply / regulators,Cuprizone,Ctrl,0.20315967500209808,0.35776495933532715,-0.8133410511285809,,4,1,"Serpina3n-cKO cuprizone (m, sn)  [Cuprizone vs Ctrl]"
Serpina3n_Cuprizone_snRNA_mouse,Endothelial,Acaa2,Fatty-acid supply / regulators,Cuprizone,Ctrl,0.021947398781776428,0.019832080230116844,0.1395237153699791,,4,1,"Serpina3n-cKO cuprizone (m, sn)  [Cuprizone vs Ctrl]"
Serpina3n_Cuprizone_snRNA_mouse,Endothelial,Ppara,Fatty-acid supply / regulators,Cuprizone,Ctrl,0.014850457198917866,0.1765628308057785,-3.4857332542772723,,4,1,"Serpina3n-cKO cuprizone (m, sn)  [Cuprizone vs Ctrl]"
Serpina3n_Cuprizone_snRNA_mouse,Endothelial,Ppargc1a,Fatty-acid supply / regulators,Cuprizone,Ctrl,0.18949273228645325,0.36865633726119995,-0.9564486898137545,,4,1,"Serpina3n-cKO cuprizone (m, sn)  [Cuprizone vs Ctrl]"
Serpina3n_Cuprizone_snRNA_mouse,Endothelial,Fgf21,Fatty-acid supply / regulators,Cuprizone,Ctrl,0.0,0.0,0.0,,4,1,"Serpina3n-cKO cuprizone (m, sn)  [Cuprizone vs Ctrl]"
Serpina3n_Cuprizone_snRNA_mouse,Vascular/Fibroblast,Hmgcs2,Synthesis (ketogenesis),Cuprizone,Ctrl,0.12305715680122375,0.050156716257333755,1.2780094001494506,,4,1,"Serpina3n-cKO cuprizone (m, sn)  [Cuprizone vs Ctrl]"
Serpina3n_Cuprizone_snRNA_mouse,Vascular/Fibroblast,Hmgcl,Synthesis (ketogenesis),Cuprizone,Ctrl,0.12378008663654327,0.11661052703857422,0.08537051807173217,,4,1,"Serpina3n-cKO cuprizone (m, sn)  [Cuprizone vs Ctrl]"
Serpina3n_Cuprizone_snRNA_mouse,Vascular/Fibroblast,Hmgcll1,Synthesis (ketogenesis),Cuprizone,Ctrl,0.29954302310943604,0.5929610133171082,-0.9827967085427045,,4,1,"Serpina3n-cKO cuprizone (m, sn)  [Cuprizone vs Ctrl]"
Serpina3n_Cuprizone_snRNA_mouse,Vascular/Fibroblast,Bdh1,Utilisation (ketolysis),Cuprizone,Ctrl,0.035652466118335724,0.10175452381372452,-1.4872197338107547,,4,1,"Serpina3n-cKO cuprizone (m, sn)  [Cuprizone vs Ctrl]"
Serpina3n_Cuprizone_snRNA_mouse,Vascular/Fibroblast,Bdh2,Synthesis (ketogenesis),Cuprizone,Ctrl,0.046305056661367416,0.05726107582449913,-0.30053793361561515,,4,1,"Serpina3n-cKO cuprizone (m, sn)  [Cuprizone vs Ctrl]"
Serpina3n_Cuprizone_snRNA_mouse,Vascular/Fibroblast,Oxct1,Utilisation (ketolysis),Cuprizone,Ctrl,0.6104621887207031,0.910003125667572,-0.5751927150587456,,4,1,"Serpina3n-cKO cuprizone (m, sn)  [Cuprizone vs Ctrl]"
Serpina3n_Cuprizone_snRNA_mouse,Vascular/Fibroblast,Acat1,Utilisation (ketolysis),Cuprizone,Ctrl,0.27554482221603394,0.3146071135997772,-0.19061639267687852,,4,1,"Serpina3n-cKO cuprizone (m, sn)  [Cuprizone vs Ctrl]"
Serpina3n_Cuprizone_snRNA_mouse,Vascular/Fibroblast,Acss1,Acetate activation,Cuprizone,Ctrl,0.041727982461452484,0.11544053256511688,-1.4463402407831,,4,1,"Serpina3n-cKO cuprizone (m, sn)  [Cuprizone vs Ctrl]"
Serpina3n_Cuprizone_snRNA_mouse,Vascular/Fibroblast,Acss2,Acetate activation,Cuprizone,Ctrl,0.12216555327177048,0.2533864676952362,-1.0464231052719901,,4,1,"Serpina3n-cKO cuprizone (m, sn)  [Cuprizone vs Ctrl]"
Serpina3n_Cuprizone_snRNA_mouse,Vascular/Fibroblast,Slc16a1,Ketone / lactate transport,Cuprizone,Ctrl,0.0612991638481617,0.12578098475933075,-1.025053673870956,,4,1,"Serpina3n-cKO cuprizone (m, sn)  [Cuprizone vs Ctrl]"
Serpina3n_Cuprizone_snRNA_mouse,Vascular/Fibroblast,Slc16a7,Ketone / lactate transport,Cuprizone,Ctrl,0.22387488186359406,0.4526776075363159,-1.0125449298316624,,4,1,"Serpina3n-cKO cuprizone (m, sn)  [Cuprizone vs Ctrl]"
Serpina3n_Cuprizone_snRNA_mouse,Vascular/Fibroblast,Slc16a3,Ketone / lactate transport,Cuprizone,Ctrl,0.004475723952054977,0.0,2.4530497177719015,,4,1,"Serpina3n-cKO cuprizone (m, sn)  [Cuprizone vs Ctrl]"
Serpina3n_Cuprizone_snRNA_mouse,Vascular/Fibroblast,Slc16a6,Ketone / lactate transport,Cuprizone,Ctrl,0.26151829957962036,0.2764078676700592,-0.07959071164744531,,4,1,"Serpina3n-cKO cuprizone (m, sn)  [Cuprizone vs Ctrl]"
Serpina3n_Cuprizone_snRNA_mouse,Vascular/Fibroblast,Slc5a8,Ketone / lactate transport,Cuprizone,Ctrl,0.0,0.0,0.0,,4,1,"Serpina3n-cKO cuprizone (m, sn)  [Cuprizone vs Ctrl]"
Serpina3n_Cuprizone_snRNA_mouse,Vascular/Fibroblast,Bsg,Ketone / lactate transport,Cuprizone,Ctrl,0.23507297039031982,0.12211950868368149,0.9391734873727718,,4,1,"Serpina3n-cKO cuprizone (m, sn)  [Cuprizone vs Ctrl]"
Serpina3n_Cuprizone_snRNA_mouse,Vascular/Fibroblast,Hcar2,Receptors,Cuprizone,Ctrl,0.0,0.0,0.0,,4,1,"Serpina3n-cKO cuprizone (m, sn)  [Cuprizone vs Ctrl]"
Serpina3n_Cuprizone_snRNA_mouse,Vascular/Fibroblast,Ffar2,Receptors,Cuprizone,Ctrl,0.001318874885328114,0.0,1.2134249816113087,,4,1,"Serpina3n-cKO cuprizone (m, sn)  [Cuprizone vs Ctrl]"
Serpina3n_Cuprizone_snRNA_mouse,Vascular/Fibroblast,Cpt1a,Fatty-acid supply / regulators,Cuprizone,Ctrl,0.10393823683261871,0.14224031567573547,-0.44889714801145536,,4,1,"Serpina3n-cKO cuprizone (m, sn)  [Cuprizone vs Ctrl]"
Serpina3n_Cuprizone_snRNA_mouse,Vascular/Fibroblast,Cpt2,Fatty-acid supply / regulators,Cuprizone,Ctrl,0.036300841718912125,0.018781235441565514,0.9150756534862787,,4,1,"Serpina3n-cKO cuprizone (m, sn)  [Cuprizone vs Ctrl]"
Serpina3n_Cuprizone_snRNA_mouse,Vascular/Fibroblast,Acadm,Fatty-acid supply / regulators,Cuprizone,Ctrl,0.1969331055879593,0.085772804915905,1.1896980627163711,,4,1,"Serpina3n-cKO cuprizone (m, sn)  [Cuprizone vs Ctrl]"
Serpina3n_Cuprizone_snRNA_mouse,Vascular/Fibroblast,Hadha,Fatty-acid supply / regulators,Cuprizone,Ctrl,0.23662248253822327,0.2585862874984741,-0.12754283328325078,,4,1,"Serpina3n-cKO cuprizone (m, sn)  [Cuprizone vs Ctrl]"
Serpina3n_Cuprizone_snRNA_mouse,Vascular/Fibroblast,Acaa2,Fatty-acid supply / regulators,Cuprizone,Ctrl,0.048311784863471985,0.03036477416753769,0.652787297814557,,4,1,"Serpina3n-cKO cuprizone (m, sn)  [Cuprizone vs Ctrl]"
Serpina3n_Cuprizone_snRNA_mouse,Vascular/Fibroblast,Ppara,Fatty-acid supply / regulators,Cuprizone,Ctrl,0.17185892164707184,0.1532997488975525,0.16385935222071438,,4,1,"Serpina3n-cKO cuprizone (m, sn)  [Cuprizone vs Ctrl]"
Serpina3n_Cuprizone_snRNA_mouse,Vascular/Fibroblast,Ppargc1a,Fatty-acid supply / regulators,Cuprizone,Ctrl,0.2227361798286438,0.40640968084335327,-0.8646816920035786,,4,1,"Serpina3n-cKO cuprizone (m, sn)  [Cuprizone vs Ctrl]"
Serpina3n_Cuprizone_snRNA_mouse,Vascular/Fibroblast,Fgf21,Fatty-acid supply / regulators,Cuprizone,Ctrl,0.0,0.0,0.0,,4,1,"Serpina3n-cKO cuprizone (m, sn)  [Cuprizone vs Ctrl]"
Serpina3n_Cuprizone_snRNA_mouse,Immune (lymphoid/myeloid),Hmgcs2,Synthesis (ketogenesis),Cuprizone,Ctrl,0.0,,,,4,0,"Serpina3n-cKO cuprizone (m, sn)  [Cuprizone vs Ctrl]"
Serpina3n_Cuprizone_snRNA_mouse,Immune (lymphoid/myeloid),Hmgcl,Synthesis (ketogenesis),Cuprizone,Ctrl,0.1631762534379959,,,,4,0,"Serpina3n-cKO cuprizone (m, sn)  [Cuprizone vs Ctrl]"
Serpina3n_Cuprizone_snRNA_mouse,Immune (lymphoid/myeloid),Hmgcll1,Synthesis (ketogenesis),Cuprizone,Ctrl,0.8375508785247803,,,,4,0,"Serpina3n-cKO cuprizone (m, sn)  [Cuprizone vs Ctrl]"
Serpina3n_Cuprizone_snRNA_mouse,Immune (lymphoid/myeloid),Bdh1,Utilisation (ketolysis),Cuprizone,Ctrl,0.13107557594776154,,,,4,0,"Serpina3n-cKO cuprizone (m, sn)  [Cuprizone vs Ctrl]"
Serpina3n_Cuprizone_snRNA_mouse,Immune (lymphoid/myeloid),Bdh2,Synthesis (ketogenesis),Cuprizone,Ctrl,0.0,,,,4,0,"Serpina3n-cKO cuprizone (m, sn)  [Cuprizone vs Ctrl]"
Serpina3n_Cuprizone_snRNA_mouse,Immune (lymphoid/myeloid),Oxct1,Utilisation (ketolysis),Cuprizone,Ctrl,0.9782983064651489,,,,4,0,"Serpina3n-cKO cuprizone (m, sn)  [Cuprizone vs Ctrl]"
Serpina3n_Cuprizone_snRNA_mouse,Immune (lymphoid/myeloid),Acat1,Utilisation (ketolysis),Cuprizone,Ctrl,0.5283041000366211,,,,4,0,"Serpina3n-cKO cuprizone (m, sn)  [Cuprizone vs Ctrl]"
Serpina3n_Cuprizone_snRNA_mouse,Immune (lymphoid/myeloid),Acss1,Acetate activation,Cuprizone,Ctrl,0.0546037033200264,,,,4,0,"Serpina3n-cKO cuprizone (m, sn)  [Cuprizone vs Ctrl]"
Serpina3n_Cuprizone_snRNA_mouse,Immune (lymphoid/myeloid),Acss2,Acetate activation,Cuprizone,Ctrl,0.34033268690109253,,,,4,0,"Serpina3n-cKO cuprizone (m, sn)  [Cuprizone vs Ctrl]"
Serpina3n_Cuprizone_snRNA_mouse,Immune (lymphoid/myeloid),Slc16a1,Ketone / lactate transport,Cuprizone,Ctrl,0.07911365479230881,,,,4,0,"Serpina3n-cKO cuprizone (m, sn)  [Cuprizone vs Ctrl]"
Serpina3n_Cuprizone_snRNA_mouse,Immune (lymphoid/myeloid),Slc16a7,Ketone / lactate transport,Cuprizone,Ctrl,0.6443025469779968,,,,4,0,"Serpina3n-cKO cuprizone (m, sn)  [Cuprizone vs Ctrl]"
Serpina3n_Cuprizone_snRNA_mouse,Immune (lymphoid/myeloid),Slc16a3,Ketone / lactate transport,Cuprizone,Ctrl,0.004160703159868717,,,,4,0,"Serpina3n-cKO cuprizone (m, sn)  [Cuprizone vs Ctrl]"
Serpina3n_Cuprizone_snRNA_mouse,Immune (lymphoid/myeloid),Slc16a6,Ketone / lactate transport,Cuprizone,Ctrl,0.04939625412225723,,,,4,0,"Serpina3n-cKO cuprizone (m, sn)  [Cuprizone vs Ctrl]"
Serpina3n_Cuprizone_snRNA_mouse,Immune (lymphoid/myeloid),Slc5a8,Ketone / lactate transport,Cuprizone,Ctrl,0.0,,,,4,0,"Serpina3n-cKO cuprizone (m, sn)  [Cuprizone vs Ctrl]"
Serpina3n_Cuprizone_snRNA_mouse,Immune (lymphoid/myeloid),Bsg,Ketone / lactate transport,Cuprizone,Ctrl,0.2141421139240265,,,,4,0,"Serpina3n-cKO cuprizone (m, sn)  [Cuprizone vs Ctrl]"
Serpina3n_Cuprizone_snRNA_mouse,Immune (lymphoid/myeloid),Hcar2,Receptors,Cuprizone,Ctrl,0.0,,,,4,0,"Serpina3n-cKO cuprizone (m, sn)  [Cuprizone vs Ctrl]"
Serpina3n_Cuprizone_snRNA_mouse,Immune (lymphoid/myeloid),Ffar2,Receptors,Cuprizone,Ctrl,0.0,,,,4,0,"Serpina3n-cKO cuprizone (m, sn)  [Cuprizone vs Ctrl]"
Serpina3n_Cuprizone_snRNA_mouse,Immune (lymphoid/myeloid),Cpt1a,Fatty-acid supply / regulators,Cuprizone,Ctrl,0.003297593677416444,,,,4,0,"Serpina3n-cKO cuprizone (m, sn)  [Cuprizone vs Ctrl]"
Serpina3n_Cuprizone_snRNA_mouse,Immune (lymphoid/myeloid),Cpt2,Fatty-acid supply / regulators,Cuprizone,Ctrl,0.0,,,,4,0,"Serpina3n-cKO cuprizone (m, sn)  [Cuprizone vs Ctrl]"
Serpina3n_Cuprizone_snRNA_mouse,Immune (lymphoid/myeloid),Acadm,Fatty-acid supply / regulators,Cuprizone,Ctrl,0.17331069707870483,,,,4,0,"Serpina3n-cKO cuprizone (m, sn)  [Cuprizone vs Ctrl]"
Serpina3n_Cuprizone_snRNA_mouse,Immune (lymphoid/myeloid),Hadha,Fatty-acid supply / regulators,Cuprizone,Ctrl,0.1416337490081787,,,,4,0,"Serpina3n-cKO cuprizone (m, sn)  [Cuprizone vs Ctrl]"
Serpina3n_Cuprizone_snRNA_mouse,Immune (lymphoid/myeloid),Acaa2,Fatty-acid supply / regulators,Cuprizone,Ctrl,0.010174747556447983,,,,4,0,"Serpina3n-cKO cuprizone (m, sn)  [Cuprizone vs Ctrl]"
Serpina3n_Cuprizone_snRNA_mouse,Immune (lymphoid/myeloid),Ppara,Fatty-acid supply / regulators,Cuprizone,Ctrl,0.017091332003474236,,,,4,0,"Serpina3n-cKO cuprizone (m, sn)  [Cuprizone vs Ctrl]"
Serpina3n_Cuprizone_snRNA_mouse,Immune (lymphoid/myeloid),Ppargc1a,Fatty-acid supply / regulators,Cuprizone,Ctrl,0.5116994380950928,,,,4,0,"Serpina3n-cKO cuprizone (m, sn)  [Cuprizone vs Ctrl]"
Serpina3n_Cuprizone_snRNA_mouse,Immune (lymphoid/myeloid),Fgf21,Fatty-acid supply / regulators,Cuprizone,Ctrl,0.0,,,,4,0,"Serpina3n-cKO cuprizone (m, sn)  [Cuprizone vs Ctrl]"
Serpina3n_Cuprizone_snRNA_mouse,Ependymal,Hmgcs2,Synthesis (ketogenesis),Cuprizone,Ctrl,0.0006717576179653406,0.016208643093705177,-3.363695748351783,,4,1,"Serpina3n-cKO cuprizone (m, sn)  [Cuprizone vs Ctrl]"
Serpina3n_Cuprizone_snRNA_mouse,Ependymal,Hmgcl,Synthesis (ketogenesis),Cuprizone,Ctrl,0.1175762265920639,0.18021567165851593,-0.6118929338457552,,4,1,"Serpina3n-cKO cuprizone (m, sn)  [Cuprizone vs Ctrl]"
Serpina3n_Cuprizone_snRNA_mouse,Ependymal,Hmgcll1,Synthesis (ketogenesis),Cuprizone,Ctrl,0.20125660300254822,0.5448781847953796,-1.4323922404898248,,4,1,"Serpina3n-cKO cuprizone (m, sn)  [Cuprizone vs Ctrl]"
Serpina3n_Cuprizone_snRNA_mouse,Ependymal,Bdh1,Utilisation (ketolysis),Cuprizone,Ctrl,0.07905030250549316,0.2754786014556885,-1.788189065151904,,4,1,"Serpina3n-cKO cuprizone (m, sn)  [Cuprizone vs Ctrl]"
Serpina3n_Cuprizone_snRNA_mouse,Ependymal,Bdh2,Synthesis (ketogenesis),Cuprizone,Ctrl,0.001561680226586759,0.02116956189274788,-3.113417959398317,,4,1,"Serpina3n-cKO cuprizone (m, sn)  [Cuprizone vs Ctrl]"
Serpina3n_Cuprizone_snRNA_mouse,Ependymal,Oxct1,Utilisation (ketolysis),Cuprizone,Ctrl,0.7536731958389282,1.0989514589309692,-0.5435159195429505,,4,1,"Serpina3n-cKO cuprizone (m, sn)  [Cuprizone vs Ctrl]"
Serpina3n_Cuprizone_snRNA_mouse,Ependymal,Acat1,Utilisation (ketolysis),Cuprizone,Ctrl,0.35994070768356323,0.42874664068222046,-0.2517244995217699,,4,1,"Serpina3n-cKO cuprizone (m, sn)  [Cuprizone vs Ctrl]"
Serpina3n_Cuprizone_snRNA_mouse,Ependymal,Acss1,Acetate activation,Cuprizone,Ctrl,0.051570676267147064,0.38193294405937195,-2.8647615829407824,,4,1,"Serpina3n-cKO cuprizone (m, sn)  [Cuprizone vs Ctrl]"
Serpina3n_Cuprizone_snRNA_mouse,Ependymal,Acss2,Acetate activation,Cuprizone,Ctrl,0.2590975761413574,0.42557865381240845,-0.7137588195596398,,4,1,"Serpina3n-cKO cuprizone (m, sn)  [Cuprizone vs Ctrl]"
Serpina3n_Cuprizone_snRNA_mouse,Ependymal,Slc16a1,Ketone / lactate transport,Cuprizone,Ctrl,0.03809551149606705,0.06109411269426346,-0.667453506096197,,4,1,"Serpina3n-cKO cuprizone (m, sn)  [Cuprizone vs Ctrl]"
Serpina3n_Cuprizone_snRNA_mouse,Ependymal,Slc16a7,Ketone / lactate transport,Cuprizone,Ctrl,0.9675240516662598,0.4505079686641693,1.1010364261231498,,4,1,"Serpina3n-cKO cuprizone (m, sn)  [Cuprizone vs Ctrl]"
Serpina3n_Cuprizone_snRNA_mouse,Ependymal,Slc16a3,Ketone / lactate transport,Cuprizone,Ctrl,0.0013112362939864397,0.0,1.2086647642345878,,4,1,"Serpina3n-cKO cuprizone (m, sn)  [Cuprizone vs Ctrl]"
Serpina3n_Cuprizone_snRNA_mouse,Ependymal,Slc16a6,Ketone / lactate transport,Cuprizone,Ctrl,0.09094057977199554,0.4443236291408539,-2.2760804952346305,,4,1,"Serpina3n-cKO cuprizone (m, sn)  [Cuprizone vs Ctrl]"
Serpina3n_Cuprizone_snRNA_mouse,Ependymal,Slc5a8,Ketone / lactate transport,Cuprizone,Ctrl,0.0,0.0,0.0,,4,1,"Serpina3n-cKO cuprizone (m, sn)  [Cuprizone vs Ctrl]"
Serpina3n_Cuprizone_snRNA_mouse,Ependymal,Bsg,Ketone / lactate transport,Cuprizone,Ctrl,0.20483456552028656,0.31614747643470764,-0.6236685901844126,,4,1,"Serpina3n-cKO cuprizone (m, sn)  [Cuprizone vs Ctrl]"
Serpina3n_Cuprizone_snRNA_mouse,Ependymal,Hcar2,Receptors,Cuprizone,Ctrl,0.0002959522244054824,0.0,0.37401253389865635,,4,1,"Serpina3n-cKO cuprizone (m, sn)  [Cuprizone vs Ctrl]"
Serpina3n_Cuprizone_snRNA_mouse,Ependymal,Ffar2,Receptors,Cuprizone,Ctrl,0.0,0.0,0.0,,4,1,"Serpina3n-cKO cuprizone (m, sn)  [Cuprizone vs Ctrl]"
Serpina3n_Cuprizone_snRNA_mouse,Ependymal,Cpt1a,Fatty-acid supply / regulators,Cuprizone,Ctrl,0.03337586671113968,0.4577522873878479,-3.7382473579576976,,4,1,"Serpina3n-cKO cuprizone (m, sn)  [Cuprizone vs Ctrl]"
Serpina3n_Cuprizone_snRNA_mouse,Ependymal,Cpt2,Fatty-acid supply / regulators,Cuprizone,Ctrl,0.007778640370815992,0.023664258420467377,-1.4903524918575317,,4,1,"Serpina3n-cKO cuprizone (m, sn)  [Cuprizone vs Ctrl]"
Serpina3n_Cuprizone_snRNA_mouse,Ependymal,Acadm,Fatty-acid supply / regulators,Cuprizone,Ctrl,0.0655432939529419,0.20617428421974182,-1.6384797499159072,,4,1,"Serpina3n-cKO cuprizone (m, sn)  [Cuprizone vs Ctrl]"
Serpina3n_Cuprizone_snRNA_mouse,Ependymal,Hadha,Fatty-acid supply / regulators,Cuprizone,Ctrl,0.21412548422813416,0.28393054008483887,-0.4054318245836117,,4,1,"Serpina3n-cKO cuprizone (m, sn)  [Cuprizone vs Ctrl]"
Serpina3n_Cuprizone_snRNA_mouse,Ependymal,Acaa2,Fatty-acid supply / regulators,Cuprizone,Ctrl,0.04261542111635208,0.22544413805007935,-2.37624496849265,,4,1,"Serpina3n-cKO cuprizone (m, sn)  [Cuprizone vs Ctrl]"
Serpina3n_Cuprizone_snRNA_mouse,Ependymal,Ppara,Fatty-acid supply / regulators,Cuprizone,Ctrl,0.022210393100976944,0.2898634970188141,-3.6474993894019803,,4,1,"Serpina3n-cKO cuprizone (m, sn)  [Cuprizone vs Ctrl]"
Serpina3n_Cuprizone_snRNA_mouse,Ependymal,Ppargc1a,Fatty-acid supply / regulators,Cuprizone,Ctrl,0.3982197046279907,0.8388376235961914,-1.0729274896543546,,4,1,"Serpina3n-cKO cuprizone (m, sn)  [Cuprizone vs Ctrl]"
Serpina3n_Cuprizone_snRNA_mouse,Ependymal,Fgf21,Fatty-acid supply / regulators,Cuprizone,Ctrl,0.0,0.0,0.0,,4,1,"Serpina3n-cKO cuprizone (m, sn)  [Cuprizone vs Ctrl]"
Ximerakis2019_aging_brain_scRNA,Oligodendrocyte,Hmgcs2,Synthesis (ketogenesis),Old,Young,0.004396375268697739,0.002716831862926483,0.5379172510956756,0.22371031498676497,8,8,"Ximerakis 2019 aging brain (m, sc)  [Old vs Young]"
Ximerakis2019_aging_brain_scRNA,Oligodendrocyte,Hmgcl,Synthesis (ketogenesis),Old,Young,0.5053768754005432,0.5340551733970642,-0.0794761428341109,0.32820512820512815,8,8,"Ximerakis 2019 aging brain (m, sc)  [Old vs Young]"
Ximerakis2019_aging_brain_scRNA,Oligodendrocyte,Hmgcll1,Synthesis (ketogenesis),Old,Young,0.004653318785130978,0.006452652160078287,-0.3986558744292666,0.3706183398171955,8,8,"Ximerakis 2019 aging brain (m, sc)  [Old vs Young]"
Ximerakis2019_aging_brain_scRNA,Oligodendrocyte,Bdh1,Utilisation (ketolysis),Old,Young,0.06638196110725403,0.10281933844089508,-0.6236408768443171,0.006993006993006993,8,8,"Ximerakis 2019 aging brain (m, sc)  [Old vs Young]"
Ximerakis2019_aging_brain_scRNA,Oligodendrocyte,Bdh2,Synthesis (ketogenesis),Old,Young,0.0017034943448379636,0.002655921271070838,-0.43540966422221916,0.5009042191737003,8,8,"Ximerakis 2019 aging brain (m, sc)  [Old vs Young]"
Ximerakis2019_aging_brain_scRNA,Oligodendrocyte,Oxct1,Utilisation (ketolysis),Old,Young,0.4008827805519104,0.45794159173965454,-0.1915357937588596,0.04988344988344988,8,8,"Ximerakis 2019 aging brain (m, sc)  [Old vs Young]"
Ximerakis2019_aging_brain_scRNA,Oligodendrocyte,Acat1,Utilisation (ketolysis),Old,Young,0.37993699312210083,0.3987639248371124,-0.06959589140088769,0.6453768453768453,8,8,"Ximerakis 2019 aging brain (m, sc)  [Old vs Young]"
Ximerakis2019_aging_brain_scRNA,Oligodendrocyte,Acss1,Acetate activation,Old,Young,0.01209551002830267,0.015415013767778873,-0.3259437107961289,0.7209013209013208,8,8,"Ximerakis 2019 aging brain (m, sc)  [Old vs Young]"
Ximerakis2019_aging_brain_scRNA,Oligodendrocyte,Acss2,Acetate activation,Old,Young,0.12644687294960022,0.19473133981227875,-0.6189787980340562,0.020668220668220667,8,8,"Ximerakis 2019 aging brain (m, sc)  [Old vs Young]"
Ximerakis2019_aging_brain_scRNA,Oligodendrocyte,Slc16a1,Ketone / lactate transport,Old,Young,0.27991339564323425,0.35486194491386414,-0.3411922399956967,0.10489510489510488,8,8,"Ximerakis 2019 aging brain (m, sc)  [Old vs Young]"
Ximerakis2019_aging_brain_scRNA,Oligodendrocyte,Slc16a7,Ketone / lactate transport,Old,Young,0.0476471409201622,0.03742143511772156,0.3404436101539692,0.19487179487179485,8,8,"Ximerakis 2019 aging brain (m, sc)  [Old vs Young]"
Ximerakis2019_aging_brain_scRNA,Oligodendrocyte,Slc16a3,Ketone / lactate transport,Old,Young,0.029932266101241112,0.03703076392412186,-0.2980543893838,0.23449883449883446,8,8,"Ximerakis 2019 aging brain (m, sc)  [Old vs Young]"
Ximerakis2019_aging_brain_scRNA,Oligodendrocyte,Slc16a6,Ketone / lactate transport,Old,Young,0.01986142247915268,0.025408197194337845,-0.34014828220268634,0.19487179487179485,8,8,"Ximerakis 2019 aging brain (m, sc)  [Old vs Young]"
Ximerakis2019_aging_brain_scRNA,Oligodendrocyte,Slc5a8,Ketone / lactate transport,Old,Young,0.00013164129632059485,0.0,0.17841673022948584,0.38157390570502137,8,8,"Ximerakis 2019 aging brain (m, sc)  [Old vs Young]"
Ximerakis2019_aging_brain_scRNA,Oligodendrocyte,Bsg,Ketone / lactate transport,Old,Young,1.1769814491271973,1.2060579061508179,-0.03517806835662883,0.6453768453768453,8,8,"Ximerakis 2019 aging brain (m, sc)  [Old vs Young]"
Ximerakis2019_aging_brain_scRNA,Oligodendrocyte,Hcar2,Receptors,Old,Young,0.0,0.0,0.0,1.0,8,8,"Ximerakis 2019 aging brain (m, sc)  [Old vs Young]"
Ximerakis2019_aging_brain_scRNA,Oligodendrocyte,Cpt1a,Fatty-acid supply / regulators,Old,Young,0.01969350501894951,0.02361758053302765,-0.25051095141398694,0.2786324786324786,8,8,"Ximerakis 2019 aging brain (m, sc)  [Old vs Young]"
Ximerakis2019_aging_brain_scRNA,Oligodendrocyte,Cpt2,Fatty-acid supply / regulators,Old,Young,0.08317653089761734,0.08771850168704987,-0.07581694667692633,0.3822843822843822,8,8,"Ximerakis 2019 aging brain (m, sc)  [Old vs Young]"
Ximerakis2019_aging_brain_scRNA,Oligodendrocyte,Acadm,Fatty-acid supply / regulators,Old,Young,0.2517406642436981,0.2437182366847992,0.046536186000313534,0.6453768453768453,8,8,"Ximerakis 2019 aging brain (m, sc)  [Old vs Young]"
Ximerakis2019_aging_brain_scRNA,Oligodendrocyte,Hadha,Fatty-acid supply / regulators,Old,Young,0.36576688289642334,0.4037458598613739,-0.14215294619374524,0.13038073038073036,8,8,"Ximerakis 2019 aging brain (m, sc)  [Old vs Young]"
Ximerakis2019_aging_brain_scRNA,Oligodendrocyte,Acaa2,Fatty-acid supply / regulators,Old,Young,0.04299396276473999,0.043838098645210266,-0.027419543974048485,0.8784770784770783,8,8,"Ximerakis 2019 aging brain (m, sc)  [Old vs Young]"
Ximerakis2019_aging_brain_scRNA,Oligodendrocyte,Ppara,Fatty-acid supply / regulators,Old,Young,0.002460351213812828,0.003582702949643135,-0.4052802994857805,1.0,8,8,"Ximerakis 2019 aging brain (m, sc)  [Old vs Young]"
Ximerakis2019_aging_brain_scRNA,Oligodendrocyte,Ppargc1a,Fatty-acid supply / regulators,Old,Young,0.01070446614176035,0.010783065110445023,-0.009655741542769785,0.8784770784770783,8,8,"Ximerakis 2019 aging brain (m, sc)  [Old vs Young]"
Ximerakis2019_aging_brain_scRNA,OPC,Hmgcs2,Synthesis (ketogenesis),Old,Young,0.005526883527636528,0.007315680384635925,-0.3494400142877068,0.6854434826775221,8,8,"Ximerakis 2019 aging brain (m, sc)  [Old vs Young]"
Ximerakis2019_aging_brain_scRNA,OPC,Hmgcl,Synthesis (ketogenesis),Old,Young,0.3056982159614563,0.35377421975135803,-0.21008140306446102,0.3822843822843822,8,8,"Ximerakis 2019 aging brain (m, sc)  [Old vs Young]"
Ximerakis2019_aging_brain_scRNA,OPC,Hmgcll1,Synthesis (ketogenesis),Old,Young,0.08993518352508545,0.05796647444367409,0.6249436530838919,0.13038073038073036,8,8,"Ximerakis 2019 aging brain (m, sc)  [Old vs Young]"
Ximerakis2019_aging_brain_scRNA,OPC,Bdh1,Utilisation (ketolysis),Old,Young,0.2213900089263916,0.27715665102005005,-0.3228056272407693,0.23449883449883446,8,8,"Ximerakis 2019 aging brain (m, sc)  [Old vs Young]"
Ximerakis2019_aging_brain_scRNA,OPC,Bdh2,Synthesis (ketogenesis),Old,Young,0.0,0.007443168666213751,-3.0777845346094255,0.03247420230516558,8,8,"Ximerakis 2019 aging brain (m, sc)  [Old vs Young]"
Ximerakis2019_aging_brain_scRNA,OPC,Oxct1,Utilisation (ketolysis),Old,Young,0.5111138224601746,0.5374176502227783,-0.07226120527465575,0.6453768453768453,8,8,"Ximerakis 2019 aging brain (m, sc)  [Old vs Young]"
Ximerakis2019_aging_brain_scRNA,OPC,Acat1,Utilisation (ketolysis),Old,Young,0.3864148259162903,0.43940412998199463,-0.1849488328762831,0.2786324786324786,8,8,"Ximerakis 2019 aging brain (m, sc)  [Old vs Young]"
Ximerakis2019_aging_brain_scRNA,OPC,Acss1,Acetate activation,Old,Young,0.14911630749702454,0.17135685682296753,-0.19931798524792485,0.4418026418026417,8,8,"Ximerakis 2019 aging brain (m, sc)  [Old vs Young]"
Ximerakis2019_aging_brain_scRNA,OPC,Acss2,Acetate activation,Old,Young,0.0824480652809143,0.10858967900276184,-0.39316142714278235,0.19487179487179485,8,8,"Ximerakis 2019 aging brain (m, sc)  [Old vs Young]"
Ximerakis2019_aging_brain_scRNA,OPC,Slc16a1,Ketone / lactate transport,Old,Young,0.10035678744316101,0.08671733736991882,0.20850877806653043,0.7984459984459983,8,8,"Ximerakis 2019 aging brain (m, sc)  [Old vs Young]"
Ximerakis2019_aging_brain_scRNA,OPC,Slc16a7,Ketone / lactate transport,Old,Young,0.060180068016052246,0.03144648298621178,0.9149996040111915,0.06495726495726495,8,8,"Ximerakis 2019 aging brain (m, sc)  [Old vs Young]"
Ximerakis2019_aging_brain_scRNA,OPC,Slc16a3,Ketone / lactate transport,Old,Young,0.015435464680194855,0.007031274028122425,1.0331114757420885,0.24967519948822758,8,8,"Ximerakis 2019 aging brain (m, sc)  [Old vs Young]"
Ximerakis2019_aging_brain_scRNA,OPC,Slc16a6,Ketone / lactate transport,Old,Young,0.022926928475499153,0.015268208459019661,0.5565798259458766,0.39732141903557106,8,8,"Ximerakis 2019 aging brain (m, sc)  [Old vs Young]"
Ximerakis2019_aging_brain_scRNA,OPC,Slc5a8,Ketone / lactate transport,Old,Young,0.002980464603751898,0.005864557344466448,-0.7862298589424429,0.5655630979387989,8,8,"Ximerakis 2019 aging brain (m, sc)  [Old vs Young]"
Ximerakis2019_aging_brain_scRNA,OPC,Bsg,Ketone / lactate transport,Old,Young,1.8598458766937256,1.9401683807373047,-0.06096669556532084,0.10489510489510488,8,8,"Ximerakis 2019 aging brain (m, sc)  [Old vs Young]"
Ximerakis2019_aging_brain_scRNA,OPC,Hcar2,Receptors,Old,Young,0.0,0.0,0.0,1.0,8,8,"Ximerakis 2019 aging brain (m, sc)  [Old vs Young]"
Ximerakis2019_aging_brain_scRNA,OPC,Cpt1a,Fatty-acid supply / regulators,Old,Young,0.09814980626106262,0.07142287492752075,0.45316450567522,0.32820512820512815,8,8,"Ximerakis 2019 aging brain (m, sc)  [Old vs Young]"
Ximerakis2019_aging_brain_scRNA,OPC,Cpt2,Fatty-acid supply / regulators,Old,Young,0.1005665510892868,0.08402018249034882,0.2565480968482035,0.4418026418026417,8,8,"Ximerakis 2019 aging brain (m, sc)  [Old vs Young]"
Ximerakis2019_aging_brain_scRNA,OPC,Acadm,Fatty-acid supply / regulators,Old,Young,0.286781907081604,0.31902986764907837,-0.15323066245344383,0.4418026418026417,8,8,"Ximerakis 2019 aging brain (m, sc)  [Old vs Young]"
Ximerakis2019_aging_brain_scRNA,OPC,Hadha,Fatty-acid supply / regulators,Old,Young,0.3120635747909546,0.43373560905456543,-0.47368261167972414,0.10489510489510488,8,8,"Ximerakis 2019 aging brain (m, sc)  [Old vs Young]"
Ximerakis2019_aging_brain_scRNA,OPC,Acaa2,Fatty-acid supply / regulators,Old,Young,0.03139316290616989,0.04656758904457092,-0.5542895629569764,0.2697960790058185,8,8,"Ximerakis 2019 aging brain (m, sc)  [Old vs Young]"
Ximerakis2019_aging_brain_scRNA,OPC,Ppara,Fatty-acid supply / regulators,Old,Young,0.014389578253030777,0.02001076191663742,-0.44917478407690714,0.4186613785292437,8,8,"Ximerakis 2019 aging brain (m, sc)  [Old vs Young]"
Ximerakis2019_aging_brain_scRNA,OPC,Ppargc1a,Fatty-acid supply / regulators,Old,Young,0.18283015489578247,0.15881608426570892,0.20196082921581743,0.6453768453768453,8,8,"Ximerakis 2019 aging brain (m, sc)  [Old vs Young]"
Ximerakis2019_aging_brain_scRNA,Microglia,Hmgcs2,Synthesis (ketogenesis),Old,Young,0.006883010268211365,0.0035034972243010998,0.8077008815103133,0.2619562016970459,8,8,"Ximerakis 2019 aging brain (m, sc)  [Old vs Young]"
Ximerakis2019_aging_brain_scRNA,Microglia,Hmgcl,Synthesis (ketogenesis),Old,Young,0.28719592094421387,0.26344019174575806,0.12410845019982264,0.7209013209013208,8,8,"Ximerakis 2019 aging brain (m, sc)  [Old vs Young]"
Ximerakis2019_aging_brain_scRNA,Microglia,Hmgcll1,Synthesis (ketogenesis),Old,Young,0.0,0.00115795130841434,-1.1096623125081913,0.38157390570502137,8,8,"Ximerakis 2019 aging brain (m, sc)  [Old vs Young]"
Ximerakis2019_aging_brain_scRNA,Microglia,Bdh1,Utilisation (ketolysis),Old,Young,0.015003228560090065,0.01540938951075077,-0.03615857635064795,0.9162977979978499,8,8,"Ximerakis 2019 aging brain (m, sc)  [Old vs Young]"
Ximerakis2019_aging_brain_scRNA,Microglia,Bdh2,Synthesis (ketogenesis),Old,Young,0.0036473011132329702,0.0043088714592158794,-0.19201208608388853,0.9039463242886905,8,8,"Ximerakis 2019 aging brain (m, sc)  [Old vs Young]"
Ximerakis2019_aging_brain_scRNA,Microglia,Oxct1,Utilisation (ketolysis),Old,Young,0.8959536552429199,0.7541171312332153,0.24833299656061622,0.08298368298368297,8,8,"Ximerakis 2019 aging brain (m, sc)  [Old vs Young]"
Ximerakis2019_aging_brain_scRNA,Microglia,Acat1,Utilisation (ketolysis),Old,Young,0.2958848476409912,0.31433340907096863,-0.08697456617773557,0.6453768453768453,8,8,"Ximerakis 2019 aging brain (m, sc)  [Old vs Young]"
Ximerakis2019_aging_brain_scRNA,Microglia,Acss1,Acetate activation,Old,Young,0.1255345642566681,0.16344937682151794,-0.37811201492459906,0.19487179487179485,8,8,"Ximerakis 2019 aging brain (m, sc)  [Old vs Young]"
Ximerakis2019_aging_brain_scRNA,Microglia,Acss2,Acetate activation,Old,Young,0.011824649758636951,0.018678026273846626,-0.6176660977973549,0.3169975086812533,8,8,"Ximerakis 2019 aging brain (m, sc)  [Old vs Young]"
Ximerakis2019_aging_brain_scRNA,Microglia,Slc16a1,Ketone / lactate transport,Old,Young,0.026342932134866714,0.04697573184967041,-0.8111368548340767,0.028127428127428127,8,8,"Ximerakis 2019 aging brain (m, sc)  [Old vs Young]"
Ximerakis2019_aging_brain_scRNA,Microglia,Slc16a7,Ketone / lactate transport,Old,Young,0.05935511365532875,0.0742020457983017,-0.31729589941878267,0.23449883449883446,8,8,"Ximerakis 2019 aging brain (m, sc)  [Old vs Young]"
Ximerakis2019_aging_brain_scRNA,Microglia,Slc16a3,Ketone / lactate transport,Old,Young,0.20885109901428223,0.1415095031261444,0.5583078914146093,0.004662004662004662,8,8,"Ximerakis 2019 aging brain (m, sc)  [Old vs Young]"
Ximerakis2019_aging_brain_scRNA,Microglia,Slc16a6,Ketone / lactate transport,Old,Young,0.5626463890075684,0.617992639541626,-0.13513190175107,0.19487179487179485,8,8,"Ximerakis 2019 aging brain (m, sc)  [Old vs Young]"
Ximerakis2019_aging_brain_scRNA,Microglia,Slc5a8,Ketone / lactate transport,Old,Young,0.0,0.0,0.0,1.0,8,8,"Ximerakis 2019 aging brain (m, sc)  [Old vs Young]"
Ximerakis2019_aging_brain_scRNA,Microglia,Bsg,Ketone / lactate transport,Old,Young,1.7478852272033691,1.7558693885803223,-0.006571326976104627,0.7984459984459983,8,8,"Ximerakis 2019 aging brain (m, sc)  [Old vs Young]"
Ximerakis2019_aging_brain_scRNA,Microglia,Hcar2,Receptors,Old,Young,0.19529566168785095,0.07903875410556793,1.2942576729491506,0.010411810411810413,8,8,"Ximerakis 2019 aging brain (m, sc)  [Old vs Young]"
Ximerakis2019_aging_brain_scRNA,Microglia,Cpt1a,Fatty-acid supply / regulators,Old,Young,0.03468885272741318,0.03772011771798134,-0.11760981424030986,0.5053613053613053,8,8,"Ximerakis 2019 aging brain (m, sc)  [Old vs Young]"
Ximerakis2019_aging_brain_scRNA,Microglia,Cpt2,Fatty-acid supply / regulators,Old,Young,0.08196216821670532,0.08259736746549606,-0.011003912146653003,0.7209013209013208,8,8,"Ximerakis 2019 aging brain (m, sc)  [Old vs Young]"
Ximerakis2019_aging_brain_scRNA,Microglia,Acadm,Fatty-acid supply / regulators,Old,Young,0.3514692485332489,0.29403960704803467,0.2565887544868209,0.08298368298368297,8,8,"Ximerakis 2019 aging brain (m, sc)  [Old vs Young]"
Ximerakis2019_aging_brain_scRNA,Microglia,Hadha,Fatty-acid supply / regulators,Old,Young,0.28994107246398926,0.2944996953010559,-0.022429665170299845,0.8784770784770783,8,8,"Ximerakis 2019 aging brain (m, sc)  [Old vs Young]"
Ximerakis2019_aging_brain_scRNA,Microglia,Acaa2,Fatty-acid supply / regulators,Old,Young,0.13477684557437897,0.14353501796722412,-0.09018159793939569,0.8784770784770783,8,8,"Ximerakis 2019 aging brain (m, sc)  [Old vs Young]"
Ximerakis2019_aging_brain_scRNA,Microglia,Ppara,Fatty-acid supply / regulators,Old,Young,0.0,0.001723629655316472,-1.4455305466825987,0.38157390570502137,8,8,"Ximerakis 2019 aging brain (m, sc)  [Old vs Young]"
Ximerakis2019_aging_brain_scRNA,Microglia,Ppargc1a,Fatty-acid supply / regulators,Old,Young,0.005997945554554462,0.010603930801153183,-0.7296102520388178,0.1501208222419232,8,8,"Ximerakis 2019 aging brain (m, sc)  [Old vs Young]"
Ximerakis2019_aging_brain_scRNA,Astrocyte,Hmgcs2,Synthesis (ketogenesis),Old,Young,0.08247622847557068,0.05538491904735565,0.5660560750202254,0.020668220668220667,8,8,"Ximerakis 2019 aging brain (m, sc)  [Old vs Young]"
Ximerakis2019_aging_brain_scRNA,Astrocyte,Hmgcl,Synthesis (ketogenesis),Old,Young,0.1955706775188446,0.20541802048683167,-0.07052079422438891,0.7984459984459983,8,8,"Ximerakis 2019 aging brain (m, sc)  [Old vs Young]"
Ximerakis2019_aging_brain_scRNA,Astrocyte,Hmgcll1,Synthesis (ketogenesis),Old,Young,0.013970861211419106,0.020524851977825165,-0.5238461004934374,0.06495726495726495,8,8,"Ximerakis 2019 aging brain (m, sc)  [Old vs Young]"
Ximerakis2019_aging_brain_scRNA,Astrocyte,Bdh1,Utilisation (ketolysis),Old,Young,0.415479838848114,0.4853385388851166,-0.22371426085060359,0.08298368298368297,8,8,"Ximerakis 2019 aging brain (m, sc)  [Old vs Young]"
Ximerakis2019_aging_brain_scRNA,Astrocyte,Bdh2,Synthesis (ketogenesis),Old,Young,0.11078599840402603,0.1095157116651535,0.01648800924911305,0.7984459984459983,8,8,"Ximerakis 2019 aging brain (m, sc)  [Old vs Young]"
Ximerakis2019_aging_brain_scRNA,Astrocyte,Oxct1,Utilisation (ketolysis),Old,Young,0.560096263885498,0.6150192022323608,-0.1347270160521169,0.10489510489510488,8,8,"Ximerakis 2019 aging brain (m, sc)  [Old vs Young]"
Ximerakis2019_aging_brain_scRNA,Astrocyte,Acat1,Utilisation (ketolysis),Old,Young,0.43585482239723206,0.44585615396499634,-0.03265657647047878,0.6453768453768453,8,8,"Ximerakis 2019 aging brain (m, sc)  [Old vs Young]"
Ximerakis2019_aging_brain_scRNA,Astrocyte,Acss1,Acetate activation,Old,Young,0.42370837926864624,0.47757962346076965,-0.1722863998268205,0.13038073038073036,8,8,"Ximerakis 2019 aging brain (m, sc)  [Old vs Young]"
Ximerakis2019_aging_brain_scRNA,Astrocyte,Acss2,Acetate activation,Old,Young,0.46965253353118896,0.4994664192199707,-0.08861090795051403,0.4418026418026417,8,8,"Ximerakis 2019 aging brain (m, sc)  [Old vs Young]"
Ximerakis2019_aging_brain_scRNA,Astrocyte,Slc16a1,Ketone / lactate transport,Old,Young,0.2076447606086731,0.24383491277694702,-0.23076060423478645,0.23449883449883446,8,8,"Ximerakis 2019 aging brain (m, sc)  [Old vs Young]"
Ximerakis2019_aging_brain_scRNA,Astrocyte,Slc16a7,Ketone / lactate transport,Old,Young,0.002254239283502102,0.0,1.7023203359612138,0.07644792983041898,8,8,"Ximerakis 2019 aging brain (m, sc)  [Old vs Young]"
Ximerakis2019_aging_brain_scRNA,Astrocyte,Slc16a3,Ketone / lactate transport,Old,Young,0.0022502474021166563,0.0013555900659412146,0.46446104280863154,0.7173273000417575,8,8,"Ximerakis 2019 aging brain (m, sc)  [Old vs Young]"
Ximerakis2019_aging_brain_scRNA,Astrocyte,Slc16a6,Ketone / lactate transport,Old,Young,0.06278537958860397,0.046317651867866516,0.43084729612494455,0.06495726495726495,8,8,"Ximerakis 2019 aging brain (m, sc)  [Old vs Young]"
Ximerakis2019_aging_brain_scRNA,Astrocyte,Slc5a8,Ketone / lactate transport,Old,Young,0.0045171454548835754,0.004164517857134342,0.09528834642649378,0.7723374412927804,8,8,"Ximerakis 2019 aging brain (m, sc)  [Old vs Young]"
Ximerakis2019_aging_brain_scRNA,Astrocyte,Bsg,Ketone / lactate transport,Old,Young,1.6164807081222534,1.6327152252197266,-0.014408022435212036,0.5053613053613053,8,8,"Ximerakis 2019 aging brain (m, sc)  [Old vs Young]"
Ximerakis2019_aging_brain_scRNA,Astrocyte,Hcar2,Receptors,Old,Young,0.0,0.0,0.0,1.0,8,8,"Ximerakis 2019 aging brain (m, sc)  [Old vs Young]"
Ximerakis2019_aging_brain_scRNA,Astrocyte,Cpt1a,Fatty-acid supply / regulators,Old,Young,0.24718579649925232,0.28704869747161865,-0.21489218070868205,0.13038073038073036,8,8,"Ximerakis 2019 aging brain (m, sc)  [Old vs Young]"
Ximerakis2019_aging_brain_scRNA,Astrocyte,Cpt2,Fatty-acid supply / regulators,Old,Young,0.1388089656829834,0.1542896032333374,-0.1515043623706316,0.2786324786324786,8,8,"Ximerakis 2019 aging brain (m, sc)  [Old vs Young]"
Ximerakis2019_aging_brain_scRNA,Astrocyte,Acadm,Fatty-acid supply / regulators,Old,Young,0.4253438115119934,0.4377438426017761,-0.041361562866498586,0.7984459984459983,8,8,"Ximerakis 2019 aging brain (m, sc)  [Old vs Young]"
Ximerakis2019_aging_brain_scRNA,Astrocyte,Hadha,Fatty-acid supply / regulators,Old,Young,0.47100210189819336,0.43616387248039246,0.1106191035080104,0.6453768453768453,8,8,"Ximerakis 2019 aging brain (m, sc)  [Old vs Young]"
Ximerakis2019_aging_brain_scRNA,Astrocyte,Acaa2,Fatty-acid supply / regulators,Old,Young,0.5866591930389404,0.5619601607322693,0.061946891254037684,0.8784770784770783,8,8,"Ximerakis 2019 aging brain (m, sc)  [Old vs Young]"
Ximerakis2019_aging_brain_scRNA,Astrocyte,Ppara,Fatty-acid supply / regulators,Old,Young,0.03360908478498459,0.031022384762763977,0.11207003899686953,0.8784770784770783,8,8,"Ximerakis 2019 aging brain (m, sc)  [Old vs Young]"
Ximerakis2019_aging_brain_scRNA,Astrocyte,Ppargc1a,Fatty-acid supply / regulators,Old,Young,0.5105540752410889,0.5164386034011841,-0.016500937897511593,0.6453768453768453,8,8,"Ximerakis 2019 aging brain (m, sc)  [Old vs Young]"
Ximerakis2019_aging_brain_scRNA,Neuron,Hmgcs2,Synthesis (ketogenesis),Old,Young,0.9910461902618408,0.8917098641395569,0.1522159276104213,0.7209013209013208,8,8,"Ximerakis 2019 aging brain (m, sc)  [Old vs Young]"
Ximerakis2019_aging_brain_scRNA,Neuron,Hmgcl,Synthesis (ketogenesis),Old,Young,0.2530231773853302,0.25336793065071106,-0.0019566585436815347,0.7984459984459983,8,8,"Ximerakis 2019 aging brain (m, sc)  [Old vs Young]"
Ximerakis2019_aging_brain_scRNA,Neuron,Hmgcll1,Synthesis (ketogenesis),Old,Young,0.13745471835136414,0.10833702981472015,0.3406321298776701,0.1605283605283605,8,8,"Ximerakis 2019 aging brain (m, sc)  [Old vs Young]"
Ximerakis2019_aging_brain_scRNA,Neuron,Bdh1,Utilisation (ketolysis),Old,Young,0.11212815344333649,0.11024153232574463,0.024262485113965792,0.8784770784770783,8,8,"Ximerakis 2019 aging brain (m, sc)  [Old vs Young]"
Ximerakis2019_aging_brain_scRNA,Neuron,Bdh2,Synthesis (ketogenesis),Old,Young,0.014428019523620605,0.0019207424484193325,2.401145824973703,0.11046513041143856,8,8,"Ximerakis 2019 aging brain (m, sc)  [Old vs Young]"
Ximerakis2019_aging_brain_scRNA,Neuron,Oxct1,Utilisation (ketolysis),Old,Young,0.5622285604476929,0.5883446931838989,-0.0653911850169666,0.8784770784770783,8,8,"Ximerakis 2019 aging brain (m, sc)  [Old vs Young]"
Ximerakis2019_aging_brain_scRNA,Neuron,Acat1,Utilisation (ketolysis),Old,Young,0.46601903438568115,0.4846879541873932,-0.05654835440071469,0.5737373737373737,8,8,"Ximerakis 2019 aging brain (m, sc)  [Old vs Young]"
Ximerakis2019_aging_brain_scRNA,Neuron,Acss1,Acetate activation,Old,Young,0.10446178913116455,0.14233584702014923,-0.44267908294430447,0.32820512820512815,8,8,"Ximerakis 2019 aging brain (m, sc)  [Old vs Young]"
Ximerakis2019_aging_brain_scRNA,Neuron,Acss2,Acetate activation,Old,Young,0.28802093863487244,0.21220844984054565,0.4389093992435878,0.10489510489510488,8,8,"Ximerakis 2019 aging brain (m, sc)  [Old vs Young]"
Ximerakis2019_aging_brain_scRNA,Neuron,Slc16a1,Ketone / lactate transport,Old,Young,0.3786531686782837,0.44491660594940186,-0.23209187735808143,0.5053613053613053,8,8,"Ximerakis 2019 aging brain (m, sc)  [Old vs Young]"
Ximerakis2019_aging_brain_scRNA,Neuron,Slc16a7,Ketone / lactate transport,Old,Young,0.06558890640735626,0.06253684312105179,0.06768843652993226,0.8747345961020656,8,8,"Ximerakis 2019 aging brain (m, sc)  [Old vs Young]"
Ximerakis2019_aging_brain_scRNA,Neuron,Slc16a3,Ketone / lactate transport,Old,Young,0.009224341250956059,0.00812319852411747,0.1643962779496564,0.6854434826775221,8,8,"Ximerakis 2019 aging brain (m, sc)  [Old vs Young]"
Ximerakis2019_aging_brain_scRNA,Neuron,Slc16a6,Ketone / lactate transport,Old,Young,0.04220972955226898,0.02960064634680748,0.49779407535099257,0.5576726074341468,8,8,"Ximerakis 2019 aging brain (m, sc)  [Old vs Young]"
Ximerakis2019_aging_brain_scRNA,Neuron,Slc5a8,Ketone / lactate transport,Old,Young,0.0,0.0,0.0,1.0,8,8,"Ximerakis 2019 aging brain (m, sc)  [Old vs Young]"
Ximerakis2019_aging_brain_scRNA,Neuron,Bsg,Ketone / lactate transport,Old,Young,2.0188844203948975,1.9878365993499756,0.02234799224323714,1.0,8,8,"Ximerakis 2019 aging brain (m, sc)  [Old vs Young]"
Ximerakis2019_aging_brain_scRNA,Neuron,Hcar2,Receptors,Old,Young,0.0,0.0,0.0,1.0,8,8,"Ximerakis 2019 aging brain (m, sc)  [Old vs Young]"
Ximerakis2019_aging_brain_scRNA,Neuron,Cpt1a,Fatty-acid supply / regulators,Old,Young,0.12547744810581207,0.12310358881950378,0.027335328482839576,0.959129759129759,8,8,"Ximerakis 2019 aging brain (m, sc)  [Old vs Young]"
Ximerakis2019_aging_brain_scRNA,Neuron,Cpt2,Fatty-acid supply / regulators,Old,Young,0.08128026127815247,0.07619497179985046,0.09203949646129957,0.8784770784770783,8,8,"Ximerakis 2019 aging brain (m, sc)  [Old vs Young]"
Ximerakis2019_aging_brain_scRNA,Neuron,Acadm,Fatty-acid supply / regulators,Old,Young,0.4186893105506897,0.3688838481903076,0.1822494150623752,0.4418026418026417,8,8,"Ximerakis 2019 aging brain (m, sc)  [Old vs Young]"
Ximerakis2019_aging_brain_scRNA,Neuron,Hadha,Fatty-acid supply / regulators,Old,Young,0.55218505859375,0.5109714269638062,0.11169889422726534,0.959129759129759,8,8,"Ximerakis 2019 aging brain (m, sc)  [Old vs Young]"
Ximerakis2019_aging_brain_scRNA,Neuron,Acaa2,Fatty-acid supply / regulators,Old,Young,0.7804654240608215,0.659991443157196,0.24155044709913423,0.13038073038073036,8,8,"Ximerakis 2019 aging brain (m, sc)  [Old vs Young]"
Ximerakis2019_aging_brain_scRNA,Neuron,Ppara,Fatty-acid supply / regulators,Old,Young,0.03667528182268143,0.025869112461805344,0.4876696365050001,0.24764784610289658,8,8,"Ximerakis 2019 aging brain (m, sc)  [Old vs Young]"
Ximerakis2019_aging_brain_scRNA,Neuron,Ppargc1a,Fatty-acid supply / regulators,Old,Young,0.1712486743927002,0.1794208586215973,-0.06687325939140969,0.959129759129759,8,8,"Ximerakis 2019 aging brain (m, sc)  [Old vs Young]"
Ximerakis2019_aging_brain_scRNA,Endothelial,Hmgcs2,Synthesis (ketogenesis),Old,Young,0.3686463236808777,0.5367359519004822,-0.5407523653304467,0.010411810411810413,8,8,"Ximerakis 2019 aging brain (m, sc)  [Old vs Young]"
Ximerakis2019_aging_brain_scRNA,Endothelial,Hmgcl,Synthesis (ketogenesis),Old,Young,0.1831904500722885,0.22565610706806183,-0.2993067716656664,0.13038073038073036,8,8,"Ximerakis 2019 aging brain (m, sc)  [Old vs Young]"
Ximerakis2019_aging_brain_scRNA,Endothelial,Hmgcll1,Synthesis (ketogenesis),Old,Young,0.000967517145909369,0.0012992069823667407,-0.22476014003584213,1.0,8,8,"Ximerakis 2019 aging brain (m, sc)  [Old vs Young]"
Ximerakis2019_aging_brain_scRNA,Endothelial,Bdh1,Utilisation (ketolysis),Old,Young,0.026480741798877716,0.03250133991241455,-0.2857978505085563,1.0,8,8,"Ximerakis 2019 aging brain (m, sc)  [Old vs Young]"
Ximerakis2019_aging_brain_scRNA,Endothelial,Bdh2,Synthesis (ketogenesis),Old,Young,0.005167959723621607,0.009316806681454182,-0.7421312387303849,0.5244497218060842,8,8,"Ximerakis 2019 aging brain (m, sc)  [Old vs Young]"
Ximerakis2019_aging_brain_scRNA,Endothelial,Oxct1,Utilisation (ketolysis),Old,Young,0.1547727733850479,0.1745029091835022,-0.17205185005159557,0.5053613053613053,8,8,"Ximerakis 2019 aging brain (m, sc)  [Old vs Young]"
Ximerakis2019_aging_brain_scRNA,Endothelial,Acat1,Utilisation (ketolysis),Old,Young,0.25207608938217163,0.29410576820373535,-0.22166091216428424,0.4418026418026417,8,8,"Ximerakis 2019 aging brain (m, sc)  [Old vs Young]"
Ximerakis2019_aging_brain_scRNA,Endothelial,Acss1,Acetate activation,Old,Young,0.025310233235359192,0.03308114409446716,-0.37334972945973466,0.7129894874507409,8,8,"Ximerakis 2019 aging brain (m, sc)  [Old vs Young]"
Ximerakis2019_aging_brain_scRNA,Endothelial,Acss2,Acetate activation,Old,Young,0.04009418562054634,0.0979136973619461,-1.2672360334909534,0.037917637917637914,8,8,"Ximerakis 2019 aging brain (m, sc)  [Old vs Young]"
Ximerakis2019_aging_brain_scRNA,Endothelial,Slc16a1,Ketone / lactate transport,Old,Young,0.787395715713501,0.8344239592552185,-0.0835885828381592,0.5737373737373737,8,8,"Ximerakis 2019 aging brain (m, sc)  [Old vs Young]"
Ximerakis2019_aging_brain_scRNA,Endothelial,Slc16a7,Ketone / lactate transport,Old,Young,0.0,0.0,0.0,1.0,8,8,"Ximerakis 2019 aging brain (m, sc)  [Old vs Young]"
Ximerakis2019_aging_brain_scRNA,Endothelial,Slc16a3,Ketone / lactate transport,Old,Young,0.02421412616968155,0.02333832159638405,0.051002546296880405,1.0,8,8,"Ximerakis 2019 aging brain (m, sc)  [Old vs Young]"
Ximerakis2019_aging_brain_scRNA,Endothelial,Slc16a6,Ketone / lactate transport,Old,Young,0.01117180846631527,0.0034094592556357384,1.4648698871182377,0.3050045206475589,8,8,"Ximerakis 2019 aging brain (m, sc)  [Old vs Young]"
Ximerakis2019_aging_brain_scRNA,Endothelial,Slc5a8,Ketone / lactate transport,Old,Young,0.0,0.0,0.0,1.0,8,8,"Ximerakis 2019 aging brain (m, sc)  [Old vs Young]"
Ximerakis2019_aging_brain_scRNA,Endothelial,Bsg,Ketone / lactate transport,Old,Young,3.115412950515747,3.0670034885406494,0.022586291813163795,0.23449883449883446,8,8,"Ximerakis 2019 aging brain (m, sc)  [Old vs Young]"
Ximerakis2019_aging_brain_scRNA,Endothelial,Hcar2,Receptors,Old,Young,0.0011028919834643602,0.0,1.0723747469206109,0.38157390570502137,8,8,"Ximerakis 2019 aging brain (m, sc)  [Old vs Young]"
Ximerakis2019_aging_brain_scRNA,Endothelial,Cpt1a,Fatty-acid supply / regulators,Old,Young,0.2654855251312256,0.3049597144126892,-0.1992845350702475,0.3822843822843822,8,8,"Ximerakis 2019 aging brain (m, sc)  [Old vs Young]"
Ximerakis2019_aging_brain_scRNA,Endothelial,Cpt2,Fatty-acid supply / regulators,Old,Young,0.11079123616218567,0.1344405710697174,-0.27685286831527933,0.6453768453768453,8,8,"Ximerakis 2019 aging brain (m, sc)  [Old vs Young]"
Ximerakis2019_aging_brain_scRNA,Endothelial,Acadm,Fatty-acid supply / regulators,Old,Young,0.3708912134170532,0.3535459637641907,0.06890798984317816,0.19487179487179485,8,8,"Ximerakis 2019 aging brain (m, sc)  [Old vs Young]"
Ximerakis2019_aging_brain_scRNA,Endothelial,Hadha,Fatty-acid supply / regulators,Old,Young,0.26583579182624817,0.3030846416950226,-0.18852075811571783,0.4418026418026417,8,8,"Ximerakis 2019 aging brain (m, sc)  [Old vs Young]"
Ximerakis2019_aging_brain_scRNA,Endothelial,Acaa2,Fatty-acid supply / regulators,Old,Young,0.37003982067108154,0.3926812708377838,-0.08545405091342985,0.6453768453768453,8,8,"Ximerakis 2019 aging brain (m, sc)  [Old vs Young]"
Ximerakis2019_aging_brain_scRNA,Endothelial,Ppara,Fatty-acid supply / regulators,Old,Young,0.010257791727781296,0.014142866246402264,-0.42771444162043065,0.7874819012707261,8,8,"Ximerakis 2019 aging brain (m, sc)  [Old vs Young]"
Ximerakis2019_aging_brain_scRNA,Endothelial,Ppargc1a,Fatty-acid supply / regulators,Old,Young,0.03566320985555649,0.03786623477935791,-0.08418425232961681,0.7984459984459983,8,8,"Ximerakis 2019 aging brain (m, sc)  [Old vs Young]"
Ximerakis2019_aging_brain_scRNA,Vascular/Fibroblast,Hmgcs2,Synthesis (ketogenesis),Old,Young,0.23693165183067322,0.35674136877059937,-0.5883697545195195,0.014763014763014764,8,8,"Ximerakis 2019 aging brain (m, sc)  [Old vs Young]"
Ximerakis2019_aging_brain_scRNA,Vascular/Fibroblast,Hmgcl,Synthesis (ketogenesis),Old,Young,0.20477214455604553,0.22074811160564423,-0.10787412132961423,0.4418026418026417,8,8,"Ximerakis 2019 aging brain (m, sc)  [Old vs Young]"
Ximerakis2019_aging_brain_scRNA,Vascular/Fibroblast,Hmgcll1,Synthesis (ketogenesis),Old,Young,0.019122682511806488,0.009896256029605865,0.8849901326536469,0.20739140003665146,8,8,"Ximerakis 2019 aging brain (m, sc)  [Old vs Young]"
Ximerakis2019_aging_brain_scRNA,Vascular/Fibroblast,Bdh1,Utilisation (ketolysis),Old,Young,0.07497570663690567,0.08194862306118011,-0.1266798447199892,0.7209013209013208,8,8,"Ximerakis 2019 aging brain (m, sc)  [Old vs Young]"
Ximerakis2019_aging_brain_scRNA,Vascular/Fibroblast,Bdh2,Synthesis (ketogenesis),Old,Young,0.18395893275737762,0.18863636255264282,-0.03603064746899845,0.959129759129759,8,8,"Ximerakis 2019 aging brain (m, sc)  [Old vs Young]"
Ximerakis2019_aging_brain_scRNA,Vascular/Fibroblast,Oxct1,Utilisation (ketolysis),Old,Young,0.6255447864532471,0.5967992544174194,0.06775654178061535,0.6453768453768453,8,8,"Ximerakis 2019 aging brain (m, sc)  [Old vs Young]"
Ximerakis2019_aging_brain_scRNA,Vascular/Fibroblast,Acat1,Utilisation (ketolysis),Old,Young,0.44674691557884216,0.4809270203113556,-0.10613119738984421,0.6453768453768453,8,8,"Ximerakis 2019 aging brain (m, sc)  [Old vs Young]"
Ximerakis2019_aging_brain_scRNA,Vascular/Fibroblast,Acss1,Acetate activation,Old,Young,0.07186982780694962,0.05514811351895332,0.37608403023563663,1.0,8,8,"Ximerakis 2019 aging brain (m, sc)  [Old vs Young]"
Ximerakis2019_aging_brain_scRNA,Vascular/Fibroblast,Acss2,Acetate activation,Old,Young,0.10059642791748047,0.16434352099895477,-0.702616835974884,0.020668220668220667,8,8,"Ximerakis 2019 aging brain (m, sc)  [Old vs Young]"
Ximerakis2019_aging_brain_scRNA,Vascular/Fibroblast,Slc16a1,Ketone / lactate transport,Old,Young,0.6616804599761963,0.6135270595550537,0.10883684185268681,0.4418026418026417,8,8,"Ximerakis 2019 aging brain (m, sc)  [Old vs Young]"
Ximerakis2019_aging_brain_scRNA,Vascular/Fibroblast,Slc16a7,Ketone / lactate transport,Old,Young,0.007391815539449453,0.00794224627315998,-0.09165431247079887,0.36949292120981714,8,8,"Ximerakis 2019 aging brain (m, sc)  [Old vs Young]"
Ximerakis2019_aging_brain_scRNA,Vascular/Fibroblast,Slc16a3,Ketone / lactate transport,Old,Young,0.02667100355029106,0.02530902810394764,0.07281701332131195,0.9580911282267016,8,8,"Ximerakis 2019 aging brain (m, sc)  [Old vs Young]"
Ximerakis2019_aging_brain_scRNA,Vascular/Fibroblast,Slc16a6,Ketone / lactate transport,Old,Young,0.03076612576842308,0.0398436076939106,-0.3626211562124509,0.5623719669710694,8,8,"Ximerakis 2019 aging brain (m, sc)  [Old vs Young]"
Ximerakis2019_aging_brain_scRNA,Vascular/Fibroblast,Slc5a8,Ketone / lactate transport,Old,Young,0.0,0.0037310002371668816,-2.2421452331724443,0.17090352023079747,8,8,"Ximerakis 2019 aging brain (m, sc)  [Old vs Young]"
Ximerakis2019_aging_brain_scRNA,Vascular/Fibroblast,Bsg,Ketone / lactate transport,Old,Young,2.3735504150390625,2.3076272010803223,0.04061916256229606,0.2786324786324786,8,8,"Ximerakis 2019 aging brain (m, sc)  [Old vs Young]"
Ximerakis2019_aging_brain_scRNA,Vascular/Fibroblast,Hcar2,Receptors,Old,Young,0.0022955022286623716,0.0,1.7204983461397767,0.38157390570502137,8,8,"Ximerakis 2019 aging brain (m, sc)  [Old vs Young]"
Ximerakis2019_aging_brain_scRNA,Vascular/Fibroblast,Cpt1a,Fatty-acid supply / regulators,Old,Young,0.23234042525291443,0.3133777678012848,-0.4300629266921941,0.028127428127428127,8,8,"Ximerakis 2019 aging brain (m, sc)  [Old vs Young]"
Ximerakis2019_aging_brain_scRNA,Vascular/Fibroblast,Cpt2,Fatty-acid supply / regulators,Old,Young,0.09893675893545151,0.13013361394405365,-0.391950208420393,0.23449883449883446,8,8,"Ximerakis 2019 aging brain (m, sc)  [Old vs Young]"
Ximerakis2019_aging_brain_scRNA,Vascular/Fibroblast,Acadm,Fatty-acid supply / regulators,Old,Young,0.5664230585098267,0.4710215628147125,0.26557201289511406,0.014763014763014764,8,8,"Ximerakis 2019 aging brain (m, sc)  [Old vs Young]"
Ximerakis2019_aging_brain_scRNA,Vascular/Fibroblast,Hadha,Fatty-acid supply / regulators,Old,Young,0.35580742359161377,0.3547016680240631,0.0044778919264941265,0.7984459984459983,8,8,"Ximerakis 2019 aging brain (m, sc)  [Old vs Young]"
Ximerakis2019_aging_brain_scRNA,Vascular/Fibroblast,Acaa2,Fatty-acid supply / regulators,Old,Young,0.4293074607849121,0.5548832416534424,-0.369414035133101,0.020668220668220667,8,8,"Ximerakis 2019 aging brain (m, sc)  [Old vs Young]"
Ximerakis2019_aging_brain_scRNA,Vascular/Fibroblast,Ppara,Fatty-acid supply / regulators,Old,Young,0.014746325090527534,0.019370436668395996,-0.3714617380081806,0.6339972307873878,8,8,"Ximerakis 2019 aging brain (m, sc)  [Old vs Young]"
Ximerakis2019_aging_brain_scRNA,Vascular/Fibroblast,Ppargc1a,Fatty-acid supply / regulators,Old,Young,0.10152620077133179,0.09941653907299042,0.029995732919079306,0.8784770784770783,8,8,"Ximerakis 2019 aging brain (m, sc)  [Old vs Young]"
Ximerakis2019_aging_brain_scRNA,Immune (lymphoid/myeloid),Hmgcs2,Synthesis (ketogenesis),Old,Young,0.0,0.010083111003041267,-3.4702909942061693,0.17090352023079747,8,8,"Ximerakis 2019 aging brain (m, sc)  [Old vs Young]"
Ximerakis2019_aging_brain_scRNA,Immune (lymphoid/myeloid),Hmgcl,Synthesis (ketogenesis),Old,Young,0.34431853890419006,0.3409085273742676,0.014317384577282304,0.8784770784770783,8,8,"Ximerakis 2019 aging brain (m, sc)  [Old vs Young]"
Ximerakis2019_aging_brain_scRNA,Immune (lymphoid/myeloid),Hmgcll1,Synthesis (ketogenesis),Old,Young,0.0,0.01525682583451271,-4.022973691793505,0.03247420230516558,8,8,"Ximerakis 2019 aging brain (m, sc)  [Old vs Young]"
Ximerakis2019_aging_brain_scRNA,Immune (lymphoid/myeloid),Bdh1,Utilisation (ketolysis),Old,Young,0.009319058619439602,0.06067755073308945,-2.5794341122763202,0.004269004938031715,8,8,"Ximerakis 2019 aging brain (m, sc)  [Old vs Young]"
Ximerakis2019_aging_brain_scRNA,Immune (lymphoid/myeloid),Bdh2,Synthesis (ketogenesis),Old,Young,0.0,0.004838257096707821,-2.5455377435531705,0.38157390570502137,8,8,"Ximerakis 2019 aging brain (m, sc)  [Old vs Young]"
Ximerakis2019_aging_brain_scRNA,Immune (lymphoid/myeloid),Oxct1,Utilisation (ketolysis),Old,Young,0.41063788533210754,0.5079789161682129,-0.30623012803415534,0.32820512820512815,8,8,"Ximerakis 2019 aging brain (m, sc)  [Old vs Young]"
Ximerakis2019_aging_brain_scRNA,Immune (lymphoid/myeloid),Acat1,Utilisation (ketolysis),Old,Young,0.37108612060546875,0.4308679401874542,-0.21495364504808823,0.5737373737373737,8,8,"Ximerakis 2019 aging brain (m, sc)  [Old vs Young]"
Ximerakis2019_aging_brain_scRNA,Immune (lymphoid/myeloid),Acss1,Acetate activation,Old,Young,0.05759453773498535,0.05636266618967056,0.03065409947671546,0.8715033902986823,8,8,"Ximerakis 2019 aging brain (m, sc)  [Old vs Young]"
Ximerakis2019_aging_brain_scRNA,Immune (lymphoid/myeloid),Acss2,Acetate activation,Old,Young,0.04433280974626541,0.04448395222425461,-0.00480203654147007,1.0,8,8,"Ximerakis 2019 aging brain (m, sc)  [Old vs Young]"
Ximerakis2019_aging_brain_scRNA,Immune (lymphoid/myeloid),Slc16a1,Ketone / lactate transport,Old,Young,0.025239573791623116,0.0037018745206296444,2.480436343228652,0.08474495242265755,8,8,"Ximerakis 2019 aging brain (m, sc)  [Old vs Young]"
Ximerakis2019_aging_brain_scRNA,Immune (lymphoid/myeloid),Slc16a7,Ketone / lactate transport,Old,Young,0.06241242587566376,0.03299782797694206,0.8993229892690512,0.36488131404191815,8,8,"Ximerakis 2019 aging brain (m, sc)  [Old vs Young]"
Ximerakis2019_aging_brain_scRNA,Immune (lymphoid/myeloid),Slc16a3,Ketone / lactate transport,Old,Young,0.05022058263421059,0.0703357458114624,-0.4779015179192177,0.7874819012707261,8,8,"Ximerakis 2019 aging brain (m, sc)  [Old vs Young]"
Ximerakis2019_aging_brain_scRNA,Immune (lymphoid/myeloid),Slc16a6,Ketone / lactate transport,Old,Young,0.15276402235031128,0.10809720307588577,0.4951038657525025,0.19487179487179485,8,8,"Ximerakis 2019 aging brain (m, sc)  [Old vs Young]"
Ximerakis2019_aging_brain_scRNA,Immune (lymphoid/myeloid),Slc5a8,Ketone / lactate transport,Old,Young,0.0,0.0,0.0,1.0,8,8,"Ximerakis 2019 aging brain (m, sc)  [Old vs Young]"
Ximerakis2019_aging_brain_scRNA,Immune (lymphoid/myeloid),Bsg,Ketone / lactate transport,Old,Young,1.293865442276001,1.2000021934509277,0.10856340014798162,0.10489510489510488,8,8,"Ximerakis 2019 aging brain (m, sc)  [Old vs Young]"
Ximerakis2019_aging_brain_scRNA,Immune (lymphoid/myeloid),Hcar2,Receptors,Old,Young,0.14084789156913757,0.069881372153759,1.0008662688928778,0.11250638569044005,8,8,"Ximerakis 2019 aging brain (m, sc)  [Old vs Young]"
Ximerakis2019_aging_brain_scRNA,Immune (lymphoid/myeloid),Cpt1a,Fatty-acid supply / regulators,Old,Young,0.05555178225040436,0.060001928359270096,-0.10928235707407946,0.8324162344076115,8,8,"Ximerakis 2019 aging brain (m, sc)  [Old vs Young]"
Ximerakis2019_aging_brain_scRNA,Immune (lymphoid/myeloid),Cpt2,Fatty-acid supply / regulators,Old,Young,0.08944761753082275,0.068704754114151,0.3758254450768137,0.8744592481051268,8,8,"Ximerakis 2019 aging brain (m, sc)  [Old vs Young]"
Ximerakis2019_aging_brain_scRNA,Immune (lymphoid/myeloid),Acadm,Fatty-acid supply / regulators,Old,Young,0.25476163625717163,0.2236136794090271,0.18735408568456022,0.5737373737373737,8,8,"Ximerakis 2019 aging brain (m, sc)  [Old vs Young]"
Ximerakis2019_aging_brain_scRNA,Immune (lymphoid/myeloid),Hadha,Fatty-acid supply / regulators,Old,Young,0.23312155902385712,0.20159655809402466,0.2086481263200421,0.5737373737373737,8,8,"Ximerakis 2019 aging brain (m, sc)  [Old vs Young]"
Ximerakis2019_aging_brain_scRNA,Immune (lymphoid/myeloid),Acaa2,Fatty-acid supply / regulators,Old,Young,0.14021728932857513,0.1386501044034958,0.0161000773672344,0.8784770784770783,8,8,"Ximerakis 2019 aging brain (m, sc)  [Old vs Young]"
Ximerakis2019_aging_brain_scRNA,Immune (lymphoid/myeloid),Ppara,Fatty-acid supply / regulators,Old,Young,0.0,0.0033732163719832897,-2.1286947298654666,0.38157390570502137,8,8,"Ximerakis 2019 aging brain (m, sc)  [Old vs Young]"
Ximerakis2019_aging_brain_scRNA,Immune (lymphoid/myeloid),Ppargc1a,Fatty-acid supply / regulators,Old,Young,0.005194943398237228,0.03451848402619362,-2.5194070009852783,0.08474495242265755,8,8,"Ximerakis 2019 aging brain (m, sc)  [Old vs Young]"
Ximerakis2019_aging_brain_scRNA,Ependymal,Hmgcs2,Synthesis (ketogenesis),Old,Young,0.0725366473197937,0.05702222138643265,0.34185787242534665,0.771705900723317,7,4,"Ximerakis 2019 aging brain (m, sc)  [Old vs Young]"
Ximerakis2019_aging_brain_scRNA,Ependymal,Hmgcl,Synthesis (ketogenesis),Old,Young,0.10666292160749435,0.06537393480539322,0.6978327725777432,0.2303030303030303,7,4,"Ximerakis 2019 aging brain (m, sc)  [Old vs Young]"
Ximerakis2019_aging_brain_scRNA,Ependymal,Hmgcll1,Synthesis (ketogenesis),Old,Young,0.09290105104446411,0.07416987419128418,0.32098671695030956,0.44865883510844673,7,4,"Ximerakis 2019 aging brain (m, sc)  [Old vs Young]"
Ximerakis2019_aging_brain_scRNA,Ependymal,Bdh1,Utilisation (ketolysis),Old,Young,0.41186603903770447,0.30673375725746155,0.42399104151195544,0.3151515151515151,7,4,"Ximerakis 2019 aging brain (m, sc)  [Old vs Young]"
Ximerakis2019_aging_brain_scRNA,Ependymal,Bdh2,Synthesis (ketogenesis),Old,Young,0.581427276134491,0.5538281798362732,0.07003685686850951,0.7878787878787878,7,4,"Ximerakis 2019 aging brain (m, sc)  [Old vs Young]"
Ximerakis2019_aging_brain_scRNA,Ependymal,Oxct1,Utilisation (ketolysis),Old,Young,1.1169472932815552,0.9740365743637085,0.197323930937359,0.2303030303030303,7,4,"Ximerakis 2019 aging brain (m, sc)  [Old vs Young]"
Ximerakis2019_aging_brain_scRNA,Ependymal,Acat1,Utilisation (ketolysis),Old,Young,0.636838972568512,0.6011537313461304,0.08306039267972466,1.0,7,4,"Ximerakis 2019 aging brain (m, sc)  [Old vs Young]"
Ximerakis2019_aging_brain_scRNA,Ependymal,Acss1,Acetate activation,Old,Young,0.17331992089748383,0.21993288397789001,-0.3418707206398437,0.4121212121212121,7,4,"Ximerakis 2019 aging brain (m, sc)  [Old vs Young]"
Ximerakis2019_aging_brain_scRNA,Ependymal,Acss2,Acetate activation,Old,Young,0.14094969630241394,0.03417934477329254,2.0125792449484323,0.0700049832291192,7,4,"Ximerakis 2019 aging brain (m, sc)  [Old vs Young]"
Ximerakis2019_aging_brain_scRNA,Ependymal,Slc16a1,Ketone / lactate transport,Old,Young,0.6546450853347778,0.5738345384597778,0.1897683170112618,0.4121212121212121,7,4,"Ximerakis 2019 aging brain (m, sc)  [Old vs Young]"
Ximerakis2019_aging_brain_scRNA,Ependymal,Slc16a7,Ketone / lactate transport,Old,Young,0.014212475158274174,0.0,3.9271830019306275,0.32655780733082995,7,4,"Ximerakis 2019 aging brain (m, sc)  [Old vs Young]"
Ximerakis2019_aging_brain_scRNA,Ependymal,Slc16a3,Ketone / lactate transport,Old,Young,0.01744571141898632,0.01011162530630827,0.7312155760248775,0.7426672542939013,7,4,"Ximerakis 2019 aging brain (m, sc)  [Old vs Young]"
Ximerakis2019_aging_brain_scRNA,Ependymal,Slc16a6,Ketone / lactate transport,Old,Young,0.07781969010829926,0.09776338189840317,-0.32542016140350244,0.9245478709841503,7,4,"Ximerakis 2019 aging brain (m, sc)  [Old vs Young]"
Ximerakis2019_aging_brain_scRNA,Ependymal,Slc5a8,Ketone / lactate transport,Old,Young,0.052685465663671494,0.040744706988334656,0.3629382754001392,0.44865883510844673,7,4,"Ximerakis 2019 aging brain (m, sc)  [Old vs Young]"
Ximerakis2019_aging_brain_scRNA,Ependymal,Bsg,Ketone / lactate transport,Old,Young,1.4345041513442993,1.3271336555480957,0.11215716436910896,0.2303030303030303,7,4,"Ximerakis 2019 aging brain (m, sc)  [Old vs Young]"
Ximerakis2019_aging_brain_scRNA,Ependymal,Hcar2,Receptors,Old,Young,0.0,0.0,0.0,1.0,7,4,"Ximerakis 2019 aging brain (m, sc)  [Old vs Young]"
Ximerakis2019_aging_brain_scRNA,Ependymal,Cpt1a,Fatty-acid supply / regulators,Old,Young,0.2716842293739319,0.23476962745189667,0.20985338674875978,0.7878787878787878,7,4,"Ximerakis 2019 aging brain (m, sc)  [Old vs Young]"
Ximerakis2019_aging_brain_scRNA,Ependymal,Cpt2,Fatty-acid supply / regulators,Old,Young,0.18404914438724518,0.14153258502483368,0.37661668697412776,0.5272727272727272,7,4,"Ximerakis 2019 aging brain (m, sc)  [Old vs Young]"
Ximerakis2019_aging_brain_scRNA,Ependymal,Acadm,Fatty-acid supply / regulators,Old,Young,0.806484580039978,0.4968441426753998,0.6977405535616702,0.024242424242424242,7,4,"Ximerakis 2019 aging brain (m, sc)  [Old vs Young]"
Ximerakis2019_aging_brain_scRNA,Ependymal,Hadha,Fatty-acid supply / regulators,Old,Young,0.4070196747779846,0.2808038592338562,0.5339473517408025,0.3151515151515151,7,4,"Ximerakis 2019 aging brain (m, sc)  [Old vs Young]"
Ximerakis2019_aging_brain_scRNA,Ependymal,Acaa2,Fatty-acid supply / regulators,Old,Young,0.6706748008728027,0.4325411319732666,0.6315940297155385,0.024242424242424242,7,4,"Ximerakis 2019 aging brain (m, sc)  [Old vs Young]"
Ximerakis2019_aging_brain_scRNA,Ependymal,Ppara,Fatty-acid supply / regulators,Old,Young,0.032286494970321655,0.0,5.05686505923284,0.10066954085617437,7,4,"Ximerakis 2019 aging brain (m, sc)  [Old vs Young]"
Ximerakis2019_aging_brain_scRNA,Ependymal,Ppargc1a,Fatty-acid supply / regulators,Old,Young,0.38771191239356995,0.29256436228752136,0.40502448036798533,0.6484848484848484,7,4,"Ximerakis 2019 aging brain (m, sc)  [Old vs Young]"
Zhou2020_5XFAD_snRNA,Oligodendrocyte,Hmgcs2,Synthesis (ketogenesis),AD,WT,0.0003948494850192219,0.0005939331604167819,-0.19248168042472197,0.8245106458719222,10,10,"Zhou 2020 5XFAD (m, sn)  [AD vs WT]"
Zhou2020_5XFAD_snRNA,Oligodendrocyte,Hmgcl,Synthesis (ketogenesis),AD,WT,0.14015507698059082,0.1493237167596817,-0.09079162329694712,1.0,10,10,"Zhou 2020 5XFAD (m, sn)  [AD vs WT]"
Zhou2020_5XFAD_snRNA,Oligodendrocyte,Hmgcll1,Synthesis (ketogenesis),AD,WT,0.03964187577366829,0.039869800209999084,-0.0080682014457065,0.7910295772981756,10,10,"Zhou 2020 5XFAD (m, sn)  [AD vs WT]"
Zhou2020_5XFAD_snRNA,Oligodendrocyte,Bdh1,Utilisation (ketolysis),AD,WT,0.054331131279468536,0.07106316834688187,-0.3811706621604282,0.031209012771740218,10,10,"Zhou 2020 5XFAD (m, sn)  [AD vs WT]"
Zhou2020_5XFAD_snRNA,Oligodendrocyte,Bdh2,Synthesis (ketogenesis),AD,WT,0.0013807342620566487,0.002052603755146265,-0.35863373615988825,0.6704052955096476,10,10,"Zhou 2020 5XFAD (m, sn)  [AD vs WT]"
Zhou2020_5XFAD_snRNA,Oligodendrocyte,Oxct1,Utilisation (ketolysis),AD,WT,0.25144627690315247,0.24706348776817322,0.02526699864178986,0.9698499769931556,10,10,"Zhou 2020 5XFAD (m, sn)  [AD vs WT]"
Zhou2020_5XFAD_snRNA,Oligodendrocyte,Acat1,Utilisation (ketolysis),AD,WT,0.16712060570716858,0.18642470240592957,-0.15681455205483083,0.47267559351158717,10,10,"Zhou 2020 5XFAD (m, sn)  [AD vs WT]"
Zhou2020_5XFAD_snRNA,Oligodendrocyte,Acss1,Acetate activation,AD,WT,0.018459580838680267,0.015360930934548378,0.2502257949086168,0.567824663393034,10,10,"Zhou 2020 5XFAD (m, sn)  [AD vs WT]"
Zhou2020_5XFAD_snRNA,Oligodendrocyte,Acss2,Acetate activation,AD,WT,0.17016281187534332,0.16610707342624664,0.03459648286325869,1.0,10,10,"Zhou 2020 5XFAD (m, sn)  [AD vs WT]"
Zhou2020_5XFAD_snRNA,Oligodendrocyte,Slc16a1,Ketone / lactate transport,AD,WT,0.13713619112968445,0.13594788312911987,0.01246438368298492,0.8501067391385259,10,10,"Zhou 2020 5XFAD (m, sn)  [AD vs WT]"
Zhou2020_5XFAD_snRNA,Oligodendrocyte,Slc16a7,Ketone / lactate transport,AD,WT,0.14936970174312592,0.14135247468948364,0.07904633167085018,0.7913367801006604,10,10,"Zhou 2020 5XFAD (m, sn)  [AD vs WT]"
Zhou2020_5XFAD_snRNA,Oligodendrocyte,Slc16a3,Ketone / lactate transport,AD,WT,0.0250957403331995,0.024176348000764847,0.05174530605522839,0.6231762238821174,10,10,"Zhou 2020 5XFAD (m, sn)  [AD vs WT]"
Zhou2020_5XFAD_snRNA,Oligodendrocyte,Slc16a6,Ketone / lactate transport,AD,WT,0.04043189808726311,0.02921556495130062,0.4554499980162948,0.08897301170181328,10,10,"Zhou 2020 5XFAD (m, sn)  [AD vs WT]"
Zhou2020_5XFAD_snRNA,Oligodendrocyte,Slc5a8,Ketone / lactate transport,AD,WT,0.0012592816492542624,0.0001397574960719794,0.987137235210212,0.5842485531772132,10,10,"Zhou 2020 5XFAD (m, sn)  [AD vs WT]"
Zhou2020_5XFAD_snRNA,Oligodendrocyte,Bsg,Ketone / lactate transport,AD,WT,0.8768959045410156,0.990273654460907,-0.1752335037597703,0.21229383619233155,10,10,"Zhou 2020 5XFAD (m, sn)  [AD vs WT]"
Zhou2020_5XFAD_snRNA,Oligodendrocyte,Hcar2,Receptors,AD,WT,0.004602367524057627,0.000272176053840667,2.1387382935117984,0.05033092002285608,10,10,"Zhou 2020 5XFAD (m, sn)  [AD vs WT]"
Zhou2020_5XFAD_snRNA,Oligodendrocyte,Ffar3,Receptors,AD,WT,0.00023404783860314637,0.0003778988611884415,-0.1590716745203544,0.4282580450167388,10,10,"Zhou 2020 5XFAD (m, sn)  [AD vs WT]"
Zhou2020_5XFAD_snRNA,Oligodendrocyte,Ffar2,Receptors,AD,WT,0.00036172932595945895,0.0,0.4454399640667891,0.16807831903497028,10,10,"Zhou 2020 5XFAD (m, sn)  [AD vs WT]"
Zhou2020_5XFAD_snRNA,Oligodendrocyte,Cpt1a,Fatty-acid supply / regulators,AD,WT,0.016677092760801315,0.012009583413600922,0.4423062578125568,0.24061307571063617,10,10,"Zhou 2020 5XFAD (m, sn)  [AD vs WT]"
Zhou2020_5XFAD_snRNA,Oligodendrocyte,Cpt2,Fatty-acid supply / regulators,AD,WT,0.008698927238583565,0.015113504603505135,-0.732373216614743,0.15641254267416888,10,10,"Zhou 2020 5XFAD (m, sn)  [AD vs WT]"
Zhou2020_5XFAD_snRNA,Oligodendrocyte,Acadm,Fatty-acid supply / regulators,AD,WT,0.05514218658208847,0.04927109554409981,0.15935612427531645,0.9096880762234906,10,10,"Zhou 2020 5XFAD (m, sn)  [AD vs WT]"
Zhou2020_5XFAD_snRNA,Oligodendrocyte,Hadha,Fatty-acid supply / regulators,AD,WT,0.17695584893226624,0.17973780632019043,-0.022378966262574587,0.5707503880581739,10,10,"Zhou 2020 5XFAD (m, sn)  [AD vs WT]"
Zhou2020_5XFAD_snRNA,Oligodendrocyte,Acaa2,Fatty-acid supply / regulators,AD,WT,0.006389458663761616,0.006667652167379856,-0.05331621315992761,0.8489805089481078,10,10,"Zhou 2020 5XFAD (m, sn)  [AD vs WT]"
Zhou2020_5XFAD_snRNA,Oligodendrocyte,Ppara,Fatty-acid supply / regulators,AD,WT,0.002133553149178624,0.001901882467791438,0.11081037486573707,0.7252527552939811,10,10,"Zhou 2020 5XFAD (m, sn)  [AD vs WT]"
Zhou2020_5XFAD_snRNA,Oligodendrocyte,Ppargc1a,Fatty-acid supply / regulators,AD,WT,0.045468129217624664,0.0490807443857193,-0.10801444235597639,0.6775849579524755,10,10,"Zhou 2020 5XFAD (m, sn)  [AD vs WT]"
Zhou2020_5XFAD_snRNA,Oligodendrocyte,Fgf21,Fatty-acid supply / regulators,AD,WT,0.00134037877433002,0.0,1.226742039050165,0.36812025069351895,10,10,"Zhou 2020 5XFAD (m, sn)  [AD vs WT]"
Zhou2020_5XFAD_snRNA,OPC,Hmgcs2,Synthesis (ketogenesis),AD,WT,0.0,0.0,0.0,1.0,10,10,"Zhou 2020 5XFAD (m, sn)  [AD vs WT]"
Zhou2020_5XFAD_snRNA,OPC,Hmgcl,Synthesis (ketogenesis),AD,WT,0.12584052979946136,0.13113990426063538,-0.059050396000543175,0.8797843010569926,10,10,"Zhou 2020 5XFAD (m, sn)  [AD vs WT]"
Zhou2020_5XFAD_snRNA,OPC,Hmgcll1,Synthesis (ketogenesis),AD,WT,0.13670189678668976,0.11890721321105957,0.19962998313663716,0.731782863391611,10,10,"Zhou 2020 5XFAD (m, sn)  [AD vs WT]"
Zhou2020_5XFAD_snRNA,OPC,Bdh1,Utilisation (ketolysis),AD,WT,0.1336454451084137,0.13098940253257751,0.02874332621686835,0.879378296851112,10,10,"Zhou 2020 5XFAD (m, sn)  [AD vs WT]"
Zhou2020_5XFAD_snRNA,OPC,Bdh2,Synthesis (ketogenesis),AD,WT,0.0,0.0,0.0,1.0,10,10,"Zhou 2020 5XFAD (m, sn)  [AD vs WT]"
Zhou2020_5XFAD_snRNA,OPC,Oxct1,Utilisation (ketolysis),AD,WT,0.31786853075027466,0.30612999200820923,0.054112322569363484,0.5701699724963722,10,10,"Zhou 2020 5XFAD (m, sn)  [AD vs WT]"
Zhou2020_5XFAD_snRNA,OPC,Acat1,Utilisation (ketolysis),AD,WT,0.24798667430877686,0.2477053850889206,0.0016307859371673748,0.9698499769931556,10,10,"Zhou 2020 5XFAD (m, sn)  [AD vs WT]"
Zhou2020_5XFAD_snRNA,OPC,Acss1,Acetate activation,AD,WT,0.21333074569702148,0.20689737796783447,0.043967256307182734,0.6764349997242503,10,10,"Zhou 2020 5XFAD (m, sn)  [AD vs WT]"
Zhou2020_5XFAD_snRNA,OPC,Acss2,Acetate activation,AD,WT,0.10783565044403076,0.12339068949222565,-0.19272729900441757,0.7053513720635047,10,10,"Zhou 2020 5XFAD (m, sn)  [AD vs WT]"
Zhou2020_5XFAD_snRNA,OPC,Slc16a1,Ketone / lactate transport,AD,WT,0.07283960282802582,0.07243435084819794,0.007939713474766292,1.0,10,10,"Zhou 2020 5XFAD (m, sn)  [AD vs WT]"
Zhou2020_5XFAD_snRNA,OPC,Slc16a7,Ketone / lactate transport,AD,WT,0.12025423347949982,0.11727350950241089,0.03590813860269912,0.730294171629937,10,10,"Zhou 2020 5XFAD (m, sn)  [AD vs WT]"
Zhou2020_5XFAD_snRNA,OPC,Slc16a3,Ketone / lactate transport,AD,WT,0.011079495772719383,0.009922506287693977,0.1452562980600938,0.9691947874250506,10,10,"Zhou 2020 5XFAD (m, sn)  [AD vs WT]"
Zhou2020_5XFAD_snRNA,OPC,Slc16a6,Ketone / lactate transport,AD,WT,0.021092932671308517,0.034044504165649414,-0.6656032737850179,0.12912187050887436,10,10,"Zhou 2020 5XFAD (m, sn)  [AD vs WT]"
Zhou2020_5XFAD_snRNA,OPC,Slc5a8,Ketone / lactate transport,AD,WT,0.0039755357429385185,0.004021677188575268,-0.013317413151760733,0.6897863301962214,10,10,"Zhou 2020 5XFAD (m, sn)  [AD vs WT]"
Zhou2020_5XFAD_snRNA,OPC,Bsg,Ketone / lactate transport,AD,WT,1.482161283493042,1.6101036071777344,-0.11937378476002927,0.27303633975118835,10,10,"Zhou 2020 5XFAD (m, sn)  [AD vs WT]"
Zhou2020_5XFAD_snRNA,OPC,Hcar2,Receptors,AD,WT,0.0,0.0,0.0,1.0,10,10,"Zhou 2020 5XFAD (m, sn)  [AD vs WT]"
Zhou2020_5XFAD_snRNA,OPC,Ffar3,Receptors,AD,WT,0.0,0.0,0.0,1.0,10,10,"Zhou 2020 5XFAD (m, sn)  [AD vs WT]"
Zhou2020_5XFAD_snRNA,OPC,Ffar2,Receptors,AD,WT,0.0,0.0,0.0,1.0,10,10,"Zhou 2020 5XFAD (m, sn)  [AD vs WT]"
Zhou2020_5XFAD_snRNA,OPC,Cpt1a,Fatty-acid supply / regulators,AD,WT,0.0633651539683342,0.048738278448581696,0.3719232793279132,0.38395703557388927,10,10,"Zhou 2020 5XFAD (m, sn)  [AD vs WT]"
Zhou2020_5XFAD_snRNA,OPC,Cpt2,Fatty-acid supply / regulators,AD,WT,0.010342729277908802,0.013190006837248802,-0.3231074624307528,0.5624049275942742,10,10,"Zhou 2020 5XFAD (m, sn)  [AD vs WT]"
Zhou2020_5XFAD_snRNA,OPC,Acadm,Fatty-acid supply / regulators,AD,WT,0.06250741332769394,0.06212329864501953,0.00875241146238837,0.9077677647776123,10,10,"Zhou 2020 5XFAD (m, sn)  [AD vs WT]"
Zhou2020_5XFAD_snRNA,OPC,Hadha,Fatty-acid supply / regulators,AD,WT,0.25785890221595764,0.25423377752304077,0.020346666310776976,0.8501067391385259,10,10,"Zhou 2020 5XFAD (m, sn)  [AD vs WT]"
Zhou2020_5XFAD_snRNA,OPC,Acaa2,Fatty-acid supply / regulators,AD,WT,0.008857585489749908,0.010889316909015179,-0.27035960635102857,0.5005351170229524,10,10,"Zhou 2020 5XFAD (m, sn)  [AD vs WT]"
Zhou2020_5XFAD_snRNA,OPC,Ppara,Fatty-acid supply / regulators,AD,WT,0.033799536526203156,0.02837095595896244,0.24467786890123508,0.6675253602524207,10,10,"Zhou 2020 5XFAD (m, sn)  [AD vs WT]"
Zhou2020_5XFAD_snRNA,OPC,Ppargc1a,Fatty-acid supply / regulators,AD,WT,0.10358096659183502,0.10883871465921402,-0.07076633867306886,1.0,10,10,"Zhou 2020 5XFAD (m, sn)  [AD vs WT]"
Zhou2020_5XFAD_snRNA,OPC,Fgf21,Fatty-acid supply / regulators,AD,WT,0.0,0.0,0.0,1.0,10,10,"Zhou 2020 5XFAD (m, sn)  [AD vs WT]"
Zhou2020_5XFAD_snRNA,Microglia,Hmgcs2,Synthesis (ketogenesis),AD,WT,0.0006364635773934424,0.0004396953445393592,0.18481793908557445,1.0,6,6,"Zhou 2020 5XFAD (m, sn)  [AD vs WT]"
Zhou2020_5XFAD_snRNA,Microglia,Hmgcl,Synthesis (ketogenesis),AD,WT,0.11944866180419922,0.12588652968406677,-0.0751205551358729,0.6991341991341992,6,6,"Zhou 2020 5XFAD (m, sn)  [AD vs WT]"
Zhou2020_5XFAD_snRNA,Microglia,Hmgcll1,Synthesis (ketogenesis),AD,WT,0.04268172010779381,0.053581926971673965,-0.3213936605966383,0.24025974025974026,6,6,"Zhou 2020 5XFAD (m, sn)  [AD vs WT]"
Zhou2020_5XFAD_snRNA,Microglia,Bdh1,Utilisation (ketolysis),AD,WT,0.03678751364350319,0.047825347632169724,-0.3697207212597175,0.09307359307359307,6,6,"Zhou 2020 5XFAD (m, sn)  [AD vs WT]"
Zhou2020_5XFAD_snRNA,Microglia,Bdh2,Synthesis (ketogenesis),AD,WT,0.0003694103506859392,0.0,0.4535548221920505,0.40465676192728617,6,6,"Zhou 2020 5XFAD (m, sn)  [AD vs WT]"
Zhou2020_5XFAD_snRNA,Microglia,Oxct1,Utilisation (ketolysis),AD,WT,0.7426102161407471,0.6791260838508606,0.128744368589976,0.30952380952380953,6,6,"Zhou 2020 5XFAD (m, sn)  [AD vs WT]"
Zhou2020_5XFAD_snRNA,Microglia,Acat1,Utilisation (ketolysis),AD,WT,0.228706493973732,0.20504339039325714,0.15684345879525494,0.5887445887445888,6,6,"Zhou 2020 5XFAD (m, sn)  [AD vs WT]"
Zhou2020_5XFAD_snRNA,Microglia,Acss1,Acetate activation,AD,WT,0.2999056279659271,0.2900152802467346,0.04821618401060985,0.8181818181818182,6,6,"Zhou 2020 5XFAD (m, sn)  [AD vs WT]"
Zhou2020_5XFAD_snRNA,Microglia,Acss2,Acetate activation,AD,WT,0.06458830833435059,0.06440504640340805,0.004036712426779879,1.0,6,6,"Zhou 2020 5XFAD (m, sn)  [AD vs WT]"
Zhou2020_5XFAD_snRNA,Microglia,Slc16a1,Ketone / lactate transport,AD,WT,0.03005818836390972,0.030010968446731567,0.0021950984027195,0.9372294372294373,6,6,"Zhou 2020 5XFAD (m, sn)  [AD vs WT]"
Zhou2020_5XFAD_snRNA,Microglia,Slc16a7,Ketone / lactate transport,AD,WT,0.23681457340717316,0.18945415318012238,0.3203933782449549,0.24025974025974026,6,6,"Zhou 2020 5XFAD (m, sn)  [AD vs WT]"
Zhou2020_5XFAD_snRNA,Microglia,Slc16a3,Ketone / lactate transport,AD,WT,0.09209692478179932,0.032179102301597595,1.488458659775361,0.04112554112554113,6,6,"Zhou 2020 5XFAD (m, sn)  [AD vs WT]"
Zhou2020_5XFAD_snRNA,Microglia,Slc16a6,Ketone / lactate transport,AD,WT,0.47958657145500183,0.5248193144798279,-0.129770798974998,0.3939393939393939,6,6,"Zhou 2020 5XFAD (m, sn)  [AD vs WT]"
Zhou2020_5XFAD_snRNA,Microglia,Slc5a8,Ketone / lactate transport,AD,WT,0.0,0.000672337890136987,-0.7418663684568418,0.40465676192728617,6,6,"Zhou 2020 5XFAD (m, sn)  [AD vs WT]"
Zhou2020_5XFAD_snRNA,Microglia,Bsg,Ketone / lactate transport,AD,WT,0.6350436806678772,0.6685192584991455,-0.07399970796143536,0.3939393939393939,6,6,"Zhou 2020 5XFAD (m, sn)  [AD vs WT]"
Zhou2020_5XFAD_snRNA,Microglia,Hcar2,Receptors,AD,WT,0.04065592959523201,0.006050008814781904,2.5628249070131806,0.03034794173956043,6,6,"Zhou 2020 5XFAD (m, sn)  [AD vs WT]"
Zhou2020_5XFAD_snRNA,Microglia,Ffar3,Receptors,AD,WT,0.0,0.0,0.0,1.0,6,6,"Zhou 2020 5XFAD (m, sn)  [AD vs WT]"
Zhou2020_5XFAD_snRNA,Microglia,Ffar2,Receptors,AD,WT,0.0,0.0,0.0,1.0,6,6,"Zhou 2020 5XFAD (m, sn)  [AD vs WT]"
Zhou2020_5XFAD_snRNA,Microglia,Cpt1a,Fatty-acid supply / regulators,AD,WT,0.031478170305490494,0.025798112154006958,0.27733898819496794,0.3939393939393939,6,6,"Zhou 2020 5XFAD (m, sn)  [AD vs WT]"
Zhou2020_5XFAD_snRNA,Microglia,Cpt2,Fatty-acid supply / regulators,AD,WT,0.02194075472652912,0.026498565450310707,-0.26144350257491394,0.6991341991341992,6,6,"Zhou 2020 5XFAD (m, sn)  [AD vs WT]"
Zhou2020_5XFAD_snRNA,Microglia,Acadm,Fatty-acid supply / regulators,AD,WT,0.14064472913742065,0.1299416869878769,0.1133524462341581,0.3939393939393939,6,6,"Zhou 2020 5XFAD (m, sn)  [AD vs WT]"
Zhou2020_5XFAD_snRNA,Microglia,Hadha,Fatty-acid supply / regulators,AD,WT,0.2315625548362732,0.22169935703277588,0.06252143267660827,0.3939393939393939,6,6,"Zhou 2020 5XFAD (m, sn)  [AD vs WT]"
Zhou2020_5XFAD_snRNA,Microglia,Acaa2,Fatty-acid supply / regulators,AD,WT,0.02424044720828533,0.018272023648023605,0.38922940313517385,0.6991341991341992,6,6,"Zhou 2020 5XFAD (m, sn)  [AD vs WT]"
Zhou2020_5XFAD_snRNA,Microglia,Ppara,Fatty-acid supply / regulators,AD,WT,0.0016777630662545562,0.004439782351255417,-1.0225206157789606,0.1998560143360596,6,6,"Zhou 2020 5XFAD (m, sn)  [AD vs WT]"
Zhou2020_5XFAD_snRNA,Microglia,Ppargc1a,Fatty-acid supply / regulators,AD,WT,0.03306788578629494,0.02891632914543152,0.18747925665207466,0.48484848484848486,6,6,"Zhou 2020 5XFAD (m, sn)  [AD vs WT]"
Zhou2020_5XFAD_snRNA,Microglia,Fgf21,Fatty-acid supply / regulators,AD,WT,0.0,0.0,0.0,1.0,6,6,"Zhou 2020 5XFAD (m, sn)  [AD vs WT]"
Zhou2020_5XFAD_snRNA,Astrocyte,Hmgcs2,Synthesis (ketogenesis),AD,WT,0.020859044045209885,0.021076641976833344,-0.014290434590518286,0.9093820403719205,10,10,"Zhou 2020 5XFAD (m, sn)  [AD vs WT]"
Zhou2020_5XFAD_snRNA,Astrocyte,Hmgcl,Synthesis (ketogenesis),AD,WT,0.07892224937677383,0.09086018800735474,-0.2008425485573565,0.6774705127728922,10,10,"Zhou 2020 5XFAD (m, sn)  [AD vs WT]"
Zhou2020_5XFAD_snRNA,Astrocyte,Hmgcll1,Synthesis (ketogenesis),AD,WT,0.08514505624771118,0.0748065784573555,0.18444495425089708,0.7333439595749962,10,10,"Zhou 2020 5XFAD (m, sn)  [AD vs WT]"
Zhou2020_5XFAD_snRNA,Astrocyte,Bdh1,Utilisation (ketolysis),AD,WT,0.2663193345069885,0.23628287017345428,0.1719562338575627,0.6231762238821174,10,10,"Zhou 2020 5XFAD (m, sn)  [AD vs WT]"
Zhou2020_5XFAD_snRNA,Astrocyte,Bdh2,Synthesis (ketogenesis),AD,WT,0.01827171817421913,0.015155103988945484,0.25449516402654143,0.38395703557388927,10,10,"Zhou 2020 5XFAD (m, sn)  [AD vs WT]"
Zhou2020_5XFAD_snRNA,Astrocyte,Oxct1,Utilisation (ketolysis),AD,WT,0.46251922845840454,0.501261293888092,-0.115808911566739,0.47267559351158717,10,10,"Zhou 2020 5XFAD (m, sn)  [AD vs WT]"
Zhou2020_5XFAD_snRNA,Astrocyte,Acat1,Utilisation (ketolysis),AD,WT,0.30313968658447266,0.2762260437011719,0.13367128679796336,0.5707503880581739,10,10,"Zhou 2020 5XFAD (m, sn)  [AD vs WT]"
Zhou2020_5XFAD_snRNA,Astrocyte,Acss1,Acetate activation,AD,WT,0.37864893674850464,0.34739571809768677,0.12393907490711535,0.5205228832757727,10,10,"Zhou 2020 5XFAD (m, sn)  [AD vs WT]"
Zhou2020_5XFAD_snRNA,Astrocyte,Acss2,Acetate activation,AD,WT,0.4469533860683441,0.4558466970920563,-0.028361511350309492,0.6775849579524755,10,10,"Zhou 2020 5XFAD (m, sn)  [AD vs WT]"
Zhou2020_5XFAD_snRNA,Astrocyte,Slc16a1,Ketone / lactate transport,AD,WT,0.1508684605360031,0.10528777539730072,0.5148466115258267,0.06402210128302689,10,10,"Zhou 2020 5XFAD (m, sn)  [AD vs WT]"
Zhou2020_5XFAD_snRNA,Astrocyte,Slc16a7,Ketone / lactate transport,AD,WT,0.06008188799023628,0.061978816986083984,-0.04412200236528722,0.6489134622152116,10,10,"Zhou 2020 5XFAD (m, sn)  [AD vs WT]"
Zhou2020_5XFAD_snRNA,Astrocyte,Slc16a3,Ketone / lactate transport,AD,WT,0.001712190336547792,0.005792935378849506,-1.3245767021816213,0.043464260452570534,10,10,"Zhou 2020 5XFAD (m, sn)  [AD vs WT]"
Zhou2020_5XFAD_snRNA,Astrocyte,Slc16a6,Ketone / lactate transport,AD,WT,0.03458621725440025,0.033340685069561005,0.051399765069802296,0.5692949401876588,10,10,"Zhou 2020 5XFAD (m, sn)  [AD vs WT]"
Zhou2020_5XFAD_snRNA,Astrocyte,Slc5a8,Ketone / lactate transport,AD,WT,0.0007583495462313294,0.000850468291901052,-0.0736685194580426,0.7280505911468842,10,10,"Zhou 2020 5XFAD (m, sn)  [AD vs WT]"
Zhou2020_5XFAD_snRNA,Astrocyte,Bsg,Ketone / lactate transport,AD,WT,0.9871007800102234,1.0993884801864624,-0.15528284130506118,0.3846730627355087,10,10,"Zhou 2020 5XFAD (m, sn)  [AD vs WT]"
Zhou2020_5XFAD_snRNA,Astrocyte,Hcar2,Receptors,AD,WT,0.0002651624381542206,0.0004892320139333606,-0.2352459062351302,1.0,10,10,"Zhou 2020 5XFAD (m, sn)  [AD vs WT]"
Zhou2020_5XFAD_snRNA,Astrocyte,Ffar3,Receptors,AD,WT,0.0,0.0,0.0,1.0,10,10,"Zhou 2020 5XFAD (m, sn)  [AD vs WT]"
Zhou2020_5XFAD_snRNA,Astrocyte,Ffar2,Receptors,AD,WT,0.0,0.00026831284048967063,-0.3429106427610628,0.36812025069351895,10,10,"Zhou 2020 5XFAD (m, sn)  [AD vs WT]"
Zhou2020_5XFAD_snRNA,Astrocyte,Cpt1a,Fatty-acid supply / regulators,AD,WT,0.1755715310573578,0.15737298130989075,0.1569265231716102,0.7913367801006604,10,10,"Zhou 2020 5XFAD (m, sn)  [AD vs WT]"
Zhou2020_5XFAD_snRNA,Astrocyte,Cpt2,Fatty-acid supply / regulators,AD,WT,0.018849443644285202,0.03321785107254982,-0.7856505885160617,0.10358920441921747,10,10,"Zhou 2020 5XFAD (m, sn)  [AD vs WT]"
Zhou2020_5XFAD_snRNA,Astrocyte,Acadm,Fatty-acid supply / regulators,AD,WT,0.12047946453094482,0.10919399559497833,0.14066683992042256,0.7337299956962472,10,10,"Zhou 2020 5XFAD (m, sn)  [AD vs WT]"
Zhou2020_5XFAD_snRNA,Astrocyte,Hadha,Fatty-acid supply / regulators,AD,WT,0.30235880613327026,0.2716154158115387,0.15415804591156507,0.47267559351158717,10,10,"Zhou 2020 5XFAD (m, sn)  [AD vs WT]"
Zhou2020_5XFAD_snRNA,Astrocyte,Acaa2,Fatty-acid supply / regulators,AD,WT,0.09248004853725433,0.0734519511461258,0.3283488255068018,0.3074894566186813,10,10,"Zhou 2020 5XFAD (m, sn)  [AD vs WT]"
Zhou2020_5XFAD_snRNA,Astrocyte,Ppara,Fatty-acid supply / regulators,AD,WT,0.1520271599292755,0.1773647964000702,-0.2210431692704821,0.2694055995352045,10,10,"Zhou 2020 5XFAD (m, sn)  [AD vs WT]"
Zhou2020_5XFAD_snRNA,Astrocyte,Ppargc1a,Fatty-acid supply / regulators,AD,WT,0.41505685448646545,0.39355549216270447,0.07655246520768631,0.5707503880581739,10,10,"Zhou 2020 5XFAD (m, sn)  [AD vs WT]"
Zhou2020_5XFAD_snRNA,Astrocyte,Fgf21,Fatty-acid supply / regulators,AD,WT,0.0,0.0,0.0,1.0,10,10,"Zhou 2020 5XFAD (m, sn)  [AD vs WT]"
Zhou2020_5XFAD_snRNA,Neuron,Hmgcs2,Synthesis (ketogenesis),AD,WT,0.0004062208463437855,0.00033527801861055195,0.07468302967591176,0.6457705807539487,10,10,"Zhou 2020 5XFAD (m, sn)  [AD vs WT]"
Zhou2020_5XFAD_snRNA,Neuron,Hmgcl,Synthesis (ketogenesis),AD,WT,0.09811602532863617,0.10041828453540802,-0.0331275369508773,0.7337299956962472,10,10,"Zhou 2020 5XFAD (m, sn)  [AD vs WT]"
Zhou2020_5XFAD_snRNA,Neuron,Hmgcll1,Synthesis (ketogenesis),AD,WT,0.20664231479167938,0.20070640742778778,0.04184356257550584,0.9097218891455553,10,10,"Zhou 2020 5XFAD (m, sn)  [AD vs WT]"
Zhou2020_5XFAD_snRNA,Neuron,Bdh1,Utilisation (ketolysis),AD,WT,0.1902530938386917,0.20834729075431824,-0.1304151617152416,0.18587673236587576,10,10,"Zhou 2020 5XFAD (m, sn)  [AD vs WT]"
Zhou2020_5XFAD_snRNA,Neuron,Bdh2,Synthesis (ketogenesis),AD,WT,0.0013935647439211607,0.0007398679736070335,0.46018299607101704,0.9093820403719205,10,10,"Zhou 2020 5XFAD (m, sn)  [AD vs WT]"
Zhou2020_5XFAD_snRNA,Neuron,Oxct1,Utilisation (ketolysis),AD,WT,0.5112181901931763,0.5177167654037476,-0.018188512009124757,0.9698499769931556,10,10,"Zhou 2020 5XFAD (m, sn)  [AD vs WT]"
Zhou2020_5XFAD_snRNA,Neuron,Acat1,Utilisation (ketolysis),AD,WT,0.3693495988845825,0.37436443567276,-0.019404192213795045,0.6775849579524755,10,10,"Zhou 2020 5XFAD (m, sn)  [AD vs WT]"
Zhou2020_5XFAD_snRNA,Neuron,Acss1,Acetate activation,AD,WT,0.0318588949739933,0.03337889537215233,-0.06523922625719898,0.7337299956962472,10,10,"Zhou 2020 5XFAD (m, sn)  [AD vs WT]"
Zhou2020_5XFAD_snRNA,Neuron,Acss2,Acetate activation,AD,WT,0.2238033264875412,0.2110036313533783,0.08457440720520255,0.5707503880581739,10,10,"Zhou 2020 5XFAD (m, sn)  [AD vs WT]"
Zhou2020_5XFAD_snRNA,Neuron,Slc16a1,Ketone / lactate transport,AD,WT,0.06235721707344055,0.06228189542889595,0.0017161550444040185,0.9698499769931556,10,10,"Zhou 2020 5XFAD (m, sn)  [AD vs WT]"
Zhou2020_5XFAD_snRNA,Neuron,Slc16a7,Ketone / lactate transport,AD,WT,0.24806921184062958,0.25450822710990906,-0.036823048321413074,0.7913367801006604,10,10,"Zhou 2020 5XFAD (m, sn)  [AD vs WT]"
Zhou2020_5XFAD_snRNA,Neuron,Slc16a3,Ketone / lactate transport,AD,WT,0.013095540925860405,0.015205899253487587,-0.20128023360583888,0.14046504815835495,10,10,"Zhou 2020 5XFAD (m, sn)  [AD vs WT]"
Zhou2020_5XFAD_snRNA,Neuron,Slc16a6,Ketone / lactate transport,AD,WT,0.0637178122997284,0.06019102782011032,0.08084270799629731,0.9698499769931556,10,10,"Zhou 2020 5XFAD (m, sn)  [AD vs WT]"
Zhou2020_5XFAD_snRNA,Neuron,Slc5a8,Ketone / lactate transport,AD,WT,0.0005816848715767264,0.0004762174212373793,0.0995569707634712,0.7614975975683588,10,10,"Zhou 2020 5XFAD (m, sn)  [AD vs WT]"
Zhou2020_5XFAD_snRNA,Neuron,Bsg,Ketone / lactate transport,AD,WT,1.1484386920928955,1.270904541015625,-0.1460608788199005,0.3074894566186813,10,10,"Zhou 2020 5XFAD (m, sn)  [AD vs WT]"
Zhou2020_5XFAD_snRNA,Neuron,Hcar2,Receptors,AD,WT,0.0004310877120587975,8.475228969473392e-05,0.3997464668540213,0.029201274772129485,10,10,"Zhou 2020 5XFAD (m, sn)  [AD vs WT]"
Zhou2020_5XFAD_snRNA,Neuron,Ffar3,Receptors,AD,WT,0.000372331531252712,0.0004671782662626356,-0.09641511968302022,0.6961690216792698,10,10,"Zhou 2020 5XFAD (m, sn)  [AD vs WT]"
Zhou2020_5XFAD_snRNA,Neuron,Ffar2,Receptors,AD,WT,0.0002699355536606163,7.183972775237635e-05,0.24466608970299555,0.14332190601165704,10,10,"Zhou 2020 5XFAD (m, sn)  [AD vs WT]"
Zhou2020_5XFAD_snRNA,Neuron,Cpt1a,Fatty-acid supply / regulators,AD,WT,0.002599952043965459,0.0027306179981678724,-0.051436952834863076,0.6231762238821174,10,10,"Zhou 2020 5XFAD (m, sn)  [AD vs WT]"
Zhou2020_5XFAD_snRNA,Neuron,Cpt2,Fatty-acid supply / regulators,AD,WT,0.0014298980822786689,0.001576796523295343,-0.08468281545822522,0.7337299956962472,10,10,"Zhou 2020 5XFAD (m, sn)  [AD vs WT]"
Zhou2020_5XFAD_snRNA,Neuron,Acadm,Fatty-acid supply / regulators,AD,WT,0.0576251819729805,0.0591358058154583,-0.036703754578202304,0.7337299956962472,10,10,"Zhou 2020 5XFAD (m, sn)  [AD vs WT]"
Zhou2020_5XFAD_snRNA,Neuron,Hadha,Fatty-acid supply / regulators,AD,WT,0.21983583271503448,0.2337113618850708,-0.08791339928750119,0.47267559351158717,10,10,"Zhou 2020 5XFAD (m, sn)  [AD vs WT]"
Zhou2020_5XFAD_snRNA,Neuron,Acaa2,Fatty-acid supply / regulators,AD,WT,0.014675627462565899,0.014316643588244915,0.03342300523920638,0.9097218891455553,10,10,"Zhou 2020 5XFAD (m, sn)  [AD vs WT]"
Zhou2020_5XFAD_snRNA,Neuron,Ppara,Fatty-acid supply / regulators,AD,WT,0.001421521999873221,0.001227033557370305,0.12079081299352107,0.6205363102440582,10,10,"Zhou 2020 5XFAD (m, sn)  [AD vs WT]"
Zhou2020_5XFAD_snRNA,Neuron,Ppargc1a,Fatty-acid supply / regulators,AD,WT,0.14530010521411896,0.14266444742679596,0.026227724113349293,0.7913367801006604,10,10,"Zhou 2020 5XFAD (m, sn)  [AD vs WT]"
Zhou2020_5XFAD_snRNA,Neuron,Fgf21,Fatty-acid supply / regulators,AD,WT,0.00017909079906530678,0.0004527513519860804,-0.30111297607410714,0.06951535827337836,10,10,"Zhou 2020 5XFAD (m, sn)  [AD vs WT]"
Zhou2020_5XFAD_snRNA,Vascular/Fibroblast,Hmgcs2,Synthesis (ketogenesis),AD,WT,0.0674920305609703,0.05810002237558365,0.21277745541385154,0.9698045577720108,10,10,"Zhou 2020 5XFAD (m, sn)  [AD vs WT]"
Zhou2020_5XFAD_snRNA,Vascular/Fibroblast,Hmgcl,Synthesis (ketogenesis),AD,WT,0.063425213098526,0.05096171423792839,0.31017637741566656,0.3846730627355087,10,10,"Zhou 2020 5XFAD (m, sn)  [AD vs WT]"
Zhou2020_5XFAD_snRNA,Vascular/Fibroblast,Hmgcll1,Synthesis (ketogenesis),AD,WT,0.04536768049001694,0.05461811274290085,-0.26243523265058505,0.6185196626370502,10,10,"Zhou 2020 5XFAD (m, sn)  [AD vs WT]"
Zhou2020_5XFAD_snRNA,Vascular/Fibroblast,Bdh1,Utilisation (ketolysis),AD,WT,0.0660310834646225,0.10133441537618637,-0.6103892511178055,0.12108458343032173,10,10,"Zhou 2020 5XFAD (m, sn)  [AD vs WT]"
Zhou2020_5XFAD_snRNA,Vascular/Fibroblast,Bdh2,Synthesis (ketogenesis),AD,WT,0.07520831376314163,0.08108972012996674,-0.10725317492128504,0.8501067391385259,10,10,"Zhou 2020 5XFAD (m, sn)  [AD vs WT]"
Zhou2020_5XFAD_snRNA,Vascular/Fibroblast,Oxct1,Utilisation (ketolysis),AD,WT,0.3450146019458771,0.3647859990596771,-0.08016693367474387,0.5707503880581739,10,10,"Zhou 2020 5XFAD (m, sn)  [AD vs WT]"
Zhou2020_5XFAD_snRNA,Vascular/Fibroblast,Acat1,Utilisation (ketolysis),AD,WT,0.22533532977104187,0.1970464140176773,0.19262322047459246,0.6231762238821174,10,10,"Zhou 2020 5XFAD (m, sn)  [AD vs WT]"
Zhou2020_5XFAD_snRNA,Vascular/Fibroblast,Acss1,Acetate activation,AD,WT,0.020091494545340538,0.01871982216835022,0.09701478658825079,1.0,10,10,"Zhou 2020 5XFAD (m, sn)  [AD vs WT]"
Zhou2020_5XFAD_snRNA,Vascular/Fibroblast,Acss2,Acetate activation,AD,WT,0.09719718247652054,0.09111148864030838,0.09230052236975472,0.6231762238821174,10,10,"Zhou 2020 5XFAD (m, sn)  [AD vs WT]"
Zhou2020_5XFAD_snRNA,Vascular/Fibroblast,Slc16a1,Ketone / lactate transport,AD,WT,0.2322661578655243,0.23823349177837372,-0.036442358442656024,0.7912601064031788,10,10,"Zhou 2020 5XFAD (m, sn)  [AD vs WT]"
Zhou2020_5XFAD_snRNA,Vascular/Fibroblast,Slc16a7,Ketone / lactate transport,AD,WT,0.057726263999938965,0.07265585660934448,-0.32679438250647663,0.7845857603861759,10,10,"Zhou 2020 5XFAD (m, sn)  [AD vs WT]"
Zhou2020_5XFAD_snRNA,Vascular/Fibroblast,Slc16a3,Ketone / lactate transport,AD,WT,0.009874297305941582,0.007467095740139484,0.36098307014365155,0.6490364230072798,10,10,"Zhou 2020 5XFAD (m, sn)  [AD vs WT]"
Zhou2020_5XFAD_snRNA,Vascular/Fibroblast,Slc16a6,Ketone / lactate transport,AD,WT,0.10697853565216064,0.11048457771539688,-0.04609959091714368,0.9097218891455553,10,10,"Zhou 2020 5XFAD (m, sn)  [AD vs WT]"
Zhou2020_5XFAD_snRNA,Vascular/Fibroblast,Slc5a8,Ketone / lactate transport,AD,WT,0.001318389899097383,0.0,1.2131232143993627,0.36812025069351895,10,10,"Zhou 2020 5XFAD (m, sn)  [AD vs WT]"
Zhou2020_5XFAD_snRNA,Vascular/Fibroblast,Bsg,Ketone / lactate transport,AD,WT,1.8633254766464233,1.9653022289276123,-0.07683133724758096,0.7337299956962472,10,10,"Zhou 2020 5XFAD (m, sn)  [AD vs WT]"
Zhou2020_5XFAD_snRNA,Vascular/Fibroblast,Hcar2,Receptors,AD,WT,0.0037352864164859056,0.0,2.2434516905610145,0.36812025069351895,10,10,"Zhou 2020 5XFAD (m, sn)  [AD vs WT]"
Zhou2020_5XFAD_snRNA,Vascular/Fibroblast,Ffar3,Receptors,AD,WT,0.0,0.0005087066674605012,-0.5933123349984499,0.36812025069351895,10,10,"Zhou 2020 5XFAD (m, sn)  [AD vs WT]"
Zhou2020_5XFAD_snRNA,Vascular/Fibroblast,Ffar2,Receptors,AD,WT,0.0025033080019056797,0.002973761409521103,-0.1817874218711233,0.6704052955096476,10,10,"Zhou 2020 5XFAD (m, sn)  [AD vs WT]"
Zhou2020_5XFAD_snRNA,Vascular/Fibroblast,Cpt1a,Fatty-acid supply / regulators,AD,WT,0.0796261578798294,0.06905332952737808,0.202794352881436,0.7333439595749962,10,10,"Zhou 2020 5XFAD (m, sn)  [AD vs WT]"
Zhou2020_5XFAD_snRNA,Vascular/Fibroblast,Cpt2,Fatty-acid supply / regulators,AD,WT,0.024823177605867386,0.04065253585577011,-0.6897377924880329,0.28809875429924503,10,10,"Zhou 2020 5XFAD (m, sn)  [AD vs WT]"
Zhou2020_5XFAD_snRNA,Vascular/Fibroblast,Acadm,Fatty-acid supply / regulators,AD,WT,0.13416358828544617,0.1712060570716858,-0.3494293317194206,0.14046504815835495,10,10,"Zhou 2020 5XFAD (m, sn)  [AD vs WT]"
Zhou2020_5XFAD_snRNA,Vascular/Fibroblast,Hadha,Fatty-acid supply / regulators,AD,WT,0.24063654243946075,0.20483329892158508,0.23136225362879012,0.47267559351158717,10,10,"Zhou 2020 5XFAD (m, sn)  [AD vs WT]"
Zhou2020_5XFAD_snRNA,Vascular/Fibroblast,Acaa2,Fatty-acid supply / regulators,AD,WT,0.11766701936721802,0.10130767524242401,0.2140046466097661,0.9698499769931556,10,10,"Zhou 2020 5XFAD (m, sn)  [AD vs WT]"
Zhou2020_5XFAD_snRNA,Vascular/Fibroblast,Ppara,Fatty-acid supply / regulators,AD,WT,0.05598392337560654,0.05720743536949158,-0.03064849811499623,0.8489805089481078,10,10,"Zhou 2020 5XFAD (m, sn)  [AD vs WT]"
Zhou2020_5XFAD_snRNA,Vascular/Fibroblast,Ppargc1a,Fatty-acid supply / regulators,AD,WT,0.08028117567300797,0.10062772035598755,-0.32230079576081944,0.6775849579524755,10,10,"Zhou 2020 5XFAD (m, sn)  [AD vs WT]"
Zhou2020_5XFAD_snRNA,Vascular/Fibroblast,Fgf21,Fatty-acid supply / regulators,AD,WT,0.0,0.0,0.0,1.0,10,10,"Zhou 2020 5XFAD (m, sn)  [AD vs WT]"
