dataset,gene,pathway,frac_in_C4b-,frac_in_C4b+,frac_in_C4b-high,mean_in_C4b-,mean_in_C4b+,enrichment(+/-),spearman_rho,fisher_p
Aging_snRNA_HIP_CP_mouse,Hmgcs2,Ketone body synthesis,0.0007624633431085044,0.0011797090051120724,0.0031446540880503146,0.00109436537604779,0.0011635093251243234,1.5472337336277564,0.005208538367136126,0.45316793097271296
Aging_snRNA_HIP_CP_mouse,Hmgcl,Ketone body synthesis,0.23020527859237536,0.22021234762092018,0.16352201257861634,0.30077868700027466,0.27935701608657837,0.9565912170539336,-0.01323294756436515,0.276637938331205
Aging_snRNA_HIP_CP_mouse,Bdh1,Ketone body synthesis,0.050146627565982406,0.05583955957530476,0.026729559748427674,0.04918044060468674,0.05457660183310509,1.113525720185902,0.003634003894257823,0.2265135649268769
Aging_snRNA_HIP_CP_mouse,Bdh2,Ketone body synthesis,0.00093841642228739,0.0007864726700747149,0.0,0.0011153081431984901,0.0009718072251416743,0.838084939048368,-0.0016551256669338828,1.0
Aging_snRNA_HIP_CP_mouse,Oxct1,Ketone body utilisation,0.39348973607038124,0.3936295713723948,0.2610062893081761,0.5835410356521606,0.5764009356498718,1.0003553721716099,-0.008509923302799028,1.0
Aging_snRNA_HIP_CP_mouse,Acat1,Ketone body utilisation,0.22756598240469209,0.24066063704286275,0.15566037735849056,0.2857514023780823,0.2990063726902008,1.057542232366188,0.0037600645843546155,0.14258099836901184
Aging_snRNA_HIP_CP_mouse,Acat2,Ketone body utilisation,0.05266862170087976,0.0526936688950059,0.020440251572327043,0.05743522569537163,0.05698990449309349,1.0004755619820163,-0.0036679072488987998,1.0
Aging_snRNA_HIP_CP_mouse,Acss1,Ketone body utilisation,0.04316715542521994,0.037750688163586316,0.02358490566037736,0.05314544215798378,0.04706207290291786,0.8745234146591667,-0.011282343809460372,0.22520214925057885
Aging_snRNA_HIP_CP_mouse,Acss2,Ketone body utilisation,0.20234604105571846,0.20723554856468737,0.139937106918239,0.2628687024116516,0.27190685272216797,1.0241640878341798,0.0003483422267914464,0.5611157629118151
Aging_snRNA_HIP_CP_mouse,Hcar2,Ketone / SCFA receptors,0.0,0.0,0.0,0.0,0.0,,,1.0
Aging_snRNA_HIP_CP_mouse,Ffar3,Ketone / SCFA receptors,0.0006451612903225806,0.0011797090051120724,0.0031446540880503146,0.0006008733180351555,0.0009706447017379105,1.8285489579237122,0.0074990976186464645,0.4126123881539943
Aging_snRNA_HIP_CP_mouse,Ffar2,Ketone / SCFA receptors,0.00011730205278592375,0.0,0.0,0.00011724577052518725,0.0,0.0,-0.0038895645584044723,1.0
Aging_snRNA_HIP_CP_mouse,Slc16a1,Monocarboxylate transporters,0.05472140762463343,0.0554463232402674,0.025157232704402517,0.06709418445825577,0.06362811475992203,1.0132473861163551,-0.0021554111428395287,0.8885685772271315
Aging_snRNA_HIP_CP_mouse,Slc16a7,Monocarboxylate transporters,0.4297360703812317,0.45969327565867085,0.3474842767295597,0.6453350186347961,0.6997184753417969,1.0697107069715215,0.018025381569819577,0.004635065096052107
Aging_snRNA_HIP_CP_mouse,Slc16a3,Monocarboxylate transporters,0.007272727272727273,0.009044435705859222,0.0047169811320754715,0.008886819705367088,0.010626819916069508,1.243609909555643,0.005750524488775958,0.3245353065253751
Aging_snRNA_HIP_CP_mouse,Slc16a6,Monocarboxylate transporters,0.08979472140762464,0.09594966574911522,0.0440251572327044,0.10113119333982468,0.1076749712228775,1.0685446120329292,0.0024093215212322855,0.3173451801121783
Aging_snRNA_HIP_CP_mouse,Bsg,Monocarboxylate transporters,0.190791788856305,0.17223751474636256,0.13679245283018868,0.24936053156852722,0.22142088413238525,0.9027511916463208,-0.017985255876928556,0.025799708719657727
Aging_snRNA_HIP_CP_mouse,Slc2a1,Glucose transporters,0.08668621700879765,0.086905230043256,0.04245283018867924,0.11144331097602844,0.10577602684497833,1.0025265035436501,-0.003275799435816226,0.9698721050036594
Aging_snRNA_HIP_CP_mouse,Slc2a3,Glucose transporters,0.1158357771260997,0.12544239087691703,0.05345911949685535,0.12152580171823502,0.13653667271137238,1.082933045291866,0.001981008651547296,0.16493548393742882
Aging_snRNA_HIP_CP_mouse,Slc2a4,Glucose transporters,0.0002932551319648094,0.0,0.0,0.00035695210681296885,0.0,0.0,-0.006150412428418777,1.0
Aging_snRNA_HIP_CP_mouse,Slc2a8,Glucose transporters,0.04222873900293255,0.045615414864333466,0.02358490566037736,0.04708649963140488,0.046570248901844025,1.0801983658845633,0.0012838332969776728,0.4301489577782227
Aging_snRNA_HIP_CP_mouse,Hk1,Glycolysis,0.12058651026392962,0.12858828155721588,0.07389937106918239,0.13100656867027283,0.14095139503479004,1.066357101435083,0.0028128274803056485,0.2550027219483224
Aging_snRNA_HIP_CP_mouse,Hk2,Glycolysis,0.007976539589442815,0.006685017695635077,0.0047169811320754715,0.008048276416957378,0.005531257018446922,0.8380849390483681,-0.006658891797222454,0.5475729195572464
Aging_snRNA_HIP_CP_mouse,Hk3,Glycolysis,0.0015835777126099707,0.0011797090051120724,0.0,0.0011497956002131104,0.000895863282494247,0.7449643902652161,-0.0043151984800146774,0.790414901574905
Aging_snRNA_HIP_CP_mouse,Gpi1,Glycolysis,0.19929618768328447,0.20251671254423909,0.13050314465408805,0.23754136264324188,0.24255745112895966,1.0161594905471678,-0.00314684186069568,0.7097429176957204
Aging_snRNA_HIP_CP_mouse,Pfkl,Glycolysis,0.030146627565982406,0.020841525756979944,0.0031446540880503146,0.02971590869128704,0.018736599013209343,0.6913385489426226,-0.022144029519748074,0.007688191584695862
Aging_snRNA_HIP_CP_mouse,Pfkm,Glycolysis,0.06363636363636363,0.0637042862760519,0.02830188679245283,0.05808025971055031,0.057241182774305344,1.00106735576653,-0.006051715371828922,1.0
Aging_snRNA_HIP_CP_mouse,Pfkp,Glycolysis,0.12850439882697948,0.14077860794337396,0.05188679245283019,0.13932950794696808,0.14843574166297913,1.0955158673822574,0.0021550752820627874,0.0879802945254451
Aging_snRNA_HIP_CP_mouse,Pfkfb2,Glycolysis,0.08011730205278593,0.07707432166732206,0.025157232704402517,0.0866907387971878,0.08065565675497055,0.9620184366236025,-0.00920201631920384,0.637672350580069
Aging_snRNA_HIP_CP_mouse,Pfkfb3,Glycolysis,0.09747800586510263,0.10774675580023595,0.05660377358490566,0.10521823912858963,0.1132146343588829,1.105344275808678,0.003359046269758658,0.10891459183252283
Aging_snRNA_HIP_CP_mouse,Aldoa,Glycolysis,0.26316715542521996,0.24695241840346047,0.18396226415094338,0.3599148988723755,0.32690751552581787,0.938386167546022,-0.01561448425836479,0.08574037668227177
Aging_snRNA_HIP_CP_mouse,Aldoc,Glycolysis,0.05571847507331378,0.05426661423515533,0.0440251572327044,0.07348233461380005,0.07019846886396408,0.973942918641472,-0.0025672574415294288,0.8164609510904612
Aging_snRNA_HIP_CP_mouse,Tpi1,Glycolysis,0.07976539589442816,0.07314195831694849,0.04716981132075472,0.09303613752126694,0.08234795182943344,0.916963521547038,-0.011839339755190125,0.2695067840640236
Aging_snRNA_HIP_CP_mouse,Gapdh,Glycolysis,0.31255131964809385,0.31262288635469915,0.2389937106918239,0.4314329922199249,0.42193424701690674,1.0002289758580636,-0.004735771332160663,1.0
Aging_snRNA_HIP_CP_mouse,Pgk1,Glycolysis,0.08146627565982405,0.07707432166732206,0.05817610062893082,0.09750837087631226,0.09065430611371994,0.9460886856931902,-0.007868884587908869,0.4828311966804387
Aging_snRNA_HIP_CP_mouse,Pgam1,Glycolysis,0.08621700879765395,0.07550137632717263,0.07232704402515723,0.11000003665685654,0.09711575508117676,0.8757132424342132,-0.013867955569040809,0.0729201604461622
Aging_snRNA_HIP_CP_mouse,Eno1,Glycolysis,0.0636950146627566,0.06960283130161227,0.04716981132075472,0.06700162589550018,0.07266981899738312,1.0927516332343363,0.0036460491238330937,0.26039565309575363
Aging_snRNA_HIP_CP_mouse,Eno2,Glycolysis,0.13736070381231671,0.13330711757766417,0.06289308176100629,0.15118461847305298,0.1429038941860199,0.9704894768143356,-0.010609368331431276,0.5990824981556311
Aging_snRNA_HIP_CP_mouse,Pkm,Glycolysis,0.3038709677419355,0.2976799056232796,0.2248427672955975,0.4089984893798828,0.38683998584747314,0.9796260163823426,-0.01111194286709957,0.5324252692974543
Aging_snRNA_HIP_CP_mouse,Ldha,Glycolysis,0.04275659824046921,0.04679512386944554,0.036163522012578615,0.047696370631456375,0.053059760481119156,1.0944538573032188,0.0037485809364062343,0.3471699622899335
Aging_snRNA_HIP_CP_mouse,Ldhb,Glycolysis,0.18950146627565984,0.19661816751867872,0.14779874213836477,0.2354186475276947,0.24510300159454346,1.0375548610936156,0.0026143133008417023,0.4013491097473374
Aging_snRNA_HIP_CP_mouse,Pdha1,Pyruvate fate,0.05741935483870968,0.05977192292567833,0.0440251572327044,0.06683917343616486,0.06857164949178696,1.040971691402263,0.00028141184768919317,0.6164222233383715
Aging_snRNA_HIP_CP_mouse,Pdhb,Pyruvate fate,0.11237536656891496,0.11325206449075895,0.06289308176100629,0.1263216882944107,0.12568777799606323,1.0078015133441753,-0.004292906085971563,0.8929731466144859
Aging_snRNA_HIP_CP_mouse,Pdk1,Pyruvate fate,0.04762463343108504,0.04797483287455761,0.01729559748427673,0.04643095284700394,0.050122834742069244,1.0073533257527183,-0.0035229911528922696,0.920565886833747
Aging_snRNA_HIP_CP_mouse,Pdk2,Pyruvate fate,0.06351906158357772,0.06173810460086512,0.03773584905660377,0.0765964686870575,0.07367163896560669,0.9719618499028164,-0.004951652012716698,0.7600042857612765
Aging_snRNA_HIP_CP_mouse,Pdk3,Pyruvate fate,0.16551319648093843,0.17223751474636256,0.12421383647798742,0.20308740437030792,0.21095381677150726,1.0406270823619708,0.0010582949311288483,0.392011863911152
Aging_snRNA_HIP_CP_mouse,Pdk4,Pyruvate fate,0.02633431085043988,0.027133307117577665,0.01729559748427673,0.033639974892139435,0.03509586304426193,1.0303405041307332,0.0009072218622436949,0.79116324324509
Aging_snRNA_HIP_CP_mouse,Pdp1,Pyruvate fate,0.10023460410557185,0.10617381046008652,0.05345911949685535,0.11135982722043991,0.11317592114210129,1.0592530534490785,0.00018763196159137234,0.35905011722608293
Aging_snRNA_HIP_CP_mouse,Mpc1,Pyruvate fate,0.3278592375366569,0.32009437672040897,0.22012578616352202,0.44573232531547546,0.41883566975593567,0.9763164799790649,-0.01422899911114493,0.44112671464618025
Aging_snRNA_HIP_CP_mouse,Mpc2,Pyruvate fate,0.15266862170087978,0.13330711757766417,0.0880503144654088,0.187721386551857,0.1645091325044632,0.8731795446404818,-0.021681596907291625,0.010488237563589463
Aging_snRNA_HIP_CP_mouse,Pcx,Pyruvate fate,0.20821114369501467,0.21038143924498623,0.12578616352201258,0.27980947494506836,0.27343833446502686,1.010423532148455,-0.004565369756374915,0.7936582601296442
Aging_snRNA_HIP_CP_mouse,Pck2,Pyruvate fate,0.0081524926686217,0.01219032638615808,0.0047169811320754715,0.00843875203281641,0.010590814985334873,1.4952882365755056,0.011932768652618338,0.05031389917367586
Aging_snRNA_HIP_CP_mouse,G6pdx,Pentose phosphate pathway,0.050733137829912026,0.057805741250491545,0.036163522012578615,0.059419866651296616,0.06437256187200546,1.1394079633767409,0.006807620755742341,0.13644874440756988
Aging_snRNA_HIP_CP_mouse,Pgd,Pentose phosphate pathway,0.02129032258064516,0.019268580416830515,0.006289308176100629,0.023052897304296494,0.019650211557745934,0.9050393832147666,-0.007521050011586154,0.5535942424956442
Aging_snRNA_HIP_CP_mouse,Tkt,Pentose phosphate pathway,0.1701466275659824,0.18836020448289423,0.13679245283018868,0.22416234016418457,0.2438550591468811,1.1070463586464483,0.012703294516245687,0.024406239191475644
Aging_snRNA_HIP_CP_mouse,Taldo1,Pentose phosphate pathway,0.2452199413489736,0.2477388910735352,0.18396226415094338,0.33390340209007263,0.32662251591682434,1.0102722058846627,-0.0037457026028524603,0.7859132669494411
Aging_snRNA_HIP_CP_mouse,Gys1,Glycogen,0.05442815249266862,0.05662603224537947,0.01729559748427673,0.05905399098992348,0.06128426641225815,1.04038130364625,-0.0014706971864280403,0.6403117232360485
Aging_snRNA_HIP_CP_mouse,Pygb,Glycogen,0.087683284457478,0.08651199370821865,0.0440251572327044,0.10114192217588425,0.09799673408269882,0.9866418011539317,-0.006058047381496828,0.8804210456634602
Aging_snRNA_HIP_CP_mouse,Gbe1,Glycogen,0.12175953079178886,0.1293747542272906,0.09119496855345911,0.15490350127220154,0.16017448902130127,1.062543140450532,0.0031285419969536116,0.2709434967962617
Aging_snRNA_HIP_CP_mouse,Agl,Glycogen,0.098475073313783,0.09673613841918993,0.06132075471698113,0.12311351299285889,0.11701805144548416,0.9823413698911186,-0.005826381661609316,0.8026938640115342
Aging_snRNA_HIP_CP_mouse,Cs,TCA cycle,0.13237536656891497,0.13605977192292568,0.09119496855345911,0.15602989494800568,0.15753766894340515,1.0278330134186453,-0.0017435777770736596,0.6163260165907539
Aging_snRNA_HIP_CP_mouse,Aco2,TCA cycle,0.23794721407624633,0.22689736531655524,0.1320754716981132,0.29598280787467957,0.27234700322151184,0.9535617645174431,-0.01661533444466236,0.22989487626626692
Aging_snRNA_HIP_CP_mouse,Idh2,TCA cycle,0.051085043988269796,0.055053086905230045,0.031446540880503145,0.05751818045973778,0.06276712566614151,1.0776752373526661,0.0032897100260005623,0.38743883885205366
Aging_snRNA_HIP_CP_mouse,Idh3a,TCA cycle,0.046041055718475075,0.04797483287455761,0.03773584905660377,0.04992079734802246,0.05186311900615692,1.0420011471480346,0.00025712288357885747,0.6490918120990788
Aging_snRNA_HIP_CP_mouse,Ogdh,TCA cycle,0.30240469208211146,0.347620920173024,0.25157232704402516,0.4027329981327057,0.4642409384250641,1.1495222437839523,0.02767116287729347,5.120276002611695e-06
Aging_snRNA_HIP_CP_mouse,Dlst,TCA cycle,0.1896774193548387,0.20644907589461267,0.1650943396226415,0.23461969196796417,0.25628507137298584,1.0884219987641144,0.010920406671959518,0.04579702652101387
Aging_snRNA_HIP_CP_mouse,Sucla2,TCA cycle,0.1752492668621701,0.1663389697208022,0.10534591194968554,0.2138175219297409,0.200013667345047,0.9491564369945372,-0.012800083220348273,0.2744116508259732
Aging_snRNA_HIP_CP_mouse,Suclg1,TCA cycle,0.12645161290322582,0.12504915454187968,0.08647798742138364,0.14549359679222107,0.14421796798706055,0.9889091303056811,-0.005635868838013691,0.8728819644623629
Aging_snRNA_HIP_CP_mouse,Sdha,TCA cycle,0.24387096774193548,0.26936688950058985,0.19339622641509435,0.3087158203125,0.34315142035484314,1.1045467691161752,0.015236900033425056,0.005781602797143985
Aging_snRNA_HIP_CP_mouse,Sdhb,TCA cycle,0.12703812316715543,0.11718442784113252,0.06289308176100629,0.14951835572719574,0.13133126497268677,0.9224351314364309,-0.015909639905284004,0.16808668218368342
Aging_snRNA_HIP_CP_mouse,Fh1,TCA cycle,0.04715542521994135,0.04915454187966968,0.02830188679245283,0.05305767431855202,0.05291662737727165,1.0423942027964777,-0.0005482637385782122,0.6526446829465335
Aging_snRNA_HIP_CP_mouse,Mdh1,TCA cycle,0.2331964809384164,0.21706645694062132,0.16666666666666666,0.29837173223495483,0.2718796133995056,0.930830757252916,-0.01753633481206948,0.07341450482978114
Aging_snRNA_HIP_CP_mouse,Mdh2,TCA cycle,0.13519061583577713,0.1321274085725521,0.09119496855345911,0.1676085889339447,0.15192273259162903,0.9773415688338452,-0.008766479952136134,0.6858787982169288
Aging_snRNA_HIP_CP_mouse,Got1,Anaplerosis / amino acids,0.12727272727272726,0.13370035391270155,0.07547169811320754,0.14962893724441528,0.15178151428699493,1.050502780742655,0.0008621965416938542,0.37316156675275725
Aging_snRNA_HIP_CP_mouse,Got2,Anaplerosis / amino acids,0.13378299120234605,0.13291388124262682,0.08018867924528301,0.1495596319437027,0.14644156396389008,0.9935035840362942,-0.007141586421794964,0.9253597971691381
Aging_snRNA_HIP_CP_mouse,Glud1,Anaplerosis / amino acids,0.19589442815249267,0.20762878489972472,0.1540880503144654,0.25036299228668213,0.257279634475708,1.0599014318982953,0.004813182672710691,0.16506313009343443
Aging_snRNA_HIP_CP_mouse,Gls,Anaplerosis / amino acids,0.42316715542521993,0.4270546598505702,0.27358490566037735,0.6240712404251099,0.6053149700164795,1.0091866875193654,-0.011728383162766927,0.71464965272847
Aging_snRNA_HIP_CP_mouse,Glul,Anaplerosis / amino acids,0.46457478005865105,0.4636256390090444,0.3663522012578616,0.7400412559509277,0.7182681560516357,0.9979569681989909,-0.007140652955866476,0.9320784033550036
Aging_snRNA_HIP_CP_mouse,Idh1,Anaplerosis / amino acids,0.06457478005865103,0.06527723161620133,0.0440251572327044,0.08068620413541794,0.0802445113658905,1.010878109951165,-0.0014781575629599236,0.8968276151886421
Aging_snRNA_HIP_CP_mouse,Slc25a1,Anaplerosis / amino acids,0.01847507331378299,0.016122689736531654,0.007861635220125786,0.020215317606925964,0.019505327567458153,0.8726725714535387,-0.006911340395130395,0.4734514250687964
Aging_snRNA_HIP_CP_mouse,Slc25a11,Anaplerosis / amino acids,0.04516129032258064,0.04128981517892253,0.01729559748427673,0.052066586911678314,0.044123806059360504,0.9142744789618561,-0.009504831760455107,0.41022275620347093
Aging_snRNA_HIP_CP_mouse,Ndufa4,Oxidative phosphorylation,0.1580058651026393,0.13173417223751474,0.1069182389937107,0.21154353022575378,0.17045091092586517,0.8337296349850134,-0.026604863973937964,0.0005772821320165448
Aging_snRNA_HIP_CP_mouse,Ndufs1,Oxidative phosphorylation,0.2558944281524927,0.26386158081006683,0.17138364779874213,0.32891425490379333,0.33716660737991333,1.0311345296382395,0.0008004782947283803,0.39456997234585833
Aging_snRNA_HIP_CP_mouse,Ndufv1,Oxidative phosphorylation,0.092316715542522,0.08572552103814393,0.07075471698113207,0.10952579230070114,0.10093286633491516,0.9286023721095007,-0.010180419810368505,0.30179872835841315
Aging_snRNA_HIP_CP_mouse,Ndufb8,Oxidative phosphorylation,0.0839882697947214,0.0739284309870232,0.059748427672955975,0.10653146356344223,0.09082147479057312,0.8802232879390682,-0.013669741377521458,0.08941427648155692
Aging_snRNA_HIP_CP_mouse,Uqcrc1,Oxidative phosphorylation,0.10909090909090909,0.11325206449075895,0.0660377358490566,0.12437915056943893,0.1227068230509758,1.0381439244986237,-0.0013204138876430473,0.5402594056773238
Aging_snRNA_HIP_CP_mouse,Uqcrc2,Oxidative phosphorylation,0.16187683284457477,0.16791191506095163,0.10377358490566038,0.1931937336921692,0.19207382202148438,1.0372819390540673,-0.00141147834105117,0.4369266731422521
Aging_snRNA_HIP_CP_mouse,Uqcrfs1,Oxidative phosphorylation,0.043577712609970676,0.04325599685410932,0.020440251572327043,0.053451795130968094,0.05055239796638489,0.9926174244449043,-0.0033257502683648943,1.0
Aging_snRNA_HIP_CP_mouse,Cycs,Oxidative phosphorylation,0.04803519061583578,0.042862760519071966,0.03930817610062893,0.06100242957472801,0.05114489421248436,0.8923199839440501,-0.009558294123936334,0.2708983740241352
Aging_snRNA_HIP_CP_mouse,Cox4i1,Oxidative phosphorylation,0.2558944281524927,0.23358238301219034,0.17767295597484276,0.3448144197463989,0.3105545938014984,0.9128076164010646,-0.019757562531539572,0.01550460028353732
Aging_snRNA_HIP_CP_mouse,Cox5a,Oxidative phosphorylation,0.13853372434017594,0.13448682658277625,0.10534591194968554,0.1766178011894226,0.1652638167142868,0.9707876347317254,-0.0076597823991162535,0.6003981573920403
Aging_snRNA_HIP_CP_mouse,Cox6c,Oxidative phosphorylation,0.16005865102639297,0.14353126228863547,0.1069182389937107,0.21073678135871887,0.1789841204881668,0.8967416716823872,-0.019593338718732367,0.03333714258593242
Aging_snRNA_HIP_CP_mouse,Cox7c,Oxidative phosphorylation,0.23478005865102639,0.21667322060558394,0.16352201257861634,0.3068634569644928,0.26787346601486206,0.9228774447477408,-0.02100077337418304,0.04410452701834948
Aging_snRNA_HIP_CP_mouse,Atp5a1,Oxidative phosphorylation,0.26609970674486805,0.25560361777428237,0.1619496855345912,0.34028008580207825,0.31709960103034973,0.9605558040668976,-0.014192530429963367,0.26784160165953264
Aging_snRNA_HIP_CP_mouse,Atp5b,Oxidative phosphorylation,0.19912023460410558,0.18993314982304366,0.13364779874213836,0.2531011700630188,0.23095624148845673,0.9538616213498952,-0.01342272824729233,0.28598477298041086
Aging_snRNA_HIP_CP_mouse,Atp5o,Oxidative phosphorylation,0.09419354838709677,0.09005112072355485,0.0660377358490566,0.11759552359580994,0.1100914478302002,0.9560221720651372,-0.007126970371642973,0.5350920276211292
Aging_snRNA_HIP_CP_mouse,Ppargc1a,Mitochondrial biogenesis / dynamics,0.08944281524926687,0.10027526543452615,0.040880503144654086,0.09106743335723877,0.10318446904420853,1.1211103446942103,0.004121662317263997,0.08205842727926489
Aging_snRNA_HIP_CP_mouse,Tfam,Mitochondrial biogenesis / dynamics,0.04780058651026393,0.0424695241840346,0.0330188679245283,0.05505344644188881,0.04588795080780983,0.8884728678991288,-0.01082775423495904,0.24869821751691595
Aging_snRNA_HIP_CP_mouse,Nrf1,Mitochondrial biogenesis / dynamics,0.3700293255131965,0.3826189539913488,0.2641509433962264,0.5222840905189514,0.5351751446723938,1.0340233262882386,0.002900884942937375,0.2263898134201768
Aging_snRNA_HIP_CP_mouse,Opa1,Mitochondrial biogenesis / dynamics,0.29255131964809383,0.2976799056232796,0.17452830188679244,0.3795911371707916,0.3838502764701843,1.017530551498981,-0.002753506865559974,0.6074955098785557
Aging_snRNA_HIP_CP_mouse,Mfn2,Mitochondrial biogenesis / dynamics,0.1163049853372434,0.10578057412504915,0.059748427672955975,0.13400286436080933,0.11746339499950409,0.9095102313827979,-0.0166381936629389,0.12526626485170725
Aging_snRNA_HIP_CP_mouse,Dnm1l,Mitochondrial biogenesis / dynamics,0.3129618768328446,0.3185214313802595,0.2248427672955975,0.41154295206069946,0.4161023199558258,1.0177643187843748,-0.0018397328763909932,0.5824749437176684
Aging_snRNA_HIP_CP_mouse,Pink1,Mitochondrial biogenesis / dynamics,0.11249266862170088,0.12504915454187968,0.09276729559748427,0.1369684338569641,0.15032900869846344,1.1116204822414226,0.009695590462375796,0.06593529732820733
Aging_snRNA_HIP_CP_mouse,Prkn,Mitochondrial biogenesis / dynamics,0.753900293255132,0.7813605977192293,0.6572327044025157,1.5714069604873657,1.6434317827224731,1.0364243185866546,0.021628185322314242,0.0024788104989421937
Aging_snRNA_HIP_CP_mouse,Cd36,Fatty acid uptake / activation,0.0007038123167155425,0.0011797090051120724,0.0,0.000652712769806385,0.0009863447630777955,1.6761698780967362,0.0038613073550185055,0.4316090371149424
Aging_snRNA_HIP_CP_mouse,Slc27a1,Fatty acid uptake / activation,0.16269794721407624,0.1655524970507275,0.11477987421383648,0.20437178015708923,0.2082592248916626,1.017545088217341,-0.0009133285192968249,0.7084681332590494
Aging_snRNA_HIP_CP_mouse,Fabp5,Fatty acid uptake / activation,0.07055718475073314,0.07864726700747149,0.050314465408805034,0.09119811654090881,0.09671173244714737,1.1146599355589268,0.008220591438189291,0.14891756801113112
Aging_snRNA_HIP_CP_mouse,Fabp7,Fatty acid uptake / activation,0.004340175953079179,0.006685017695635077,0.0031446540880503146,0.005695065949112177,0.009319423697888851,1.540264212305109,0.011183303961965917,0.1162329619206269
Aging_snRNA_HIP_CP_mouse,Acsl1,Fatty acid uptake / activation,0.2598240469208211,0.3000393236335037,0.19811320754716982,0.3451875150203705,0.4000464081764221,1.1547788866707085,0.02603954148953809,2.2321415438992633e-05
Aging_snRNA_HIP_CP_mouse,Acsl3,Fatty acid uptake / activation,0.3221114369501466,0.34132913881242627,0.22641509433962265,0.45986902713775635,0.48250865936279297,1.0596616563641421,0.008981126133273136,0.05652271800094807
Aging_snRNA_HIP_CP_mouse,Acsl6,Fatty acid uptake / activation,0.07947214076246334,0.07786079433739677,0.0440251572327044,0.08176226168870926,0.08334089070558548,0.9797243863118931,-0.006402025161739835,0.8133886753078258
Aging_snRNA_HIP_CP_mouse,Acsbg1,Fatty acid uptake / activation,0.011788856304985338,0.014156508061344868,0.014150943396226415,0.015314632095396519,0.01846833899617195,1.2008381216215422,0.006960146750768488,0.32998390684724555
Aging_snRNA_HIP_CP_mouse,Cpt1a,Fatty acid beta-oxidation,0.020410557184750735,0.02438065277231616,0.02358490566037736,0.02711469866335392,0.03175250068306923,1.194511867149398,0.008693661379610418,0.20623687956843234
Aging_snRNA_HIP_CP_mouse,Cpt1c,Fatty acid beta-oxidation,0.22398826979472142,0.2135273299252851,0.1320754716981132,0.2701601982116699,0.25593575835227966,0.9532969298837681,-0.014439992007388797,0.2399912297706182
Aging_snRNA_HIP_CP_mouse,Cpt2,Fatty acid beta-oxidation,0.022287390029325515,0.022807707432166733,0.020440251572327043,0.028455590829253197,0.02907342091202736,1.0233458203116914,0.0005858610573644657,0.8295501212565966
Aging_snRNA_HIP_CP_mouse,Slc25a20,Fatty acid beta-oxidation,0.027038123167155426,0.022807707432166733,0.009433962264150943,0.025396015495061874,0.019766196608543396,0.8435388540530212,-0.012544341874739053,0.23348059252134062
Aging_snRNA_HIP_CP_mouse,Acadm,Fatty acid beta-oxidation,0.056129032258064517,0.0609516319307904,0.031446540880503145,0.06612291932106018,0.06916797906160355,1.0859198792267255,0.0034802035979199417,0.33455194064222193
Aging_snRNA_HIP_CP_mouse,Acadl,Fatty acid beta-oxidation,0.09026392961876833,0.09083759339362957,0.07075471698113207,0.11901973932981491,0.11844486743211746,1.006355404393362,-0.00026380767071985446,0.9114670459346295
Aging_snRNA_HIP_CP_mouse,Acadvl,Fatty acid beta-oxidation,0.017653958944281525,0.020841525756979944,0.009433962264150943,0.020373821258544922,0.02326136827468872,1.1805581865664718,0.006054581364494374,0.26360612986932513
Aging_snRNA_HIP_CP_mouse,Acads,Fatty acid beta-oxidation,0.009149560117302053,0.011403853716083366,0.006289308176100629,0.01112641766667366,0.011657999828457832,1.2463827298668038,0.00572477973864673,0.2714731819501928
Aging_snRNA_HIP_CP_mouse,Hadha,Fatty acid beta-oxidation,0.14979472140762462,0.16476602438065277,0.11320754716981132,0.18230654299259186,0.19767577946186066,1.0999454642482889,0.008940045392422966,0.05056815288583667
Aging_snRNA_HIP_CP_mouse,Hadhb,Fatty acid beta-oxidation,0.08645161290322581,0.08572552103814393,0.04245283018867924,0.10172741115093231,0.09289254993200302,0.9916011761874858,-0.0061298048360710075,0.9396739839764803
Aging_snRNA_HIP_CP_mouse,Echs1,Fatty acid beta-oxidation,0.08944281524926687,0.09752261108926465,0.06761006289308176,0.11059781163930893,0.12251080572605133,1.0903347666045653,0.008084856990083508,0.18245996648439594
Aging_snRNA_HIP_CP_mouse,Acaa2,Fatty acid beta-oxidation,0.013489736070381233,0.01651592607156901,0.006289308176100629,0.01245152112096548,0.014025853015482426,1.2243327805228332,0.004698396859630006,0.23682914015330914
Aging_snRNA_HIP_CP_mouse,Decr1,Fatty acid beta-oxidation,0.037243401759530795,0.044435705859221394,0.026729559748427674,0.04478967562317848,0.05235946923494339,1.19311619669248,0.010444300237515471,0.08523692761999091
Aging_snRNA_HIP_CP_mouse,Eci1,Fatty acid beta-oxidation,0.038181818181818185,0.045615414864333466,0.03773584905660377,0.04755404219031334,0.05410180985927582,1.1946894369230192,0.01113404830367792,0.0791967344936112
Aging_snRNA_HIP_CP_mouse,Acox1,Fatty acid beta-oxidation,0.3204692082111437,0.3362170664569406,0.2279874213836478,0.4309593737125397,0.4482300877571106,1.049140004225995,0.005678471522374017,0.11664416899853669
Aging_snRNA_HIP_CP_mouse,Ehhadh,Fatty acid beta-oxidation,0.0395307917888563,0.04404246952418404,0.02358490566037736,0.04694738611578941,0.0517108291387558,1.114130720159255,0.004792920427249952,0.2786767399411236
Aging_snRNA_HIP_CP_mouse,Acly,Lipid synthesis,0.09536656891495601,0.09830908375933936,0.05660377358490566,0.11109469085931778,0.11190559715032578,1.0308547835773285,-0.0013983716766973002,0.6386483742901987
Aging_snRNA_HIP_CP_mouse,Acaca,Lipid synthesis,0.6581818181818182,0.7031065670467951,0.5770440251572327,1.1795976161956787,1.2736867666244507,1.0682558339108765,0.03130973213488179,6.718602174424552e-06
Aging_snRNA_HIP_CP_mouse,Fasn,Lipid synthesis,0.04973607038123167,0.05583955957530476,0.031446540880503145,0.06075109541416168,0.06423314660787582,1.1227175598572479,0.006158837326062387,0.1901527880202299
Aging_snRNA_HIP_CP_mouse,Elovl1,Lipid synthesis,0.05372434017595308,0.051120723554856466,0.04245283018867924,0.06266943365335464,0.05820167809724808,0.9515374853824266,-0.006294897538492951,0.6362644933037309
Aging_snRNA_HIP_CP_mouse,Elovl5,Lipid synthesis,0.26475073313782993,0.2807707432166732,0.1871069182389937,0.3583398461341858,0.3765735328197479,1.0605097855215504,0.00696327750048306,0.09251256051293452
Aging_snRNA_HIP_CP_mouse,Elovl6,Lipid synthesis,0.3453958944281525,0.3653165552497051,0.28144654088050314,0.5076673030853271,0.5318920612335205,1.0576748627963104,0.009616061636312435,0.04959820805669292
Aging_snRNA_HIP_CP_mouse,Scd1,Lipid synthesis,0.035835777126099706,0.03617774282343689,0.02358490566037736,0.045947350561618805,0.040823496878147125,1.0095425779698837,-0.0018729820279948532,0.9090649590473159
Aging_snRNA_HIP_CP_mouse,Scd2,Lipid synthesis,0.6459237536656891,0.6488399528116398,0.4937106918238994,1.112473487854004,1.0864194631576538,1.0045147730353636,-0.013073699308637539,0.7896566068082147
Aging_snRNA_HIP_CP_mouse,Srebf1,Lipid synthesis,0.06885630498533725,0.07982697601258357,0.05188679245283019,0.0877782478928566,0.10114234685897827,1.1593270366393098,0.012307124549713487,0.04589580945174096
Aging_snRNA_HIP_CP_mouse,Mlxipl,Lipid synthesis,0.005161290322580645,0.004325599685410932,0.0047169811320754715,0.004637894220650196,0.004248343873769045,0.8380849390483681,-0.004745629976401298,0.6553609282857098
Aging_snRNA_HIP_CP_mouse,Hmgcs1,Cholesterol synthesis,0.07741935483870968,0.08651199370821865,0.06132075471698113,0.09568145871162415,0.10825474560260773,1.1174465853978242,0.00883518858284825,0.11412537565084652
Aging_snRNA_HIP_CP_mouse,Hmgcr,Cholesterol synthesis,0.12287390029325514,0.12111679119150609,0.07861635220125786,0.14200063049793243,0.13912738859653473,0.9856998996731163,-0.00649911313777218,0.8206123926449538
Aging_snRNA_HIP_CP_mouse,Mvk,Cholesterol synthesis,0.027331378299120235,0.031458906802988594,0.014150943396226415,0.03271804004907608,0.037651028484106064,1.151017942040677,0.006605029935779926,0.24477745564214876
Aging_snRNA_HIP_CP_mouse,Fdps,Cholesterol synthesis,0.05847507331378299,0.05465985057019269,0.031446540880503145,0.07315801829099655,0.06758059561252594,0.934754716370898,-0.00727244941286045,0.4668856422724059
Aging_snRNA_HIP_CP_mouse,Fdft1,Cholesterol synthesis,0.13595307917888563,0.16869838773102636,0.1540880503144654,0.1724676787853241,0.21627311408519745,1.2408574248550472,0.029522424531515462,1.3590662268671236e-05
Aging_snRNA_HIP_CP_mouse,Sqle,Cholesterol synthesis,0.044868035190615836,0.04758159653952025,0.0330188679245283,0.05430876463651657,0.059856731444597244,1.0604787202598958,0.002925147983228872,0.5392689335787115
Aging_snRNA_HIP_CP_mouse,Lss,Cholesterol synthesis,0.03595307917888563,0.03303185214313802,0.015723270440251572,0.040315840393304825,0.031837914139032364,0.9187489054494344,-0.009470915592398151,0.4911661255104797
Aging_snRNA_HIP_CP_mouse,Cyp51,Cholesterol synthesis,0.10005865102639296,0.1026346834447503,0.08333333333333333,0.11932148039340973,0.12327904999256134,1.0257452243452478,0.0004189222287224196,0.6972136006834286
Aging_snRNA_HIP_CP_mouse,Dhcr24,Cholesterol synthesis,0.03712609970674487,0.033818324813212744,0.018867924528301886,0.04013834893703461,0.03693005442619324,0.9109043255375628,-0.00872528075239577,0.42905708491538064
Aging_snRNA_HIP_CP_mouse,Dhcr7,Cholesterol synthesis,0.05536656891495601,0.05662603224537947,0.0440251572327044,0.06712622940540314,0.0674554631114006,1.022747722228517,-0.0004594102952154824,0.7807433603202545
Aging_snRNA_HIP_CP_mouse,Srebf2,Cholesterol synthesis,0.373841642228739,0.3814392449862367,0.2562893081761006,0.518083930015564,0.5237468481063843,1.0203230509907963,-0.0007138788052495155,0.4687208869364804
Aging_snRNA_HIP_CP_mouse,Insig1,Cholesterol synthesis,0.07853372434017596,0.07746755800235942,0.05345911949685535,0.10215719789266586,0.09628787636756897,0.9864240955490875,-0.0040470941155876725,0.8743835638235915
Aging_snRNA_HIP_CP_mouse,Ldlr,Cholesterol / lipid transport,0.044868035190615836,0.053480141565080616,0.03459119496855346,0.05719117820262909,0.06732825934886932,1.1919430244243459,0.010955450731275186,0.06021200006539443
Aging_snRNA_HIP_CP_mouse,Abca1,Cholesterol / lipid transport,0.28175953079178884,0.3334644121116791,0.25157232704402516,0.3997358977794647,0.4705616235733032,1.1835071245845397,0.03336780695996917,1.1215505712402043e-07
Aging_snRNA_HIP_CP_mouse,Abca2,Cholesterol / lipid transport,0.37683284457478006,0.36256390090444357,0.2751572327044025,0.5410798192024231,0.5068154335021973,0.9621345541510915,-0.015639461615539127,0.16668614498034984
Aging_snRNA_HIP_CP_mouse,Abcg1,Cholesterol / lipid transport,0.3696774193548387,0.41093197011403854,0.3081761006289308,0.5209315419197083,0.5797483325004578,1.111596079715113,0.024155399798260747,7.02833627888605e-05
Aging_snRNA_HIP_CP_mouse,Apoe,Cholesterol / lipid transport,0.5047507331378299,0.5222178529296106,0.48427672955974843,0.7993596196174622,0.8239564895629883,1.0346054371891542,0.01162264275587882,0.10165341714180784
Aging_snRNA_HIP_CP_mouse,Apod,Cholesterol / lipid transport,0.6113782991202346,0.6669288242233582,0.5691823899371069,1.0728169679641724,1.2153198719024658,1.090861133250984,0.04735457307975359,6.355041059887748e-08
Aging_snRNA_HIP_CP_mouse,Lpl,Cholesterol / lipid transport,0.03565982404692082,0.034998033818324815,0.02830188679245283,0.03751204535365105,0.03666387498378754,0.9814415733592732,-0.004168879940016212,0.9086805898457564
Aging_snRNA_HIP_CP_mouse,Nr1h2,Cholesterol / lipid transport,0.0412316715542522,0.03067243413291388,0.0220125786163522,0.04977336898446083,0.03735136613249779,0.7439046969646965,-0.01899208700330408,0.010561748653409806
Aging_snRNA_HIP_CP_mouse,Nr1h3,Cholesterol / lipid transport,0.005806451612903226,0.005898545025560362,0.0015723270440251573,0.005150116514414549,0.004587631206959486,1.01586053217984,-0.001761932215440506,0.8893486687335568
Aging_snRNA_HIP_CP_mouse,Plin2,Cholesterol / lipid transport,0.0035190615835777126,0.003932363350373574,0.0015723270440251573,0.004197031259536743,0.0037391972728073597,1.117446585397824,0.0010678553989392978,0.7212351943337294
Aging_snRNA_HIP_CP_mouse,Plin3,Cholesterol / lipid transport,0.06357771260997068,0.06606370428627605,0.036163522012578615,0.08053901791572571,0.07982724905014038,1.039101621845947,-0.00014707057393955112,0.6326005840486162
Aging_snRNA_HIP_CP_mouse,Plin4,Cholesterol / lipid transport,0.03149560117302053,0.026740070782540308,0.01729559748427673,0.04111815243959427,0.03365853428840637,0.8490096961681792,-0.01001592875534302,0.21881944693754996
Aging_snRNA_HIP_CP_mouse,Ugt8a,Myelin lipid synthesis,0.7943108504398827,0.809673613841919,0.7248427672955975,1.5895445346832275,1.624790906906128,1.019340996529921,0.012741843872257401,0.07277313721485726
Aging_snRNA_HIP_CP_mouse,Gal3st1,Myelin lipid synthesis,0.3489149560117302,0.3853716083366103,0.3128930817610063,0.5112257599830627,0.5669005513191223,1.104485782844042,0.02414523998886311,0.0003735580348214418
Aging_snRNA_HIP_CP_mouse,Cers2,Myelin lipid synthesis,0.14252199413489736,0.12583562721195438,0.0959119496855346,0.19072730839252472,0.16278289258480072,0.8829207588328486,-0.01858042364046894,0.023544176913785977
Aging_snRNA_HIP_CP_mouse,Sptlc1,Myelin lipid synthesis,0.1281524926686217,0.1423515532835234,0.07075471698113207,0.1450294554233551,0.1550900936126709,1.1107981617776082,0.006969199547283511,0.04999444388751964
Aging_snRNA_HIP_CP_mouse,Pigt,Myelin lipid synthesis,0.08744868035190616,0.09123082972866693,0.06289308176100629,0.104387067258358,0.10751350969076157,1.0432499308341858,0.001152024646864657,0.523559320137477
Aging_snRNA_HIP_CP_mouse,Fa2h,Myelin lipid synthesis,0.8146041055718475,0.8529296106960284,0.7814465408805031,1.6208722591400146,1.7001358270645142,1.0470480137063347,0.028328271985204267,1.9443951055353577e-06
Aging_snRNA_HIP_CP_mouse,Hif1a,Nutrient sensing / regulators,0.1555425219941349,0.15493511600471885,0.08176100628930817,0.18691225349903107,0.18315841257572174,0.996094920015255,-0.006374819022708041,0.9532295548700118
Aging_snRNA_HIP_CP_mouse,Epas1,Nutrient sensing / regulators,0.05348973607038123,0.0369642154935116,0.026729559748427674,0.07200596481561661,0.04902244359254837,0.691052493601286,-0.026353663630223293,0.00029629117691377146
Aging_snRNA_HIP_CP_mouse,Prkaa1,Nutrient sensing / regulators,0.10510263929618768,0.11325206449075895,0.07389937106918239,0.12359296530485153,0.13031005859375,1.0775377787764733,0.004754364576760036,0.21420221822158209
Aging_snRNA_HIP_CP_mouse,Prkaa2,Nutrient sensing / regulators,0.13407624633431084,0.1301612268973653,0.09119496855345911,0.16184355318546295,0.15602445602416992,0.9708000518810493,-0.007780991792477406,0.6171244497756886
Aging_snRNA_HIP_CP_mouse,Mtor,Nutrient sensing / regulators,0.20299120234604107,0.21981911128588283,0.15566037735849056,0.24519534409046173,0.26862722635269165,1.082899695875268,0.009925578981616213,0.051446633938305564
Aging_snRNA_HIP_CP_mouse,Rptor,Nutrient sensing / regulators,0.4002932551319648,0.42469524184034607,0.3160377358490566,0.5640057921409607,0.5868081450462341,1.0609602744876045,0.007786577115626404,0.020424600626130794
Aging_snRNA_HIP_CP_mouse,Tsc2,Nutrient sensing / regulators,0.06909090909090909,0.06488399528116398,0.036163522012578615,0.07395906746387482,0.07255815714597702,0.9391104580168471,-0.00866074961047699,0.4491709108171853
Aging_snRNA_HIP_CP_mouse,Ddit4,Nutrient sensing / regulators,0.05478005865102639,0.04797483287455761,0.031446540880503145,0.06672310829162598,0.059362005442380905,0.875771842089087,-0.011770199863131247,0.17204620399747006
Aging_snRNA_HIP_CP_mouse,Txnip,Nutrient sensing / regulators,0.02844574780058651,0.030279197797876523,0.025157232704402517,0.036652784794569016,0.036767490208148956,1.0644542731006077,0.0027090253927623048,0.6102983049452324
Aging_snRNA_HIP_CP_mouse,Sirt1,Nutrient sensing / regulators,0.11900293255131965,0.11482500983090838,0.07075471698113207,0.14681032299995422,0.1400466412305832,0.9648922708807234,-0.008089189904313366,0.5760279527639004
Aging_snRNA_HIP_CP_mouse,Sirt3,Nutrient sensing / regulators,0.07260997067448681,0.07982697601258357,0.050314465408805034,0.07996639609336853,0.08896452188491821,1.0993941365222535,0.005778799902588741,0.19265646775719275
Aging_snRNA_HIP_CP_mouse,Ppara,Nutrient sensing / regulators,0.007272727272727273,0.010224144710971293,0.007861635220125786,0.00930027011781931,0.015297049656510353,1.4058198977585528,0.011107006705701304,0.1130351578875406
Aging_snRNA_HIP_CP_mouse,Ppard,Nutrient sensing / regulators,0.19208211143695014,0.21392056626032246,0.1619496855345912,0.25445258617401123,0.27887269854545593,1.1136933296911444,0.014390306752772475,0.00999997333551008
Aging_snRNA_HIP_CP_mouse,Pparg,Nutrient sensing / regulators,0.014486803519061583,0.013763271726307511,0.0031446540880503146,0.01298616360872984,0.01195025909692049,0.9500558013503768,-0.005290178298158561,0.858341591884962
Aging_snRNA_HIP_CP_mouse,Nfe2l2,Nutrient sensing / regulators,0.09313782991202346,0.10145497443963822,0.08962264150943396,0.12409763783216476,0.13793815672397614,1.0892993162442264,0.00935233291866952,0.17838770824271516
Aging_snRNA_HIP_CP_mouse,Serpina3n,context,0.004868035190615836,0.014549744396382226,0.018867924528301886,0.005914626643061638,0.01859647035598755,2.9888330356423727,0.04229411995273424,3.0075113475161704e-07
Kaya2022_aged_WM_vs_GM_scRNA,Hmgcs2,Ketone body synthesis,0.00027285129604365623,0.0011559739080175047,0.001321003963011889,0.00019502804207149893,0.0008424030966125429,4.236644372884155,0.014589928120847721,0.21702115898513463
Kaya2022_aged_WM_vs_GM_scRNA,Hmgcl,Ketone body synthesis,0.5345156889495225,0.5597390801750475,0.5650594451783355,0.47610414028167725,0.4756622314453125,1.0471892439211583,-0.010048480871946345,0.007495021748024857
Kaya2022_aged_WM_vs_GM_scRNA,Bdh1,Ketone body synthesis,0.08594815825375171,0.07290892576996119,0.06472919418758256,0.06266995519399643,0.04958594590425491,0.8482895649108183,-0.039209600260593114,0.010362890421939355
Kaya2022_aged_WM_vs_GM_scRNA,Bdh2,Ketone body synthesis,0.0005457025920873125,0.000825695648583932,0.00033025099075297226,0.0003307658771518618,0.00043732341146096587,1.5130872760300553,0.010621961914636815,0.7444520460523096
Kaya2022_aged_WM_vs_GM_scRNA,Oxct1,Ketone body utilisation,0.5631650750341064,0.5736107670712576,0.5815719947159842,0.5507082939147949,0.5266671776771545,1.0185481886221701,-0.016763793261801774,0.2692886097555546
Kaya2022_aged_WM_vs_GM_scRNA,Acat1,Ketone body utilisation,0.5402455661664393,0.5924366278589712,0.6116248348745046,0.4941718578338623,0.5298509001731873,1.096606182375318,0.020010798630500995,2.4078347962187414e-08
Kaya2022_aged_WM_vs_GM_scRNA,Acat2,Ketone body utilisation,0.19863574351978172,0.2050202295433903,0.21499339498018494,0.15168890357017517,0.14639399945735931,1.0321416775776449,0.0022873231606061824,0.4125559440639791
Kaya2022_aged_WM_vs_GM_scRNA,Acss1,Ketone body utilisation,0.01227830832196453,0.00825695648583932,0.0066050198150594455,0.010293133556842804,0.005455829668790102,0.6724832337911357,-0.02236260551477953,0.029520821952613543
Kaya2022_aged_WM_vs_GM_scRNA,Acss2,Ketone body utilisation,0.2703956343792633,0.2779291553133515,0.2569352708058124,0.2198064923286438,0.21124184131622314,1.0278611041608812,-0.026950642578388664,0.3759593594202166
Kaya2022_aged_WM_vs_GM_scRNA,Hcar2,Ketone / SCFA receptors,0.0008185538881309686,0.0009082652134423251,0.00033025099075297226,0.0006154270377010107,0.000610432296525687,1.109597335755374,-0.005940450155369364,1.0
Kaya2022_aged_WM_vs_GM_scRNA,Ffar2,Ketone / SCFA receptors,0.0,0.0,0.0,0.0,0.0,,,1.0
Kaya2022_aged_WM_vs_GM_scRNA,Slc16a1,Monocarboxylate transporters,0.5495225102319236,0.5788126496573363,0.5809114927344782,0.521935760974884,0.5148648023605347,1.0533010729861656,-0.0207412065672763,0.0017797265375429157
Kaya2022_aged_WM_vs_GM_scRNA,Slc16a7,Monocarboxylate transporters,0.21964529331514324,0.2877549335315003,0.3153896961690885,0.1767178624868393,0.22480987012386322,1.3100892315440356,0.0638246078424264,1.8578502668021542e-16
Kaya2022_aged_WM_vs_GM_scRNA,Slc16a3,Monocarboxylate transporters,0.04365620736698499,0.048881182396168774,0.053500660501981503,0.031576771289110184,0.03451746329665184,1.119684584262241,0.012043846433768114,0.19965852011490454
Kaya2022_aged_WM_vs_GM_scRNA,Slc16a6,Monocarboxylate transporters,0.05375170532060027,0.061101477995210964,0.07992073976221929,0.039416078478097916,0.0414949394762516,1.136735618540346,0.03301641968493664,0.10204608415220881
Kaya2022_aged_WM_vs_GM_scRNA,Bsg,Monocarboxylate transporters,0.842837653478854,0.8526958962926265,0.8566710700132101,1.0719194412231445,1.006924033164978,1.0116964907453792,-0.07286192136507498,0.1460589022583315
Kaya2022_aged_WM_vs_GM_scRNA,Slc2a1,Glucose transporters,0.5189631650750341,0.5519775410783585,0.5772787318361955,0.468648225069046,0.4761887192726135,1.0636160294701282,0.0005233473556413863,0.00046182331949949575
Kaya2022_aged_WM_vs_GM_scRNA,Slc2a3,Glucose transporters,0.010368349249658937,0.005862439104945917,0.005284015852047556,0.007556763477623463,0.004094516858458519,0.5654168242007048,-0.019567673131200638,0.005975917565224921
Kaya2022_aged_WM_vs_GM_scRNA,Slc2a4,Glucose transporters,0.00027285129604365623,0.000412847824291966,0.00033025099075297226,0.00019341317238286138,0.0002846167190000415,1.5130872760300553,0.010427514121983584,1.0
Kaya2022_aged_WM_vs_GM_scRNA,Slc2a8,Glucose transporters,0.12742155525238744,0.1312030385599868,0.12648612945838839,0.09183144569396973,0.09050720930099487,1.0296769514397253,-0.010779583444392496,0.5754814358531117
Kaya2022_aged_WM_vs_GM_scRNA,Hk1,Glycolysis,0.17626193724420192,0.22979109900090827,0.26221928665786,0.13245654106140137,0.16552111506462097,1.303690987365834,0.0647270721160012,2.9612510958942425e-12
Kaya2022_aged_WM_vs_GM_scRNA,Hk2,Glycolysis,0.041473396998635746,0.03129386508133102,0.025429326287978865,0.029240768402814865,0.021246684715151787,0.7545527337044617,-0.03840620535437551,0.003385944138930356
Kaya2022_aged_WM_vs_GM_scRNA,Hk3,Glycolysis,0.0005457025920873125,0.0014862521674510775,0.0016512549537648614,0.0003632220905274153,0.0008973001386038959,2.7235570968540994,0.01321558419735076,0.19427846397481224
Kaya2022_aged_WM_vs_GM_scRNA,Gpi1,Glycolysis,0.6583901773533424,0.7385021880934688,0.7784015852047557,0.6718397736549377,0.7586802840232849,1.121678623855186,0.0817789268302022,1.0079631921383927e-20
Kaya2022_aged_WM_vs_GM_scRNA,Pfkl,Glycolysis,0.11923601637107777,0.12063413425811247,0.12978863936591808,0.09056913107633591,0.08411333709955215,1.0117256339953826,0.0109140600566101,0.8392886356411893
Kaya2022_aged_WM_vs_GM_scRNA,Pfkm,Glycolysis,0.01882673942701228,0.011807447774750226,0.010568031704095112,0.013589651323854923,0.007735891733318567,0.6271637115139069,-0.02349532433864677,0.0017969762053176674
Kaya2022_aged_WM_vs_GM_scRNA,Pfkp,Glycolysis,0.027830832196452934,0.022128643382049378,0.020145310435931308,0.02181873470544815,0.01546398550271988,0.7951125293648135,-0.020323815966053413,0.053221950297245815
Kaya2022_aged_WM_vs_GM_scRNA,Pfkfb2,Glycolysis,0.0504774897680764,0.050532573693336635,0.05779392338177015,0.036394525319337845,0.033889736980199814,1.0010912572220474,0.012906280242788799,1.0
Kaya2022_aged_WM_vs_GM_scRNA,Pfkfb3,Glycolysis,0.1470668485675307,0.15481793410948724,0.16512549537648613,0.11546284705400467,0.1137394830584526,1.0527045055867732,0.007652245085462077,0.2602409855172034
Kaya2022_aged_WM_vs_GM_scRNA,Aldoa,Glycolysis,0.9454297407912687,0.9739905870696062,0.9729194187582563,1.6857571601867676,1.80636727809906,1.0302093799740568,0.09812018562063281,7.826782179093772e-16
Kaya2022_aged_WM_vs_GM_scRNA,Aldoc,Glycolysis,0.22537517053206002,0.1590289819172653,0.11030383091149273,0.19053012132644653,0.12000800669193268,0.7056189088701905,-0.11771995106607203,1.254479739933588e-19
Kaya2022_aged_WM_vs_GM_scRNA,Tpi1,Glycolysis,0.40654843110504774,0.4563619849723392,0.48745046235138706,0.36234328150749207,0.39324960112571716,1.1225279697473982,0.042598124763114274,1.0770625161224651e-07
Kaya2022_aged_WM_vs_GM_scRNA,Gapdh,Glycolysis,0.964256480218281,0.9870365783172322,0.9824966974900925,2.0237793922424316,2.237002372741699,1.0236245216560997,0.18510263284546113,5.308432711731586e-17
Kaya2022_aged_WM_vs_GM_scRNA,Pgk1,Glycolysis,0.7173260572987722,0.7513830402113781,0.7784015852047557,0.76842200756073,0.7814446687698364,1.0474776882368584,0.005088642773408017,4.0917763225774994e-05
Kaya2022_aged_WM_vs_GM_scRNA,Pgam1,Glycolysis,0.7121418826739427,0.7610436792998101,0.7823645970937912,0.728649377822876,0.7674668431282043,1.0686686148022237,0.030289634848389355,3.1669882803461315e-09
Kaya2022_aged_WM_vs_GM_scRNA,Eno1,Glycolysis,0.38335607094133695,0.3472050202295434,0.36922060766182296,0.32533353567123413,0.27542075514793396,0.9056985047268873,-0.033289530355325725,6.931061544620734e-05
Kaya2022_aged_WM_vs_GM_scRNA,Eno2,Glycolysis,0.046930422919508864,0.06704648666501528,0.09742404227212681,0.035909056663513184,0.04968057572841644,1.4286358931818663,0.07183717274355512,7.059424834681995e-06
Kaya2022_aged_WM_vs_GM_scRNA,Pkm,Glycolysis,0.6810368349249659,0.7110890925604822,0.7301849405548216,0.6990016102790833,0.709976077079773,1.0441272132348427,0.002114350871401717,0.0005204289177836599
Kaya2022_aged_WM_vs_GM_scRNA,Ldha,Glycolysis,0.12742155525238744,0.15919412104698208,0.21003963011889035,0.10827163606882095,0.1326788365840912,1.249350007788414,0.08497216515416466,1.956149366395684e-06
Kaya2022_aged_WM_vs_GM_scRNA,Ldhb,Glycolysis,0.4346521145975443,0.320039633391132,0.2354689564068692,0.4315856993198395,0.3203115463256836,0.736312150896735,-0.17256470739522853,1.4534520747586487e-36
Kaya2022_aged_WM_vs_GM_scRNA,Pdha1,Pyruvate fate,0.41173260572987724,0.44967385021880935,0.4795244385733157,0.3549025356769562,0.36154383420944214,1.0921502061311703,0.02045984027391986,5.235855377092097e-05
Kaya2022_aged_WM_vs_GM_scRNA,Pdhb,Pyruvate fate,0.47885402455661663,0.4925274543803154,0.5026420079260238,0.41535207629203796,0.40174806118011475,1.0285544845036216,-0.012851546802673206,0.15181691035276418
Kaya2022_aged_WM_vs_GM_scRNA,Pdk1,Pyruvate fate,0.036834924965893585,0.043349021550656425,0.0392998678996037,0.026389045640826225,0.028858521953225136,1.1768456591344874,0.006595376734844996,0.08997748218368032
Kaya2022_aged_WM_vs_GM_scRNA,Pdk2,Pyruvate fate,0.20300136425648022,0.22458921641482948,0.2215984147952444,0.1499142050743103,0.1595773547887802,1.1063433846241264,0.005003350109529452,0.005854315259891199
Kaya2022_aged_WM_vs_GM_scRNA,Pdk3,Pyruvate fate,0.2755798090040928,0.3387829246139873,0.3880449141347424,0.21840427815914154,0.2569481134414673,1.2293459591190725,0.06748985134744133,5.331429961471547e-13
Kaya2022_aged_WM_vs_GM_scRNA,Pdk4,Pyruvate fate,0.06248294679399727,0.08116588225580051,0.0881770145310436,0.04414403811097145,0.05437156558036804,1.2990085522598642,0.0315955404676086,0.0001724932355828923
Kaya2022_aged_WM_vs_GM_scRNA,Pdp1,Pyruvate fate,0.0684856753069577,0.08595491701758731,0.08421400264200793,0.05066715553402901,0.057129379361867905,1.2550787684042133,0.010365303693883145,0.000659204430884007
Kaya2022_aged_WM_vs_GM_scRNA,Mpc1,Pyruvate fate,0.9587994542974079,0.9829081000743126,0.9762219286657859,1.7754842042922974,1.8385032415390015,1.0251446177496744,0.003224409517634087,1.1872357967877981e-15
Kaya2022_aged_WM_vs_GM_scRNA,Mpc2,Pyruvate fate,0.835743519781719,0.8817603831227809,0.892668428005284,0.9525942206382751,1.0214956998825073,1.0550609873147214,0.03983144552795577,1.2060035762962007e-12
Kaya2022_aged_WM_vs_GM_scRNA,Pcx,Pyruvate fate,0.23219645293315144,0.25291057716125837,0.23051519154557465,0.17702876031398773,0.1831207126379013,1.0892094774336214,-0.01409600685329476,0.011341185978329912
Kaya2022_aged_WM_vs_GM_scRNA,Pck2,Pyruvate fate,0.013096862210095497,0.011559739080175048,0.008256274768824307,0.008804494515061378,0.007781388238072395,0.8826342443508657,-0.022371950899676536,0.4355583595244644
Kaya2022_aged_WM_vs_GM_scRNA,G6pdx,Pentose phosphate pathway,0.19508867667121418,0.2745438031541574,0.31472919418758255,0.14586593210697174,0.19906635582447052,1.4072769770069746,0.08724216831525641,7.08638920268638e-23
Kaya2022_aged_WM_vs_GM_scRNA,Pgd,Pentose phosphate pathway,0.15525238744884037,0.16918503839484766,0.18725231175693527,0.11474680155515671,0.11869600415229797,1.0897419432638256,0.02226116637358042,0.04810781271494051
Kaya2022_aged_WM_vs_GM_scRNA,Tkt,Pentose phosphate pathway,0.9012278308321965,0.9351828915861613,0.9382430647291942,1.3280048370361328,1.354989767074585,1.0376764449480111,0.0029297869369438916,2.0048140072801866e-11
Kaya2022_aged_WM_vs_GM_scRNA,Taldo1,Pentose phosphate pathway,0.9748976807639836,0.9918256130790191,0.9867899603698811,2.205050468444824,2.2378249168395996,1.0173638040678994,0.004110767415486076,3.6791299273780974e-14
Kaya2022_aged_WM_vs_GM_scRNA,Gys1,Glycogen,0.02155525238744884,0.019321278176864007,0.01915455746367239,0.01601566933095455,0.012504806742072105,0.8963605635216023,-0.008786383481700792,0.4171154924312551
Kaya2022_aged_WM_vs_GM_scRNA,Pygb,Glycogen,0.10177353342428376,0.1237717777227314,0.12945838837516513,0.0740022286772728,0.08323889970779419,1.2161489687769722,0.024820729569851162,0.0002673619530610496
Kaya2022_aged_WM_vs_GM_scRNA,Gbe1,Glycogen,0.07503410641200546,0.08793658657418875,0.09180977542932629,0.05729074031114578,0.06044311821460724,1.1719548719796427,0.01449139542989935,0.01358226470684906
Kaya2022_aged_WM_vs_GM_scRNA,Agl,Glycogen,0.17462482946793997,0.18858888613657007,0.20112285336856012,0.13660943508148193,0.14041078090667725,1.079966043266452,0.013807415552019026,0.058451578934910264
Kaya2022_aged_WM_vs_GM_scRNA,Cs,TCA cycle,0.3290586630286494,0.3803979853026175,0.41512549537648613,0.2601066529750824,0.29204678535461426,1.1560187530133441,0.0341621626388705,1.4358465094652095e-08
Kaya2022_aged_WM_vs_GM_scRNA,Aco2,TCA cycle,0.6507503410641201,0.7052266534555363,0.7275429326287979,0.6497031450271606,0.6857454180717468,1.083713075435866,0.03282059904284753,5.179712986024337e-10
Kaya2022_aged_WM_vs_GM_scRNA,Idh2,TCA cycle,0.24884038199181446,0.3119478160350095,0.35468956406869223,0.1989537924528122,0.23677627742290497,1.2536060808863045,0.06758784246127526,1.458984956006011e-13
Kaya2022_aged_WM_vs_GM_scRNA,Idh3a,TCA cycle,0.40654843110504774,0.4452976632813145,0.47655217965653895,0.33400189876556396,0.3513249158859253,1.0953127086751797,0.027833536485528308,3.4085822396827e-05
Kaya2022_aged_WM_vs_GM_scRNA,Ogdh,TCA cycle,0.5156889495225102,0.5601519279993394,0.5835535006605019,0.4666275382041931,0.48515182733535767,1.0862205376283487,0.010039764842423408,2.368036110539295e-06
Kaya2022_aged_WM_vs_GM_scRNA,Dlst,TCA cycle,0.35607094133697137,0.4056642721492858,0.4263540290620872,0.29183390736579895,0.3162085711956024,1.139279354350293,0.03421062454110542,6.568985606912523e-08
Kaya2022_aged_WM_vs_GM_scRNA,Sucla2,TCA cycle,0.42701227830832195,0.4671785979687887,0.48051519154557465,0.35781869292259216,0.37472760677337646,1.094063617607419,0.01962776450828849,1.898398650478756e-05
Kaya2022_aged_WM_vs_GM_scRNA,Suclg1,TCA cycle,0.6125511596180082,0.6595656840888449,0.6697490092470277,0.5674315690994263,0.5833391547203064,1.0767519965192054,-0.0033298366622277822,2.050141361022259e-07
Kaya2022_aged_WM_vs_GM_scRNA,Sdha,TCA cycle,0.7069577080491133,0.7766493270580465,0.7942536327608983,0.7324890494346619,0.8044370412826538,1.0985796154641991,0.03857010036922737,1.6306370340609675e-17
Kaya2022_aged_WM_vs_GM_scRNA,Sdhb,TCA cycle,0.6379263301500682,0.6836759970274957,0.6842800528401585,0.6039571166038513,0.630094051361084,1.0717162228852746,0.005775682997586073,2.9537417197160404e-07
Kaya2022_aged_WM_vs_GM_scRNA,Fh1,TCA cycle,0.2417462482946794,0.274048385765007,0.2883091149273448,0.18157337605953217,0.1973886787891388,1.133620015608071,0.023413627906723734,0.00010392347036369487
Kaya2022_aged_WM_vs_GM_scRNA,Mdh1,TCA cycle,0.7025920873124147,0.7407315663446453,0.7344782034346103,0.7095441818237305,0.7266319990158081,1.054283957535194,0.0014782881419292246,5.797581069119479e-06
Kaya2022_aged_WM_vs_GM_scRNA,Mdh2,TCA cycle,0.7219645293315143,0.7791264140037982,0.8150594451783355,0.7491912245750427,0.7978639006614685,1.0791754751791083,0.03663409527207653,1.6207605229656744e-12
Kaya2022_aged_WM_vs_GM_scRNA,Got1,Anaplerosis / amino acids,0.28622100954979535,0.30253488564115266,0.31010568031704094,0.22325947880744934,0.22055931389331818,1.0569974793849615,0.0006756804740495116,0.060902741264902124
Kaya2022_aged_WM_vs_GM_scRNA,Got2,Anaplerosis / amino acids,0.4553888130968622,0.47378416315746014,0.49339498018494055,0.39066728949546814,0.3890669047832489,1.0403948220324095,-0.008408797741919254,0.051722639265057165
Kaya2022_aged_WM_vs_GM_scRNA,Glud1,Anaplerosis / amino acids,0.5091405184174624,0.5566014367104285,0.5934610303830912,0.4561017155647278,0.48588958382606506,1.093217720012712,0.030403900090899515,4.718973377500672e-07
Kaya2022_aged_WM_vs_GM_scRNA,Gls,Anaplerosis / amino acids,0.30750341064120057,0.32846172900668813,0.36030383091149276,0.25071072578430176,0.2560620605945587,1.0681563769383424,0.0176652186221614,0.017439155283751357
Kaya2022_aged_WM_vs_GM_scRNA,Glul,Anaplerosis / amino acids,0.9828103683492496,0.9893485261332673,0.9818361955085865,3.1401896476745605,2.7094006538391113,1.0066525120151095,-0.40988122599625126,0.002494137182455237
Kaya2022_aged_WM_vs_GM_scRNA,Idh1,Anaplerosis / amino acids,0.38472032742155526,0.41433407645941706,0.4299867899603699,0.32773205637931824,0.33379340171813965,1.0769747448395486,0.010863348372574815,0.0014476278965134101
Kaya2022_aged_WM_vs_GM_scRNA,Slc25a1,Anaplerosis / amino acids,0.2567530695770805,0.3192139377425481,0.34247027741083225,0.20390744507312775,0.24396802484989166,1.2432721379664597,0.04466492632932738,3.964887570641153e-13
Kaya2022_aged_WM_vs_GM_scRNA,Slc25a11,Anaplerosis / amino acids,0.3800818553888131,0.4201139459995046,0.4395640686922061,0.3085789680480957,0.3275148272514343,1.10532491894342,0.025074205280039594,1.6175147046371834e-05
Kaya2022_aged_WM_vs_GM_scRNA,Ndufa4,Oxidative phosphorylation,0.9279672578444748,0.9515316654281232,0.9511228533685601,1.3756920099258423,1.43135666847229,1.0253935765345696,0.03674292566426853,8.399077174130165e-08
Kaya2022_aged_WM_vs_GM_scRNA,Ndufs1,Oxidative phosphorylation,0.4736698499317872,0.5189497151350012,0.5389696169088507,0.4087505638599396,0.43633294105529785,1.0955937246369698,0.0208111940005276,1.662550920596865e-06
Kaya2022_aged_WM_vs_GM_scRNA,Ndufv1,Oxidative phosphorylation,0.5765347885402455,0.6225745190322847,0.6383751651254954,0.5350499749183655,0.5567188262939453,1.0798559452216392,0.0031700376328194805,5.984138320047616e-07
Kaya2022_aged_WM_vs_GM_scRNA,Ndufb8,Oxidative phosphorylation,0.8807639836289223,0.9190818264387747,0.9151254953764861,1.1239755153656006,1.1690659523010254,1.0435052335496,0.004885122383945511,4.85559879298465e-12
Kaya2022_aged_WM_vs_GM_scRNA,Uqcrc1,Oxidative phosphorylation,0.5948158253751705,0.6558500536702172,0.690554821664465,0.5559321641921997,0.5986663699150085,1.1026102966519935,0.049613753833422786,1.9779959110853538e-11
Kaya2022_aged_WM_vs_GM_scRNA,Uqcrc2,Oxidative phosphorylation,0.7443383356070942,0.8067046486665015,0.8186922060766182,0.7874562740325928,0.8517974615097046,1.0837875870097975,0.035004547722803606,1.1844080678294386e-15
Kaya2022_aged_WM_vs_GM_scRNA,Uqcrfs1,Oxidative phosphorylation,0.6701227830832196,0.7002724795640327,0.702443857331572,0.6427685022354126,0.6543005704879761,1.044991301955285,-0.005201021795984936,0.0005509879214144902
Kaya2022_aged_WM_vs_GM_scRNA,Cycs,Oxidative phosphorylation,0.6744884038199181,0.7281809924861696,0.7437252311756936,0.6729632019996643,0.713565468788147,1.079604909976461,0.015488937692262589,4.038516256822632e-10
Kaya2022_aged_WM_vs_GM_scRNA,Cox4i1,Oxidative phosphorylation,0.9768076398362893,0.9915779043844439,0.9867899603698811,2.1299617290496826,2.1760969161987305,1.0151209551868678,-0.03158131341746559,1.9712001513047515e-11
Kaya2022_aged_WM_vs_GM_scRNA,Cox5a,Oxidative phosphorylation,0.8035470668485676,0.8470811658822558,0.8477542932628798,0.8923569917678833,0.9328884482383728,1.0541774101726544,0.02570587604145744,8.644471025800948e-10
Kaya2022_aged_WM_vs_GM_scRNA,Cox6c,Oxidative phosphorylation,0.9683492496589359,0.9905870696061432,0.987450462351387,2.0135509967803955,2.0634357929229736,1.0229646689508354,-0.03650434638079968,1.853293577078923e-19
Kaya2022_aged_WM_vs_GM_scRNA,Cox7c,Oxidative phosphorylation,0.9656207366984993,0.9876971348360994,0.9831571994715984,1.9127252101898193,1.9833511114120483,1.0228623902724794,0.019273806456588036,1.115462296970597e-16
Kaya2022_aged_WM_vs_GM_scRNA,Atp5a1,Oxidative phosphorylation,0.8867667121418826,0.9187515481793411,0.9299867899603699,1.1823630332946777,1.2222990989685059,1.0360690535622417,0.03072684361798251,6.040492957625952e-09
Kaya2022_aged_WM_vs_GM_scRNA,Atp5b,Oxidative phosphorylation,0.9274215552523875,0.9615225827759888,0.964993394980185,1.4305492639541626,1.496614933013916,1.0367697163501026,0.0566369448950599,2.704216972550508e-16
Kaya2022_aged_WM_vs_GM_scRNA,Atp5o,Oxidative phosphorylation,0.5470668485675307,0.5300966063908843,0.31935270805812416,0.6667299866676331,0.653862476348877,0.9689795822556563,-0.1178720314055652,0.07263185270382985
Kaya2022_aged_WM_vs_GM_scRNA,Ppargc1a,Mitochondrial biogenesis / dynamics,0.003819918144611187,0.0018990999917430436,0.0016512549537648614,0.002632675226777792,0.0014092205092310905,0.4971572478384468,-0.013634512742821202,0.048881883674333534
Kaya2022_aged_WM_vs_GM_scRNA,Tfam,Mitochondrial biogenesis / dynamics,0.28294679399727146,0.31376434646189416,0.3282694848084544,0.225540891289711,0.23513714969158173,1.108916422162818,0.009652865971137866,0.0003745654454780284
Kaya2022_aged_WM_vs_GM_scRNA,Nrf1,Mitochondrial biogenesis / dynamics,0.1377899045020464,0.14532243415077203,0.14233817701453105,0.10681425780057907,0.10192570090293884,1.0546667745793652,-0.005681905239909907,0.258974966202894
Kaya2022_aged_WM_vs_GM_scRNA,Opa1,Mitochondrial biogenesis / dynamics,0.5386084583901773,0.5741887540252663,0.6093130779392338,0.510296642780304,0.5158361196517944,1.0660596674278626,0.010912155253368817,0.00015344378112984686
Kaya2022_aged_WM_vs_GM_scRNA,Mfn2,Mitochondrial biogenesis / dynamics,0.20163710777626193,0.2402774337379242,0.2651915455746367,0.15207064151763916,0.1708536446094513,1.1916330103511397,0.03733023242249997,9.67008468070562e-07
Kaya2022_aged_WM_vs_GM_scRNA,Dnm1l,Mitochondrial biogenesis / dynamics,0.4038199181446112,0.4342333415902898,0.45772787318361957,0.3450496792793274,0.3575323820114136,1.075314322248927,0.017436605619774302,0.0011190599512107822
Kaya2022_aged_WM_vs_GM_scRNA,Pink1,Mitochondrial biogenesis / dynamics,0.6930422919508867,0.7129056229873668,0.6882430647291942,0.7376918196678162,0.7171704769134521,1.0286610662396454,-0.0562763243978072,0.02133413481081144
Kaya2022_aged_WM_vs_GM_scRNA,Prkn,Mitochondrial biogenesis / dynamics,0.06412005457025921,0.04937659978531913,0.02774108322324967,0.048817217350006104,0.03362317383289337,0.7700648434604026,-0.050075371537830926,0.0006295108686251554
Kaya2022_aged_WM_vs_GM_scRNA,Cd36,Fatty acid uptake / activation,0.00027285129604365623,0.00024770869457517957,0.0,0.00025687855668365955,0.00014146417379379272,0.9078523656180331,-0.001046206464132571,1.0
Kaya2022_aged_WM_vs_GM_scRNA,Slc27a1,Fatty acid uptake / activation,0.2859481582537517,0.31814053339938897,0.2965653896961691,0.22652025520801544,0.24134647846221924,1.1125811592640846,-0.012249005360973073,0.0002262475939021559
Kaya2022_aged_WM_vs_GM_scRNA,Fabp5,Fatty acid uptake / activation,0.9249658935879945,0.949384856741805,0.9636723910171731,1.7715760469436646,1.85888671875,1.0263998524951963,0.1357760307882548,4.899263524556759e-08
Kaya2022_aged_WM_vs_GM_scRNA,Fabp7,Fatty acid uptake / activation,0.011732605729877216,0.010486334737015936,0.009907529722589167,0.008537711575627327,0.007233946118503809,0.8937771351433351,-0.011099018554332743,0.523033897693497
Kaya2022_aged_WM_vs_GM_scRNA,Acsl1,Fatty acid uptake / activation,0.5249658935879945,0.562794154074808,0.5643989431968296,0.48961207270622253,0.5034166574478149,1.0720585107506089,0.003938204836989929,5.794537382545792e-05
Kaya2022_aged_WM_vs_GM_scRNA,Acsl3,Fatty acid uptake / activation,0.7500682128240109,0.7380067707043184,0.7291941875825627,0.9155102968215942,0.8386241793632507,0.9839195396985547,-0.05694926697288685,0.14949078863572007
Kaya2022_aged_WM_vs_GM_scRNA,Acsl6,Fatty acid uptake / activation,0.025375170532060027,0.012220295599042193,0.013210039630118891,0.01938164234161377,0.008480921387672424,0.48158476742461975,-0.03837856472380136,7.935429004536914e-08
Kaya2022_aged_WM_vs_GM_scRNA,Acsbg1,Fatty acid uptake / activation,0.024283765347885403,0.01444967385021881,0.010898282694848084,0.01805981807410717,0.009609713219106197,0.5950343220342914,-0.036570680241870115,9.137865909831427e-05
Kaya2022_aged_WM_vs_GM_scRNA,Cpt1a,Fatty acid beta-oxidation,0.04311050477489768,0.0546610519362563,0.04953764861294584,0.03113418072462082,0.03600480407476425,1.2679288313061983,0.010957606001290305,0.0057323218757077115
Kaya2022_aged_WM_vs_GM_scRNA,Cpt1c,Fatty acid beta-oxidation,0.12578444747612552,0.14466187763190488,0.1618229854689564,0.09077369421720505,0.1016061007976532,1.1500776171820637,0.02746157781614411,0.003998978723159808
Kaya2022_aged_WM_vs_GM_scRNA,Cpt2,Fatty acid beta-oxidation,0.10068212824010914,0.11411113863429939,0.12747688243064728,0.07314661145210266,0.0776834785938263,1.1333802793894507,0.026723114895327003,0.024369492870278443
Kaya2022_aged_WM_vs_GM_scRNA,Slc25a20,Fatty acid beta-oxidation,0.019645293315143246,0.027000247708694577,0.03203434610303831,0.014507628045976162,0.017803683876991272,1.3743876090606337,0.019561726040996978,0.01367769928384974
Kaya2022_aged_WM_vs_GM_scRNA,Acadm,Fatty acid beta-oxidation,0.3762619372442019,0.408223928659896,0.416446499339498,0.311646044254303,0.32853245735168457,1.0849461193172725,0.008553120812667313,0.000535318516001938
Kaya2022_aged_WM_vs_GM_scRNA,Acadl,Fatty acid beta-oxidation,0.5694406548431105,0.6205102799108249,0.619220607661823,0.5386930108070374,0.574847400188446,1.0896838408592109,0.0030025473195442478,3.2796818766466986e-08
Kaya2022_aged_WM_vs_GM_scRNA,Acadvl,Fatty acid beta-oxidation,0.3473396998635743,0.38287507224836925,0.417107001321004,0.279636412858963,0.29529133439064026,1.1023072582798692,0.02546630829811471,9.793129650656615e-05
Kaya2022_aged_WM_vs_GM_scRNA,Acads,Fatty acid beta-oxidation,0.07694406548431106,0.0959458343654529,0.10634081902245707,0.05418458208441734,0.06565771996974945,1.246955613295691,0.02836635159843964,0.00041159526955669495
Kaya2022_aged_WM_vs_GM_scRNA,Hadha,Fatty acid beta-oxidation,0.7053206002728513,0.7550986706300058,0.7767503302509907,0.7432153820991516,0.7815351486206055,1.070575097817784,0.016048649142518953,2.186856812179935e-09
Kaya2022_aged_WM_vs_GM_scRNA,Hadhb,Fatty acid beta-oxidation,0.6122783083219645,0.6552720667162084,0.6568692206076618,0.5771540403366089,0.5983909368515015,1.0702193068248236,-0.006804263577249951,2.2418525899136923e-06
Kaya2022_aged_WM_vs_GM_scRNA,Echs1,Fatty acid beta-oxidation,0.7066848567530696,0.7350342663694163,0.7245706737120211,0.7316944599151611,0.7290115356445312,1.0401160564648304,-0.044511252259080966,0.0008098464299671033
Kaya2022_aged_WM_vs_GM_scRNA,Acaa2,Fatty acid beta-oxidation,0.041473396998635746,0.05556931714969862,0.05217965653896962,0.030688222497701645,0.036402665078639984,1.3398786010108252,0.013728631489922179,0.0006938311143611748
Kaya2022_aged_WM_vs_GM_scRNA,Decr1,Fatty acid beta-oxidation,0.18608458390177354,0.22004789034761787,0.23414795244385733,0.14068704843521118,0.15771745145320892,1.1825154224692367,0.03186804187038268,9.461685630655843e-06
Kaya2022_aged_WM_vs_GM_scRNA,Eci1,Fatty acid beta-oxidation,0.4491132332878581,0.5140781108083561,0.5072655217965654,0.38798147439956665,0.4257360100746155,1.144651443567816,0.01657667295211131,5.762129055958501e-12
Kaya2022_aged_WM_vs_GM_scRNA,Acox1,Fatty acid beta-oxidation,0.4223738062755798,0.44967385021880935,0.4676354029062087,0.3632080554962158,0.368558406829834,1.064634793961199,0.004062089329812474,0.003691070960948728
Kaya2022_aged_WM_vs_GM_scRNA,Ehhadh,Fatty acid beta-oxidation,0.03274215552523874,0.03979853026174552,0.039960369881109646,0.023018719628453255,0.02578081376850605,1.2155134450774778,0.005960956990351403,0.05483844725613188
Kaya2022_aged_WM_vs_GM_scRNA,Acly,Lipid synthesis,0.36098226466575717,0.4152423416728594,0.44286657859973577,0.31979045271873474,0.36103180050849915,1.1503123070529324,0.05205322428370767,4.002830472142231e-09
Kaya2022_aged_WM_vs_GM_scRNA,Acaca,Lipid synthesis,0.5871759890859481,0.665675831888366,0.6981505944517834,0.5803856253623962,0.6679577827453613,1.1336904850701028,0.06260868541072313,6.0083925323080666e-18
Kaya2022_aged_WM_vs_GM_scRNA,Fasn,Lipid synthesis,0.5156889495225102,0.5971430930558996,0.6647952443857331,0.48123952746391296,0.5509567260742188,1.15795208256607,0.09134359339132808,2.9682340475865917e-18
Kaya2022_aged_WM_vs_GM_scRNA,Elovl1,Lipid synthesis,0.5699863574351978,0.6057303278011725,0.6169088507265522,0.5416263937950134,0.5571215152740479,1.0627102208670645,-0.003530619988322469,0.00012057963177076824
Kaya2022_aged_WM_vs_GM_scRNA,Elovl5,Lipid synthesis,0.5366984993178717,0.5442985715465279,0.5280713342140027,0.5003997087478638,0.4859931766986847,1.0141607853167387,-0.05461156740407074,0.42679928865290884
Kaya2022_aged_WM_vs_GM_scRNA,Elovl6,Lipid synthesis,0.6305593451568895,0.628106679877797,0.6258256274768824,0.6660206913948059,0.6263611912727356,0.9961103339472636,-0.05597708651848802,0.7997904341079829
Kaya2022_aged_WM_vs_GM_scRNA,Scd1,Lipid synthesis,0.688130968622101,0.6705474362150111,0.6264861294583883,0.7773275375366211,0.6861144304275513,0.9744474043330752,-0.12810866660024528,0.04641913985464134
Kaya2022_aged_WM_vs_GM_scRNA,Scd2,Lipid synthesis,0.990450204638472,0.9984311782676906,0.9966974900924703,3.4700560569763184,3.4599618911743164,1.0080579251655883,-0.07754767918211442,8.540665030419637e-11
Kaya2022_aged_WM_vs_GM_scRNA,Srebf1,Lipid synthesis,0.5137789904502046,0.5318305672529106,0.5435931307793923,0.4790674149990082,0.4704350233078003,1.0351349065225266,-0.025883405290866867,0.0565158470523565
Kaya2022_aged_WM_vs_GM_scRNA,Mlxipl,Lipid synthesis,0.011732605729877216,0.009247791264140038,0.007595772787318362,0.011184833943843842,0.0062049273401498795,0.7882129065830986,-0.011988416330426105,0.1815354653104213
Kaya2022_aged_WM_vs_GM_scRNA,Hmgcs1,Cholesterol synthesis,0.7216916780354706,0.7574931880108992,0.7830250990752973,0.9057244062423706,0.9712317585945129,1.0496077633496959,0.036292221352121144,1.3617831326747384e-05
Kaya2022_aged_WM_vs_GM_scRNA,Hmgcr,Cholesterol synthesis,0.33560709413369716,0.35992073321773593,0.3870541611624835,0.2791229784488678,0.28365358710289,1.0724467375959366,0.021038628504630476,0.006937430280990017
Kaya2022_aged_WM_vs_GM_scRNA,Mvk,Cholesterol synthesis,0.2019099590723056,0.23581867723557096,0.2655217965653897,0.15067768096923828,0.17145638167858124,1.1679398000923886,0.04457983620077374,1.5906556318767884e-05
Kaya2022_aged_WM_vs_GM_scRNA,Fdps,Cholesterol synthesis,0.6196452933151433,0.630831475518124,0.6357331571994715,0.6181470155715942,0.6040548086166382,1.0180525573641235,-0.02298583570376849,0.21922173819299454
Kaya2022_aged_WM_vs_GM_scRNA,Fdft1,Cholesterol synthesis,0.4583901773533424,0.4919494674263067,0.5161822985468957,0.4178910553455353,0.44153687357902527,1.0732111893556036,0.027005970735921366,0.00039018892742834676
Kaya2022_aged_WM_vs_GM_scRNA,Sqle,Cholesterol synthesis,0.3175989085948158,0.3528197506399141,0.40984147952443856,0.27593517303466797,0.30179715156555176,1.1108972389134752,0.056560587046832526,8.559685357745322e-05
Kaya2022_aged_WM_vs_GM_scRNA,Lss,Cholesterol synthesis,0.1855388813096862,0.199075220873586,0.21136063408190225,0.14221173524856567,0.14346125721931458,1.0729568889730776,0.008972545403070648,0.07111346572093727
Kaya2022_aged_WM_vs_GM_scRNA,Cyp51,Cholesterol synthesis,0.5004092769440655,0.5353810585418215,0.5667107001321003,0.48912525177001953,0.5205168724060059,1.0698863574458974,0.04470668070769698,0.0002145814635977448
Kaya2022_aged_WM_vs_GM_scRNA,Dhcr24,Cholesterol synthesis,0.20081855388813097,0.22888283378746593,0.2632100396301189,0.1574743241071701,0.1678587794303894,1.1397494372704655,0.03198551436871705,0.0003399842241516096
Kaya2022_aged_WM_vs_GM_scRNA,Dhcr7,Cholesterol synthesis,0.26302864938608456,0.2678556684006275,0.2575957727873184,0.20615552365779877,0.1970970630645752,1.018351685361307,-0.019324880966050468,0.5794627660660037
Kaya2022_aged_WM_vs_GM_scRNA,Srebf2,Cholesterol synthesis,0.5710777626193725,0.6167946494921972,0.6512549537648613,0.5436041951179504,0.5611093640327454,1.0800536982269004,0.011276128090013937,7.797534932293615e-07
Kaya2022_aged_WM_vs_GM_scRNA,Insig1,Cholesterol synthesis,0.6201909959072306,0.5487573280488812,0.5270805812417437,0.6720800995826721,0.5367514491081238,0.8848198888249668,-0.10847190278780326,1.734238361349934e-14
Kaya2022_aged_WM_vs_GM_scRNA,Ldlr,Cholesterol / lipid transport,0.1582537517053206,0.16935017752456444,0.1879128137384412,0.1283145695924759,0.12852245569229126,1.0701179321164287,0.015535725649809628,0.1169440731118287
Kaya2022_aged_WM_vs_GM_scRNA,Abca1,Cholesterol / lipid transport,0.3064120054570259,0.34159028981917267,0.3619550858652576,0.2576483488082886,0.2803080976009369,1.1148071346280213,0.03439078964181227,7.496651798555062e-05
Kaya2022_aged_WM_vs_GM_scRNA,Abca2,Cholesterol / lipid transport,0.9383356070941337,0.9738254479398893,0.9742404227212682,1.6049673557281494,1.6775342226028442,1.037822118842598,0.04762681550262849,3.5026896761897558e-22
Kaya2022_aged_WM_vs_GM_scRNA,Abcg1,Cholesterol / lipid transport,0.7170532060027285,0.7555115184542978,0.7486789960369881,0.7722206115722656,0.7972783446311951,1.0536338337652211,-0.011964185690366084,3.4881819112843198e-06
Kaya2022_aged_WM_vs_GM_scRNA,Apoe,Cholesterol / lipid transport,0.9879945429740792,0.9943852695896293,0.9927344782034346,3.0901217460632324,3.0512382984161377,1.0064683825037257,-0.024934651700420148,0.00017092527215466918
Kaya2022_aged_WM_vs_GM_scRNA,Apod,Cholesterol / lipid transport,0.9888130968622101,0.9985137478325489,0.9966974900924703,3.2307324409484863,3.7666800022125244,1.009810398953171,0.3188893427274526,5.712628298164731e-14
Kaya2022_aged_WM_vs_GM_scRNA,Lpl,Cholesterol / lipid transport,0.008458390177353342,0.013541408636776484,0.010898282694848084,0.007129918783903122,0.010140796191990376,1.600943956573736,0.004640545423388686,0.013271382117294412
Kaya2022_aged_WM_vs_GM_scRNA,Nr1h2,Cholesterol / lipid transport,0.39154160982264663,0.4368755676657584,0.46961690885072654,0.3266049325466156,0.3446011245250702,1.11578324424739,0.028590791276312862,1.1625435987761681e-06
Kaya2022_aged_WM_vs_GM_scRNA,Nr1h3,Cholesterol / lipid transport,0.00791268758526603,0.008174386920980926,0.012879788639365918,0.005650117062032223,0.005387980490922928,1.0330733815653481,0.022639855897375754,1.0
Kaya2022_aged_WM_vs_GM_scRNA,Plin2,Cholesterol / lipid transport,0.03028649386084584,0.033192965073074066,0.037648612945838836,0.02269398234784603,0.02127486653625965,1.0959659188542021,0.00761132144430772,0.4252598826760024
Kaya2022_aged_WM_vs_GM_scRNA,Plin3,Cholesterol / lipid transport,0.5574351978171896,0.4921971761208818,0.41017173051519157,0.6965938210487366,0.653445839881897,0.8829675234865549,-0.11676236116736921,4.409513924544477e-12
Kaya2022_aged_WM_vs_GM_scRNA,Plin4,Cholesterol / lipid transport,0.10750341064120054,0.12781768640079266,0.13243064729194187,0.09451248496770859,0.1049477681517601,1.1889640118246323,0.026538238712272066,0.000964561906016702
Kaya2022_aged_WM_vs_GM_scRNA,Ugt8a,Myelin lipid synthesis,0.9735334242837653,0.9892659565684089,0.9871202113606341,2.1820967197418213,2.20534348487854,1.0161602384594222,0.01641436706206461,6.111602611613612e-11
Kaya2022_aged_WM_vs_GM_scRNA,Gal3st1,Myelin lipid synthesis,0.7574351978171896,0.8285855833539757,0.8530383091149274,0.8428163528442383,0.9624749422073364,1.093935937677349,0.08943094390028775,3.870132820073463e-21
Kaya2022_aged_WM_vs_GM_scRNA,Cers2,Myelin lipid synthesis,0.9451568894952251,0.9677153001403682,0.9735799207397622,1.5320427417755127,1.606309413909912,1.023867371539968,0.09344820377676413,1.5651724717720913e-09
Kaya2022_aged_WM_vs_GM_scRNA,Sptlc1,Myelin lipid synthesis,0.31623465211459756,0.34282883329204855,0.3487450462351387,0.2530743181705475,0.25924286246299744,1.0840963537664865,0.014461198828558865,0.0029535339331807223
Kaya2022_aged_WM_vs_GM_scRNA,Pigt,Myelin lipid synthesis,0.2733969986357435,0.3349847246305012,0.38011889035667107,0.2117583304643631,0.24746918678283691,1.2252684788131607,0.058436487247534946,1.7341000284815829e-12
Kaya2022_aged_WM_vs_GM_scRNA,Fa2h,Myelin lipid synthesis,0.9246930422919509,0.9588803567005202,0.9623513870541611,1.4702080488204956,1.5436192750930786,1.0369715276799665,0.05073052259919093,1.159541268476029e-15
Kaya2022_aged_WM_vs_GM_scRNA,Hif1a,Nutrient sensing / regulators,0.5034106412005457,0.5035092065064817,0.5092470277410832,0.45552876591682434,0.42979755997657776,1.0001957950386209,-0.027692070847495656,1.0
Kaya2022_aged_WM_vs_GM_scRNA,Epas1,Nutrient sensing / regulators,0.19236016371077763,0.1466435471885063,0.1225231175693527,0.15909075736999512,0.1154458299279213,0.7623384403487597,-0.07092847402341047,6.375258807700913e-11
Kaya2022_aged_WM_vs_GM_scRNA,Prkaa1,Nutrient sensing / regulators,0.15443383356070942,0.19403847741722402,0.2073976221928666,0.11343993991613388,0.13370198011398315,1.2564505649012827,0.03290111289725452,4.5243419939749175e-08
Kaya2022_aged_WM_vs_GM_scRNA,Prkaa2,Nutrient sensing / regulators,0.08267394270122783,0.10370737346214186,0.11129458388375166,0.06587810069322586,0.07556957006454468,1.2544142697648513,0.026539025845342065,0.00016840427440732638
Kaya2022_aged_WM_vs_GM_scRNA,Mtor,Nutrient sensing / regulators,0.16671214188267394,0.1882586078771365,0.20838837516512548,0.12148018181324005,0.13313692808151245,1.1292435317016454,0.02358296620239902,0.0031881218818197274
Kaya2022_aged_WM_vs_GM_scRNA,Rptor,Nutrient sensing / regulators,0.12060027285129604,0.13186359507885392,0.1403566710700132,0.0894518494606018,0.09040491282939911,1.0933938370226237,0.013935029687055555,0.07669115078816346
Kaya2022_aged_WM_vs_GM_scRNA,Tsc2,Nutrient sensing / regulators,0.20136425648021827,0.25447939889356785,0.2883091149273448,0.15406601130962372,0.18443860113620758,1.2637764186245612,0.060273611219609224,2.8891652075065817e-11
Kaya2022_aged_WM_vs_GM_scRNA,Ddit4,Nutrient sensing / regulators,0.4346521145975443,0.45545371975889687,0.4484808454425363,0.4059799611568451,0.4018282890319824,1.0478580558169222,-0.01860029852371237,0.026665344126261318
Kaya2022_aged_WM_vs_GM_scRNA,Txnip,Nutrient sensing / regulators,0.2954979536152797,0.3409297333003055,0.3137384412153236,0.2710859179496765,0.3098635673522949,1.1537465120458168,0.011204646085433978,2.5773844272308475e-07
Kaya2022_aged_WM_vs_GM_scRNA,Sirt1,Nutrient sensing / regulators,0.2098226466575716,0.2340021468086863,0.2539630118890357,0.1667359620332718,0.17498178780078888,1.115237799809929,0.03305876470996408,0.0022547666252336965
Kaya2022_aged_WM_vs_GM_scRNA,Sirt3,Nutrient sensing / regulators,0.19345156889495224,0.24077285112707456,0.2559445178335535,0.14639072120189667,0.17165818810462952,1.2446156549798706,0.03338420985989725,1.6148346186870545e-09
Kaya2022_aged_WM_vs_GM_scRNA,Ppara,Nutrient sensing / regulators,0.009822646657571623,0.0055321608455123445,0.00297225891677675,0.007601271849125624,0.003740699263289571,0.5632047083000762,-0.03433673694903823,0.006799451239031227
Kaya2022_aged_WM_vs_GM_scRNA,Ppard,Nutrient sensing / regulators,0.1819918144611187,0.22269011642308645,0.23678996036988112,0.13452474772930145,0.1578432321548462,1.2236271014851752,0.03020082159274559,1.0376345729127116e-07
Kaya2022_aged_WM_vs_GM_scRNA,Pparg,Nutrient sensing / regulators,0.0,0.0,0.0,0.0,0.0,,,1.0
Kaya2022_aged_WM_vs_GM_scRNA,Nfe2l2,Nutrient sensing / regulators,0.4223738062755798,0.49805961522582776,0.5435931307793923,0.3747105598449707,0.44023752212524414,1.1791915308802705,0.07583855742944022,8.710699177437937e-16
Kaya2022_aged_WM_vs_GM_scRNA,Serpina3n,context,0.11186903137789904,0.5093716456114277,0.8523778071334214,0.08503498882055283,0.7223426103591919,4.553285563819226,0.6210850777683462,0.0
LPC_Cuprizone_CC_snRNA_mouse,Hmgcs2,Ketone body synthesis,0.001067900685236273,0.002434570906877663,0.0024330900243309003,0.0018129840027540922,0.004360502120107412,2.279772773382025,0.012425664670792178,0.1374682378374466
LPC_Cuprizone_CC_snRNA_mouse,Hmgcl,Ketone body synthesis,0.10047165613597936,0.16494217894096166,0.10218978102189781,0.18309777975082397,0.250188946723938,1.6416787110359488,0.05775255074684806,1.08643778662037e-13
LPC_Cuprizone_CC_snRNA_mouse,Bdh1,Ketone body synthesis,0.024294740589125213,0.03834449178332319,0.012165450121654502,0.036365654319524765,0.0518154613673687,1.578304227726017,0.024867330528930344,0.0015538259320667957
LPC_Cuprizone_CC_snRNA_mouse,Bdh2,Ketone body synthesis,0.0003559668950787577,0.0012172854534388314,0.0,0.0006779532413929701,0.0012855830136686563,3.4196591600730373,0.013059489890279502,0.1721481609182649
LPC_Cuprizone_CC_snRNA_mouse,Oxct1,Ketone body utilisation,0.1750467206549791,0.2325015216068168,0.13138686131386862,0.3424251675605774,0.38266631960868835,1.3282255202317237,0.03328045259408611,4.185947634090527e-08
LPC_Cuprizone_CC_snRNA_mouse,Acat1,Ketone body utilisation,0.0908605499688529,0.1351186853317103,0.058394160583941604,0.16681279242038727,0.20803232491016388,1.4870995759769132,0.039888222921340165,5.5739578151569465e-08
LPC_Cuprizone_CC_snRNA_mouse,Acat2,Ketone body utilisation,0.024828690931743346,0.03408399269628728,0.021897810218978103,0.04401643946766853,0.051266465336084366,1.372766401176273,0.017836581646573153,0.03089944782575616
LPC_Cuprizone_CC_snRNA_mouse,Acss1,Ketone body utilisation,0.01219186615644745,0.018259281801582473,0.0072992700729927005,0.021214839071035385,0.02826758474111557,1.4976609460173889,0.01537218138078492,0.047026038475646875
LPC_Cuprizone_CC_snRNA_mouse,Acss2,Ketone body utilisation,0.13864910563317612,0.19841752891052952,0.11192214111922141,0.2687625288963318,0.31935086846351624,1.4310768757173429,0.04138959246936992,6.253191973952021e-10
LPC_Cuprizone_CC_snRNA_mouse,Hcar2,Ketone / SCFA receptors,0.00026697517130906825,0.0018259281801582471,0.0,0.00048593911924399436,0.0031805247999727726,6.8393183201460745,0.02316681404413186,0.030737466623922335
LPC_Cuprizone_CC_snRNA_mouse,Ffar3,Ketone / SCFA receptors,0.0,0.0006086427267194157,0.0,0.0,0.0008498801034875214,,0.020752859166053857,0.12756211180124222
LPC_Cuprizone_CC_snRNA_mouse,Slc16a1,Monocarboxylate transporters,0.03835543294473614,0.05903834449178332,0.051094890510948905,0.07037845253944397,0.09087807685136795,1.5392433342324112,0.031096032413041746,0.00017889248561607735
LPC_Cuprizone_CC_snRNA_mouse,Slc16a7,Monocarboxylate transporters,0.17566966272136691,0.26597687157638467,0.17518248175182483,0.35345178842544556,0.4581330120563507,1.5140740151488523,0.06032517009989551,3.2896778506017675e-17
LPC_Cuprizone_CC_snRNA_mouse,Slc16a3,Monocarboxylate transporters,0.005873453768799501,0.010955569080949483,0.0024330900243309003,0.010659337043762207,0.016586527228355408,1.8652686327671113,0.019431967655629292,0.03077365992200367
LPC_Cuprizone_CC_snRNA_mouse,Slc16a6,Monocarboxylate transporters,0.013437750289223102,0.04382227632379793,0.029197080291970802,0.02300373837351799,0.06690713763237,3.261131914241837,0.07402559484722722,1.5887164838146065e-14
LPC_Cuprizone_CC_snRNA_mouse,Bsg,Monocarboxylate transporters,0.09299635133932545,0.17650639074863056,0.1362530413625304,0.16855813562870026,0.28009504079818726,1.8979926438682886,0.0822691731666437,3.5849157400783826e-22
LPC_Cuprizone_CC_snRNA_mouse,Slc2a1,Glucose transporters,0.04965738186348669,0.07973219720024345,0.06326034063260341,0.08785073459148407,0.12265584617853165,1.6056464156615335,0.0409556413729454,1.7488205904144084e-06
LPC_Cuprizone_CC_snRNA_mouse,Slc2a3,Glucose transporters,0.0168194357924713,0.017650639074863056,0.0170316301703163,0.035631366074085236,0.029412703588604927,1.0494192131441067,0.0014294507121237502,0.7594197608853017
LPC_Cuprizone_CC_snRNA_mouse,Slc2a4,Glucose transporters,0.0,0.0,0.0,0.0,0.0,,,1.0
LPC_Cuprizone_CC_snRNA_mouse,Slc2a8,Glucose transporters,0.015662543383465337,0.023128423615337797,0.012165450121654502,0.02645244263112545,0.03310701996088028,1.4766710009406296,0.017374984753187904,0.037912229896342506
LPC_Cuprizone_CC_snRNA_mouse,Hk1,Glycolysis,0.04485182877992347,0.0815581253804017,0.0535279805352798,0.08339391648769379,0.12041519582271576,1.8183901882928053,0.049698289283581554,2.533190036204083e-09
LPC_Cuprizone_CC_snRNA_mouse,Hk2,Glycolysis,0.009967073062205215,0.024345709068776627,0.0170316301703163,0.018950514495372772,0.036254484206438065,2.442613685766455,0.041736182401548944,6.338409673419817e-06
LPC_Cuprizone_CC_snRNA_mouse,Hk3,Glycolysis,0.0011568924090059624,0.002434570906877663,0.004866180048661801,0.0020698278676718473,0.004549246281385422,2.104405636968023,0.012259943005842119,0.26075545662661903
LPC_Cuprizone_CC_snRNA_mouse,Gpi1,Glycolysis,0.0589125211355344,0.09738283627510651,0.07542579075425791,0.10985027998685837,0.15333619713783264,1.653007448977903,0.04736533491482312,2.135238738442204e-08
LPC_Cuprizone_CC_snRNA_mouse,Pfkl,Glycolysis,0.01228085788021714,0.020693852708460133,0.014598540145985401,0.02299363538622856,0.03035738132894039,1.6850494411954096,0.023527943170931095,0.007941278649788615
LPC_Cuprizone_CC_snRNA_mouse,Pfkm,Glycolysis,0.007742279967962979,0.010955569080949483,0.004866180048661801,0.01364745944738388,0.016845840960741043,1.4150313765819464,0.010790883207447786,0.18482176854407342
LPC_Cuprizone_CC_snRNA_mouse,Pfkp,Glycolysis,0.03541870606033639,0.035909920876445525,0.0364963503649635,0.06425585597753525,0.05918972194194794,1.0138687962025588,0.00011213131208678777,0.8866308331655848
LPC_Cuprizone_CC_snRNA_mouse,Pfkfb2,Glycolysis,0.03426181365133043,0.06816798539257456,0.0340632603406326,0.06225854903459549,0.10082477331161499,1.989619874951585,0.05291648255504706,9.887049478458873e-10
LPC_Cuprizone_CC_snRNA_mouse,Pfkfb3,Glycolysis,0.03141407849070037,0.0505173463177115,0.012165450121654502,0.0565962977707386,0.07325860112905502,1.60811167300885,0.029665753005733965,0.000138458917768409
LPC_Cuprizone_CC_snRNA_mouse,Aldoa,Glycolysis,0.1253893387914924,0.17711503347534996,0.1435523114355231,0.25107136368751526,0.2988791763782501,1.4125206750621062,0.042080207350858566,2.230599021257094e-08
LPC_Cuprizone_CC_snRNA_mouse,Aldoc,Glycolysis,0.029812227462845956,0.044430919050517347,0.04866180048661801,0.05590060353279114,0.07588547468185425,1.4903589175243683,0.027587959081066583,0.0024738424993798456
LPC_Cuprizone_CC_snRNA_mouse,Tpi1,Glycolysis,0.03372786330871229,0.04990870359099209,0.0364963503649635,0.06316172331571579,0.07693123072385788,1.4797469716411031,0.026512622488212977,0.0016890999871491054
LPC_Cuprizone_CC_snRNA_mouse,Gapdh,Glycolysis,0.11729109192845065,0.20998174071819842,0.17518248175182483,0.2290230691432953,0.35256314277648926,1.7902616240139573,0.08240523025305291,6.41169006665023e-23
LPC_Cuprizone_CC_snRNA_mouse,Pgk1,Glycolysis,0.046542671531547564,0.06329884357881924,0.05596107055961071,0.08813315629959106,0.10183226317167282,1.3600174097422406,0.023211364034529683,0.004658536852480034
LPC_Cuprizone_CC_snRNA_mouse,Pgam1,Glycolysis,0.054551926670819616,0.07425441265976872,0.04866180048661801,0.10371699929237366,0.11929605156183243,1.3611693883488107,0.02451543078058683,0.00205879219118419
LPC_Cuprizone_CC_snRNA_mouse,Eno1,Glycolysis,0.025273649550591797,0.02130249543517955,0.012165450121654502,0.05009535700082779,0.033977482467889786,0.8428737366377204,-0.009682331656363128,0.3949018095638719
LPC_Cuprizone_CC_snRNA_mouse,Eno2,Glycolysis,0.02732045919729465,0.02678027997565429,0.009732360097323601,0.054661136120557785,0.04233973100781441,0.980228032854812,-0.0026675987692878563,1.0
LPC_Cuprizone_CC_snRNA_mouse,Pkm,Glycolysis,0.159028210376435,0.2702373706634206,0.1678832116788321,0.29983967542648315,0.438190221786499,1.6993046078035012,0.08195143783845776,4.611397980970141e-26
LPC_Cuprizone_CC_snRNA_mouse,Ldha,Glycolysis,0.026252558512058377,0.041996348143639686,0.0340632603406326,0.04881703853607178,0.0620342493057251,1.5997049630172175,0.02907609954001207,0.0005881445345020269
LPC_Cuprizone_CC_snRNA_mouse,Ldhb,Glycolysis,0.054373943223280236,0.07121119902617164,0.043795620437956206,0.10348913818597794,0.11279267072677612,1.3096566996024397,0.019956892744282896,0.007123542313206259
LPC_Cuprizone_CC_snRNA_mouse,Pdha1,Pyruvate fate,0.028121384711221855,0.04625684723067559,0.038929440389294405,0.052978623658418655,0.07636252045631409,1.644899342819942,0.03309739873698279,0.0001527971554496042
LPC_Cuprizone_CC_snRNA_mouse,Pdhb,Pyruvate fate,0.048233514283171665,0.08216676810712112,0.043795620437956206,0.08683734387159348,0.12290435284376144,1.7035202457928413,0.045002091317058034,5.934403842379661e-08
LPC_Cuprizone_CC_snRNA_mouse,Pdk1,Pyruvate fate,0.009433122719587078,0.017650639074863056,0.009732360097323601,0.016991833224892616,0.025152530521154404,1.8711342573984544,0.024401836484490683,0.004051836619138942
LPC_Cuprizone_CC_snRNA_mouse,Pdk2,Pyruvate fate,0.04814452255940198,0.09738283627510651,0.0364963503649635,0.08095098286867142,0.14006204903125763,2.022718911688303,0.06394297483301101,4.199309523672648e-14
LPC_Cuprizone_CC_snRNA_mouse,Pdk3,Pyruvate fate,0.0781347334697873,0.12172854534388314,0.07542579075425791,0.1437179446220398,0.19224882125854492,1.5579312802155068,0.04609807588714476,1.5570566968936018e-08
LPC_Cuprizone_CC_snRNA_mouse,Pdk4,Pyruvate fate,0.06763371006496396,0.11077297626293366,0.05596107055961071,0.12998004257678986,0.17846707999706268,1.6378367556139282,0.0484160136421009,3.2133236462627655e-09
LPC_Cuprizone_CC_snRNA_mouse,Pdp1,Pyruvate fate,0.00916614754827801,0.00852099817407182,0.0024330900243309003,0.01764821819961071,0.012953823432326317,0.9296160823499519,-0.0030973028939109723,0.8898221764081122
LPC_Cuprizone_CC_snRNA_mouse,Mpc1,Pyruvate fate,0.16410073863130728,0.2245891661594644,0.1435523114355231,0.3193468451499939,0.3568093776702881,1.368605455604068,0.036346732197085306,3.747232692131732e-09
LPC_Cuprizone_CC_snRNA_mouse,Mpc2,Pyruvate fate,0.06336210732401887,0.09555690809494827,0.058394160583941604,0.12168850004673004,0.1501939594745636,1.5081081127288394,0.03775048179954364,3.3302951985929297e-06
LPC_Cuprizone_CC_snRNA_mouse,Pcx,Pyruvate fate,0.05588680252736496,0.06755934266585514,0.0364963503649635,0.1110517606139183,0.10629641264677048,1.2088604037200863,0.0115696155759364,0.06083138995540646
LPC_Cuprizone_CC_snRNA_mouse,Pck2,Pyruvate fate,0.0028477351606300614,0.00852099817407182,0.004866180048661801,0.005142348352819681,0.012169355526566505,2.9922017650639074,0.03081470423211795,0.0012866557294600092
LPC_Cuprizone_CC_snRNA_mouse,G6pdx,Pentose phosphate pathway,0.022425914389961735,0.03834449178332319,0.0364963503649635,0.042329102754592896,0.06078721582889557,1.7098295800365186,0.032822453921986315,0.00022091383799679277
LPC_Cuprizone_CC_snRNA_mouse,Pgd,Pentose phosphate pathway,0.012547833051526208,0.018259281801582473,0.0072992700729927005,0.021501844748854637,0.0258806049823761,1.4551741106693776,0.014259351069714432,0.06449538108518084
LPC_Cuprizone_CC_snRNA_mouse,Tkt,Pentose phosphate pathway,0.10064963958351873,0.1278149726110773,0.072992700729927,0.190995991230011,0.19921045005321503,1.2698999533427724,0.021697984467382577,0.0010030156698814146
LPC_Cuprizone_CC_snRNA_mouse,Taldo1,Pentose phosphate pathway,0.1833229509655602,0.2550213024954352,0.17518248175182483,0.35925179719924927,0.4099511504173279,1.3911040660879637,0.040942766174470395,2.3263192664086422e-11
LPC_Cuprizone_CC_snRNA_mouse,Gys1,Glycogen,0.01361573373676248,0.016433353621424222,0.009732360097323601,0.02546520158648491,0.024374360218644142,1.2069385270846014,0.007425924704148578,0.3674082902985065
LPC_Cuprizone_CC_snRNA_mouse,Pygb,Glycogen,0.029723235739076266,0.03956177723676202,0.0340632603406326,0.055105943232774734,0.06177997961640358,1.3310050623038767,0.017297345927250157,0.039122188626438084
LPC_Cuprizone_CC_snRNA_mouse,Gbe1,Glycogen,0.05597579425113464,0.09129640900791236,0.058394160583941604,0.1093536838889122,0.14611363410949707,1.6309980095737857,0.043956488499202494,1.192917632983313e-07
LPC_Cuprizone_CC_snRNA_mouse,Agl,Glycogen,0.04467384533238409,0.07303712720632989,0.05596107055961071,0.08382789045572281,0.11576104909181595,1.6348968095966712,0.040641928271086585,2.4723720545110386e-06
LPC_Cuprizone_CC_snRNA_mouse,Cs,TCA cycle,0.06594286731333986,0.08460133901399879,0.0535279805352798,0.12280261516571045,0.13118962943553925,1.2829490506076981,0.01940997815832184,0.006421709390782846
LPC_Cuprizone_CC_snRNA_mouse,Aco2,TCA cycle,0.15831627658627748,0.25380401704199634,0.15328467153284672,0.29779744148254395,0.41738882660865784,1.6031454409785908,0.06981174256688197,4.040617611525777e-20
LPC_Cuprizone_CC_snRNA_mouse,Idh2,TCA cycle,0.01788733647770757,0.04321363359707851,0.0364963503649635,0.032706208527088165,0.06976744532585144,2.4158786105988623,0.0573556636415433,1.8440271704043686e-09
LPC_Cuprizone_CC_snRNA_mouse,Idh3a,TCA cycle,0.019133220610483226,0.03530127814972611,0.009732360097323601,0.03523504361510277,0.05221012979745865,1.84502540729522,0.03397815641977061,7.059915482262594e-05
LPC_Cuprizone_CC_snRNA_mouse,Ogdh,TCA cycle,0.14443356767820592,0.23128423615337795,0.1386861313868613,0.27823561429977417,0.3604382276535034,1.6013191384199064,0.062024607753136014,4.995274193589344e-18
LPC_Cuprizone_CC_snRNA_mouse,Dlst,TCA cycle,0.0630951321527098,0.11138161898965307,0.06569343065693431,0.11622868478298187,0.16223138570785522,1.7652965480771954,0.055059230548987155,1.3699173832720402e-11
LPC_Cuprizone_CC_snRNA_mouse,Sucla2,TCA cycle,0.07457506451899973,0.12172854534388314,0.0827250608272506,0.13749665021896362,0.18835438787937164,1.6322955418009724,0.050266461450356764,5.677406344493148e-10
LPC_Cuprizone_CC_snRNA_mouse,Suclg1,TCA cycle,0.05606478597490434,0.07242848447961046,0.0413625304136253,0.10607367753982544,0.11257939785718918,1.2918712382498139,0.018578962869906943,0.0094084915322685
LPC_Cuprizone_CC_snRNA_mouse,Sdha,TCA cycle,0.11978286019400196,0.17711503347534996,0.09975669099756691,0.2263418436050415,0.27517303824424744,1.4786341984862612,0.045219574832893336,4.1282007940691835e-10
LPC_Cuprizone_CC_snRNA_mouse,Sdhb,TCA cycle,0.048411497730711045,0.07486305538648813,0.046228710462287104,0.08590085059404373,0.1116599515080452,1.5463899878271454,0.0342941192570486,1.645707734582624e-05
LPC_Cuprizone_CC_snRNA_mouse,Fh1,TCA cycle,0.017086410963780368,0.029214850882531954,0.0170316301703163,0.02998337335884571,0.04127256199717522,1.7098295800365186,0.025816654612667602,0.0016343224218955867
LPC_Cuprizone_CC_snRNA_mouse,Mdh1,TCA cycle,0.0865889472279078,0.13024954351795495,0.09245742092457421,0.16427169740200043,0.2065635472536087,1.504228284184234,0.04391326790439951,4.881664691056091e-08
LPC_Cuprizone_CC_snRNA_mouse,Mdh2,TCA cycle,0.050725282548722966,0.07486305538648813,0.06569343065693431,0.09345156699419022,0.11446867138147354,1.4758529006631003,0.03125818642738969,0.00010612620075246967
LPC_Cuprizone_CC_snRNA_mouse,Got1,Anaplerosis / amino acids,0.044584853608614396,0.07242848447961046,0.05596107055961071,0.08284081518650055,0.11568190157413483,1.624508742709347,0.03964409174693776,3.263546538429706e-06
LPC_Cuprizone_CC_snRNA_mouse,Got2,Anaplerosis / amino acids,0.04333896947583875,0.07425441265976872,0.038929440389294405,0.08059809356927872,0.10711059719324112,1.7133405237326922,0.04286149722790988,2.0332990276356465e-07
LPC_Cuprizone_CC_snRNA_mouse,Glud1,Anaplerosis / amino acids,0.08053751001156892,0.12842361533779673,0.06326034063260341,0.14835934340953827,0.19691449403762817,1.5945813983986983,0.04853406955579631,8.695187107596872e-10
LPC_Cuprizone_CC_snRNA_mouse,Gls,Anaplerosis / amino acids,0.168194357924713,0.2696287279367012,0.20194647201946472,0.33435580134391785,0.44867050647735596,1.60307831525117,0.07048954312210921,1.6203972393689336e-21
LPC_Cuprizone_CC_snRNA_mouse,Glul,Anaplerosis / amino acids,0.3515173088902732,0.5453438831405965,0.36982968369829683,0.7642408609390259,1.0540167093276978,1.5513998012280714,0.09115682537214286,3.9104789736949287e-50
LPC_Cuprizone_CC_snRNA_mouse,Idh1,Anaplerosis / amino acids,0.03177004538577912,0.05599513085818624,0.031630170316301706,0.060946445912122726,0.08604487776756287,1.7625134046314814,0.04043972667035754,3.379126990219291e-06
LPC_Cuprizone_CC_snRNA_mouse,Slc25a1,Anaplerosis / amino acids,0.013526742012992792,0.02251978088861838,0.0072992700729927005,0.02567424811422825,0.03444832190871239,1.6648340647723996,0.0222386426417782,0.007922036203396394
LPC_Cuprizone_CC_snRNA_mouse,Slc25a11,Anaplerosis / amino acids,0.023760790246507076,0.033475349969567865,0.019464720194647202,0.042389992624521255,0.04883040115237236,1.4088483431012513,0.01752652754942768,0.022138571099479948
LPC_Cuprizone_CC_snRNA_mouse,Ndufa4,Oxidative phosphorylation,0.12645723947672866,0.14911746804625683,0.145985401459854,0.2582091689109802,0.26197439432144165,1.1791928138182886,0.01664943436964588,0.011750547378849225
LPC_Cuprizone_CC_snRNA_mouse,Ndufs1,Oxidative phosphorylation,0.1563584586633443,0.2282410225197809,0.15328467153284672,0.30461421608924866,0.36169174313545227,1.4597292942827422,0.046488306639676395,1.6550133210660206e-12
LPC_Cuprizone_CC_snRNA_mouse,Ndufv1,Oxidative phosphorylation,0.033994838480021355,0.05903834449178332,0.051094890510948905,0.06311379373073578,0.09393121302127838,1.736685542026621,0.04220244644872103,2.498902165738151e-06
LPC_Cuprizone_CC_snRNA_mouse,Ndufb8,Oxidative phosphorylation,0.05259410874788645,0.08460133901399879,0.0851581508515815,0.09989532083272934,0.13572831451892853,1.6085706370563526,0.04276917631121716,7.819799534310827e-07
LPC_Cuprizone_CC_snRNA_mouse,Uqcrc1,Oxidative phosphorylation,0.05099225772003204,0.08399269628727937,0.06326034063260341,0.09365017712116241,0.12701724469661713,1.6471656687262797,0.04302482532715,2.2771375035059463e-07
LPC_Cuprizone_CC_snRNA_mouse,Uqcrc2,Oxidative phosphorylation,0.07608792382308445,0.11868533171028606,0.0851581508515815,0.14599338173866272,0.19425800442695618,1.5598445291561223,0.046488878543408683,1.8924317783479297e-08
LPC_Cuprizone_CC_snRNA_mouse,Uqcrfs1,Oxidative phosphorylation,0.020824063362107324,0.03956177723676202,0.024330900243309004,0.039720773696899414,0.06024709343910217,1.8998106444850207,0.03843603182068886,1.3880869727961412e-05
LPC_Cuprizone_CC_snRNA_mouse,Cycs,Oxidative phosphorylation,0.02616356678828869,0.04077906269020085,0.029197080291970802,0.05110029876232147,0.06765680015087128,1.558620161393833,0.027604920886906935,0.0013256566876785167
LPC_Cuprizone_CC_snRNA_mouse,Cox4i1,Oxidative phosphorylation,0.2212334252914479,0.3189287888009738,0.2360097323600973,0.4472084939479828,0.5474809408187866,1.4415940465633719,0.05636575949115386,2.6458032470299457e-17
LPC_Cuprizone_CC_snRNA_mouse,Cox5a,Oxidative phosphorylation,0.06594286731333986,0.11199026171637248,0.09975669099756691,0.12603187561035156,0.17730563879013062,1.6982922684303343,0.053218380077476965,2.3382032337098584e-10
LPC_Cuprizone_CC_snRNA_mouse,Cox6c,Oxidative phosphorylation,0.22247930942422356,0.30432136335970783,0.24574209245742093,0.4754351079463959,0.560264527797699,1.3678636640292148,0.04716565576943413,9.159121644347691e-13
LPC_Cuprizone_CC_snRNA_mouse,Cox7c,Oxidative phosphorylation,0.17095310136157338,0.256238587948874,0.20924574209245742,0.34016937017440796,0.43543291091918945,1.4988823595947407,0.059164483859472504,8.331834747563773e-16
LPC_Cuprizone_CC_snRNA_mouse,Atp5a1,Oxidative phosphorylation,0.1338435525496129,0.1898965307364577,0.1070559610705596,0.2513907551765442,0.30438855290412903,1.4187947579026432,0.042035286081471224,4.559480825107106e-09
LPC_Cuprizone_CC_snRNA_mouse,Atp5b,Oxidative phosphorylation,0.12004983536531103,0.17711503347534996,0.1192214111922141,0.23350711166858673,0.2855158746242523,1.4753459089418144,0.047532421286193394,5.479895931584633e-10
LPC_Cuprizone_CC_snRNA_mouse,Atp5o,Oxidative phosphorylation,0.057310670107679984,0.07425441265976872,0.051094890510948905,0.11023224890232086,0.11727137863636017,1.2956472594065545,0.019453768219223715,0.008571488944537693
LPC_Cuprizone_CC_snRNA_mouse,Ppargc1a,Mitochondrial biogenesis / dynamics,0.004360594464714781,0.007303712720632989,0.004866180048661801,0.008797322399914265,0.010969752445816994,1.6749350988112837,0.013136197016106584,0.12059281572876673
LPC_Cuprizone_CC_snRNA_mouse,Tfam,Mitochondrial biogenesis / dynamics,0.021091038533416394,0.038953134510042606,0.019464720194647202,0.03877747803926468,0.057409387081861496,1.8469045252715137,0.03567410875560425,3.323657579824657e-05
LPC_Cuprizone_CC_snRNA_mouse,Nrf1,Mitochondrial biogenesis / dynamics,0.15342173177894455,0.22945830797321973,0.14841849148418493,0.30236101150512695,0.37375566363334656,1.4956049922825232,0.053569594574248924,8.144300981015249e-14
LPC_Cuprizone_CC_snRNA_mouse,Opa1,Mitochondrial biogenesis / dynamics,0.12805909050458308,0.20815581253804016,0.12165450121654502,0.24065226316452026,0.3310500383377075,1.6254668974912836,0.06435307487388076,6.542446049482529e-17
LPC_Cuprizone_CC_snRNA_mouse,Mfn2,Mitochondrial biogenesis / dynamics,0.04618670463646881,0.07547169811320754,0.051094890510948905,0.08659941703081131,0.11153420805931091,1.6340567855454975,0.039356596150854475,1.4591877923954019e-06
LPC_Cuprizone_CC_snRNA_mouse,Dnm1l,Mitochondrial biogenesis / dynamics,0.1336655691020735,0.2282410225197809,0.11435523114355231,0.24710403382778168,0.3527987599372864,1.7075528429126352,0.0725982509019821,6.6536091598545555e-22
LPC_Cuprizone_CC_snRNA_mouse,Pink1,Mitochondrial biogenesis / dynamics,0.05001334875856545,0.07608034083992696,0.05596107055961071,0.0916488841176033,0.11246892064809799,1.5212006939826677,0.03297446759581643,2.7989972197720866e-05
LPC_Cuprizone_CC_snRNA_mouse,Prkn,Mitochondrial biogenesis / dynamics,0.5732846845243392,0.7547169811320755,0.5742092457420924,1.435051679611206,1.7898646593093872,1.3164785341479561,0.06787404516889471,6.448971285294158e-47
LPC_Cuprizone_CC_snRNA_mouse,Cd36,Fatty acid uptake / activation,0.0011568924090059624,0.00426049908703591,0.004866180048661801,0.0019241931149736047,0.0068976981565356255,3.68270986469404,0.025530074425669073,0.009286913391333673
LPC_Cuprizone_CC_snRNA_mouse,Slc27a1,Fatty acid uptake / activation,0.06879060247396993,0.10286062081558126,0.0705596107055961,0.13117188215255737,0.15403516590595245,1.495271405051341,0.036938530238419184,2.1911880091104094e-06
LPC_Cuprizone_CC_snRNA_mouse,Fabp5,Fatty acid uptake / activation,0.12681320637180743,0.18746195982958003,0.1435523114355231,0.2429123818874359,0.3099539875984192,1.4782526614771865,0.05007032429188246,1.1184438533736219e-10
LPC_Cuprizone_CC_snRNA_mouse,Fabp7,Fatty acid uptake / activation,0.02304885645634956,0.05599513085818624,0.043795620437956206,0.04447803646326065,0.09082276374101639,2.4294103685460957,0.06466162895016012,5.502516904402733e-12
LPC_Cuprizone_CC_snRNA_mouse,Acsl1,Fatty acid uptake / activation,0.10661208507608792,0.16250760803408398,0.09975669099756691,0.19715596735477448,0.2520700693130493,1.5242888075784655,0.048425929893362855,2.1319206425264042e-10
LPC_Cuprizone_CC_snRNA_mouse,Acsl3,Fatty acid uptake / activation,0.11631218296698408,0.1545952525867316,0.0827250608272506,0.2298121601343155,0.2419409453868866,1.3291406681844704,0.026506533342046373,1.723700172514204e-05
LPC_Cuprizone_CC_snRNA_mouse,Acsl6,Fatty acid uptake / activation,0.008365222034350805,0.014607425441265977,0.012165450121654502,0.015712151303887367,0.023062122985720634,1.746208932803253,0.02157726927780323,0.017900148677341222
LPC_Cuprizone_CC_snRNA_mouse,Acsbg1,Fatty acid uptake / activation,0.0031147103319391295,0.007912355447352405,0.0072992700729927005,0.005669703707098961,0.013709424994885921,2.5403182331971137,0.026205236876315523,0.00723632698693087
LPC_Cuprizone_CC_snRNA_mouse,Cpt1a,Fatty acid beta-oxidation,0.01655246062116223,0.038953134510042606,0.014598540145985401,0.02980191819369793,0.054168451577425,2.3533138305878967,0.049745451741928126,2.6170241434343635e-08
LPC_Cuprizone_CC_snRNA_mouse,Cpt1c,Fatty acid beta-oxidation,0.08000355966895079,0.13755325623858794,0.07785888077858881,0.15022578835487366,0.21512019634246826,1.7193391995027951,0.059146968526021075,3.9071343890611427e-13
LPC_Cuprizone_CC_snRNA_mouse,Cpt2,Fatty acid beta-oxidation,0.021002046809646704,0.035909920876445525,0.029197080291970802,0.03758304938673973,0.05518273264169693,1.7098295800365184,0.0314669663187885,0.0003789468801111507
LPC_Cuprizone_CC_snRNA_mouse,Slc25a20,Fatty acid beta-oxidation,0.006229420663878259,0.006086427267194157,0.004866180048661801,0.011962205171585083,0.008440190926194191,0.9770454743065821,-0.0008322953533825206,1.0
LPC_Cuprizone_CC_snRNA_mouse,Acadm,Fatty acid beta-oxidation,0.02251490611373142,0.03956177723676202,0.0364963503649635,0.04220626503229141,0.05618954822421074,1.7571371178240902,0.03400649891604506,0.0001123658903232026
LPC_Cuprizone_CC_snRNA_mouse,Acadl,Fatty acid beta-oxidation,0.050102340482335146,0.0736457699330493,0.06082725060827251,0.09204310923814774,0.11382408440113068,1.4699067792853908,0.031036180617691034,0.0001549352166565667
LPC_Cuprizone_CC_snRNA_mouse,Acadvl,Fatty acid beta-oxidation,0.01521758476461689,0.02556299452221546,0.0170316301703163,0.02704441361129284,0.040371838957071304,1.6798325698604395,0.025922019726226767,0.00355826151419799
LPC_Cuprizone_CC_snRNA_mouse,Acads,Fatty acid beta-oxidation,0.0045385779122541605,0.013390139987827145,0.014598540145985401,0.008379102684557438,0.02009418047964573,2.950294177317914,0.0392549904711815,0.00011711501940034919
LPC_Cuprizone_CC_snRNA_mouse,Hadha,Fatty acid beta-oxidation,0.07626590727062384,0.11259890444309191,0.05596107055961071,0.1416928619146347,0.16676178574562073,1.4763989372544033,0.035029812804272205,1.488993074735542e-06
LPC_Cuprizone_CC_snRNA_mouse,Hadhb,Fatty acid beta-oxidation,0.041292159829135894,0.05538648813146683,0.0267639902676399,0.07769306004047394,0.08300181478261948,1.3413318257183031,0.018707752759101876,0.011037525573719415
LPC_Cuprizone_CC_snRNA_mouse,Echs1,Fatty acid beta-oxidation,0.056509744593752784,0.09555690809494827,0.038929440389294405,0.10790261626243591,0.1437985897064209,1.6909810649809978,0.04581771244083444,6.3450632121243736e-09
LPC_Cuprizone_CC_snRNA_mouse,Acaa2,Fatty acid beta-oxidation,0.0028477351606300614,0.006695069993913573,0.009732360097323601,0.005224541760981083,0.01035207137465477,2.351015672550213,0.023058275388482073,0.019467168775074095
LPC_Cuprizone_CC_snRNA_mouse,Decr1,Fatty acid beta-oxidation,0.014327667526919996,0.02678027997565429,0.014598540145985401,0.02592099830508232,0.03871994838118553,1.8691304725865048,0.02982314158341353,0.0004403567946069453
LPC_Cuprizone_CC_snRNA_mouse,Eci1,Fatty acid beta-oxidation,0.02153599715226484,0.02799756542909312,0.0170316301703163,0.039320435374975204,0.04127568379044533,1.3000357137467742,0.011842508822247567,0.10722382630468519
LPC_Cuprizone_CC_snRNA_mouse,Acox1,Fatty acid beta-oxidation,0.19133220610483226,0.2732805842970176,0.19464720194647203,0.37778881192207336,0.4515630900859833,1.4283041515095753,0.049708686246558186,8.379675048616047e-14
LPC_Cuprizone_CC_snRNA_mouse,Ehhadh,Fatty acid beta-oxidation,0.02304885645634956,0.029214850882531954,0.014598540145985401,0.040217719972133636,0.039848893880844116,1.267518453154485,0.009799138998352446,0.14026648600332708
LPC_Cuprizone_CC_snRNA_mouse,Acly,Lipid synthesis,0.04867847290202011,0.07425441265976872,0.046228710462287104,0.09319642931222916,0.11207440495491028,1.5254055485517752,0.03335575768729065,2.9363033562879116e-05
LPC_Cuprizone_CC_snRNA_mouse,Acaca,Lipid synthesis,0.5092996351339325,0.6938527084601339,0.49148418491484186,1.3155467510223389,1.7062314748764038,1.3623663961150665,0.08352392183483544,1.0179093387647579e-45
LPC_Cuprizone_CC_snRNA_mouse,Fasn,Lipid synthesis,0.03888938328735428,0.07668898356664638,0.058394160583941604,0.0694633275270462,0.11369350552558899,1.9719773646187766,0.05653242123886183,9.77193699072875e-11
LPC_Cuprizone_CC_snRNA_mouse,Elovl1,Lipid synthesis,0.04280501913322061,0.08703590992087644,0.06569343065693431,0.0746198445558548,0.13284985721111298,2.0333108519353194,0.06428554467675189,7.410716141882028e-13
LPC_Cuprizone_CC_snRNA_mouse,Elovl5,Lipid synthesis,0.12814808222835275,0.17711503347534996,0.11192214111922141,0.2531917095184326,0.2807450294494629,1.3821122438628526,0.0340855477073245,1.596185520044817e-07
LPC_Cuprizone_CC_snRNA_mouse,Elovl6,Lipid synthesis,0.09700097890896146,0.10529519172245892,0.0827250608272506,0.1920875906944275,0.1681838035583496,1.0855064856745604,0.003111584169968547,0.2867309594051367
LPC_Cuprizone_CC_snRNA_mouse,Scd1,Lipid synthesis,0.04084720121028744,0.044430919050517347,0.024330900243309004,0.07940442115068436,0.06824466586112976,1.0877347219404432,0.0025378048337976605,0.5066560323121065
LPC_Cuprizone_CC_snRNA_mouse,Scd2,Lipid synthesis,0.7324018866245439,0.7997565429093122,0.7201946472019465,1.9640343189239502,1.8835079669952393,1.0919640671533344,-0.05238260336401254,3.2289076793376022e-09
LPC_Cuprizone_CC_snRNA_mouse,Srebf1,Lipid synthesis,0.04663166325531726,0.07851491174680462,0.06569343065693431,0.08358030766248703,0.12048255652189255,1.6837253116390143,0.044335203243693326,2.5751608673088163e-07
LPC_Cuprizone_CC_snRNA_mouse,Mlxipl,Lipid synthesis,0.0026697517130906826,0.006086427267194157,0.004866180048661801,0.004873343743383884,0.009093109518289566,2.2797727733820246,0.0199668391698292,0.02983329111906216
LPC_Cuprizone_CC_snRNA_mouse,Hmgcs1,Cholesterol synthesis,0.07582094865177538,0.09616555082166768,0.046228710462287104,0.14148856699466705,0.1458328813314438,1.2683242894167603,0.018339385050184048,0.00506922522064423
LPC_Cuprizone_CC_snRNA_mouse,Hmgcr,Cholesterol synthesis,0.06042538043961911,0.07181984175289105,0.04866180048661801,0.11105156689882278,0.1062978133559227,1.188570783177079,0.01081898682759071,0.07921113772892543
LPC_Cuprizone_CC_snRNA_mouse,Mvk,Cholesterol synthesis,0.012814808222835277,0.024345709068776627,0.0170316301703163,0.02193702571094036,0.035813115537166595,1.8998106444850205,0.029932172674076024,0.000729281101065318
LPC_Cuprizone_CC_snRNA_mouse,Fdps,Cholesterol synthesis,0.033015929518554775,0.04808277541083384,0.031630170316301706,0.06015203893184662,0.07125082612037659,1.4563508013249054,0.023087004826371563,0.0030813632059438437
LPC_Cuprizone_CC_snRNA_mouse,Fdft1,Cholesterol synthesis,0.06460799145679452,0.1162507608034084,0.07542579075425791,0.12049734592437744,0.1737922728061676,1.7993247922147384,0.05844886383851992,1.2449384500870752e-12
LPC_Cuprizone_CC_snRNA_mouse,Sqle,Cholesterol synthesis,0.038800391563584585,0.049300060864272674,0.038929440389294405,0.07215841859579086,0.07519640773534775,1.270607302595945,0.013947743988676873,0.05065409534002904
LPC_Cuprizone_CC_snRNA_mouse,Lss,Cholesterol synthesis,0.016285485449853164,0.02556299452221546,0.012165450121654502,0.028054816648364067,0.03572869300842285,1.5696796144597547,0.019825813902591128,0.011267350620744309
LPC_Cuprizone_CC_snRNA_mouse,Cyp51,Cholesterol synthesis,0.06531992524695203,0.0931223371880706,0.0681265206812652,0.11806774884462357,0.14002321660518646,1.4256344727279964,0.030744297103965618,7.014068995920991e-05
LPC_Cuprizone_CC_snRNA_mouse,Dhcr24,Cholesterol synthesis,0.028655335053839992,0.03469263542300669,0.021897810218978103,0.050363242626190186,0.05429427698254585,1.210686783379895,0.010237385134889261,0.18358383371166775
LPC_Cuprizone_CC_snRNA_mouse,Dhcr7,Cholesterol synthesis,0.025362641274361483,0.03773584905660377,0.014598540145985401,0.045375436544418335,0.054517004638910294,1.487851704733532,0.021570797381666066,0.005413108010176531
LPC_Cuprizone_CC_snRNA_mouse,Srebf2,Cholesterol synthesis,0.170775117914034,0.22519780888618382,0.13381995133819952,0.3401079773902893,0.35998475551605225,1.318680447344475,0.02990028960181247,1.447601359272206e-07
LPC_Cuprizone_CC_snRNA_mouse,Insig1,Cholesterol synthesis,0.07003648660674558,0.08399269628727937,0.05596107055961071,0.14248184859752655,0.13023844361305237,1.199270556772755,0.012306519664471476,0.04586580810219497
LPC_Cuprizone_CC_snRNA_mouse,Ldlr,Cholesterol / lipid transport,0.032659962623476015,0.048691418137553254,0.0170316301703163,0.058681145310401917,0.07464765757322311,1.490859579323395,0.024108528242993595,0.0014527204674671078
LPC_Cuprizone_CC_snRNA_mouse,Abca1,Cholesterol / lipid transport,0.17851739788199697,0.35605599513085817,0.2944038929440389,0.36455124616622925,0.6304873824119568,1.9945170574703157,0.129305363368233,4.326591894972976e-56
LPC_Cuprizone_CC_snRNA_mouse,Abca2,Cholesterol / lipid transport,0.4292960754649818,0.598904443091905,0.48175182481751827,0.9444944262504578,1.1897984743118286,1.3950848314725823,0.06893267344900773,6.297597639813748e-38
LPC_Cuprizone_CC_snRNA_mouse,Abcg1,Cholesterol / lipid transport,0.15110794696093263,0.2483262325015216,0.1654501216545012,0.29713472723960876,0.40224695205688477,1.6433697730386327,0.07006224912178206,3.096229251766927e-21
LPC_Cuprizone_CC_snRNA_mouse,Apoe,Cholesterol / lipid transport,0.5911720210020468,0.898965307364577,0.8905109489051095,1.6858769655227661,2.763739824295044,1.5206492787679893,0.2371315761684446,5.5155552921288395e-152
LPC_Cuprizone_CC_snRNA_mouse,Apod,Cholesterol / lipid transport,0.6311293049746374,0.8612294583079733,0.7883211678832117,1.7655059099197388,2.5252270698547363,1.3645848030184287,0.16265045195801964,1.1687424368374332e-85
LPC_Cuprizone_CC_snRNA_mouse,Lpl,Cholesterol / lipid transport,0.020379104743258877,0.06755934266585514,0.0681265206812652,0.03714544698596001,0.10866646468639374,3.3151280940446037,0.0962809640031882,3.424408762104763e-22
LPC_Cuprizone_CC_snRNA_mouse,Nr1h2,Cholesterol / lipid transport,0.01868826199163478,0.036518563603164945,0.024330900243309004,0.03310501202940941,0.05623605474829674,1.9540909486131641,0.0391544043993038,1.2135306690406373e-05
LPC_Cuprizone_CC_snRNA_mouse,Nr1h3,Cholesterol / lipid transport,0.0006229420663878259,0.0018259281801582471,0.0,0.0015211459249258041,0.003394481260329485,2.9311364229197463,0.014177361990478622,0.1251446030268799
LPC_Cuprizone_CC_snRNA_mouse,Plin2,Cholesterol / lipid transport,0.007564296520423601,0.028606208155812538,0.029197080291970802,0.013608272187411785,0.047348394989967346,3.7817407181984173,0.07033963577173367,1.2838164195553425e-11
LPC_Cuprizone_CC_snRNA_mouse,Plin3,Cholesterol / lipid transport,0.06674379282726707,0.11138161898965307,0.06569343065693431,0.12465259432792664,0.1713075041770935,1.6687936701156418,0.049983252420481086,7.59729697968136e-10
LPC_Cuprizone_CC_snRNA_mouse,Plin4,Cholesterol / lipid transport,0.13473346978730977,0.25380401704199634,0.15085158150851583,0.26469042897224426,0.4379018247127533,1.8837488371868647,0.09692125749882977,2.5491906629968474e-32
LPC_Cuprizone_CC_snRNA_mouse,Ugt8a,Myelin lipid synthesis,0.5282548722968764,0.6092513694461351,0.4768856447688564,1.2651560306549072,1.2214596271514893,1.1533284431378403,-0.025691354508793434,7.510286767930133e-10
LPC_Cuprizone_CC_snRNA_mouse,Gal3st1,Myelin lipid synthesis,0.170775117914034,0.24102251978088862,0.11678832116788321,0.32685452699661255,0.3797142207622528,1.4113444787794922,0.04088924811743616,2.1698252775518297e-11
LPC_Cuprizone_CC_snRNA_mouse,Cers2,Myelin lipid synthesis,0.22363620183322952,0.3524041387705417,0.24574209245742093,0.4364864230155945,0.6006038188934326,1.5757920045223148,0.07809837522309399,4.255290369424734e-28
LPC_Cuprizone_CC_snRNA_mouse,Sptlc1,Myelin lipid synthesis,0.06407404111417637,0.09738283627510651,0.0535279805352798,0.1158256083726883,0.1389198899269104,1.5198485155880166,0.03588819592961878,1.7524650169340771e-06
LPC_Cuprizone_CC_snRNA_mouse,Pigt,Myelin lipid synthesis,0.07030346177805465,0.13451004260499086,0.06082725060827251,0.12532725930213928,0.20053432881832123,1.9132776566484584,0.06979606208951303,4.66638495660265e-17
LPC_Cuprizone_CC_snRNA_mouse,Fa2h,Myelin lipid synthesis,0.47833051526208065,0.6451612903225806,0.44038929440389296,1.1020346879959106,1.3127657175064087,1.3487771942985745,0.044183656882655055,5.716502449234111e-37
LPC_Cuprizone_CC_snRNA_mouse,Hif1a,Nutrient sensing / regulators,0.06531992524695203,0.11016433353621424,0.0827250608272506,0.12306706607341766,0.16791003942489624,1.6865348991095905,0.051438418909758025,5.215674171713166e-10
LPC_Cuprizone_CC_snRNA_mouse,Epas1,Nutrient sensing / regulators,0.01370472546053217,0.024345709068776627,0.0170316301703163,0.02585633285343647,0.0363018698990345,1.776446316921058,0.02734290940019488,0.002179811594221416
LPC_Cuprizone_CC_snRNA_mouse,Prkaa1,Nutrient sensing / regulators,0.04520779567500222,0.07303712720632989,0.031630170316301706,0.08547700196504593,0.10864393413066864,1.6155870047589154,0.037381667352419094,3.7497860891240123e-06
LPC_Cuprizone_CC_snRNA_mouse,Prkaa2,Nutrient sensing / regulators,0.04930141496840794,0.06999391357273281,0.04866180048661801,0.09436020255088806,0.11476119607686996,1.4197140917270732,0.026969785190390776,0.0006723007147386151
LPC_Cuprizone_CC_snRNA_mouse,Mtor,Nutrient sensing / regulators,0.08258431965827179,0.14181375532562385,0.11435523114355231,0.15247109532356262,0.22004908323287964,1.7171995351228826,0.06035872666311258,1.535021027759055e-13
LPC_Cuprizone_CC_snRNA_mouse,Rptor,Nutrient sensing / regulators,0.179941265462312,0.25745587340231285,0.1435523114355231,0.3420008420944214,0.41559088230133057,1.4307772746893124,0.04781766219343134,4.754822374759006e-13
LPC_Cuprizone_CC_snRNA_mouse,Tsc2,Nutrient sensing / regulators,0.023493815075198005,0.04017041996348144,0.024330900243309004,0.03974083811044693,0.05557888001203537,1.7098295800365189,0.031270834248410984,0.00015684371192595635
LPC_Cuprizone_CC_snRNA_mouse,Ddit4,Nutrient sensing / regulators,0.13856011390940642,0.19172245891661593,0.1362530413625304,0.25856029987335205,0.3058708608150482,1.3836771167925583,0.03941761965628314,3.34256577715289e-08
LPC_Cuprizone_CC_snRNA_mouse,Txnip,Nutrient sensing / regulators,0.022158939218652664,0.041996348143639686,0.021897810218978103,0.03883213922381401,0.061609622091054916,1.895232787510358,0.038671943459513566,7.668580523681086e-06
LPC_Cuprizone_CC_snRNA_mouse,Sirt1,Nutrient sensing / regulators,0.0597134466494616,0.10042604990870359,0.06326034063260341,0.10912275314331055,0.1539003849029541,1.6817995869211657,0.04924921208305362,4.0203697157097564e-09
LPC_Cuprizone_CC_snRNA_mouse,Sirt3,Nutrient sensing / regulators,0.02910029367268844,0.06755934266585514,0.051094890510948905,0.049548011273145676,0.09660253673791885,2.321603466471603,0.06690690603437562,3.2940870511884113e-13
LPC_Cuprizone_CC_snRNA_mouse,Ppara,Nutrient sensing / regulators,0.0022247930942422356,0.0018259281801582471,0.0,0.004077104385942221,0.003454317571595311,0.8207181984175289,-0.0028692481628653198,1.0
LPC_Cuprizone_CC_snRNA_mouse,Ppard,Nutrient sensing / regulators,0.08890273204591972,0.16555082166768106,0.1070559610705596,0.16197460889816284,0.2606085538864136,1.8621567398195518,0.07621281837957718,1.0284140472988656e-19
LPC_Cuprizone_CC_snRNA_mouse,Pparg,Nutrient sensing / regulators,0.0008009255139272048,0.0012172854534388314,0.0024330900243309003,0.0012041324516758323,0.0020604298915714025,1.5198485155880166,0.004613422368078689,0.6414292096168119
LPC_Cuprizone_CC_snRNA_mouse,Nfe2l2,Nutrient sensing / regulators,0.06078134733469787,0.09920876445526476,0.08759124087591241,0.11570613086223602,0.15753045678138733,1.6322238450714643,0.046890913120359465,2.5303968671122997e-08
LPC_Cuprizone_CC_snRNA_mouse,Serpina3n,context,0.03773249087834831,0.18928788800973828,0.18491484184914841,0.07659180462360382,0.3414003551006317,5.016575465956201,0.21454775042562224,8.063242163937906e-96
Park2023_AD_hippocampus_scRNA,Hmgcs2,Ketone body synthesis,0.00813432057565961,0.009259259259259259,0.0,0.009060615673661232,0.0069228666834533215,1.1382953466286798,0.0021575866042839982,0.6543441089775925
Park2023_AD_hippocampus_scRNA,Hmgcl,Ketone body synthesis,0.3162999269996871,0.38580246913580246,0.19135802469135801,0.37683290243148804,0.3944638967514038,1.2197361940465579,0.01845218323423893,0.0003024183823398442
Park2023_AD_hippocampus_scRNA,Bdh1,Ketone body synthesis,0.07988319949942643,0.11882716049382716,0.05555555555555555,0.07827548682689667,0.09796196967363358,1.4875112819521,0.029943646173033238,0.0008580254846050409
Park2023_AD_hippocampus_scRNA,Bdh2,Ketone body synthesis,0.002920012514339347,0.007716049382716049,0.0,0.003613121109083295,0.006204004865139723,2.6424713403880067,0.019375323583051048,0.05457973227357017
Park2023_AD_hippocampus_scRNA,Oxct1,Ketone body utilisation,0.3609344040045886,0.4675925925925926,0.16049382716049382,0.44830483198165894,0.5245831608772278,1.2955057412222972,0.035149246795661865,8.212561489242526e-08
Park2023_AD_hippocampus_scRNA,Acat1,Ketone body utilisation,0.2539368025862968,0.3611111111111111,0.13580246913580246,0.2926848828792572,0.35956478118896484,1.4220511065480264,0.04505341761302646,6.3818219707906015e-09
Park2023_AD_hippocampus_scRNA,Acat2,Ketone body utilisation,0.16560642402753153,0.18981481481481483,0.1111111111111111,0.18327398598194122,0.1765713095664978,1.1461802640171659,0.007929779687114965,0.11458679118906853
Park2023_AD_hippocampus_scRNA,Acss1,Ketone body utilisation,0.02064865992282824,0.024691358024691357,0.018518518518518517,0.024421080946922302,0.022202519699931145,1.1957850105998253,0.006303169771821613,0.4766688769478734
Park2023_AD_hippocampus_scRNA,Acss2,Ketone body utilisation,0.13734487433517573,0.16512345679012347,0.08024691358024691,0.14780040085315704,0.1574908345937729,1.202254234746009,0.014381371947363896,0.05275551666958709
Park2023_AD_hippocampus_scRNA,Hcar2,Ketone / SCFA receptors,0.0008342892898112421,0.0,0.0,0.001071812235750258,0.0,0.0,-0.007264735384197302,1.0
Park2023_AD_hippocampus_scRNA,Ffar3,Ketone / SCFA receptors,0.00041714464490562103,0.0,0.0,0.0004100344958715141,0.0,0.0,-0.00513593995235189,1.0
Park2023_AD_hippocampus_scRNA,Ffar2,Ketone / SCFA receptors,0.0,0.0,0.0,0.0,0.0,,,1.0
Park2023_AD_hippocampus_scRNA,Slc16a1,Monocarboxylate transporters,0.2814683491500678,0.3472222222222222,0.19135802469135801,0.35850343108177185,0.3692191243171692,1.2336101848421226,0.021018631786922218,0.00044846728026706626
Park2023_AD_hippocampus_scRNA,Slc16a7,Monocarboxylate transporters,0.051830222129523415,0.09567901234567901,0.030864197530864196,0.050152044743299484,0.06742798537015915,1.84600814765134,0.04215330246408329,1.4438626342174272e-05
Park2023_AD_hippocampus_scRNA,Slc16a3,Monocarboxylate transporters,0.03754301804150589,0.05555555555555555,0.030864197530864196,0.04182320460677147,0.050953458994627,1.4797839506172838,0.021188379844678036,0.02660285535165316
Park2023_AD_hippocampus_scRNA,Slc16a6,Monocarboxylate transporters,0.024820106371884452,0.026234567901234566,0.0,0.029955260455608368,0.02978045493364334,1.0569885361552027,0.001834535886743961,0.7941804674612709
Park2023_AD_hippocampus_scRNA,Bsg,Monocarboxylate transporters,0.7889248096777558,0.8194444444444444,0.5925925925925926,1.4536657333374023,1.3888121843338013,1.038685099507968,-0.026467204448885874,0.06492747870113132
Park2023_AD_hippocampus_scRNA,Slc2a1,Glucose transporters,0.34706434456147667,0.375,0.19135802469135801,0.4468013346195221,0.3980644941329956,1.0804912860576923,-0.004937054291211758,0.15988815211595758
Park2023_AD_hippocampus_scRNA,Slc2a3,Glucose transporters,0.0037543018041505893,0.004629629629629629,0.0,0.003293899819254875,0.0013999168295413256,1.23315329218107,0.0026558971273019567,0.7354861388741086
Park2023_AD_hippocampus_scRNA,Slc2a4,Glucose transporters,0.0013557200959432682,0.0015432098765432098,0.0,0.0020079186651855707,0.0005699353059753776,1.13829534662868,0.0005529275945325476,0.5999194034857991
Park2023_AD_hippocampus_scRNA,Slc2a8,Glucose transporters,0.08979038481593493,0.11882716049382716,0.06790123456790123,0.09699717164039612,0.11885223537683487,1.3233840208772458,0.022153974321035448,0.01653959842659529
Park2023_AD_hippocampus_scRNA,Hk1,Glycolysis,0.06444884763791844,0.08487654320987655,0.037037037037037035,0.06585317105054855,0.077034592628479,1.3169598266011429,0.017712949530800673,0.04888595070946135
Park2023_AD_hippocampus_scRNA,Hk2,Glycolysis,0.018875795181979352,0.012345679012345678,0.0,0.024715881794691086,0.012641183100640774,0.6540481549689652,-0.012130075099392498,0.29021012635102106
Park2023_AD_hippocampus_scRNA,Hk3,Glycolysis,0.0037543018041505893,0.0015432098765432098,0.0,0.004623683635145426,0.0016358374850824475,0.41105109739368995,-0.009045618829912158,0.7290200208472862
Park2023_AD_hippocampus_scRNA,Gpi1,Glycolysis,0.4141203462300553,0.5478395061728395,0.24691358024691357,0.5402021408081055,0.656195342540741,1.3228992759232832,0.04722991216902131,3.977515588476108e-11
Park2023_AD_hippocampus_scRNA,Pfkl,Glycolysis,0.07852747940348316,0.11728395061728394,0.030864197530864196,0.08923595398664474,0.10425080358982086,1.4935402423228894,0.02974912231864598,0.0007939449079315279
Park2023_AD_hippocampus_scRNA,Pfkm,Glycolysis,0.03691730107414746,0.035493827160493825,0.024691358024691357,0.04287757724523544,0.0332244336605072,0.9614415498360884,-0.003316497297975875,1.0
Park2023_AD_hippocampus_scRNA,Pfkp,Glycolysis,0.03816873500886432,0.040123456790123455,0.018518518518518517,0.04466394707560539,0.03603602573275566,1.0512126425150106,0.0009021629304561803,0.7514723939921113
Park2023_AD_hippocampus_scRNA,Pfkfb2,Glycolysis,0.03650015642924184,0.038580246913580245,0.012345679012345678,0.040846001356840134,0.03389831259846687,1.0569885361552027,0.0015084775365503806,0.7459765470618728
Park2023_AD_hippocampus_scRNA,Pfkfb3,Glycolysis,0.06246741057461675,0.08641975308641975,0.024691358024691357,0.06374751776456833,0.07333073765039444,1.3834374162699148,0.020673684666482305,0.01991825777590624
Park2023_AD_hippocampus_scRNA,Aldoa,Glycolysis,0.7861090833246428,0.845679012345679,0.5493827160493827,1.5708410739898682,1.6826623678207397,1.0757781970526288,0.02297756727769623,0.00022298494749415786
Park2023_AD_hippocampus_scRNA,Aldoc,Glycolysis,0.45124621962665556,0.47685185185185186,0.4074074074074074,0.7407717704772949,0.6929468512535095,1.0567442587028906,-0.005040026390870839,0.20652393902485622
Park2023_AD_hippocampus_scRNA,Tpi1,Glycolysis,0.30263843987902805,0.37962962962962965,0.1419753086419753,0.37228474020957947,0.4186992943286896,1.2543999030043138,0.027477733143872373,6.062278409023758e-05
Park2023_AD_hippocampus_scRNA,Gapdh,Glycolysis,0.20982375638752737,0.4382716049382716,0.12345679012345678,0.4413679540157318,0.9367760419845581,2.08876064600054,0.12805072420581304,4.451398049409383e-36
Park2023_AD_hippocampus_scRNA,Pgk1,Glycolysis,0.5057878819480655,0.5925925925925926,0.32098765432098764,0.6953998804092407,0.739218533039093,1.171622756777396,0.014265387217152667,1.9516851871586754e-05
Park2023_AD_hippocampus_scRNA,Pgam1,Glycolysis,0.5008864323704244,0.595679012345679,0.2716049382716049,0.6854090094566345,0.7404689788818359,1.1892496459260289,0.01990019921916068,2.9181618547167773e-06
Park2023_AD_hippocampus_scRNA,Eno1,Glycolysis,0.08999895713838774,0.22530864197530864,0.043209876543209874,0.0843392014503479,0.19876056909561157,2.503458363732601,0.10396810947137353,5.609085029556933e-23
Park2023_AD_hippocampus_scRNA,Eno2,Glycolysis,0.02502867869433726,0.043209876543209874,0.024691358024691357,0.022800162434577942,0.03766968846321106,1.726414609053498,0.026024134727027703,0.010205477224627417
Park2023_AD_hippocampus_scRNA,Pkm,Glycolysis,0.5131921993951403,0.6049382716049383,0.35802469135802467,0.7329651117324829,0.7866983413696289,1.1787752664945648,0.020422094924174964,6.244537914466686e-06
Park2023_AD_hippocampus_scRNA,Ldha,Glycolysis,0.13838773594743978,0.15432098765432098,0.07407407407407407,0.17396433651447296,0.16535364091396332,1.1151348535171695,0.006317454663656235,0.2653720826544498
Park2023_AD_hippocampus_scRNA,Ldhb,Glycolysis,0.47721347377203044,0.5601851851851852,0.29012345679012347,0.7439196109771729,0.7943922281265259,1.1738670762108263,0.01884349156620922,4.7412505402137756e-05
Park2023_AD_hippocampus_scRNA,Pdha1,Pyruvate fate,0.2044008760037543,0.2654320987654321,0.13580246913580246,0.23325525224208832,0.24938306212425232,1.2985859158478206,0.025026884776332293,0.00031229344447796274
Park2023_AD_hippocampus_scRNA,Pdhb,Pyruvate fate,0.23860673688601522,0.31635802469135804,0.12345679012345678,0.26339322328567505,0.31151944398880005,1.3258553753345421,0.032977124570709344,1.595929998529077e-05
Park2023_AD_hippocampus_scRNA,Pdk1,Pyruvate fate,0.015955782667640004,0.026234567901234566,0.0,0.017582928761839867,0.01815475896000862,1.6442043895747598,0.017608268328126554,0.05544185122418649
Park2023_AD_hippocampus_scRNA,Pdk2,Pyruvate fate,0.09625612681197206,0.14351851851851852,0.030864197530864196,0.09531966596841812,0.11495247483253479,1.491006580795313,0.032549744962511715,0.000230943160097109
Park2023_AD_hippocampus_scRNA,Pdk3,Pyruvate fate,0.19313797059130253,0.23765432098765432,0.09259259259259259,0.20593424141407013,0.21530313789844513,1.230489894141802,0.01746759812555721,0.006694269263059785
Park2023_AD_hippocampus_scRNA,Pdk4,Pyruvate fate,0.019918656794243404,0.037037037037037035,0.018518518518518517,0.01974465698003769,0.031333550810813904,1.8594143882101997,0.027444538385851085,0.00649202141589697
Park2023_AD_hippocampus_scRNA,Pdp1,Pyruvate fate,0.01866722285952654,0.027777777777777776,0.006172839506172839,0.018653858453035355,0.02542737126350403,1.4880509000620732,0.014867630346269721,0.10396552418107372
Park2023_AD_hippocampus_scRNA,Mpc1,Pyruvate fate,0.8302221295234122,0.8919753086419753,0.691358024691358,1.890856146812439,1.9190070629119873,1.074381514202726,-0.021885635819066572,2.4783095414754754e-05
Park2023_AD_hippocampus_scRNA,Mpc2,Pyruvate fate,0.6381270205443738,0.7083333333333334,0.3333333333333333,1.006210446357727,1.0539706945419312,1.1100193386718964,0.007714964103345431,0.00026763216793105395
Park2023_AD_hippocampus_scRNA,Pcx,Pyruvate fate,0.12952341224319533,0.16512345679012347,0.09876543209876543,0.13909350335597992,0.15825429558753967,1.274854128148546,0.021004622130429314,0.011620345969502406
Park2023_AD_hippocampus_scRNA,Pck2,Pyruvate fate,0.0066743143184899364,0.009259259259259259,0.0,0.007133322302252054,0.007528193760663271,1.3872974537037037,0.007237779563779216,0.4530267771772387
Park2023_AD_hippocampus_scRNA,G6pdx,Pentose phosphate pathway,0.09260611116904786,0.12962962962962962,0.037037037037037035,0.08790014684200287,0.10703609883785248,1.3997956289622957,0.02583576967152676,0.0028300117104925263
Park2023_AD_hippocampus_scRNA,Pgd,Pentose phosphate pathway,0.09688184377933048,0.1419753086419753,0.037037037037037035,0.09847546368837357,0.11594326049089432,1.465448045821207,0.03011437254459422,0.00040734141303331065
Park2023_AD_hippocampus_scRNA,Tkt,Pentose phosphate pathway,0.6386484513505057,0.7407407407407407,0.42592592592592593,1.0590102672576904,1.1541481018066406,1.1598567868979366,0.020658708302741077,8.36376981768301e-08
Park2023_AD_hippocampus_scRNA,Taldo1,Pentose phosphate pathway,0.8727708833037856,0.9320987654320988,0.7839506172839507,2.2401487827301025,2.3262200355529785,1.0679764681238375,-0.010578070459898016,2.45426021697129e-06
Park2023_AD_hippocampus_scRNA,Gys1,Glycogen,0.007717175930753989,0.015432098765432098,0.0,0.008084258995950222,0.011586491018533707,1.999708041374708,0.019772256279212374,0.042775683706542146
Park2023_AD_hippocampus_scRNA,Pygb,Glycogen,0.05704453019084368,0.09567901234567901,0.06790123456790123,0.06481007486581802,0.09690232574939728,1.6772688288532285,0.03801511688321759,0.00020013934550888604
Park2023_AD_hippocampus_scRNA,Gbe1,Glycogen,0.03399728855980811,0.043209876543209874,0.024691358024691357,0.036895398050546646,0.03697700425982475,1.2709800802847837,0.011027105787099183,0.22059323859211982
Park2023_AD_hippocampus_scRNA,Agl,Glycogen,0.0575659609969757,0.10648148148148148,0.024691358024691357,0.062416814267635345,0.09536553174257278,1.8497299382716048,0.045588661169284284,3.457271353370811e-06
Park2023_AD_hippocampus_scRNA,Cs,TCA cycle,0.14965064135989153,0.19598765432098766,0.06790123456790123,0.15776269137859344,0.1698184609413147,1.3096345765044954,0.022747565063065314,0.0022546963580148864
Park2023_AD_hippocampus_scRNA,Aco2,TCA cycle,0.4220460944832621,0.5370370370370371,0.2654320987654321,0.5476885437965393,0.6388474702835083,1.272460624696849,0.03722770079815316,1.3716844480090489e-08
Park2023_AD_hippocampus_scRNA,Idh2,TCA cycle,0.16675357180102202,0.2345679012345679,0.08024691358024691,0.18774071335792542,0.2219548225402832,1.4066739242891002,0.0361332503592589,1.94332943284433e-05
Park2023_AD_hippocampus_scRNA,Idh3a,TCA cycle,0.25445823339242885,0.32407407407407407,0.11728395061728394,0.28915131092071533,0.31276363134384155,1.2735845476624164,0.024713931478575472,0.00014048152440682469
Park2023_AD_hippocampus_scRNA,Ogdh,TCA cycle,0.23109813327771406,0.3410493827160494,0.12962962962962962,0.2518467903137207,0.33563530445098877,1.4757773153719302,0.05307315338111955,8.789125595288955e-10
Park2023_AD_hippocampus_scRNA,Dlst,TCA cycle,0.10699760141829179,0.19135802469135801,0.08024691358024691,0.10641101747751236,0.16749779880046844,1.7884328448006162,0.05893454085429928,1.030175183424988e-09
Park2023_AD_hippocampus_scRNA,Sucla2,TCA cycle,0.2400667431431849,0.2824074074074074,0.09876543209876543,0.26935839653015137,0.27011480927467346,1.1763703864594393,0.012409026477287834,0.01784487776751096
Park2023_AD_hippocampus_scRNA,Suclg1,TCA cycle,0.39764313275628327,0.5231481481481481,0.20987654320987653,0.4940137267112732,0.5856107473373413,1.3156222377635962,0.04061173654320359,4.796803131656943e-10
Park2023_AD_hippocampus_scRNA,Sdha,TCA cycle,0.4486390655959954,0.5385802469135802,0.29012345679012347,0.5918436050415039,0.6430982947349548,1.2004755898778057,0.022312165089873517,1.0283408228398215e-05
Park2023_AD_hippocampus_scRNA,Sdhb,TCA cycle,0.5006778600479717,0.5416666666666666,0.25925925925925924,0.6870388388633728,0.645720362663269,1.0818666250086786,-0.011251651285079819,0.04664694773197705
Park2023_AD_hippocampus_scRNA,Fh1,TCA cycle,0.14547919491083533,0.2052469135802469,0.10493827160493827,0.1549483835697174,0.18049851059913635,1.4108334439576973,0.03270255081948763,8.016419418485781e-05
Park2023_AD_hippocampus_scRNA,Mdh1,TCA cycle,0.5508395035978726,0.6141975308641975,0.38271604938271603,0.78936368227005,0.7802193760871887,1.1150208488180215,-0.002318374284263677,0.0016573988346967924
Park2023_AD_hippocampus_scRNA,Mdh2,TCA cycle,0.5431223276671185,0.6234567901234568,0.3333333333333333,0.7683188319206238,0.8023222088813782,1.1479122812008118,0.009608693868340156,7.425686150067973e-05
Park2023_AD_hippocampus_scRNA,Got1,Anaplerosis / amino acids,0.15340494316404213,0.2006172839506173,0.043209876543209874,0.15958811342716217,0.17744950950145721,1.3077628387508289,0.023399605536568713,0.0020716344766297736
Park2023_AD_hippocampus_scRNA,Got2,Anaplerosis / amino acids,0.17102930441130462,0.22993827160493827,0.09259259259259259,0.18282847106456757,0.1999775469303131,1.34443785757302,0.026937046241429646,0.00021883607886773065
Park2023_AD_hippocampus_scRNA,Glud1,Anaplerosis / amino acids,0.2500782146209198,0.31790123456790126,0.14814814814814814,0.29056185483932495,0.3148847818374634,1.2712072303050899,0.024997809702557466,0.00018738732192720512
Park2023_AD_hippocampus_scRNA,Gls,Anaplerosis / amino acids,0.09437897590989676,0.14969135802469136,0.06172839506172839,0.09952238202095032,0.1311938762664795,1.5860667757997406,0.04041248367956094,1.512131461569763e-05
Park2023_AD_hippocampus_scRNA,Glul,Anaplerosis / amino acids,0.8647408488893524,0.9135802469135802,0.7777777777777778,2.409832000732422,2.2993321418762207,1.056478652635591,-0.03954698778840772,0.00024551066077147725
Park2023_AD_hippocampus_scRNA,Idh1,Anaplerosis / amino acids,0.2804254875378037,0.2824074074074074,0.10493827160493827,0.33143532276153564,0.2704647183418274,1.0070675454182334,-0.014425948881959689,0.9280174064250724
Park2023_AD_hippocampus_scRNA,Slc25a1,Anaplerosis / amino acids,0.23120241943894046,0.28858024691358025,0.05555555555555555,0.2533313035964966,0.2789190411567688,1.24817139722793,0.021292152833026514,0.0011140382023514738
Park2023_AD_hippocampus_scRNA,Slc25a11,Anaplerosis / amino acids,0.26321827093544686,0.3395061728395062,0.12962962962962962,0.2936192452907562,0.3130089342594147,1.2898275322337658,0.023820965424629092,3.577395074671378e-05
Park2023_AD_hippocampus_scRNA,Ndufa4,Oxidative phosphorylation,0.7904891020961519,0.816358024691358,0.5493827160493827,1.5231064558029175,1.4936211109161377,1.0327252109189224,-0.02167020801728171,0.12108838213582457
Park2023_AD_hippocampus_scRNA,Ndufs1,Oxidative phosphorylation,0.21806236312441338,0.2932098765432099,0.08024691358024691,0.24227887392044067,0.26143988966941833,1.3446147805704638,0.029778328615759454,1.675675009008095e-05
Park2023_AD_hippocampus_scRNA,Ndufv1,Oxidative phosphorylation,0.3911773907602461,0.48148148148148145,0.2345679012345679,0.4884348213672638,0.5379730463027954,1.2308520197083246,0.023217664391404578,7.13803897706284e-06
Park2023_AD_hippocampus_scRNA,Ndufb8,Oxidative phosphorylation,0.7099801856293669,0.7916666666666666,0.49382716049382713,1.193863034248352,1.2878395318984985,1.1150545926361144,0.020187808967291023,5.298452068124965e-06
Park2023_AD_hippocampus_scRNA,Uqcrc1,Oxidative phosphorylation,0.4739806027740119,0.49691358024691357,0.25308641975308643,0.6398119330406189,0.5818101167678833,1.0483837889961836,-0.014478576703694273,0.27253300226749155
Park2023_AD_hippocampus_scRNA,Uqcrc2,Oxidative phosphorylation,0.4937949734070289,0.6064814814814815,0.25925925925925924,0.683306872844696,0.7647503018379211,1.2282050529938597,0.028693379091592797,3.047914643836917e-08
Park2023_AD_hippocampus_scRNA,Uqcrfs1,Oxidative phosphorylation,0.5067264573991032,0.5833333333333334,0.25308641975308643,0.6892776489257812,0.6935364007949829,1.15117994100295,0.0025954672909251335,0.0001575646741594807
Park2023_AD_hippocampus_scRNA,Cycs,Oxidative phosphorylation,0.6467827719261654,0.6635802469135802,0.3888888888888889,1.0341699123382568,0.9430239796638489,1.0259708138752532,-0.02907579771080495,0.3957138575534911
Park2023_AD_hippocampus_scRNA,Cox4i1,Oxidative phosphorylation,0.9300239858170821,0.9521604938271605,0.8333333333333334,2.4079549312591553,2.478738307952881,1.0238020829007224,0.012123924646241908,0.029914629404114504
Park2023_AD_hippocampus_scRNA,Cox5a,Oxidative phosphorylation,0.6397955991239962,0.6975308641975309,0.3765432098765432,0.9984868168830872,1.0129679441452026,1.090240172255929,-0.00034011895716857903,0.002993290060734605
Park2023_AD_hippocampus_scRNA,Cox6c,Oxidative phosphorylation,0.887788090520388,0.9290123456790124,0.7530864197530864,2.067296266555786,2.0840933322906494,1.0464347918144072,-0.020126210113275554,0.000884348128764734
Park2023_AD_hippocampus_scRNA,Cox7c,Oxidative phosphorylation,0.7900719574512463,0.8688271604938271,0.6358024691358025,1.632058024406433,1.7881364822387695,1.0996810509471104,0.029337662517128667,5.828969694481468e-07
Park2023_AD_hippocampus_scRNA,Atp5a1,Oxidative phosphorylation,0.6119511940765461,0.7237654320987654,0.46296296296296297,0.9344770312309265,1.0628741979599,1.1827175747094514,0.03542168916704333,9.060026812312191e-09
Park2023_AD_hippocampus_scRNA,Atp5b,Oxidative phosphorylation,0.7373031598706852,0.8040123456790124,0.5308641975308642,1.2912673950195312,1.32052743434906,1.0904772818551696,-0.0058020933848159885,0.0001397473502697531
Park2023_AD_hippocampus_scRNA,Atp5o,Oxidative phosphorylation,0.6597142559182396,0.7592592592592593,0.5,1.0466749668121338,1.1395777463912964,1.1508910902682639,0.020897956137814595,1.1030688060877311e-07
Park2023_AD_hippocampus_scRNA,Ppargc1a,Mitochondrial biogenesis / dynamics,0.010428616122640526,0.015432098765432098,0.0,0.013031325303018093,0.014532043598592281,1.4797839506172838,0.01078130041347838,0.23374336128469436
Park2023_AD_hippocampus_scRNA,Tfam,Mitochondrial biogenesis / dynamics,0.13025341537178017,0.17592592592592593,0.05555555555555555,0.13237792253494263,0.15048997104167938,1.350643477745159,0.026211649405173336,0.0015001703636646178
Park2023_AD_hippocampus_scRNA,Nrf1,Mitochondrial biogenesis / dynamics,0.046511627906976744,0.08487654320987655,0.043209876543209874,0.046974509954452515,0.07729895412921906,1.8248456790123457,0.04116457897965308,6.475391044278672e-05
Park2023_AD_hippocampus_scRNA,Opa1,Mitochondrial biogenesis / dynamics,0.15934925435394723,0.22685185185185186,0.09876543209876543,0.16652049124240875,0.20068800449371338,1.4236141409734342,0.035814798893337156,1.7404587468015496e-05
Park2023_AD_hippocampus_scRNA,Mfn2,Mitochondrial biogenesis / dynamics,0.07529460840546459,0.1095679012345679,0.043209876543209874,0.07882438600063324,0.09431090205907822,1.4551892035156118,0.02718697331388106,0.002350584464566754
Park2023_AD_hippocampus_scRNA,Dnm1l,Mitochondrial biogenesis / dynamics,0.14443633329857128,0.2006172839506173,0.09259259259259259,0.16151700913906097,0.1871817708015442,1.3889668850559345,0.03127078153230497,0.0001936654502154691
Park2023_AD_hippocampus_scRNA,Pink1,Mitochondrial biogenesis / dynamics,0.37146730628845553,0.4675925925925926,0.25925925925925924,0.47821304202079773,0.556704580783844,1.258771861417847,0.033479161450017454,1.4002111309186986e-06
Park2023_AD_hippocampus_scRNA,Prkn,Mitochondrial biogenesis / dynamics,0.007717175930753989,0.032407407407407406,0.006172839506172839,0.006156159099191427,0.021496767178177834,4.199386886886886,0.06079438825276533,3.5164493732156706e-07
Park2023_AD_hippocampus_scRNA,Cd36,Fatty acid uptake / activation,0.0009385754510376473,0.0,0.0,0.0012596803717315197,0.0,0.0,-0.007705791945148604,1.0
Park2023_AD_hippocampus_scRNA,Slc27a1,Fatty acid uptake / activation,0.13213056627385547,0.16512345679012347,0.037037037037037035,0.15291230380535126,0.1554303765296936,1.249699153244273,0.016880804559577255,0.02008945576149604
Park2023_AD_hippocampus_scRNA,Fabp5,Fatty acid uptake / activation,0.777661904265304,0.7839506172839507,0.5555555555555556,1.755042552947998,1.7501130104064941,1.0080866929242058,-0.0034477592666577856,0.7326443337632513
Park2023_AD_hippocampus_scRNA,Fabp7,Fatty acid uptake / activation,0.13734487433517573,0.10648148148148148,0.043209876543209874,0.18081016838550568,0.11604126542806625,0.7752854410978937,-0.025852429795402927,0.02796311408147731
Park2023_AD_hippocampus_scRNA,Acsl1,Fatty acid uptake / activation,0.2260923975388466,0.3256172839506173,0.12962962962962962,0.25090399384498596,0.322473406791687,1.4401956345952347,0.04588017596457354,2.1574093763155078e-08
Park2023_AD_hippocampus_scRNA,Acsl3,Fatty acid uptake / activation,0.4783606215455209,0.566358024691358,0.30864197530864196,0.69989413022995,0.7598404884338379,1.1839562020417336,0.021568930557071687,1.610999353325865e-05
Park2023_AD_hippocampus_scRNA,Acsl6,Fatty acid uptake / activation,0.06371884450933361,0.07098765432098765,0.06790123456790123,0.08323437720537186,0.09137839823961258,1.11407629670041,0.0067795986922354525,0.4559533229512761
Park2023_AD_hippocampus_scRNA,Acsbg1,Fatty acid uptake / activation,0.07039315882782354,0.08487654320987655,0.043209876543209874,0.08971676230430603,0.091982901096344,1.2057498856881574,0.01209577798471924,0.1793147080484463
Park2023_AD_hippocampus_scRNA,Cpt1a,Fatty acid beta-oxidation,0.024924392533110858,0.029320987654320986,0.018518518518518517,0.02804749645292759,0.028583308681845665,1.176397282917506,0.006417375812093338,0.4391822415123934
Park2023_AD_hippocampus_scRNA,Cpt1c,Fatty acid beta-oxidation,0.05746167483574929,0.09259259259259259,0.024691358024691357,0.06266909092664719,0.07622126489877701,1.6113799825233581,0.03243673839542145,0.0005708110199051275
Park2023_AD_hippocampus_scRNA,Cpt2,Fatty acid beta-oxidation,0.06716028782980499,0.08641975308641975,0.018518518518518517,0.06901925057172775,0.06927309185266495,1.2867686527106816,0.014951757788581637,0.06420691557109806
Park2023_AD_hippocampus_scRNA,Slc25a20,Fatty acid beta-oxidation,0.015017207216602357,0.016975308641975308,0.0,0.015836235135793686,0.010348658077418804,1.1303905178326474,0.002343273002028292,0.619228439150474
Park2023_AD_hippocampus_scRNA,Acadm,Fatty acid beta-oxidation,0.20095943268328292,0.22530864197530864,0.16049382716049382,0.22915560007095337,0.23304565250873566,1.1211647991184404,0.008474569663584466,0.14290487479930578
Park2023_AD_hippocampus_scRNA,Acadl,Fatty acid beta-oxidation,0.20377515903639587,0.28858024691358025,0.12345679012345678,0.22855310142040253,0.2718808054924011,1.4161699015631122,0.03876344952840574,7.133772520089839e-07
Park2023_AD_hippocampus_scRNA,Acadvl,Fatty acid beta-oxidation,0.23777244759620397,0.2808641975308642,0.1111111111111111,0.2743009030818939,0.270731121301651,1.1812310482997619,0.01349069251945271,0.01535312137560799
Park2023_AD_hippocampus_scRNA,Acads,Fatty acid beta-oxidation,0.05944311189905099,0.05864197530864197,0.030864197530864196,0.06330431997776031,0.055057741701602936,0.9865226337448559,-0.002545460029671764,1.0
Park2023_AD_hippocampus_scRNA,Hadha,Fatty acid beta-oxidation,0.2931483992074252,0.4444444444444444,0.1419753086419753,0.33868494629859924,0.45710909366607666,1.5161073560219769,0.06339537993029176,4.557820606427801e-15
Park2023_AD_hippocampus_scRNA,Hadhb,Fatty acid beta-oxidation,0.4088017520075086,0.49228395061728397,0.2345679012345679,0.5223332047462463,0.5636001229286194,1.2042119394053918,0.021178052641780055,3.66687634095359e-05
Park2023_AD_hippocampus_scRNA,Echs1,Fatty acid beta-oxidation,0.448534779434769,0.5540123456790124,0.29012345679012347,0.5912570357322693,0.6621103882789612,1.2351602842864566,0.028838980770593173,2.1075638537227032e-07
Park2023_AD_hippocampus_scRNA,Acaa2,Fatty acid beta-oxidation,0.047867348002920015,0.04938271604938271,0.018518518518518517,0.058759741485118866,0.04370942711830139,1.031657656203771,-0.00040457627683480646,0.8492030983330207
Park2023_AD_hippocampus_scRNA,Decr1,Fatty acid beta-oxidation,0.08801752007508604,0.12191358024691358,0.030864197530864196,0.09106184542179108,0.09363708645105362,1.3851058305540929,0.02294616370752421,0.005566084825279498
Park2023_AD_hippocampus_scRNA,Eci1,Fatty acid beta-oxidation,0.2981541349462926,0.39969135802469136,0.15432098765432098,0.35028308629989624,0.4114396274089813,1.3405527919198201,0.036891410277253046,1.1011478996729535e-07
Park2023_AD_hippocampus_scRNA,Acox1,Fatty acid beta-oxidation,0.15403066013140057,0.23765432098765432,0.08024691358024691,0.16916143894195557,0.21481655538082123,1.542902697326078,0.04607057125404144,8.651720962562863e-08
Park2023_AD_hippocampus_scRNA,Ehhadh,Fatty acid beta-oxidation,0.011158619251225363,0.023148148148148147,0.012345679012345678,0.011536519974470139,0.020194701850414276,2.0744634821737624,0.025995438730775023,0.013022036752093541
Park2023_AD_hippocampus_scRNA,Acly,Lipid synthesis,0.2558139534883721,0.28703703703703703,0.12345679012345678,0.30680590867996216,0.2857496440410614,1.122053872053872,0.0037841960585439207,0.08590639955693144
Park2023_AD_hippocampus_scRNA,Acaca,Lipid synthesis,0.17228073834602148,0.31790123456790126,0.09259259259259259,0.18063384294509888,0.29863241314888,1.8452511732878967,0.08182535794625878,4.924267203691289e-18
Park2023_AD_hippocampus_scRNA,Fasn,Lipid synthesis,0.2738554593805402,0.36419753086419754,0.13580246913580246,0.33143681287765503,0.3829077184200287,1.3298896128929134,0.03520989132995044,1.2371886562120815e-06
Park2023_AD_hippocampus_scRNA,Elovl1,Lipid synthesis,0.5628324121389092,0.625,0.3333333333333333,0.8500086069107056,0.800350546836853,1.1104548823420417,-0.015778464450436274,0.002108383917737656
Park2023_AD_hippocampus_scRNA,Elovl5,Lipid synthesis,0.31869850870789446,0.37037037037037035,0.16049382716049382,0.3959963321685791,0.40696877241134644,1.1621339926313747,0.01270165429690823,0.007058206800240351
Park2023_AD_hippocampus_scRNA,Elovl6,Lipid synthesis,0.3707373031598707,0.44907407407407407,0.16049382716049382,0.47899961471557617,0.5214092135429382,1.21129994269938,0.022358305786588973,8.020447244461339e-05
Park2023_AD_hippocampus_scRNA,Scd1,Lipid synthesis,0.3352800083428929,0.4583333333333333,0.19753086419753085,0.4376954734325409,0.5350739359855652,1.367016588906169,0.04650637945920052,3.6928100403530327e-10
Park2023_AD_hippocampus_scRNA,Scd2,Lipid synthesis,0.9420168943581186,0.9583333333333334,0.8888888888888888,2.779917001724243,2.8908236026763916,1.0173207498431678,0.028527077693236976,0.09532921301449157
Park2023_AD_hippocampus_scRNA,Srebf1,Lipid synthesis,0.2243195327979977,0.33641975308641975,0.1728395061728395,0.2774719297885895,0.3464334309101105,1.499734547812961,0.0523371432767881,3.1427823804659586e-10
Park2023_AD_hippocampus_scRNA,Mlxipl,Lipid synthesis,0.007091458963395557,0.006172839506172839,0.0,0.008416242897510529,0.004825533367693424,0.8704611474219317,-0.0035150062128723424,1.0
Park2023_AD_hippocampus_scRNA,Hmgcs1,Cholesterol synthesis,0.5736781729064553,0.566358024691358,0.25925925925925924,0.9981061220169067,0.917175829410553,0.9872399743256557,-0.0212115397130427,0.712167470984048
Park2023_AD_hippocampus_scRNA,Hmgcr,Cholesterol synthesis,0.19918656794243403,0.26851851851851855,0.13580246913580246,0.23498199880123138,0.2730455696582794,1.348075431452395,0.03237987845270374,4.233296326421953e-05
Park2023_AD_hippocampus_scRNA,Mvk,Cholesterol synthesis,0.15423923245385338,0.22839506172839505,0.05555555555555555,0.15906648337841034,0.19089607894420624,1.4807844806717918,0.03868383713235138,1.665499952320888e-06
Park2023_AD_hippocampus_scRNA,Fdps,Cholesterol synthesis,0.5616852643654187,0.5910493827160493,0.32098765432098764,0.8905078768730164,0.8489710688591003,1.0522785983780538,-0.012217331251245137,0.1520740108189636
Park2023_AD_hippocampus_scRNA,Fdft1,Cholesterol synthesis,0.3213056627385546,0.36882716049382713,0.09876543209876543,0.39196228981018066,0.38555002212524414,1.1479012145327194,0.006808964871933922,0.01343497837512798
Park2023_AD_hippocampus_scRNA,Sqle,Cholesterol synthesis,0.2835540723745959,0.30246913580246915,0.10493827160493827,0.3634932339191437,0.31085750460624695,1.0667070773114662,-0.007011884971665245,0.3012446744262385
Park2023_AD_hippocampus_scRNA,Lss,Cholesterol synthesis,0.06935029721555949,0.11419753086419752,0.043209876543209874,0.07108181715011597,0.09416912496089935,1.6466768773786318,0.03731872957668139,5.826674674474644e-05
Park2023_AD_hippocampus_scRNA,Cyp51,Cholesterol synthesis,0.4262175409323183,0.4444444444444444,0.20987654320987653,0.6087397336959839,0.5645343065261841,1.042764320474132,-0.008974332937155329,0.3670219270627955
Park2023_AD_hippocampus_scRNA,Dhcr24,Cholesterol synthesis,0.16164354990092814,0.21296296296296297,0.08024691358024691,0.1803337037563324,0.19808180630207062,1.3174850657108723,0.02478229322861833,0.0010058873211280048
Park2023_AD_hippocampus_scRNA,Dhcr7,Cholesterol synthesis,0.20763374700177287,0.24691358024691357,0.09259259259259259,0.24341927468776703,0.23927217721939087,1.1891784635799367,0.013562396864605645,0.019176288560252094
Park2023_AD_hippocampus_scRNA,Srebf2,Cholesterol synthesis,0.13671915736781728,0.2824074074074074,0.05555555555555555,0.1380847841501236,0.24896281957626343,2.0656023109303048,0.09076095559337408,1.879359752011336e-20
Park2023_AD_hippocampus_scRNA,Insig1,Cholesterol synthesis,0.32620711231619565,0.4074074074074074,0.21604938271604937,0.42739492654800415,0.4726167917251587,1.2489225158662498,0.02680622869913727,2.8090684215064574e-05
Park2023_AD_hippocampus_scRNA,Ldlr,Cholesterol / lipid transport,0.09573469600584003,0.125,0.030864197530864196,0.10601146519184113,0.11277584731578827,1.3056917211328976,0.018856295838062358,0.019782385167543572
Park2023_AD_hippocampus_scRNA,Abca1,Cholesterol / lipid transport,0.08791323391385963,0.12191358024691358,0.05555555555555555,0.10118608921766281,0.1085457056760788,1.3867488979687477,0.02456332331970961,0.004529144242779677
Park2023_AD_hippocampus_scRNA,Abca2,Cholesterol / lipid transport,0.707685890082386,0.808641975308642,0.6296296296296297,1.385053038597107,1.5664490461349487,1.1426566314816635,0.04338699593647835,1.340391047787245e-08
Park2023_AD_hippocampus_scRNA,Abcg1,Cholesterol / lipid transport,0.3023255813953488,0.4058641975308642,0.18518518518518517,0.3734184503555298,0.45236945152282715,1.342473884140551,0.041689855705790334,7.497935205037028e-08
Park2023_AD_hippocampus_scRNA,Apoe,Cholesterol / lipid transport,0.9787256231098134,0.9907407407407407,0.9938271604938271,3.115311861038208,3.1528728008270264,1.0122762880088398,0.009529160551363134,0.03156226305373745
Park2023_AD_hippocampus_scRNA,Apod,Cholesterol / lipid transport,0.9638127020544374,0.9876543209876543,0.9629629629629629,3.127927541732788,3.4504363536834717,1.0247367760171626,0.0638022057569223,0.000511399604487668
Park2023_AD_hippocampus_scRNA,Lpl,Cholesterol / lipid transport,0.004692877255188237,0.006172839506172839,0.0,0.0065561262890696526,0.010126974433660507,1.315363511659808,0.005337509599405515,0.5505509132991961
Park2023_AD_hippocampus_scRNA,Nr1h2,Cholesterol / lipid transport,0.24277818333507142,0.30246913580246915,0.13580246913580246,0.27935320138931274,0.30844053626060486,1.2458662127190192,0.02361489700038738,0.0008177694302991757
Park2023_AD_hippocampus_scRNA,Nr1h3,Cholesterol / lipid transport,0.0031285848367921575,0.006172839506172839,0.0,0.004063380882143974,0.004078433383256197,1.9730452674897119,0.012037767043070878,0.16551571446326255
Park2023_AD_hippocampus_scRNA,Plin2,Cholesterol / lipid transport,0.025341537178016477,0.026234567901234566,0.024691358024691357,0.028744015842676163,0.02858562581241131,1.0352398008433674,0.0013347151819665312,0.8970201202542387
Park2023_AD_hippocampus_scRNA,Plin3,Cholesterol / lipid transport,0.3670872875169465,0.42592592592592593,0.15432098765432098,0.590233564376831,0.7083780765533447,1.160285143097643,0.029102743776247747,0.003240578393522079
Park2023_AD_hippocampus_scRNA,Plin4,Cholesterol / lipid transport,0.013140056314527063,0.05555555555555555,0.030864197530864196,0.01385718397796154,0.04411967098712921,4.227954144620811,0.08148310042982637,1.9539048463114942e-11
Park2023_AD_hippocampus_scRNA,Ugt8a,Myelin lipid synthesis,0.8400250286786943,0.8703703703703703,0.7098765432098766,1.9391283988952637,1.9019742012023926,1.0361243304135916,-0.023299806111165635,0.039588884959976534
Park2023_AD_hippocampus_scRNA,Gal3st1,Myelin lipid synthesis,0.5170507873605172,0.6388888888888888,0.3271604938271605,0.7933130264282227,0.9186946749687195,1.235640491237506,0.03499044085752984,1.568706777216264e-09
Park2023_AD_hippocampus_scRNA,Cers2,Myelin lipid synthesis,0.8319949942642612,0.8904320987654321,0.7160493827160493,1.741787075996399,1.779956579208374,1.0702373270320542,-0.006077697532790778,6.06323850334487e-05
Park2023_AD_hippocampus_scRNA,Sptlc1,Myelin lipid synthesis,0.16226926686828658,0.24382716049382716,0.07407407407407407,0.17056070268154144,0.2224649041891098,1.5026083817322036,0.04354609283488789,2.823238566652184e-07
Park2023_AD_hippocampus_scRNA,Pigt,Myelin lipid synthesis,0.21086661799979142,0.2700617283950617,0.1419753086419753,0.24129872024059296,0.27675482630729675,1.2807230037488857,0.0284550661690858,0.0005291067616522199
Park2023_AD_hippocampus_scRNA,Fa2h,Myelin lipid synthesis,0.7178016477213474,0.7808641975308642,0.4444444444444444,1.3501828908920288,1.430633544921875,1.0878551198784625,0.012291296461530278,0.0004778797990138845
Park2023_AD_hippocampus_scRNA,Hif1a,Nutrient sensing / regulators,0.17280216915215352,0.2345679012345679,0.04938271604938271,0.1794971525669098,0.19997693598270416,1.3574360922982929,0.028457894296565665,0.00012206713719052353
Park2023_AD_hippocampus_scRNA,Epas1,Nutrient sensing / regulators,0.09750756074668891,0.1111111111111111,0.08024691358024691,0.11163582652807236,0.10628669708967209,1.1395127748068925,0.008116471804521687,0.2751155581961457
Park2023_AD_hippocampus_scRNA,Prkaa1,Nutrient sensing / regulators,0.06006882886640943,0.08796296296296297,0.037037037037037035,0.06000955030322075,0.0759817510843277,1.4643695344650205,0.025139869576995676,0.006766737998251917
Park2023_AD_hippocampus_scRNA,Prkaa2,Nutrient sensing / regulators,0.029095838982167065,0.032407407407407406,0.006172839506172839,0.029406867921352386,0.027805151417851448,1.1138158768087083,0.003555056144904613,0.629345336783144
Park2023_AD_hippocampus_scRNA,Mtor,Nutrient sensing / regulators,0.06403170299301282,0.1111111111111111,0.030864197530864196,0.06128111109137535,0.08455269783735275,1.7352515381831344,0.04065481151751059,1.4887371826645748e-05
Park2023_AD_hippocampus_scRNA,Rptor,Nutrient sensing / regulators,0.03639587026801543,0.04938271604938271,0.012345679012345678,0.037204597145318985,0.043999020010232925,1.3568219604513778,0.014999863880867895,0.10637300242658236
Park2023_AD_hippocampus_scRNA,Tsc2,Nutrient sensing / regulators,0.08728751694650119,0.13271604938271606,0.043209876543209874,0.08718377351760864,0.11563625931739807,1.5204470699293482,0.034539092818876724,0.00021378863433874496
Park2023_AD_hippocampus_scRNA,Ddit4,Nutrient sensing / regulators,0.2422567525289394,0.30401234567901236,0.13580246913580246,0.2917441427707672,0.3099254071712494,1.2549179434851698,0.02237908484523742,0.0005713101733556302
Park2023_AD_hippocampus_scRNA,Txnip,Nutrient sensing / regulators,0.05235165293565544,0.06944444444444445,0.06172839506172839,0.06596051901578903,0.0787576287984848,1.3264995573262506,0.018018174152418857,0.07033967808500481
Park2023_AD_hippocampus_scRNA,Sirt1,Nutrient sensing / regulators,0.03931588278235478,0.06790123456790123,0.018518518518518517,0.03805918991565704,0.053043343126773834,1.7270688017814453,0.032281210432681715,0.0009723708813442127
Park2023_AD_hippocampus_scRNA,Sirt3,Nutrient sensing / regulators,0.14016060068828867,0.2037037037037037,0.06790123456790123,0.14466358721256256,0.17819271981716156,1.4533592372134037,0.03601377196933375,2.2798728925424063e-05
Park2023_AD_hippocampus_scRNA,Ppara,Nutrient sensing / regulators,0.0039628741266033995,0.006172839506172839,0.006172839506172839,0.003984704148024321,0.0030951190274208784,1.5576673164392463,0.007565429496644308,0.33782458326053766
Park2023_AD_hippocampus_scRNA,Ppard,Nutrient sensing / regulators,0.06507456460527689,0.10802469135802469,0.037037037037037035,0.06357049942016602,0.09312675893306732,1.6600140471668248,0.03816979410537693,9.433437558063363e-05
Park2023_AD_hippocampus_scRNA,Pparg,Nutrient sensing / regulators,0.00020857232245281051,0.0,0.0,0.00027994386618956923,0.0,0.0,-0.003631303192717921,1.0
Park2023_AD_hippocampus_scRNA,Nfe2l2,Nutrient sensing / regulators,0.19866513713630202,0.2175925925925926,0.09259259259259259,0.2265872210264206,0.22405897080898285,1.095273160299407,0.005446674469739819,0.24328200438745673
Park2023_AD_hippocampus_scRNA,Serpina3n,context,0.019710084471790592,0.0787037037037037,0.030864197530864196,0.020743027329444885,0.07890859991312027,3.993067803252989,0.09300430658522615,7.367987968373858e-15
Serpina3n_Cuprizone_snRNA_mouse,Hmgcs2,Ketone body synthesis,0.003616411023818431,0.026595744680851064,0.0,0.0030932778026908636,0.014106768183410168,7.354181951577403,0.05253535724112975,0.0009698626884472251
Serpina3n_Cuprizone_snRNA_mouse,Hmgcl,Ketone body synthesis,0.11123581493951865,0.35638297872340424,0.1702127659574468,0.12566737830638885,0.281511127948761,3.2038510161244154,0.1053207803098134,3.510236542796006e-18
Serpina3n_Cuprizone_snRNA_mouse,Bdh1,Ketone body synthesis,0.08554682628756703,0.2074468085106383,0.02127659574468085,0.09042506664991379,0.10474734753370285,2.4249503752868926,0.0564561360976199,3.239461835132723e-07
Serpina3n_Cuprizone_snRNA_mouse,Bdh2,Ketone body synthesis,0.0027434842249657062,0.02127659574468085,0.0,0.0023614931851625443,0.011341982521116734,7.755319148936171,0.04874333906771172,0.0026862590064985403
Serpina3n_Cuprizone_snRNA_mouse,Oxct1,Ketone body utilisation,0.5510662177328844,0.6648936170212766,0.3404255319148936,0.787715494632721,0.8867698907852173,1.206558478138406,0.0187950252949159,0.0018030168343428094
Serpina3n_Cuprizone_snRNA_mouse,Acat1,Ketone body utilisation,0.23993016585609178,0.35638297872340424,0.14893617021276595,0.28706619143486023,0.27633804082870483,1.485361281903835,0.023347185149853174,0.00039269818073738364
Serpina3n_Cuprizone_snRNA_mouse,Acat2,Ketone body utilisation,0.04900860456416012,0.14893617021276595,0.0425531914893617,0.0509103387594223,0.07072150707244873,3.0389800227383463,0.06338246042031195,2.906817224734078e-07
Serpina3n_Cuprizone_snRNA_mouse,Acss1,Ketone body utilisation,0.12158623269734381,0.35638297872340424,0.10638297872340426,0.13799437880516052,0.34663382172584534,2.9311129296235676,0.09938014688323903,2.7984333615065107e-16
Serpina3n_Cuprizone_snRNA_mouse,Acss2,Ketone body utilisation,0.250280583613917,0.34574468085106386,0.2127659574468085,0.30516791343688965,0.27106261253356934,1.381428298826448,0.015729811757464532,0.0038035070140352333
Serpina3n_Cuprizone_snRNA_mouse,Hcar2,Ketone / SCFA receptors,0.00012470382840753212,0.005319148936170213,0.0,1.4981794265622739e-05,0.003088426310569048,42.65425531914893,0.04921123364536132,0.04529253292242841
Serpina3n_Cuprizone_snRNA_mouse,Ffar2,Ketone / SCFA receptors,0.0,0.0,0.0,0.0,0.0,,,1.0
Serpina3n_Cuprizone_snRNA_mouse,Slc16a1,Monocarboxylate transporters,0.058860207008355155,0.12234042553191489,0.0851063829787234,0.06386803090572357,0.07878768444061279,2.0784912549585286,0.03702277018791868,0.000996704850487313
Serpina3n_Cuprizone_snRNA_mouse,Slc16a7,Monocarboxylate transporters,0.4784885895997007,0.6595744680851063,0.48936170212765956,0.6641395688056946,0.7583938837051392,1.3784539117994443,0.02306666093594923,8.89172404747164e-07
Serpina3n_Cuprizone_snRNA_mouse,Slc16a3,Monocarboxylate transporters,0.0031175957101883026,0.026595744680851064,0.0425531914893617,0.002503255382180214,0.013201828114688396,8.530851063829788,0.05761745673119051,0.00053492694013408
Serpina3n_Cuprizone_snRNA_mouse,Slc16a6,Monocarboxylate transporters,0.08592093777278963,0.2925531914893617,0.1276595744680851,0.09306700527667999,0.21356195211410522,3.4049115276533986,0.09977369865504349,9.233641037741403e-16
Serpina3n_Cuprizone_snRNA_mouse,Bsg,Monocarboxylate transporters,0.11011348048385085,0.2553191489361702,0.10638297872340426,0.12589716911315918,0.1656552106142044,2.318691115876726,0.06007694446531505,3.5907047296072714e-08
Serpina3n_Cuprizone_snRNA_mouse,Slc2a1,Glucose transporters,0.0411522633744856,0.1276595744680851,0.0425531914893617,0.04297526553273201,0.06203720346093178,3.102127659574468,0.06011965904362484,1.5983338306819466e-06
Serpina3n_Cuprizone_snRNA_mouse,Slc2a3,Glucose transporters,0.2000249407656815,0.31382978723404253,0.10638297872340426,0.2342517226934433,0.24139371514320374,1.5689532816893934,0.029430753562185812,0.0003065861568958845
Serpina3n_Cuprizone_snRNA_mouse,Slc2a4,Glucose transporters,0.001122334455667789,0.005319148936170213,0.0,0.0007165985880419612,0.0010210649343207479,4.739361702127659,0.017593007661419063,0.20694751708470838
Serpina3n_Cuprizone_snRNA_mouse,Slc2a8,Glucose transporters,0.022321985284948248,0.09042553191489362,0.02127659574468085,0.02221294865012169,0.03875625878572464,4.050962795673363,0.06435025559229034,2.268166643938603e-06
Serpina3n_Cuprizone_snRNA_mouse,Hk1,Glycolysis,0.21025065469509913,0.3723404255319149,0.10638297872340426,0.24336440861225128,0.2980526387691498,1.7709358673430757,0.04486187177548607,5.211129748299183e-07
Serpina3n_Cuprizone_snRNA_mouse,Hk2,Glycolysis,0.030926549445067963,0.2712765957446808,0.10638297872340426,0.030143991112709045,0.21264658868312836,8.771641214824982,0.18818471277686916,2.900182039788621e-31
Serpina3n_Cuprizone_snRNA_mouse,Hk3,Glycolysis,0.009228083302157377,0.09042553191489362,0.02127659574468085,0.006873095873743296,0.03750874102115631,9.798950546290971,0.11365617834900847,1.6675598268211856e-11
Serpina3n_Cuprizone_snRNA_mouse,Gpi1,Glycolysis,0.3334580371617409,0.4574468085106383,0.1276595744680851,0.42019471526145935,0.39445048570632935,1.3718272092172057,0.013843930112893392,0.0005551926050863824
Serpina3n_Cuprizone_snRNA_mouse,Pfkl,Glycolysis,0.06497069460032423,0.15425531914893617,0.02127659574468085,0.06704868376255035,0.07718852907419205,2.374229182831707,0.04857763163193043,2.0549508653692987e-05
Serpina3n_Cuprizone_snRNA_mouse,Pfkm,Glycolysis,0.12657438583364508,0.3191489361702128,0.10638297872340426,0.14070908725261688,0.22049199044704437,2.5214338119693958,0.07432298624231856,1.2938556375204272e-11
Serpina3n_Cuprizone_snRNA_mouse,Pfkp,Glycolysis,0.361142287068213,0.4308510638297872,0.1702127659574468,0.46573537588119507,0.3894858658313751,1.193023025155754,-0.004745261671207335,0.054891036572515
Serpina3n_Cuprizone_snRNA_mouse,Pfkfb2,Glycolysis,0.14927048260381592,0.34574468085106386,0.1276595744680851,0.16863428056240082,0.2576177418231964,2.3162294032954733,0.06940749165770693,4.686243438666348e-11
Serpina3n_Cuprizone_snRNA_mouse,Pfkfb3,Glycolysis,0.10886644219977554,0.24468085106382978,0.10638297872340426,0.12394478172063828,0.177786722779274,2.2475323535863128,0.056504151345545525,2.191446896010348e-07
Serpina3n_Cuprizone_snRNA_mouse,Aldoa,Glycolysis,0.04938271604938271,0.18085106382978725,0.02127659574468085,0.05062413215637207,0.08275065571069717,3.662234042553192,0.08268805955079106,1.3533788171157287e-10
Serpina3n_Cuprizone_snRNA_mouse,Aldoc,Glycolysis,0.03292181069958848,0.20212765957446807,0.0425531914893617,0.03278415650129318,0.12547145783901215,6.139627659574467,0.1300229387970536,2.1808065902316112e-18
Serpina3n_Cuprizone_snRNA_mouse,Tpi1,Glycolysis,0.02531487716672902,0.10106382978723404,0.02127659574468085,0.02358919195830822,0.04275549203157425,3.9922702022848755,0.0672790764450977,6.839095609500817e-07
Serpina3n_Cuprizone_snRNA_mouse,Gapdh,Glycolysis,0.040528744232447934,0.15425531914893617,0.0425531914893617,0.038796667009592056,0.08150271326303482,3.80607201309329,0.0801734954285645,1.6385227729621182e-09
Serpina3n_Cuprizone_snRNA_mouse,Pgk1,Glycolysis,0.05549320364135179,0.10638297872340426,0.02127659574468085,0.05668138340115547,0.04804306849837303,1.9170451828830983,0.029538969876175377,0.005956911335016746
Serpina3n_Cuprizone_snRNA_mouse,Pgam1,Glycolysis,0.03229829155755082,0.10106382978723404,0.06382978723404255,0.033419232815504074,0.06150832027196884,3.1290766450340914,0.0549643840762564,1.8822394482293745e-05
Serpina3n_Cuprizone_snRNA_mouse,Eno1,Glycolysis,0.07332585110362888,0.2393617021276596,0.0425531914893617,0.0772491991519928,0.13556212186813354,3.2643562744246637,0.08614604472644985,3.0475686974797065e-12
Serpina3n_Cuprizone_snRNA_mouse,Eno2,Glycolysis,0.1425364758698092,0.2393617021276596,0.06382978723404255,0.16376803815364838,0.14793190360069275,1.6793013905176748,0.030392871831255566,0.00048006879421593873
Serpina3n_Cuprizone_snRNA_mouse,Pkm,Glycolysis,0.1915450804339693,0.4148936170212766,0.2553191489361702,0.22288915514945984,0.35460248589515686,2.166036402925532,0.0698637937877625,4.8941744262341766e-12
Serpina3n_Cuprizone_snRNA_mouse,Ldha,Glycolysis,0.03641351789499938,0.09574468085106383,0.02127659574468085,0.037073466926813126,0.037367936223745346,2.6293719032352083,0.0436567693635767,0.00025490736309801153
Serpina3n_Cuprizone_snRNA_mouse,Ldhb,Glycolysis,0.11971567527123082,0.28191489361702127,0.02127659574468085,0.13017572462558746,0.18465781211853027,2.354870345744681,0.06348428152377616,3.2191935129585894e-09
Serpina3n_Cuprizone_snRNA_mouse,Pdha1,Pyruvate fate,0.053248534730016214,0.1702127659574468,0.02127659574468085,0.05603940039873123,0.08255086839199066,3.196571827196173,0.07082418199741218,1.1718452385425703e-08
Serpina3n_Cuprizone_snRNA_mouse,Pdhb,Pyruvate fate,0.0850480109739369,0.22872340425531915,0.06382978723404255,0.09261942654848099,0.1234651654958725,2.6893445435827044,0.06763023846540576,3.437589790849706e-09
Serpina3n_Cuprizone_snRNA_mouse,Pdk1,Pyruvate fate,0.12869435091657314,0.31382978723404253,0.0851063829787234,0.14066490530967712,0.19811606407165527,2.4385669223156854,0.06908146824554194,6.410478775337429e-11
Serpina3n_Cuprizone_snRNA_mouse,Pdk2,Pyruvate fate,0.03741114852225964,0.14893617021276595,0.0425531914893617,0.037524618208408356,0.0790850967168808,3.9810638297872334,0.0817476049937946,1.276621858550468e-09
Serpina3n_Cuprizone_snRNA_mouse,Pdk3,Pyruvate fate,0.130066093029056,0.26595744680851063,0.10638297872340426,0.14777854084968567,0.2034708857536316,2.044786928051243,0.05140957106493672,1.0314178381295606e-06
Serpina3n_Cuprizone_snRNA_mouse,Pdk4,Pyruvate fate,0.011722159870308018,0.0797872340425532,0.02127659574468085,0.011043393053114414,0.04073774442076683,6.806530104119512,0.0872917227282869,2.214622672574637e-08
Serpina3n_Cuprizone_snRNA_mouse,Pdp1,Pyruvate fate,0.08691856840004988,0.14361702127659576,0.06382978723404255,0.09744148701429367,0.0797051414847374,1.65231692054092,0.0250153476843119,0.01252932259341381
Serpina3n_Cuprizone_snRNA_mouse,Mpc1,Pyruvate fate,0.3110113480483851,0.5106382978723404,0.2553191489361702,0.3900858759880066,0.5096625685691833,1.6418638775614665,0.04351541765708675,2.6973136151588096e-08
Serpina3n_Cuprizone_snRNA_mouse,Mpc2,Pyruvate fate,0.14577877540840503,0.2872340425531915,0.0851063829787234,0.16516564786434174,0.16570192575454712,1.9703419907904558,0.0452081166950929,7.720063773348674e-07
Serpina3n_Cuprizone_snRNA_mouse,Pcx,Pyruvate fate,0.17421124828532236,0.34574468085106386,0.14893617021276595,0.20339517295360565,0.3059192895889282,1.9846289160663428,0.05676505811774875,2.2189503698057566e-08
Serpina3n_Cuprizone_snRNA_mouse,Pck2,Pyruvate fate,0.03554059109614665,0.11170212765957446,0.02127659574468085,0.035917025059461594,0.04398874193429947,3.1429451287793952,0.056798945582993476,6.251596865274421e-06
Serpina3n_Cuprizone_snRNA_mouse,G6pdx,Pentose phosphate pathway,0.02706073076443447,0.14893617021276595,0.0851063829787234,0.02610982209444046,0.08706709742546082,5.503774879890185,0.10429606864658832,1.2037775331133594e-12
Serpina3n_Cuprizone_snRNA_mouse,Pgd,Pentose phosphate pathway,0.03304651452799601,0.1702127659574468,0.06382978723404255,0.03265802562236786,0.08867846429347992,5.150702529104778,0.1060019482082219,1.2789872785545644e-13
Serpina3n_Cuprizone_snRNA_mouse,Tkt,Pentose phosphate pathway,0.11173463025314877,0.2765957446808511,0.1276595744680851,0.1231093481183052,0.1696266531944275,2.4754701747720365,0.06672815263767228,8.656905208107385e-10
Serpina3n_Cuprizone_snRNA_mouse,Taldo1,Pentose phosphate pathway,0.07706696595585484,0.25,0.1276595744680851,0.08370152860879898,0.17313767969608307,3.2439320388349517,0.08864716138750141,1.0828009592194489e-12
Serpina3n_Cuprizone_snRNA_mouse,Gys1,Glycogen,0.09003616411023818,0.21808510638297873,0.1276595744680851,0.09718817472457886,0.15300926566123962,2.4221945541344967,0.06001576853948352,1.5126103390155464e-07
Serpina3n_Cuprizone_snRNA_mouse,Pygb,Glycogen,0.19428856465893504,0.42021276595744683,0.1702127659574468,0.2266720086336136,0.3821115791797638,2.162828093846448,0.07095207621534808,3.215644245367486e-12
Serpina3n_Cuprizone_snRNA_mouse,Gbe1,Glycogen,0.1414141414141414,0.24468085106382978,0.02127659574468085,0.16731074452400208,0.16848349571228027,1.7302431610942248,0.03283303241038018,0.000200544516877442
Serpina3n_Cuprizone_snRNA_mouse,Agl,Glycogen,0.16286319990023693,0.35638297872340424,0.14893617021276595,0.18745261430740356,0.32749122381210327,2.1882351503698154,0.06765543048874005,2.5495795768066097e-10
Serpina3n_Cuprizone_snRNA_mouse,Cs,TCA cycle,0.1775782516523257,0.3617021276595745,0.10638297872340426,0.20484250783920288,0.2624780833721161,2.036860506813292,0.055608246988291615,3.990515961469236e-09
Serpina3n_Cuprizone_snRNA_mouse,Aco2,TCA cycle,0.2442947998503554,0.43617021276595747,0.10638297872340426,0.29163858294487,0.37369146943092346,1.7854256948291032,0.045201662719233704,1.6353588274212735e-08
Serpina3n_Cuprizone_snRNA_mouse,Idh2,TCA cycle,0.06073076443446814,0.18617021276595744,0.0,0.05990511178970337,0.09520597755908966,3.06550089562672,0.07093355711877929,5.974407305801053e-09
Serpina3n_Cuprizone_snRNA_mouse,Idh3a,TCA cycle,0.0877914951989026,0.13829787234042554,0.0851063829787234,0.0951671227812767,0.0809009000658989,1.5752992021276597,0.022300068851507465,0.02627925990408137
Serpina3n_Cuprizone_snRNA_mouse,Ogdh,TCA cycle,0.40179573512906847,0.601063829787234,0.3829787234042553,0.5284551382064819,0.6499732136726379,1.4959437774872222,0.03152709933087328,6.720290916128154e-08
Serpina3n_Cuprizone_snRNA_mouse,Dlst,TCA cycle,0.20139668287816437,0.4308510638297872,0.19148936170212766,0.23479965329170227,0.3550509214401245,2.1393155918582436,0.06820746231189513,1.943323495241808e-12
Serpina3n_Cuprizone_snRNA_mouse,Sucla2,TCA cycle,0.20875420875420875,0.3617021276595745,0.10638297872340426,0.24705275893211365,0.267058789730072,1.7326698695950584,0.038132017563716,1.9986999936935107e-06
Serpina3n_Cuprizone_snRNA_mouse,Suclg1,TCA cycle,0.13742361890510038,0.30851063829787234,0.06382978723404255,0.15414533019065857,0.20933152735233307,2.244960806270997,0.06135864123519235,3.6200374914318443e-09
Serpina3n_Cuprizone_snRNA_mouse,Sdha,TCA cycle,0.24890884150143408,0.4627659574468085,0.23404255319148937,0.30112218856811523,0.44176098704338074,1.859178463309598,0.05842903650788786,4.461112825136985e-10
Serpina3n_Cuprizone_snRNA_mouse,Sdhb,TCA cycle,0.09228083302157376,0.2074468085106383,0.0851063829787234,0.09668336063623428,0.1431644856929779,2.247994537090282,0.05311698154402292,3.1632255361681377e-06
Serpina3n_Cuprizone_snRNA_mouse,Fh1,TCA cycle,0.04801097393689986,0.13829787234042554,0.02127659574468085,0.0506272129714489,0.0646871030330658,2.8805471124620063,0.057679254280064485,2.0888486097323047e-06
Serpina3n_Cuprizone_snRNA_mouse,Mdh1,TCA cycle,0.12320738246664173,0.19148936170212766,0.0425531914893617,0.13715699315071106,0.1157083511352539,1.5542036351106898,0.023566688475030045,0.007244225298390772
Serpina3n_Cuprizone_snRNA_mouse,Mdh2,TCA cycle,0.10026187803965582,0.18617021276595744,0.02127659574468085,0.1105046421289444,0.10130763798952103,1.8568394728485231,0.03528354222875844,0.0003691204297513583
Serpina3n_Cuprizone_snRNA_mouse,Got1,Anaplerosis / amino acids,0.12682379349046016,0.2074468085106383,0.0425531914893617,0.1417406052350998,0.12347397208213806,1.6357089060440593,0.028162144772036057,0.0019557229398867292
Serpina3n_Cuprizone_snRNA_mouse,Got2,Anaplerosis / amino acids,0.13592717296421,0.2765957446808511,0.2127659574468085,0.1518200933933258,0.20216290652751923,2.0348819051337106,0.052012999787560625,5.585151040034686e-07
Serpina3n_Cuprizone_snRNA_mouse,Glud1,Anaplerosis / amino acids,0.2823294675146527,0.5159574468085106,0.2765957446808511,0.3547767102718353,0.5782585740089417,1.8275012217126532,0.06538532483158085,2.9142351044600805e-11
Serpina3n_Cuprizone_snRNA_mouse,Gls,Anaplerosis / amino acids,0.8204264870931538,0.8351063829787234,0.6170212765957447,1.4653167724609375,1.3733552694320679,1.0178930057921238,-0.02355792607093857,0.7002575833714638
Serpina3n_Cuprizone_snRNA_mouse,Glul,Anaplerosis / amino acids,0.231076194039157,0.5372340425531915,0.3617021276595745,0.30215585231781006,0.6663411855697632,2.324921633693493,0.10194662563784355,4.3190375653608203e-19
Serpina3n_Cuprizone_snRNA_mouse,Idh1,Anaplerosis / amino acids,0.05025564284823544,0.20212765957446807,0.0425531914893617,0.05090278014540672,0.12203654646873474,4.021989335304366,0.09610718372473324,6.31382610104502e-13
Serpina3n_Cuprizone_snRNA_mouse,Slc25a1,Anaplerosis / amino acids,0.013966828781643596,0.06914893617021277,0.0425531914893617,0.013625718653202057,0.037985049188137054,4.950940349544073,0.06600961862857761,5.13175791756249e-06
Serpina3n_Cuprizone_snRNA_mouse,Slc25a11,Anaplerosis / amino acids,0.020326724030427734,0.10106382978723404,0.02127659574468085,0.018218575045466423,0.04762495309114456,4.971968411434538,0.07972301972729538,2.9159581426952482e-08
Serpina3n_Cuprizone_snRNA_mouse,Ndufa4,Oxidative phosphorylation,0.05287442324479361,0.2074468085106383,0.0851063829787234,0.055677369236946106,0.11541835218667984,3.9233866920915297,0.09479362849334871,6.126559277380955e-13
Serpina3n_Cuprizone_snRNA_mouse,Ndufs1,Oxidative phosphorylation,0.25289936401047514,0.39893617021276595,0.10638297872340426,0.30771273374557495,0.3310929238796234,1.577450270678585,0.029988071758282404,1.408918626092197e-05
Serpina3n_Cuprizone_snRNA_mouse,Ndufv1,Oxidative phosphorylation,0.050006235191420376,0.1702127659574468,0.02127659574468085,0.05318335071206093,0.06693890690803528,3.4038308484108875,0.07452548152242476,2.808758500924651e-09
Serpina3n_Cuprizone_snRNA_mouse,Ndufb8,Oxidative phosphorylation,0.023943135054246164,0.0851063829787234,0.02127659574468085,0.023225637152791023,0.037438664585351944,3.554521276595745,0.05603569410798617,2.100636194608094e-05
Serpina3n_Cuprizone_snRNA_mouse,Uqcrc1,Oxidative phosphorylation,0.07606933532859458,0.20212765957446807,0.02127659574468085,0.07982194423675537,0.09262474626302719,2.657150331356819,0.06240309761009646,4.68852087118457e-08
Serpina3n_Cuprizone_snRNA_mouse,Uqcrc2,Oxidative phosphorylation,0.186307519640853,0.34574468085106386,0.14893617021276595,0.21513107419013977,0.26290184259414673,1.855774160471674,0.04632647634954698,3.911582623946707e-07
Serpina3n_Cuprizone_snRNA_mouse,Uqcrfs1,Oxidative phosphorylation,0.016835016835016835,0.047872340425531915,0.0,0.016230234876275063,0.023262733593583107,2.8436170212765957,0.03411097980852932,0.005732734933124083
Serpina3n_Cuprizone_snRNA_mouse,Cycs,Oxidative phosphorylation,0.022321985284948248,0.03723404255319149,0.02127659574468085,0.023456187918782234,0.015847906470298767,1.6680435041007964,0.013962083256317245,0.20461876914071297
Serpina3n_Cuprizone_snRNA_mouse,Cox4i1,Oxidative phosphorylation,0.053996757700461404,0.19680851063829788,0.0851063829787234,0.0579514242708683,0.12968653440475464,3.6448208933221955,0.08758350815049148,2.0297669525720528e-11
Serpina3n_Cuprizone_snRNA_mouse,Cox5a,Oxidative phosphorylation,0.059733133807207885,0.1702127659574468,0.0425531914893617,0.062400538474321365,0.070804163813591,2.849553591258384,0.06253401940078794,1.4773499177276776e-07
Serpina3n_Cuprizone_snRNA_mouse,Cox6c,Oxidative phosphorylation,0.07669285447063225,0.2074468085106383,0.0425531914893617,0.08194616436958313,0.0994536355137825,2.7049039958484693,0.0649041563648265,1.8887464249034745e-08
Serpina3n_Cuprizone_snRNA_mouse,Cox7c,Oxidative phosphorylation,0.07270233196159122,0.19148936170212766,0.0425531914893617,0.07792167365550995,0.10538873076438904,2.6338819751103975,0.061201110572060395,1.4028509844549343e-07
Serpina3n_Cuprizone_snRNA_mouse,Atp5a1,Oxidative phosphorylation,0.13068961217109365,0.31382978723404253,0.10638297872340426,0.14304807782173157,0.21848171949386597,2.401336892967354,0.06962616106393676,1.4633343576964338e-10
Serpina3n_Cuprizone_snRNA_mouse,Atp5b,Oxidative phosphorylation,0.09714428232946752,0.2712765957446808,0.0851063829787234,0.10328108072280884,0.16883866488933563,2.792512222434654,0.07746829374674939,1.9639839248333324e-11
Serpina3n_Cuprizone_snRNA_mouse,Atp5o,Oxidative phosphorylation,0.0376605561790747,0.13829787234042554,0.0425531914893617,0.03910316526889801,0.07456684112548828,3.6722206566154716,0.07336272206131762,2.4872954942854938e-08
Serpina3n_Cuprizone_snRNA_mouse,Ppargc1a,Mitochondrial biogenesis / dynamics,0.3012844494325976,0.42021276595744683,0.19148936170212766,0.378602534532547,0.4110190272331238,1.3947376532337608,0.02378703832408203,0.0007108758224052779
Serpina3n_Cuprizone_snRNA_mouse,Tfam,Mitochondrial biogenesis / dynamics,0.050006235191420376,0.12234042553191489,0.0,0.051959406584501266,0.0407465435564518,2.4465034222953257,0.04433417549434086,0.00013873935374033203
Serpina3n_Cuprizone_snRNA_mouse,Nrf1,Mitochondrial biogenesis / dynamics,0.4156378600823045,0.6436170212765957,0.3404255319148936,0.5683102607727051,0.8195649981498718,1.548504318516958,0.05702106771347238,7.581838285023968e-10
Serpina3n_Cuprizone_snRNA_mouse,Opa1,Mitochondrial biogenesis / dynamics,0.34854720039905224,0.5372340425531915,0.3404255319148936,0.43970388174057007,0.5381578207015991,1.5413523389030566,0.03509550773137173,1.7767442549473713e-07
Serpina3n_Cuprizone_snRNA_mouse,Mfn2,Mitochondrial biogenesis / dynamics,0.10899114602818306,0.19680851063829788,0.0425531914893617,0.11790449172258377,0.11247868090867996,1.8057293441744975,0.0350692725504936,0.0005550075880094697
Serpina3n_Cuprizone_snRNA_mouse,Dnm1l,Mitochondrial biogenesis / dynamics,0.4435715176455917,0.526595744680851,0.2127659574468085,0.588133692741394,0.5265910625457764,1.1871721328635774,-0.006656637946516459,0.025839410473839575
Serpina3n_Cuprizone_snRNA_mouse,Pink1,Mitochondrial biogenesis / dynamics,0.06721536351165981,0.15425531914893617,0.0425531914893617,0.07047872990369797,0.08832629024982452,2.294941380807642,0.04694963089648895,5.2249721970529185e-05
Serpina3n_Cuprizone_snRNA_mouse,Prkn,Mitochondrial biogenesis / dynamics,0.9037286444693852,0.9148936170212766,0.6808510638297872,1.9072853326797485,1.9394396543502808,1.0123543417819258,0.0049075709113820445,0.7073002358386473
Serpina3n_Cuprizone_snRNA_mouse,Cd36,Fatty acid uptake / activation,0.0046140416510786885,0.02127659574468085,0.0,0.004479619208723307,0.00983553659170866,4.611270845313398,0.03439705801993894,0.013946815481794545
Serpina3n_Cuprizone_snRNA_mouse,Slc27a1,Fatty acid uptake / activation,0.14315999501184687,0.4095744680851064,0.1702127659574468,0.16186733543872833,0.39635011553764343,2.8609561494551117,0.10373945536149888,1.7258417320918985e-18
Serpina3n_Cuprizone_snRNA_mouse,Fabp5,Fatty acid uptake / activation,0.027559546078064597,0.1276595744680851,0.0425531914893617,0.028064817190170288,0.08129473775625229,4.6321363242514675,0.08536560423459003,1.4057608572830283e-09
Serpina3n_Cuprizone_snRNA_mouse,Fabp7,Fatty acid uptake / activation,0.0064845990771916695,0.03723404255319149,0.02127659574468085,0.005597132723778486,0.021534640341997147,5.741918985270049,0.05356926976480737,0.0003688994819585537
Serpina3n_Cuprizone_snRNA_mouse,Acsl1,Fatty acid uptake / activation,0.18805337323855842,0.2978723404255319,0.10638297872340426,0.21891120076179504,0.21956735849380493,1.583977651108979,0.028869273324078938,0.00032499044972592484
Serpina3n_Cuprizone_snRNA_mouse,Acsl3,Fatty acid uptake / activation,0.3334580371617409,0.5585106382978723,0.2553191489361702,0.4381473660469055,0.7212733626365662,1.6749053135791465,0.06650522262375347,5.940882697216286e-10
Serpina3n_Cuprizone_snRNA_mouse,Acsl6,Fatty acid uptake / activation,0.25339817932410524,0.425531914893617,0.10638297872340426,0.3065894544124603,0.3560463786125183,1.6793013905176748,0.03903849979677317,4.4937748567696255e-07
Serpina3n_Cuprizone_snRNA_mouse,Acsbg1,Fatty acid uptake / activation,0.06497069460032423,0.2978723404255319,0.1276595744680851,0.07491941750049591,0.2632942497730255,4.584718422019847,0.13097708016123027,1.2665803676091886e-21
Serpina3n_Cuprizone_snRNA_mouse,Cpt1a,Fatty acid beta-oxidation,0.031051253273475497,0.18617021276595744,0.0425531914893617,0.030032087117433548,0.11358480155467987,5.995578056908484,0.12310668495431736,1.1311167805645432e-16
Serpina3n_Cuprizone_snRNA_mouse,Cpt1c,Fatty acid beta-oxidation,0.15114104002992892,0.21808510638297873,0.0851063829787234,0.1719239503145218,0.12600906193256378,1.4429244786180746,0.01762452256351407,0.017718511959300496
Serpina3n_Cuprizone_snRNA_mouse,Cpt2,Fatty acid beta-oxidation,0.008978675645342313,0.0425531914893617,0.0,0.006802174728363752,0.014593775384128094,4.739361702127659,0.049841523465862084,0.00046266302263931304
Serpina3n_Cuprizone_snRNA_mouse,Slc25a20,Fatty acid beta-oxidation,0.0306771417882529,0.12234042553191489,0.0,0.0300911758095026,0.05659149959683418,3.9879994810586403,0.0735693433051495,4.2695380664834256e-08
Serpina3n_Cuprizone_snRNA_mouse,Acadm,Fatty acid beta-oxidation,0.054620276842499066,0.19148936170212766,0.02127659574468085,0.05601413920521736,0.11366736888885498,3.5058292043136112,0.08289360294964648,1.1099600057397005e-10
Serpina3n_Cuprizone_snRNA_mouse,Acadl,Fatty acid beta-oxidation,0.04763686245167727,0.17553191489361702,0.0425531914893617,0.050298310816287994,0.09331926703453064,3.684791689874123,0.0823626164317202,2.2771502140453697e-10
Serpina3n_Cuprizone_snRNA_mouse,Acadvl,Fatty acid beta-oxidation,0.021573762314503055,0.05851063829787234,0.0425531914893617,0.02131190337240696,0.032756805419921875,2.712120280408314,0.036089494366103966,0.0032955874531909652
Serpina3n_Cuprizone_snRNA_mouse,Acads,Fatty acid beta-oxidation,0.0074822297044519264,0.031914893617021274,0.0,0.007059487979859114,0.009590476751327515,4.265425531914893,0.03980022252348235,0.0038770482968458896
Serpina3n_Cuprizone_snRNA_mouse,Hadha,Fatty acid beta-oxidation,0.16298790372864447,0.2765957446808511,0.10638297872340426,0.1892966628074646,0.20976059138774872,1.6970323462859562,0.035611242330486285,9.638667194205824e-05
Serpina3n_Cuprizone_snRNA_mouse,Hadhb,Fatty acid beta-oxidation,0.10924055368499813,0.26063829787234044,0.14893617021276595,0.1185934767127037,0.1980542540550232,2.385911541824541,0.06484951228847727,1.2631451843087707e-08
Serpina3n_Cuprizone_snRNA_mouse,Echs1,Fatty acid beta-oxidation,0.04938271604938271,0.15425531914893617,0.02127659574468085,0.04928940534591675,0.08017702400684357,3.1236702127659575,0.06653735438539538,9.986343659103691e-08
Serpina3n_Cuprizone_snRNA_mouse,Acaa2,Fatty acid beta-oxidation,0.01483975558049632,0.026595744680851064,0.0,0.014144163578748703,0.00890470203012228,1.7921956016449134,0.01349382074237815,0.21037336233038928
Serpina3n_Cuprizone_snRNA_mouse,Decr1,Fatty acid beta-oxidation,0.025813692480359147,0.10106382978723404,0.0,0.024305958300828934,0.047041650861501694,3.9151248843663273,0.06615199266552545,8.991592702539202e-07
Serpina3n_Cuprizone_snRNA_mouse,Eci1,Fatty acid beta-oxidation,0.025564284823544083,0.11170212765957446,0.02127659574468085,0.026115478947758675,0.04758206754922867,4.369460300985988,0.0759613551144568,4.1198390281590725e-08
Serpina3n_Cuprizone_snRNA_mouse,Acox1,Fatty acid beta-oxidation,0.1910462651203392,0.3882978723404255,0.10638297872340426,0.2243724912405014,0.3145430088043213,2.032480834398089,0.05857157891004015,5.913887593954683e-10
Serpina3n_Cuprizone_snRNA_mouse,Ehhadh,Fatty acid beta-oxidation,0.019204389574759947,0.11170212765957446,0.02127659574468085,0.019123533740639687,0.05748763307929039,5.816489361702127,0.09339255413513975,3.9527824689562876e-10
Serpina3n_Cuprizone_snRNA_mouse,Acly,Lipid synthesis,0.1122334455667789,0.2872340425531915,0.14893617021276595,0.12039020657539368,0.19620294868946075,2.5592553191489364,0.07242731477690123,1.6122123634830017e-10
Serpina3n_Cuprizone_snRNA_mouse,Acaca,Lipid synthesis,0.6353660057363761,0.7659574468085106,0.46808510638297873,0.9723610877990723,1.1915788650512695,1.205537343661913,0.04072366589299179,0.0002093127435942846
Serpina3n_Cuprizone_snRNA_mouse,Fasn,Lipid synthesis,0.04489337822671156,0.15425531914893617,0.0,0.04671815410256386,0.07820400595664978,3.4360372340425536,0.07244060273117016,1.417334131649763e-08
Serpina3n_Cuprizone_snRNA_mouse,Elovl1,Lipid synthesis,0.024317246539468762,0.09042553191489362,0.0,0.023813452571630478,0.03871583193540573,3.7185761047463175,0.05975007105082056,6.602439554688571e-06
Serpina3n_Cuprizone_snRNA_mouse,Elovl5,Lipid synthesis,0.19403915700211996,0.3882978723404255,0.1702127659574468,0.23216819763183594,0.33252444863319397,2.001131515615599,0.05898381352356616,1.3269643192671895e-09
Serpina3n_Cuprizone_snRNA_mouse,Elovl6,Lipid synthesis,0.3899488714303529,0.4787234042553192,0.1276595744680851,0.5128335356712341,0.4830012917518616,1.227656852805694,0.0011684149910976918,0.015469327681964625
Serpina3n_Cuprizone_snRNA_mouse,Scd1,Lipid synthesis,0.025190173338321485,0.11170212765957446,0.02127659574468085,0.028174269944429398,0.05234244465827942,4.434353275753107,0.07654483311279295,3.2598378089371564e-08
Serpina3n_Cuprizone_snRNA_mouse,Scd2,Lipid synthesis,0.35366005736376105,0.6223404255319149,0.46808510638297873,0.4954394996166229,0.7777771353721619,1.7597136362272305,0.06847672106557852,2.2675155799855216e-13
Serpina3n_Cuprizone_snRNA_mouse,Srebf1,Lipid synthesis,0.051627384960718295,0.25,0.1276595744680851,0.05581752955913544,0.181743785738945,4.842391304347826,0.12421138325018255,6.733099141610118e-19
Serpina3n_Cuprizone_snRNA_mouse,Mlxipl,Lipid synthesis,0.01870557426112982,0.1702127659574468,0.02127659574468085,0.014823799021542072,0.10358740389347076,9.099574468085105,0.15125019478896792,5.588963215909953e-20
Serpina3n_Cuprizone_snRNA_mouse,Hmgcs1,Cholesterol synthesis,0.130066093029056,0.21808510638297873,0.0851063829787234,0.14742906391620636,0.1651526242494583,1.6767252810020195,0.03233673702856725,0.0009746636982244814
Serpina3n_Cuprizone_snRNA_mouse,Hmgcr,Cholesterol synthesis,0.16872427983539096,0.25,0.02127659574468085,0.19547465443611145,0.1583528071641922,1.4817073170731707,0.020439000860825524,0.0057343623336541475
Serpina3n_Cuprizone_snRNA_mouse,Mvk,Cholesterol synthesis,0.021573762314503055,0.05319148936170213,0.0,0.021076366305351257,0.043906647711992264,2.4655638912802855,0.03146416811754379,0.009258028632549277
Serpina3n_Cuprizone_snRNA_mouse,Fdps,Cholesterol synthesis,0.027185434592842,0.11702127659574468,0.0425531914893617,0.02716704271733761,0.053061049431562424,4.304557876244388,0.07677919112139453,2.4510708114835387e-08
Serpina3n_Cuprizone_snRNA_mouse,Fdft1,Cholesterol synthesis,0.15513156253896995,0.30851063829787234,0.10638297872340426,0.17708544433116913,0.22250473499298096,1.9887032222754326,0.0507850513512714,2.501113758576173e-07
Serpina3n_Cuprizone_snRNA_mouse,Sqle,Cholesterol synthesis,0.06222721037535852,0.10106382978723404,0.02127659574468085,0.06933987885713577,0.05634705722332001,1.6241099219716029,0.020755117113668967,0.04614877092867534
Serpina3n_Cuprizone_snRNA_mouse,Lss,Cholesterol synthesis,0.0578625763810949,0.13829787234042554,0.0425531914893617,0.061043500900268555,0.0820477306842804,2.390109134262656,0.04700817058615704,5.597206228292986e-05
Serpina3n_Cuprizone_snRNA_mouse,Cyp51,Cholesterol synthesis,0.13131313131313133,0.2393617021276596,0.10638297872340426,0.14778707921504974,0.18044765293598175,1.8228314238952537,0.04088615300975603,7.604214637381093e-05
Serpina3n_Cuprizone_snRNA_mouse,Dhcr24,Cholesterol synthesis,0.08866442199775533,0.11702127659574468,0.0425531914893617,0.09871145337820053,0.05253853648900986,1.3198222461621332,0.010369722051134744,0.19388483562925896
Serpina3n_Cuprizone_snRNA_mouse,Dhcr7,Cholesterol synthesis,0.04726275096645467,0.10106382978723404,0.0,0.04925508797168732,0.04063395783305168,2.1383399764217144,0.0338551304531735,0.0027199394243518672
Serpina3n_Cuprizone_snRNA_mouse,Srebf2,Cholesterol synthesis,0.27584486843746103,0.4946808510638298,0.14893617021276595,0.33428338170051575,0.4386475682258606,1.7933299026586127,0.05211423617314613,3.622432644250507e-10
Serpina3n_Cuprizone_snRNA_mouse,Insig1,Cholesterol synthesis,0.06497069460032423,0.17553191489361702,0.1276595744680851,0.07163208723068237,0.12198925763368607,2.7017090701188384,0.061621140098686626,2.9526253978942233e-07
Serpina3n_Cuprizone_snRNA_mouse,Ldlr,Cholesterol / lipid transport,0.06783888265369747,0.16489361702127658,0.0425531914893617,0.0743548572063446,0.08682380616664886,2.4306652847309134,0.05140131387795962,6.868272830180802e-06
Serpina3n_Cuprizone_snRNA_mouse,Abca1,Cholesterol / lipid transport,0.279585983289687,0.6117021276595744,0.44680851063829785,0.4283641576766968,0.917791485786438,2.187885531535293,0.1067652727774454,1.0377403290211736e-20
Serpina3n_Cuprizone_snRNA_mouse,Abca2,Cholesterol / lipid transport,0.18356403541588726,0.3723404255319149,0.14893617021276595,0.2224668562412262,0.31594163179397583,2.0283952937095284,0.0588609328868622,1.982523057221245e-09
Serpina3n_Cuprizone_snRNA_mouse,Abcg1,Cholesterol / lipid transport,0.1941638608305275,0.46808510638297873,0.2127659574468085,0.23719249665737152,0.42074429988861084,2.410773582585168,0.08689170202153663,7.406524701949374e-17
Serpina3n_Cuprizone_snRNA_mouse,Apoe,Cholesterol / lipid transport,0.11273226088040902,0.4946808510638298,0.3617021276595745,0.14412330090999603,0.643866777420044,4.388103699868198,0.17313492716251774,4.697617689165295e-37
Serpina3n_Cuprizone_snRNA_mouse,Apod,Cholesterol / lipid transport,0.20838009726898615,0.48404255319148937,0.3829787234042553,0.3201467990875244,0.7138643264770508,2.322882845028458,0.0959540577067122,1.3111212188597314e-16
Serpina3n_Cuprizone_snRNA_mouse,Lpl,Cholesterol / lipid transport,0.019703204888390075,0.09574468085106383,0.0425531914893617,0.02112802118062973,0.07418889552354813,4.859345542687853,0.07691256765470444,9.464513823711475e-08
Serpina3n_Cuprizone_snRNA_mouse,Nr1h2,Cholesterol / lipid transport,0.03179947624392069,0.10638297872340426,0.0,0.03216347470879555,0.04179168492555618,3.3454317897371713,0.058657536819651024,4.409102561083612e-06
Serpina3n_Cuprizone_snRNA_mouse,Nr1h3,Cholesterol / lipid transport,0.004863449307893753,0.0425531914893617,0.02127659574468085,0.003927005920559168,0.0184299536049366,8.749590834697218,0.07354983754364144,9.559671312450668e-06
Serpina3n_Cuprizone_snRNA_mouse,Plin2,Cholesterol / lipid transport,0.007357525876044394,0.10106382978723404,0.02127659574468085,0.004875119775533676,0.0497405081987381,13.736116119725928,0.14225090172375912,5.733469449325857e-15
Serpina3n_Cuprizone_snRNA_mouse,Plin3,Cholesterol / lipid transport,0.022945504426985907,0.10106382978723404,0.02127659574468085,0.024041639640927315,0.04354735091328621,4.404515494912118,0.07228240771011457,1.6928072599086526e-07
Serpina3n_Cuprizone_snRNA_mouse,Plin4,Cholesterol / lipid transport,0.014590347923681257,0.0797872340425532,0.0425531914893617,0.016458580270409584,0.04006980359554291,5.468494271685762,0.07555608984064419,2.9624337550802085e-07
Serpina3n_Cuprizone_snRNA_mouse,Ugt8a,Myelin lipid synthesis,0.35827409901483975,0.5797872340425532,0.425531914893617,0.5417324304580688,0.83964604139328,1.6182783953314424,0.06309363569321483,1.2244499109421201e-09
Serpina3n_Cuprizone_snRNA_mouse,Gal3st1,Myelin lipid synthesis,0.08604564160119715,0.2712765957446808,0.0851063829787234,0.09591908752918243,0.20236128568649292,3.152705827937095,0.08978825752034283,2.493690445163457e-13
Serpina3n_Cuprizone_snRNA_mouse,Cers2,Myelin lipid synthesis,0.06933532859458785,0.23404255319148937,0.0851063829787234,0.07643887400627136,0.1446252316236496,3.3755166079902037,0.08808378052220063,1.9470481204409702e-12
Serpina3n_Cuprizone_snRNA_mouse,Sptlc1,Myelin lipid synthesis,0.16947250280583614,0.3404255319148936,0.0425531914893617,0.19404545426368713,0.24560295045375824,2.008736085670001,0.053376778412857456,2.3562768243431515e-08
Serpina3n_Cuprizone_snRNA_mouse,Pigt,Myelin lipid synthesis,0.04227459783015339,0.12234042553191489,0.02127659574468085,0.04303659871220589,0.044392652809619904,2.893946526077951,0.05428748135035661,7.974609420382294e-06
Serpina3n_Cuprizone_snRNA_mouse,Fa2h,Myelin lipid synthesis,0.26549445067963584,0.5425531914893617,0.3191489361702128,0.39029136300086975,0.6929517984390259,2.0435575587379953,0.08127279050575606,2.874580740654208e-15
Serpina3n_Cuprizone_snRNA_mouse,Hif1a,Nutrient sensing / regulators,0.2011472752213493,0.40425531914893614,0.1702127659574468,0.23607605695724487,0.3405989706516266,2.009747925762752,0.06070081447950333,3.662348147234251e-10
Serpina3n_Cuprizone_snRNA_mouse,Epas1,Nutrient sensing / regulators,0.06310013717421124,0.24468085106382978,0.02127659574468085,0.0683962032198906,0.16134673357009888,3.8776595744680855,0.10145909475809368,4.660299617617223e-15
Serpina3n_Cuprizone_snRNA_mouse,Prkaa1,Nutrient sensing / regulators,0.1017583239805462,0.2712765957446808,0.0425531914893617,0.11121208965778351,0.17012985050678253,2.6658909574468086,0.07296626372014511,9.902089603042336e-11
Serpina3n_Cuprizone_snRNA_mouse,Prkaa2,Nutrient sensing / regulators,0.3330839256765183,0.4521276595744681,0.1702127659574468,0.41957998275756836,0.4069191813468933,1.3573986155476074,0.013534969539984464,0.000978438891903973
Serpina3n_Cuprizone_snRNA_mouse,Mtor,Nutrient sensing / regulators,0.2628756702830777,0.4574468085106383,0.14893617021276595,0.3182234764099121,0.3838310241699219,1.7401641164358674,0.04352643273619534,1.483100976284027e-08
Serpina3n_Cuprizone_snRNA_mouse,Rptor,Nutrient sensing / regulators,0.47636862451677264,0.6436170212765957,0.3617021276595745,0.6553249359130859,0.8238440155982971,1.3510902862871783,0.032209867859975747,5.7668646084427265e-06
Serpina3n_Cuprizone_snRNA_mouse,Tsc2,Nutrient sensing / regulators,0.09951365506921063,0.20212765957446807,0.10638297872340426,0.10687747597694397,0.12249495089054108,2.031155015197568,0.0445577627389871,3.974763003735417e-05
Serpina3n_Cuprizone_snRNA_mouse,Ddit4,Nutrient sensing / regulators,0.020326724030427734,0.09574468085106383,0.02127659574468085,0.020817775279283524,0.05772610753774643,4.7102858634643,0.07491921176925931,1.4546997585206716e-07
Serpina3n_Cuprizone_snRNA_mouse,Txnip,Nutrient sensing / regulators,0.04576630502556429,0.18617021276595744,0.10638297872340426,0.06286535412073135,0.1303904503583908,4.067844512725375,0.09291115163018562,4.470720957386065e-12
Serpina3n_Cuprizone_snRNA_mouse,Sirt1,Nutrient sensing / regulators,0.1274473126324978,0.31382978723404253,0.0851063829787234,0.1456458866596222,0.2102378010749817,2.4624276554107505,0.07060071880468961,4.482356175884384e-11
Serpina3n_Cuprizone_snRNA_mouse,Sirt3,Nutrient sensing / regulators,0.07083177453547825,0.21808510638297873,0.0425531914893617,0.07305656373500824,0.10295090824365616,3.0789163170512435,0.0767430488508727,1.9460942818051316e-10
Serpina3n_Cuprizone_snRNA_mouse,Ppara,Nutrient sensing / regulators,0.03017832647462277,0.15425531914893617,0.02127659574468085,0.03180781379342079,0.07606939226388931,5.111460348162476,0.09958858415652502,2.449447489426658e-12
Serpina3n_Cuprizone_snRNA_mouse,Ppard,Nutrient sensing / regulators,0.14004239930165857,0.39361702127659576,0.23404255319148937,0.16041478514671326,0.3339386582374573,2.8106989257497963,0.09677879473774968,3.074270338706646e-17
Serpina3n_Cuprizone_snRNA_mouse,Pparg,Nutrient sensing / regulators,0.1833146277590722,0.2127659574468085,0.0851063829787234,0.22221742570400238,0.15250563621520996,1.1606600086843248,0.0019105199362443872,0.29569599925061174
Serpina3n_Cuprizone_snRNA_mouse,Nfe2l2,Nutrient sensing / regulators,0.06060606060606061,0.30319148936170215,0.14893617021276595,0.06487572193145752,0.25659841299057007,5.002659574468085,0.14162970432310226,9.385573604734241e-24
Serpina3n_Cuprizone_snRNA_mouse,Serpina3n,context,0.009602194787379973,0.07446808510638298,0.0425531914893617,0.01008656993508339,0.035009950399398804,7.755319148936169,0.0908626127627821,1.5406089480859576e-08
Ximerakis2019_aging_brain_scRNA,Hmgcs2,Ketone body synthesis,0.002197802197802198,0.0010422094841063053,0.0,0.004121864214539528,0.001745325163938105,0.4742053152683689,-0.00919566207151932,0.4126144242577998
Ximerakis2019_aging_brain_scRNA,Hmgcl,Ketone body synthesis,0.2688963210702341,0.3163105784262637,0.20833333333333334,0.5124080777168274,0.5673015117645264,1.1763291411623489,0.020100446408660474,2.4108184546019048e-05
Ximerakis2019_aging_brain_scRNA,Bdh1,Ketone body synthesis,0.04882943143812709,0.03751954142782699,0.020833333333333332,0.0873669907450676,0.06378677487373352,0.7683796497890597,-0.02304102563838722,0.030118055861007596
Ximerakis2019_aging_brain_scRNA,Bdh2,Ketone body synthesis,0.0011466794075489727,0.0020844189682126106,0.0020833333333333333,0.002157011069357395,0.0037259033415466547,1.817787041862081,0.010313992705062875,0.29507963097867534
Ximerakis2019_aging_brain_scRNA,Oxct1,Ketone body utilisation,0.21844242713807932,0.2636789994788953,0.1625,0.41659101843833923,0.4762970507144928,1.2070869333099907,0.02463386053603399,1.8484242297104155e-05
Ximerakis2019_aging_brain_scRNA,Acat1,Ketone body utilisation,0.20869565217391303,0.2642001042209484,0.15416666666666667,0.38887855410575867,0.46018850803375244,1.265958832725378,0.030561252468333744,1.1180303623654787e-07
Ximerakis2019_aging_brain_scRNA,Acat2,Ketone body utilisation,0.1177257525083612,0.13392391870766024,0.08125,0.21480754017829895,0.22923815250396729,1.1375923776588186,0.010846445077675588,0.047096831752624024
Ximerakis2019_aging_brain_scRNA,Acss1,Ketone body utilisation,0.0077400860009555665,0.006774361646690985,0.0020833333333333333,0.013930526562035084,0.010733048431575298,0.8752307979335945,-0.00626235244847839,0.7749200816334947
Ximerakis2019_aging_brain_scRNA,Acss2,Ketone body utilisation,0.08523650262780698,0.09900990099009901,0.07708333333333334,0.1538684070110321,0.1653398871421814,1.1615903742840652,0.009796849684226294,0.0529381516890942
Ximerakis2019_aging_brain_scRNA,Hcar2,Ketone / SCFA receptors,0.0,0.0,0.0,0.0,0.0,,,1.0
Ximerakis2019_aging_brain_scRNA,Slc16a1,Monocarboxylate transporters,0.16808408982322026,0.1730067743616467,0.09583333333333334,0.31647956371307373,0.3111106753349304,1.0292870345051919,-0.0037326785515239672,0.5959619912865852
Ximerakis2019_aging_brain_scRNA,Slc16a7,Monocarboxylate transporters,0.023698041089345437,0.034392912975508075,0.020833333333333332,0.04311525821685791,0.058585673570632935,1.451297718906016,0.021439395728182358,0.00890713242763733
Ximerakis2019_aging_brain_scRNA,Slc16a3,Monocarboxylate transporters,0.017582417582417582,0.02136529442417926,0.022916666666666665,0.031866200268268585,0.037060726433992386,1.2151511203751955,0.009698532701451646,0.2640637505089129
Ximerakis2019_aging_brain_scRNA,Slc16a6,Monocarboxylate transporters,0.013569039655996177,0.011985409067222511,0.00625,0.024515891447663307,0.019568469375371933,0.8832908865386168,-0.006891822287349661,0.6649137570782614
Ximerakis2019_aging_brain_scRNA,Bsg,Monocarboxylate transporters,0.5808886765408504,0.6300156331422616,0.46875,1.199263334274292,1.235988736152649,1.0845720679114605,-0.015524754340842498,5.977194135810694e-05
Ximerakis2019_aging_brain_scRNA,Slc2a1,Glucose transporters,0.21347348303870042,0.24596143824908806,0.17708333333333334,0.40395858883857727,0.4347131848335266,1.1521873103297702,0.013350563525839382,0.0017716042039673864
Ximerakis2019_aging_brain_scRNA,Slc2a3,Glucose transporters,0.0042044911610129,0.0026055237102657635,0.0020833333333333333,0.007750624790787697,0.005037382245063782,0.6197001279075276,-0.00915689723352348,0.4273090918159039
Ximerakis2019_aging_brain_scRNA,Slc2a4,Glucose transporters,0.0,0.0,0.0,0.0,0.0,,,1.0
Ximerakis2019_aging_brain_scRNA,Slc2a8,Glucose transporters,0.0698518872431916,0.08441896821261073,0.06458333333333334,0.12881368398666382,0.14305506646633148,1.2085424108686338,0.01541776157461027,0.02710634309771614
Ximerakis2019_aging_brain_scRNA,Hk1,Glycolysis,0.04300047778308648,0.05263157894736842,0.041666666666666664,0.0781366378068924,0.08956694602966309,1.2239766081871344,0.013311965665567353,0.06198417915109873
Ximerakis2019_aging_brain_scRNA,Hk2,Glycolysis,0.001815575728619207,0.001563314226159458,0.0,0.0031607348937541246,0.002433387329801917,0.8610570198294067,-0.0031376120187045775,1.0
Ximerakis2019_aging_brain_scRNA,Hk3,Glycolysis,0.00019111323459149545,0.0,0.0,0.0003651035367511213,0.0,0.0,-0.00541676994738117,1.0
Ximerakis2019_aging_brain_scRNA,Gpi1,Glycolysis,0.37190635451505016,0.4507556018759771,0.30833333333333335,0.7205218076705933,0.8296539783477783,1.2120137136773124,0.031030965859599514,9.983765599388003e-11
Ximerakis2019_aging_brain_scRNA,Pfkl,Glycolysis,0.04691829909221214,0.053673788431474724,0.025,0.08491773158311844,0.08925364166498184,1.1439841057747107,0.006953822603595089,0.20134866052659994
Ximerakis2019_aging_brain_scRNA,Pfkm,Glycolysis,0.022169135212613475,0.02136529442417926,0.008333333333333333,0.04060017317533493,0.0359157994389534,0.9637405437458446,-0.005052462300475245,0.9325607146173371
Ximerakis2019_aging_brain_scRNA,Pfkp,Glycolysis,0.018633540372670808,0.01771756122980719,0.020833333333333332,0.03430769965052605,0.031831394881010056,0.9508424526663192,-0.0022056440200846016,0.8539193495048707
Ximerakis2019_aging_brain_scRNA,Pfkfb2,Glycolysis,0.0084089823220258,0.011464304325169358,0.016666666666666666,0.015357203781604767,0.021342983469367027,1.3633402813965605,0.01286976232206565,0.186443748468163
Ximerakis2019_aging_brain_scRNA,Pfkfb3,Glycolysis,0.029335881509794555,0.02501302761855133,0.014583333333333334,0.05285688862204552,0.043206848204135895,0.8526427818506177,-0.011455965907363324,0.3332035774005173
Ximerakis2019_aging_brain_scRNA,Aldoa,Glycolysis,0.84089823220258,0.8910891089108911,0.7666666666666667,1.9370108842849731,2.018679618835449,1.0596872187218722,0.0027451948395303028,6.623351342682323e-09
Ximerakis2019_aging_brain_scRNA,Aldoc,Glycolysis,0.3623506927854754,0.3256904637832204,0.2604166666666667,0.7378005981445312,0.6184924244880676,0.8988266623131334,-0.046499141735164236,0.0020353460197731817
Ximerakis2019_aging_brain_scRNA,Tpi1,Glycolysis,0.27740086000955566,0.32985930171964567,0.26875,0.5401316285133362,0.6060968637466431,1.1891069901812235,0.026065701029815473,3.8096483285119784e-06
Ximerakis2019_aging_brain_scRNA,Gapdh,Glycolysis,0.578404204491161,0.6628452318916103,0.46041666666666664,1.2016193866729736,1.3468873500823975,1.145989650048852,0.027837538155639722,3.4758922011294486e-12
Ximerakis2019_aging_brain_scRNA,Pgk1,Glycolysis,0.04768275203057812,0.06774361646690985,0.04583333333333333,0.08798392862081528,0.11498643457889557,1.4207153232990213,0.02720062414438959,0.0003598190895743462
Ximerakis2019_aging_brain_scRNA,Pgam1,Glycolysis,0.4430004777830865,0.5158936946326211,0.38125,0.8679034113883972,0.9648765921592712,1.1645443300971485,0.021280789921674644,4.456166567470422e-09
Ximerakis2019_aging_brain_scRNA,Eno1,Glycolysis,0.18690874343048255,0.21625846795205836,0.16875,0.3508540987968445,0.3806283473968506,1.1570270281790853,0.015042405974258726,0.0030034688798851053
Ximerakis2019_aging_brain_scRNA,Eno2,Glycolysis,0.018060200668896322,0.021886399166232414,0.016666666666666666,0.03367657586932182,0.0374743677675724,1.211858027908054,0.008087817704533195,0.2701061106995378
Ximerakis2019_aging_brain_scRNA,Pkm,Glycolysis,0.4558050645007167,0.5044293903074518,0.36041666666666666,0.9054611921310425,0.950880765914917,1.1066778971839588,0.0008085068963087664,9.20283337137779e-05
Ximerakis2019_aging_brain_scRNA,Ldha,Glycolysis,0.10224558050645007,0.11776967170401251,0.09166666666666666,0.1971813291311264,0.21382999420166016,1.1518314153107392,0.013880548671662161,0.04256532750038669
Ximerakis2019_aging_brain_scRNA,Ldhb,Glycolysis,0.2930721452460583,0.3163105784262637,0.20208333333333334,0.5763145685195923,0.5961875915527344,1.0792925344737039,0.0003661760564824355,0.041498646850343594
Ximerakis2019_aging_brain_scRNA,Pdha1,Pyruvate fate,0.16865742952699475,0.19228764981761334,0.09375,0.3135140836238861,0.3329239785671234,1.1401077933945176,0.010876323541612743,0.012463441952192383
Ximerakis2019_aging_brain_scRNA,Pdhb,Pyruvate fate,0.1397037744863832,0.1485148514851485,0.125,0.2584517300128937,0.25938543677330017,1.063069713264076,0.002184758479786786,0.31786031828941397
Ximerakis2019_aging_brain_scRNA,Pdk1,Pyruvate fate,0.01175346392737697,0.018759770713913496,0.01875,0.019697126001119614,0.03190925344824791,1.5961056952935344,0.021680079734435052,0.015151435204400534
Ximerakis2019_aging_brain_scRNA,Pdk2,Pyruvate fate,0.0859053989488772,0.09900990099009901,0.04583333333333333,0.15287695825099945,0.16747383773326874,1.1525457328825208,0.009627660362984335,0.06550444541382894
Ximerakis2019_aging_brain_scRNA,Pdk3,Pyruvate fate,0.13339703774486383,0.16571130797290257,0.07916666666666666,0.23985831439495087,0.2804381847381592,1.2422412879200755,0.022035840053436857,0.000211153948972698
Ximerakis2019_aging_brain_scRNA,Pdk4,Pyruvate fate,0.011466794075489728,0.020323084940072955,0.010416666666666666,0.020597675815224648,0.0315033420920372,1.7723423658155288,0.024842867364100036,0.002721272499309543
Ximerakis2019_aging_brain_scRNA,Pdp1,Pyruvate fate,0.019493549928332538,0.028139656070870246,0.022916666666666665,0.03524715080857277,0.046399034559726715,1.4435367685375349,0.019635689549885014,0.018600929144441072
Ximerakis2019_aging_brain_scRNA,Mpc1,Pyruvate fate,0.8525561395126613,0.8853569567483064,0.7479166666666667,1.9515856504440308,1.9616061449050903,1.038473498360348,-0.04636633917106928,0.0001224946680572947
Ximerakis2019_aging_brain_scRNA,Mpc2,Pyruvate fate,0.5253702818920211,0.5935383011985409,0.4479166666666667,1.0531171560287476,1.1388684511184692,1.1297523321285432,0.011814004118511034,3.650526784383726e-08
Ximerakis2019_aging_brain_scRNA,Pcx,Pyruvate fate,0.08370759675107502,0.10369984366857739,0.05625,0.15249121189117432,0.17774997651576996,1.2388343196251852,0.018546246997666316,0.0054139795437667445
Ximerakis2019_aging_brain_scRNA,Pck2,Pyruvate fate,0.003440038222646918,0.003126628452318916,0.0020833333333333333,0.006567481905221939,0.005926088429987431,0.9088935209310405,-0.0022801464429977785,1.0
Ximerakis2019_aging_brain_scRNA,G6pdx,Pentose phosphate pathway,0.06994744386048733,0.0969254820218864,0.058333333333333334,0.12658464908599854,0.1628214567899704,1.385690122075193,0.029697298236848503,6.577381907004217e-05
Ximerakis2019_aging_brain_scRNA,Pgd,Pentose phosphate pathway,0.05819397993311037,0.07295466388744137,0.035416666666666666,0.10414740443229675,0.123574398458004,1.2536462357669524,0.017659314433595908,0.014307862676529096
Ximerakis2019_aging_brain_scRNA,Tkt,Pentose phosphate pathway,0.5831820353559484,0.6571130797290256,0.5208333333333334,1.1967533826828003,1.2979601621627808,1.1267718137578655,0.012654042159114599,1.053346985998247e-09
Ximerakis2019_aging_brain_scRNA,Taldo1,Pentose phosphate pathway,0.8906832298136645,0.948931735278791,0.8708333333333333,2.133164405822754,2.2247257232666016,1.065397554950386,-0.017250117432561378,5.693624644844838e-17
Ximerakis2019_aging_brain_scRNA,Gys1,Glycogen,0.00544672718585762,0.005732152162584679,0.00625,0.010137445293366909,0.010614851489663124,1.0524030242359417,0.0010616108631550877,0.8664293118953938
Ximerakis2019_aging_brain_scRNA,Pygb,Glycogen,0.035738174868609654,0.05211047420531527,0.035416666666666666,0.06525683403015137,0.0891478881239891,1.4581179480177118,0.027772821754352712,0.0009343323205908815
Ximerakis2019_aging_brain_scRNA,Gbe1,Glycogen,0.028380315336837075,0.03491401771756123,0.025,0.05225754156708717,0.05932264029979706,1.2302195131793883,0.0111278597778872,0.12259260471948544
Ximerakis2019_aging_brain_scRNA,Agl,Glycogen,0.043478260869565216,0.053673788431474724,0.029166666666666667,0.07915673404932022,0.08737143129110336,1.2344971339239186,0.013064479555395261,0.05514768358598935
Ximerakis2019_aging_brain_scRNA,Cs,TCA cycle,0.10339225991399904,0.12245961438249088,0.06041666666666667,0.18759062886238098,0.20741672813892365,1.1844176196975666,0.012613404272277435,0.013988834046775782
Ximerakis2019_aging_brain_scRNA,Aco2,TCA cycle,0.316674629718108,0.3470557582073997,0.24583333333333332,0.6114204525947571,0.6251251101493835,1.0959379932529987,0.00028089803314836645,0.009171834798661172
Ximerakis2019_aging_brain_scRNA,Idh2,TCA cycle,0.10559006211180125,0.1375716519020323,0.10416666666666667,0.1961461454629898,0.24035097658634186,1.3028844680133647,0.030970674197007154,6.20934759142914e-05
Ximerakis2019_aging_brain_scRNA,Idh3a,TCA cycle,0.19569995222169134,0.24075039082855654,0.14166666666666666,0.363273561000824,0.4209376275539398,1.2302015820414278,0.027289919272211388,9.800430517159572e-06
Ximerakis2019_aging_brain_scRNA,Ogdh,TCA cycle,0.157572861920688,0.17978113600833767,0.0875,0.2917719781398773,0.30982115864753723,1.1409397139643747,0.009386743752807812,0.016426337425568448
Ximerakis2019_aging_brain_scRNA,Dlst,TCA cycle,0.09288103201146679,0.11412193850964043,0.06458333333333334,0.17057816684246063,0.19519928097724915,1.228689389406777,0.01791350267389993,0.004736104445923287
Ximerakis2019_aging_brain_scRNA,Sucla2,TCA cycle,0.14457716196846632,0.1938509640437728,0.13541666666666666,0.26748332381248474,0.3365531861782074,1.3408131782670736,0.03937010869396563,7.943061990447228e-08
Ximerakis2019_aging_brain_scRNA,Suclg1,TCA cycle,0.2985188724319159,0.35539343408025015,0.23125,0.5659806132316589,0.63157719373703,1.190522499247701,0.02160357036262452,9.488818387215956e-07
Ximerakis2019_aging_brain_scRNA,Sdha,TCA cycle,0.4100334448160535,0.46169880145909326,0.32708333333333334,0.7994600534439087,0.857549250125885,1.1260027865927316,0.011287427365680452,2.611936149669955e-05
Ximerakis2019_aging_brain_scRNA,Sdhb,TCA cycle,0.430673674151935,0.4867118290776446,0.36666666666666664,0.8427606821060181,0.9045953750610352,1.1301174376076217,0.010385082653143774,5.893160985680735e-06
Ximerakis2019_aging_brain_scRNA,Fh1,TCA cycle,0.09326325848064979,0.12193850964043773,0.07083333333333333,0.17060716450214386,0.210337832570076,1.3074656796999804,0.027165289439310316,0.00016332443738894314
Ximerakis2019_aging_brain_scRNA,Mdh1,TCA cycle,0.43698041089345435,0.4966128191766545,0.36875,0.8576396703720093,0.9202820658683777,1.1364647174029499,0.00779520737851999,1.5942460408984282e-06
Ximerakis2019_aging_brain_scRNA,Mdh2,TCA cycle,0.46555183946488293,0.5377800937988536,0.375,0.9230316877365112,1.0180221796035767,1.155145460099549,0.019489958512025007,6.702867360535573e-09
Ximerakis2019_aging_brain_scRNA,Got1,Anaplerosis / amino acids,0.11887243191591018,0.1495570609692548,0.06041666666666667,0.2144872099161148,0.2526293992996216,1.258130741996183,0.02283243567731536,0.00024893961634288916
Ximerakis2019_aging_brain_scRNA,Got2,Anaplerosis / amino acids,0.17907310081223124,0.2068785825951016,0.1125,0.33141568303108215,0.3557031452655792,1.155274475377662,0.011948786134604795,0.004282600880388419
Ximerakis2019_aging_brain_scRNA,Glud1,Anaplerosis / amino acids,0.1877687529861443,0.21521625846795206,0.14583333333333334,0.35203778743743896,0.37695834040641785,1.1461771729603656,0.01351802786417577,0.005526051238193811
Ximerakis2019_aging_brain_scRNA,Gls,Anaplerosis / amino acids,0.03831820353559484,0.04898384575299635,0.041666666666666664,0.07077158242464066,0.0870186984539032,1.2783440045015133,0.017731562445549125,0.0310796807642698
Ximerakis2019_aging_brain_scRNA,Glul,Anaplerosis / amino acids,0.9655040611562351,0.9739447628973423,0.93125,2.618114948272705,2.5304996967315674,1.0087422747150323,-0.16135093277374438,0.061024374600448336
Ximerakis2019_aging_brain_scRNA,Idh1,Anaplerosis / amino acids,0.17448638318203535,0.18863991662324128,0.12916666666666668,0.3246162235736847,0.326244592666626,1.0811154038675903,0.002314949932969826,0.13439464576565743
Ximerakis2019_aging_brain_scRNA,Slc25a1,Anaplerosis / amino acids,0.10377448638318204,0.12298071912454403,0.075,0.1875043660402298,0.2025788277387619,1.185076635026108,0.012447934749346416,0.0141152086939011
Ximerakis2019_aging_brain_scRNA,Slc25a11,Anaplerosis / amino acids,0.23191591017677973,0.2584679520583637,0.15625,0.43295004963874817,0.45047545433044434,1.1144899539723017,0.005702741250248319,0.012918247366061453
Ximerakis2019_aging_brain_scRNA,Ndufa4,Oxidative phosphorylation,0.7485905398948878,0.7993746743095362,0.6625,1.6200796365737915,1.6628055572509766,1.0678396689621261,-0.026583671046846762,1.3340070651813984e-06
Ximerakis2019_aging_brain_scRNA,Ndufs1,Oxidative phosphorylation,0.1451505016722408,0.18968212610734758,0.15625,0.2731136977672577,0.3349641263484955,1.3067962144261964,0.03536341416615602,1.0514658228910144e-06
Ximerakis2019_aging_brain_scRNA,Ndufv1,Oxidative phosphorylation,0.3365504061156235,0.3965607087024492,0.2604166666666667,0.6432276368141174,0.7181158065795898,1.1783099990264427,0.019940897983011678,4.6312848564961524e-07
Ximerakis2019_aging_brain_scRNA,Ndufb8,Oxidative phosphorylation,0.6653607262302914,0.7186034392912976,0.59375,1.3876519203186035,1.4363207817077637,1.0800208232347306,-0.014868886044395586,4.028511305663039e-06
Ximerakis2019_aging_brain_scRNA,Uqcrc1,Oxidative phosphorylation,0.442427138079312,0.49504950495049505,0.34791666666666665,0.8674412369728088,0.9202671051025391,1.1189401877552765,0.0033261604242187876,2.195535216244103e-05
Ximerakis2019_aging_brain_scRNA,Uqcrc2,Oxidative phosphorylation,0.368944099378882,0.43564356435643564,0.33541666666666664,0.7114494442939758,0.8047297596931458,1.1807847451411808,0.027659555395918405,4.215261331959867e-08
Ximerakis2019_aging_brain_scRNA,Uqcrfs1,Oxidative phosphorylation,0.4254180602006689,0.48097967691505994,0.31666666666666665,0.8284640908241272,0.8900092840194702,1.130604743691847,0.009460452147878953,7.227849602567088e-06
Ximerakis2019_aging_brain_scRNA,Cycs,Oxidative phosphorylation,0.391304347826087,0.40802501302761857,0.2625,0.7633218169212341,0.7493047714233398,1.0427305888483585,-0.015462555219388913,0.17005161404167432
Ximerakis2019_aging_brain_scRNA,Cox4i1,Oxidative phosphorylation,0.9524128045867176,0.9718603439291298,0.925,2.368972063064575,2.3462836742401123,1.0204192333920281,-0.07936660857080081,8.628464655956095e-05
Ximerakis2019_aging_brain_scRNA,Cox5a,Oxidative phosphorylation,0.5114190157668419,0.5549765502866076,0.3958333333333333,1.0218126773834229,1.0598422288894653,1.0851699549232714,-0.0029144898083968153,0.00045747392277908916
Ximerakis2019_aging_brain_scRNA,Cox6c,Oxidative phosphorylation,0.9179168657429527,0.9437206878582595,0.8770833333333333,2.185138702392578,2.178708076477051,1.0281112844510394,-0.05762572629681403,6.705938293849363e-05
Ximerakis2019_aging_brain_scRNA,Cox7c,Oxidative phosphorylation,0.8989966555183947,0.9332985930171964,0.85625,2.111828565597534,2.1256110668182373,1.0381558010124319,-0.04552556927260005,1.1490286477069817e-06
Ximerakis2019_aging_brain_scRNA,Atp5a1,Oxidative phosphorylation,0.5709507883420927,0.6539864512767066,0.44375,1.1609023809432983,1.276911973953247,1.1454340104787841,0.016142407255137825,9.682092316001753e-12
Ximerakis2019_aging_brain_scRNA,Atp5b,Oxidative phosphorylation,0.7321548017200191,0.7962480458572173,0.6416666666666667,1.5773725509643555,1.6598325967788696,1.0875405638078541,-0.007662077023789323,2.003681567418975e-09
Ximerakis2019_aging_brain_scRNA,Atp5o,Oxidative phosphorylation,0.5887243191591017,0.6560708702449193,0.4895833333333333,1.1997524499893188,1.277368426322937,1.1143940362137772,0.001282677502835132,2.7935926090952448e-08
Ximerakis2019_aging_brain_scRNA,Ppargc1a,Mitochondrial biogenesis / dynamics,0.005828953655040612,0.005732152162584679,0.008333333333333333,0.011224430985748768,0.01123451441526413,0.9833929898598142,0.001188054931530171,1.0
Ximerakis2019_aging_brain_scRNA,Tfam,Mitochondrial biogenesis / dynamics,0.10272336359292882,0.11829077644606566,0.07291666666666667,0.19001838564872742,0.20138461887836456,1.151546953961002,0.01011260019040147,0.042950710151837664
Ximerakis2019_aging_brain_scRNA,Nrf1,Mitochondrial biogenesis / dynamics,0.04548494983277592,0.053152683689421575,0.0375,0.08366334438323975,0.08989274501800537,1.1685773840541949,0.009912379769395224,0.1414529282842086
Ximerakis2019_aging_brain_scRNA,Opa1,Mitochondrial biogenesis / dynamics,0.08256091734352604,0.0891089108910891,0.06666666666666667,0.15177354216575623,0.15239408612251282,1.0793110561056105,0.0026620494669707,0.34605522778774483
Ximerakis2019_aging_brain_scRNA,Mfn2,Mitochondrial biogenesis / dynamics,0.05188724319159102,0.07243355914538822,0.03958333333333333,0.0945933610200882,0.12064652144908905,1.3959801039714324,0.026328794434384194,0.0004787136640255957
Ximerakis2019_aging_brain_scRNA,Dnm1l,Mitochondrial biogenesis / dynamics,0.07415193502150023,0.10161542470036478,0.07708333333333334,0.13727818429470062,0.17612048983573914,1.3703678086202544,0.03150053383319125,6.86715445806456e-05
Ximerakis2019_aging_brain_scRNA,Pink1,Mitochondrial biogenesis / dynamics,0.39751552795031053,0.4559666492965086,0.32083333333333336,0.7842406034469604,0.8509486317634583,1.1470411021365294,0.013448120367843645,1.9793607686242697e-06
Ximerakis2019_aging_brain_scRNA,Cd36,Fatty acid uptake / activation,0.00019111323459149545,0.0005211047420531526,0.0020833333333333333,0.0004508753481786698,0.0008909578318707645,2.7266805627931214,0.009231705122941247,0.3965857347967556
Ximerakis2019_aging_brain_scRNA,Slc27a1,Fatty acid uptake / activation,0.11724796942188247,0.16102136529442418,0.12083333333333333,0.21877743303775787,0.28198274970054626,1.3733403323603497,0.03925770101909145,2.3026926260807334e-07
Ximerakis2019_aging_brain_scRNA,Fabp5,Fatty acid uptake / activation,0.7747730530339226,0.8071912454403335,0.6958333333333333,1.774596095085144,1.7811627388000488,1.0418421785314615,-0.03992912416802362,0.001490735910252846
Ximerakis2019_aging_brain_scRNA,Fabp7,Fatty acid uptake / activation,0.07806975633062589,0.0760812923397603,0.06041666666666667,0.1489965319633484,0.1362942010164261,0.9745296503495613,-0.005937341643565621,0.8166499764537437
Ximerakis2019_aging_brain_scRNA,Acsl1,Fatty acid uptake / activation,0.13301481127568085,0.17352787910369985,0.1,0.24547377228736877,0.30259937047958374,1.3045756140949847,0.03435841240784943,4.292910877091803e-06
Ximerakis2019_aging_brain_scRNA,Acsl3,Fatty acid uptake / activation,0.23860487338748207,0.2433559145388223,0.19791666666666666,0.46305304765701294,0.4408506453037262,1.019911752362345,-0.008082371921863684,0.6624836578008368
Ximerakis2019_aging_brain_scRNA,Acsl6,Fatty acid uptake / activation,0.022073578595317726,0.026576341844710787,0.022916666666666665,0.041843485087156296,0.04703213647007942,1.2039888199346251,0.0092724778051169,0.24327534866173328
Ximerakis2019_aging_brain_scRNA,Acsbg1,Fatty acid uptake / activation,0.053607262302914474,0.04116727462219906,0.027083333333333334,0.10302738845348358,0.07125405967235565,0.7679421192893283,-0.024273599369853485,0.02468992503636675
Ximerakis2019_aging_brain_scRNA,Cpt1a,Fatty acid beta-oxidation,0.01098901098901099,0.017196456487754037,0.00625,0.02058788761496544,0.026909738779067993,1.5648775403856172,0.017653778258739525,0.029058259241830673
Ximerakis2019_aging_brain_scRNA,Cpt1c,Fatty acid beta-oxidation,0.042044911610129,0.040125065138092754,0.029166666666666667,0.07550810277462006,0.0683685764670372,0.9543381969775925,-0.0053051417960197685,0.7562458608916147
Ximerakis2019_aging_brain_scRNA,Cpt2,Fatty acid beta-oxidation,0.04720496894409938,0.055237102657634186,0.029166666666666667,0.08540666103363037,0.09403736889362335,1.17015441156304,0.010020130686199499,0.13281366354552693
Ximerakis2019_aging_brain_scRNA,Slc25a20,Fatty acid beta-oxidation,0.01347348303870043,0.01615424700364773,0.008333333333333333,0.02436019480228424,0.026785917580127716,1.198965921228181,0.00730597068041062,0.3406286253566347
Ximerakis2019_aging_brain_scRNA,Acadm,Fatty acid beta-oxidation,0.1361681796464405,0.15112037519541427,0.07291666666666667,0.253360390663147,0.2579025626182556,1.109806825557902,0.0031356000447552964,0.0844103543891859
Ximerakis2019_aging_brain_scRNA,Acadl,Fatty acid beta-oxidation,0.14362159579550884,0.1818655549765503,0.11458333333333333,0.2664774954319,0.3130302429199219,1.2662827896404516,0.026677815360650448,2.4640864361728478e-05
Ximerakis2019_aging_brain_scRNA,Acadvl,Fatty acid beta-oxidation,0.17353081700907788,0.18655549765502866,0.13125,0.32725557684898376,0.3298250138759613,1.075056873876583,0.002745805931127249,0.17047041877361557
Ximerakis2019_aging_brain_scRNA,Acads,Fatty acid beta-oxidation,0.04051600573339704,0.053673788431474724,0.025,0.07447841763496399,0.09029629081487656,1.3247551790928844,0.017671233381506585,0.011505477278728188
Ximerakis2019_aging_brain_scRNA,Hadha,Fatty acid beta-oxidation,0.20344003822264692,0.2412714955706097,0.17291666666666666,0.38071709871292114,0.42659783363342285,1.1859587605196948,0.020685183755596002,0.00022001104130519718
Ximerakis2019_aging_brain_scRNA,Hadhb,Fatty acid beta-oxidation,0.30645007166746296,0.36737884314747266,0.23958333333333334,0.5829461216926575,0.6682841181755066,1.1988212016022144,0.030006758000838595,1.8558167574970885e-07
Ximerakis2019_aging_brain_scRNA,Echs1,Fatty acid beta-oxidation,0.3837553750597229,0.4465867639395518,0.325,0.7447291612625122,0.8286153078079224,1.16372771031559,0.022591219693252975,2.7740941952247613e-07
Ximerakis2019_aging_brain_scRNA,Acaa2,Fatty acid beta-oxidation,0.02197802197802198,0.03699843668577384,0.022916666666666665,0.0400514118373394,0.06529368460178375,1.6834288692027097,0.032322814890387956,0.00019235108984534682
Ximerakis2019_aging_brain_scRNA,Decr1,Fatty acid beta-oxidation,0.07329192546583851,0.08181344450234497,0.05,0.1355862021446228,0.14033733308315277,1.1162681834641983,0.006909555377638129,0.20184700881368842
Ximerakis2019_aging_brain_scRNA,Eci1,Fatty acid beta-oxidation,0.2460582895365504,0.297029702970297,0.19166666666666668,0.46265363693237305,0.5237383246421814,1.207151783139479,0.02623940040222697,3.2725856302989048e-06
Ximerakis2019_aging_brain_scRNA,Acox1,Fatty acid beta-oxidation,0.10052556139512661,0.12871287128712872,0.08125,0.1848677545785904,0.21760497987270355,1.280399427775477,0.02360547846818977,0.00030493027282034555
Ximerakis2019_aging_brain_scRNA,Ehhadh,Fatty acid beta-oxidation,0.006211180124223602,0.006774361646690985,0.0020833333333333333,0.010180072858929634,0.010949764400720596,1.0906722251172487,0.000708980537027969,0.7536689182446454
Ximerakis2019_aging_brain_scRNA,Acly,Lipid synthesis,0.1727663640707119,0.21782178217821782,0.14375,0.3271483778953552,0.3916502594947815,1.2607881363357576,0.03235725451781119,3.6674866647838248e-06
Ximerakis2019_aging_brain_scRNA,Acaca,Lipid synthesis,0.23287147634973723,0.30797290255341325,0.22291666666666668,0.44408613443374634,0.5529229044914246,1.322501610677665,0.04824996541978896,5.599731101977456e-12
Ximerakis2019_aging_brain_scRNA,Fasn,Lipid synthesis,0.16483516483516483,0.22199062011464304,0.18541666666666667,0.3086147606372833,0.39264118671417236,1.3467430953621677,0.044507737089919716,3.3795179269746936e-09
Ximerakis2019_aging_brain_scRNA,Elovl1,Lipid synthesis,0.4372670807453416,0.4637832204273059,0.3,0.8664575815200806,0.864539384841919,1.0606406035340377,-0.016247222259875488,0.033530189225878866
Ximerakis2019_aging_brain_scRNA,Elovl5,Lipid synthesis,0.35623506927854753,0.4064616988014591,0.3020833333333333,0.6932730674743652,0.7531152367591858,1.1409929393662204,0.01393148245571069,3.223892970842259e-05
Ximerakis2019_aging_brain_scRNA,Elovl6,Lipid synthesis,0.20047778308647873,0.20479416362688901,0.16458333333333333,0.38191094994544983,0.3654080927371979,1.0215304682342201,-0.006602761917486771,0.6645994315474972
Ximerakis2019_aging_brain_scRNA,Scd1,Lipid synthesis,0.2516961299569995,0.2850442939030745,0.20208333333333334,0.48843735456466675,0.5202828049659729,1.1324937493149867,0.01265336309740399,0.0023525252945915667
Ximerakis2019_aging_brain_scRNA,Scd2,Lipid synthesis,0.9569039655996178,0.9775924960917144,0.95625,2.4012324810028076,2.3769822120666504,1.0216202787697015,-0.07782322426040225,7.944897718411405e-06
Ximerakis2019_aging_brain_scRNA,Srebf1,Lipid synthesis,0.17630195891065456,0.2079207920792079,0.16666666666666666,0.3355898857116699,0.3717684745788574,1.179344763744667,0.02001141061050008,0.0011246920983950743
Ximerakis2019_aging_brain_scRNA,Mlxipl,Lipid synthesis,0.0008600095556617295,0.0005211047420531526,0.0,0.0015614057192578912,0.000640883285086602,0.605929013954027,-0.005478890415900903,1.0
Ximerakis2019_aging_brain_scRNA,Hmgcs1,Cholesterol synthesis,0.3421882465360726,0.36216779572694113,0.25833333333333336,0.6721664071083069,0.663802981376648,1.0583875962810498,-0.011539636180026683,0.09463801355563377
Ximerakis2019_aging_brain_scRNA,Hmgcr,Cholesterol synthesis,0.05437171524128046,0.0573215216258468,0.035416666666666666,0.10091954469680786,0.09914172440767288,1.0542525901836322,0.000817958115694169,0.585781156061385
Ximerakis2019_aging_brain_scRNA,Mvk,Cholesterol synthesis,0.09077878643096035,0.09744658676393955,0.03958333333333333,0.16336143016815186,0.16353760659694672,1.0734510847206604,0.0005588783404060496,0.34448593647562
Ximerakis2019_aging_brain_scRNA,Fdps,Cholesterol synthesis,0.2838987099856665,0.2975508077123502,0.20416666666666666,0.5414034724235535,0.5381824374198914,1.048087917438487,-0.004728750478819364,0.2267195107095371
Ximerakis2019_aging_brain_scRNA,Fdft1,Cholesterol synthesis,0.24672718585762063,0.27253778009379886,0.17291666666666666,0.4664601981639862,0.48576030135154724,1.104611877878236,0.004875270630603581,0.017410761216814934
Ximerakis2019_aging_brain_scRNA,Sqle,Cholesterol synthesis,0.1333014811275681,0.15164147993746743,0.1125,0.24349349737167358,0.2612576186656952,1.1375828584556247,0.010446877594724138,0.032666897835727585
Ximerakis2019_aging_brain_scRNA,Lss,Cholesterol synthesis,0.03334925943621596,0.030224075039082855,0.014583333333333334,0.060004062950611115,0.04875272512435913,0.9062892415014386,-0.01042187820384029,0.5307347462625354
Ximerakis2019_aging_brain_scRNA,Cyp51,Cholesterol synthesis,0.1549928332537028,0.16258467952058364,0.1125,0.2865031063556671,0.2830025851726532,1.0489819181152331,-0.0013709370291041575,0.41167798691133706
Ximerakis2019_aging_brain_scRNA,Dhcr24,Cholesterol synthesis,0.07004300047778309,0.06201146430432517,0.04375,0.12538158893585205,0.10534833371639252,0.8853342072916275,-0.016020652759370712,0.2199036469972151
Ximerakis2019_aging_brain_scRNA,Dhcr7,Cholesterol synthesis,0.15671285236502627,0.15945805106826472,0.0875,0.2892402708530426,0.2756287157535553,1.0175173807496283,-0.0064132001836086075,0.7588476095128249
Ximerakis2019_aging_brain_scRNA,Srebf2,Cholesterol synthesis,0.115910176779742,0.15059927045336113,0.10833333333333334,0.21307046711444855,0.2620250880718231,1.2992756515205477,0.03196150929653382,3.290908103921045e-05
Ximerakis2019_aging_brain_scRNA,Insig1,Cholesterol synthesis,0.2835164835164835,0.2996352266805628,0.2833333333333333,0.5822222232818604,0.5683465003967285,1.0568529313151633,-0.001958027459807405,0.1531074855701794
Ximerakis2019_aging_brain_scRNA,Ldlr,Cholesterol / lipid transport,0.036311514572384136,0.04064616988014591,0.035416666666666666,0.06621402502059937,0.07066936790943146,1.1193741257782288,0.005549779060411159,0.35693565786199677
Ximerakis2019_aging_brain_scRNA,Abca1,Cholesterol / lipid transport,0.049880554228380315,0.061490359562272015,0.05,0.09358573704957962,0.1062789112329483,1.2327521318375032,0.015539265108357575,0.03786067194231634
Ximerakis2019_aging_brain_scRNA,Abca2,Cholesterol / lipid transport,0.5927376970855232,0.6612819176654507,0.53125,1.2341045141220093,1.3160465955734253,1.1156400561613642,0.002691891693217004,1.464703913624755e-08
Ximerakis2019_aging_brain_scRNA,Abcg1,Cholesterol / lipid transport,0.24558050645007168,0.3006774361646691,0.24375,0.48403191566467285,0.5445672273635864,1.2243538402580785,0.02715470221958341,5.068785346114104e-07
Ximerakis2019_aging_brain_scRNA,Apoe,Cholesterol / lipid transport,0.9517439082656474,0.9812402292860865,0.9666666666666667,2.5502166748046875,2.588635206222534,1.0309918674175598,-0.014020122006652062,2.5960708300027286e-10
Ximerakis2019_aging_brain_scRNA,Apod,Cholesterol / lipid transport,0.9620640229335882,0.9874934861907243,0.9604166666666667,2.6175668239593506,2.703472137451172,1.0264321943768304,0.060091868785146885,4.2758842081910863e-10
Ximerakis2019_aging_brain_scRNA,Lpl,Cholesterol / lipid transport,0.001720019111323459,0.001563314226159458,0.004166666666666667,0.003323999932035804,0.003085715463384986,0.9088935209310405,-0.00037285271227850003,1.0
Ximerakis2019_aging_brain_scRNA,Nr1h2,Cholesterol / lipid transport,0.23850931677018633,0.2652423137050547,0.18333333333333332,0.45084381103515625,0.46842488646507263,1.112083659023797,0.006603713234166697,0.01273457734076532
Ximerakis2019_aging_brain_scRNA,Nr1h3,Cholesterol / lipid transport,0.002006688963210702,0.001563314226159458,0.0020833333333333333,0.003970145247876644,0.0023373980075120926,0.7790515893694633,-0.0037183096059318606,1.0
Ximerakis2019_aging_brain_scRNA,Plin2,Cholesterol / lipid transport,0.012613473483038701,0.01771756122980719,0.0125,0.021844936534762383,0.029141392558813095,1.4046536232570623,0.014254758056375582,0.08328924857530737
Ximerakis2019_aging_brain_scRNA,Plin3,Cholesterol / lipid transport,0.3273769708552317,0.4184471078686816,0.2520833333333333,0.6733584403991699,0.8244439363479614,1.2781812562305177,0.04244322539202359,2.275541049137903e-14
Ximerakis2019_aging_brain_scRNA,Plin4,Cholesterol / lipid transport,0.010033444816053512,0.010943199583116207,0.0125,0.01900973543524742,0.019794886931777,1.0906722251172487,0.0035186228073013615,0.7103464512934526
Ximerakis2019_aging_brain_scRNA,Ugt8a,Myelin lipid synthesis,0.6911610129001433,0.7441375716519021,0.6041666666666666,1.487419605255127,1.5375396013259888,1.0766486502609092,-0.015075020123776296,2.7558608454379765e-06
Ximerakis2019_aging_brain_scRNA,Gal3st1,Myelin lipid synthesis,0.4497849976110846,0.5028660760812923,0.28541666666666665,0.8967310786247253,0.9499080181121826,1.118014337410394,-0.0010589262698090655,2.0104333537565665e-05
Ximerakis2019_aging_brain_scRNA,Cers2,Myelin lipid synthesis,0.7599617773530817,0.8056279312141741,0.6770833333333334,1.667887806892395,1.699249267578125,1.060090066661176,-0.026835704433465276,1.0403834621541721e-05
Ximerakis2019_aging_brain_scRNA,Sptlc1,Myelin lipid synthesis,0.10367892976588629,0.11360083376758728,0.08333333333333333,0.1908620148897171,0.1928061693906784,1.0956983644035032,0.004103663961124371,0.19535562559273612
Ximerakis2019_aging_brain_scRNA,Pigt,Myelin lipid synthesis,0.11247013855709508,0.12298071912454403,0.07708333333333334,0.2049354910850525,0.2082553505897522,1.0934521883078618,0.003281422862626024,0.18429211711104326
Ximerakis2019_aging_brain_scRNA,Fa2h,Myelin lipid synthesis,0.7110367892976589,0.7587285044293903,0.625,1.5356298685073853,1.560083031654358,1.0670734845926044,-0.034672127940309064,1.6407998701341844e-05
Ximerakis2019_aging_brain_scRNA,Hif1a,Nutrient sensing / regulators,0.10272336359292882,0.11829077644606566,0.08333333333333333,0.19035741686820984,0.20540085434913635,1.151546953961002,0.011622554775206816,0.042950710151837664
Ximerakis2019_aging_brain_scRNA,Epas1,Nutrient sensing / regulators,0.06297181079789775,0.055758207399687336,0.03333333333333333,0.11980947107076645,0.10012936592102051,0.8854471023334264,-0.013698461435408319,0.2361435742262638
Ximerakis2019_aging_brain_scRNA,Prkaa1,Nutrient sensing / regulators,0.02981366459627329,0.0385617509119333,0.022916666666666665,0.05357445403933525,0.06153228133916855,1.2934253951710961,0.013367592814417455,0.04542234546414389
Ximerakis2019_aging_brain_scRNA,Prkaa2,Nutrient sensing / regulators,0.015384615384615385,0.01928087545596665,0.00625,0.02940419502556324,0.03183357045054436,1.2532569046378321,0.008713938739349242,0.23394995339142166
Ximerakis2019_aging_brain_scRNA,Mtor,Nutrient sensing / regulators,0.04261825131390349,0.041688379364252216,0.027083333333333334,0.07715100049972534,0.06936216354370117,0.9781813678181601,-0.005132635827480626,0.9020359603082644
Ximerakis2019_aging_brain_scRNA,Rptor,Nutrient sensing / regulators,0.02608695652173913,0.03178738926524231,0.025,0.04745427891612053,0.05644401162862778,1.2185165885009555,0.011034443995965976,0.1672258153268393
Ximerakis2019_aging_brain_scRNA,Tsc2,Nutrient sensing / regulators,0.05179168657429527,0.058884835852006254,0.03958333333333333,0.09320216625928879,0.09761647880077362,1.1369553638214862,0.007441226740218455,0.20206458079463357
Ximerakis2019_aging_brain_scRNA,Ddit4,Nutrient sensing / regulators,0.2597228858098423,0.2907764460656592,0.24375,0.5049185752868652,0.5403931140899658,1.1195642045905534,0.014352828304448995,0.004875540155026477
Ximerakis2019_aging_brain_scRNA,Txnip,Nutrient sensing / regulators,0.0486383182035356,0.07660239708181345,0.06041666666666667,0.09132030606269836,0.1355387568473816,1.5749392641673432,0.04322177473453932,1.6678601343311579e-06
Ximerakis2019_aging_brain_scRNA,Sirt1,Nutrient sensing / regulators,0.01595795508838987,0.0286607608129234,0.027083333333333334,0.030091935768723488,0.05059288069605827,1.796017137169122,0.03279914723539612,0.0003331539127590374
Ximerakis2019_aging_brain_scRNA,Sirt3,Nutrient sensing / regulators,0.09842331581462016,0.12506513809275666,0.08541666666666667,0.1799553483724594,0.21692632138729095,1.2706860875152413,0.024878564064682984,0.0005765212059999801
Ximerakis2019_aging_brain_scRNA,Ppara,Nutrient sensing / regulators,0.0015289058767319636,0.0020844189682126106,0.0,0.0029279449954628944,0.003225521417334676,1.3633402813965607,0.002958398669825266,0.5371082162053502
Ximerakis2019_aging_brain_scRNA,Ppard,Nutrient sensing / regulators,0.0524605828953655,0.06565919749869724,0.03958333333333333,0.0938095822930336,0.11178011447191238,1.2515910780034,0.016753969444505162,0.021526463163091404
Ximerakis2019_aging_brain_scRNA,Pparg,Nutrient sensing / regulators,0.0,0.0,0.0,0.0,0.0,,,1.0
Ximerakis2019_aging_brain_scRNA,Nfe2l2,Nutrient sensing / regulators,0.13167701863354037,0.1771756122980719,0.12916666666666668,0.24480293691158295,0.30607908964157104,1.3455317726410179,0.03693455939289792,2.643887958779665e-07
Ximerakis2019_aging_brain_scRNA,Serpina3n,context,0.021309125656951745,0.11255862428348098,0.17083333333333334,0.03969339281320572,0.20884451270103455,5.282179386218065,0.18357745215854343,3.045543599194908e-64
Zhou2020_5XFAD_snRNA,Hmgcs2,Ketone body synthesis,0.0004604960199986843,0.0,0.0,0.0008725882507860661,0.0,0.0,-0.007541000338180906,1.0
Zhou2020_5XFAD_snRNA,Hmgcl,Ketone body synthesis,0.09157292283402407,0.08863109048723898,0.06493506493506493,0.18173065781593323,0.1694207638502121,0.9678744299543964,-0.007050628450693985,0.6893513507925388
Zhou2020_5XFAD_snRNA,Bdh1,Ketone body synthesis,0.047628445497006774,0.04083526682134571,0.011131725417439703,0.07158835232257843,0.05961918458342552,0.8573713963415416,-0.015658697859562042,0.1729908309764846
Zhou2020_5XFAD_snRNA,Bdh2,Ketone body synthesis,0.00039471087428458656,0.0,0.0,0.0008982259314507246,0.0,0.0,-0.006981408533697233,1.0
Zhou2020_5XFAD_snRNA,Oxct1,Ketone body utilisation,0.17479113216235773,0.15591647331786543,0.07977736549165121,0.33658072352409363,0.2862165868282318,0.892015924314969,-0.02455023923487772,0.030505229280479114
Zhou2020_5XFAD_snRNA,Acat1,Ketone body utilisation,0.12755739753963555,0.11322505800464037,0.06679035250463822,0.23039720952510834,0.20259502530097961,0.8876400756722735,-0.019484458188932435,0.06091554971848586
Zhou2020_5XFAD_snRNA,Acat2,Ketone body utilisation,0.049075718702716924,0.04083526682134571,0.02411873840445269,0.08398519456386566,0.06283347308635712,0.8320869851893782,-0.016756346327799876,0.09543069045595753
Zhou2020_5XFAD_snRNA,Acss1,Ketone body utilisation,0.014143806328531018,0.016705336426914155,0.0074211502782931356,0.022279538214206696,0.02336772345006466,1.1811061350024281,0.00392960849519085,0.3356521548176483
Zhou2020_5XFAD_snRNA,Acss2,Ketone body utilisation,0.11347937635681864,0.12157772621809745,0.061224489795918366,0.21332333981990814,0.21997983753681183,1.0713640673862606,0.0016820772673370934,0.2781061565307351
Zhou2020_5XFAD_snRNA,Hcar2,Ketone / SCFA receptors,0.00039471087428458656,0.0013921113689095127,0.0,0.000870532647240907,0.0026217419654130936,3.52691415313225,0.013586944324515526,0.09036915133301446
Zhou2020_5XFAD_snRNA,Ffar3,Ketone / SCFA receptors,0.0003289257285704888,0.0004640371229698376,0.0,0.0003983823407907039,0.0010176191572099924,1.4107656612529,0.0028169342021279412,0.548682802873022
Zhou2020_5XFAD_snRNA,Ffar2,Ketone / SCFA receptors,0.0001315702914281955,0.0,0.0,0.00029414452728815377,0.0,0.0,-0.0040302536118685985,1.0
Zhou2020_5XFAD_snRNA,Slc16a1,Monocarboxylate transporters,0.07696862048549438,0.08584686774941995,0.0575139146567718,0.1506454050540924,0.16506686806678772,1.1153489202213098,0.0074002258987237515,0.1567383456409226
Zhou2020_5XFAD_snRNA,Slc16a7,Monocarboxylate transporters,0.10966383790540096,0.10672853828306264,0.04267161410018553,0.20210157334804535,0.1846497356891632,0.9732336595325946,-0.010694940242366316,0.7122463262194386
Zhou2020_5XFAD_snRNA,Slc16a3,Monocarboxylate transporters,0.009604631274258273,0.008352668213457077,0.00927643784786642,0.018309157341718674,0.015241706743836403,0.8696500651558974,-0.004428487129073189,0.6356340190141971
Zhou2020_5XFAD_snRNA,Slc16a6,Monocarboxylate transporters,0.022827445562791922,0.02505800464037123,0.01855287569573284,0.03787267208099365,0.042036157101392746,1.0977139150959165,0.002165020894099465,0.49132715083393075
Zhou2020_5XFAD_snRNA,Bsg,Monocarboxylate transporters,0.33543845799618444,0.3225058004640371,0.2504638218923933,0.7344298362731934,0.7042344808578491,0.9614455134053399,-0.01156433437273641,0.2414230131125425
Zhou2020_5XFAD_snRNA,Slc2a1,Glucose transporters,0.12130780869679626,0.11090487238979119,0.08163265306122448,0.24494318664073944,0.2240777611732483,0.9142434735342819,-0.013576344077742311,0.16736798334729586
Zhou2020_5XFAD_snRNA,Slc2a3,Glucose transporters,0.0730872968883626,0.06960556844547564,0.02411873840445269,0.11616432666778564,0.104459747672081,0.9523620575514629,-0.01223702971758897,0.5946697408399064
Zhou2020_5XFAD_snRNA,Slc2a4,Glucose transporters,0.0003289257285704888,0.0004640371229698376,0.0,0.0005958456313237548,0.00048056748346425593,1.4107656612529,0.0014045508338184382,0.548682802873022
Zhou2020_5XFAD_snRNA,Slc2a8,Glucose transporters,0.08315242418261956,0.07424593967517401,0.014842300556586271,0.14455418288707733,0.12299852818250656,0.892889659020823,-0.016681002066791812,0.16636434746745093
Zhou2020_5XFAD_snRNA,Hk1,Glycolysis,0.08216564699690809,0.07888631090487239,0.03339517625231911,0.14229585230350494,0.1305660605430603,0.960088720628475,-0.010189280709567133,0.6440021338149648
Zhou2020_5XFAD_snRNA,Hk2,Glycolysis,0.0053285968028419185,0.004640371229698376,0.0037105751391465678,0.010328034870326519,0.009657871909439564,0.8708430007733952,-0.0037610440687681074,0.8729501302042519
Zhou2020_5XFAD_snRNA,Hk3,Glycolysis,0.002170909808565226,0.0037122969837587007,0.0018552875695732839,0.0033890847116708755,0.005958199501037598,1.7100189833368487,0.009138356564213294,0.158243078509474
Zhou2020_5XFAD_snRNA,Gpi1,Glycolysis,0.2633379382935333,0.24547563805104408,0.14471243042671614,0.5492126941680908,0.4941521883010864,0.9321696662537899,-0.02458670812574091,0.07916950869254254
Zhou2020_5XFAD_snRNA,Pfkl,Glycolysis,0.06374580619696073,0.05614849187935035,0.03710575139146568,0.10192995518445969,0.08638031035661697,0.8808186017110471,-0.014967340982739885,0.18404447416593736
Zhou2020_5XFAD_snRNA,Pfkm,Glycolysis,0.055785803565554896,0.05522041763341067,0.02040816326530612,0.08608606457710266,0.0808904767036438,0.9898650571290987,-0.006993806338661433,0.959985659495721
Zhou2020_5XFAD_snRNA,Pfkp,Glycolysis,0.1114400368396816,0.10812064965197216,0.03710575139146568,0.197750061750412,0.18865551054477692,0.9702136926562154,-0.011964409066459989,0.6869420051819499
Zhou2020_5XFAD_snRNA,Pfkfb2,Glycolysis,0.03887902111703177,0.03619489559164733,0.02411873840445269,0.06361309438943863,0.06012726202607155,0.9309621114866855,-0.007253034401256844,0.5905177006173266
Zhou2020_5XFAD_snRNA,Pfkfb3,Glycolysis,0.027958686928491547,0.027842227378190254,0.016697588126159554,0.050915274769067764,0.05043467506766319,0.9958345844138119,-0.001966195728361662,1.0
Zhou2020_5XFAD_snRNA,Aldoa,Glycolysis,0.33254391158476415,0.3025522041763341,0.21706864564007422,0.7176265120506287,0.6378910541534424,0.9098112869801097,-0.028140034294304155,0.005625139574361837
Zhou2020_5XFAD_snRNA,Aldoc,Glycolysis,0.0674955595026643,0.06774941995359629,0.04081632653061224,0.13626901805400848,0.1297961324453354,1.003761142996703,-0.0029053666829029095,0.9634163620313558
Zhou2020_5XFAD_snRNA,Tpi1,Glycolysis,0.11565028616538385,0.1122969837587007,0.06307977736549165,0.212166890501976,0.2074681967496872,0.9710048066643967,-0.0075674664616417935,0.6654868008660769
Zhou2020_5XFAD_snRNA,Gapdh,Glycolysis,0.5051641339385566,0.434338747099768,0.2634508348794063,1.1789777278900146,0.9688039422035217,0.8597972775965066,-0.06272884356501747,7.644403988522426e-10
Zhou2020_5XFAD_snRNA,Pgk1,Glycolysis,0.08025787777119926,0.07749419953596287,0.04452690166975881,0.15063902735710144,0.14268425107002258,0.9655650222509603,-0.007298695401969086,0.7024261817930608
Zhou2020_5XFAD_snRNA,Pgam1,Glycolysis,0.13051772909676995,0.12529002320185614,0.06307977736549165,0.25332412123680115,0.2284972369670868,0.9599463924855923,-0.011702510530709493,0.5154672347918536
Zhou2020_5XFAD_snRNA,Eno1,Glycolysis,0.21748569173080717,0.19071925754060326,0.10204081632653061,0.43086397647857666,0.3738076984882355,0.8769278384376015,-0.027836404618379117,0.004589636943803565
Zhou2020_5XFAD_snRNA,Eno2,Glycolysis,0.11920268403394514,0.11276102088167053,0.03153988868274583,0.21126267313957214,0.19441871345043182,0.9459604185553386,-0.01396604958346666,0.4125525204197944
Zhou2020_5XFAD_snRNA,Pkm,Glycolysis,0.33543845799618444,0.3174013921113689,0.19294990723562153,0.7155998945236206,0.6578901410102844,0.9462283901715864,-0.022561385804087314,0.09691006182663454
Zhou2020_5XFAD_snRNA,Ldha,Glycolysis,0.07683705019406618,0.07006960556844548,0.04081632653061224,0.14053520560264587,0.12649865448474884,0.9119247211009758,-0.012198674574347238,0.2777447394850909
Zhou2020_5XFAD_snRNA,Ldhb,Glycolysis,0.13828037629103349,0.11693735498839908,0.0575139146567718,0.2646079659461975,0.2126167118549347,0.8456540119784274,-0.026385055991218508,0.006456695753698602
Zhou2020_5XFAD_snRNA,Pdha1,Pyruvate fate,0.04960199986842971,0.050580046403712296,0.03339517625231911,0.09012672305107117,0.09031377732753754,1.0197178851231175,-0.001424909493718799,0.8323183706599095
Zhou2020_5XFAD_snRNA,Pdhb,Pyruvate fate,0.13643839221103873,0.13132250580046403,0.07050092764378478,0.2532555162906647,0.23179569840431213,0.9625040552906722,-0.012053270289008492,0.5453440589097279
Zhou2020_5XFAD_snRNA,Pdk1,Pyruvate fate,0.0675613446483784,0.0654292343387471,0.012987012987012988,0.1086559072136879,0.09382361173629761,0.9684418609379695,-0.011300962716982688,0.747816405661933
Zhou2020_5XFAD_snRNA,Pdk2,Pyruvate fate,0.08459969738832972,0.0802784222737819,0.04081632653061224,0.15787552297115326,0.14483308792114258,0.9489209152284283,-0.010025815576352452,0.5337871454786125
Zhou2020_5XFAD_snRNA,Pdk3,Pyruvate fate,0.058219853956976514,0.06078886310904873,0.03525046382189239,0.10446687787771225,0.10415617376565933,1.0441259978764403,-0.00021540199978708384,0.6240592025978484
Zhou2020_5XFAD_snRNA,Pdk4,Pyruvate fate,0.01611736069995395,0.01345707656612529,0.0074211502782931356,0.03438134491443634,0.02586873061954975,0.8349429423741656,-0.007744383393698178,0.4057962353768987
Zhou2020_5XFAD_snRNA,Pdp1,Pyruvate fate,0.057562002499835535,0.048723897911832945,0.012987012987012988,0.09606695175170898,0.07256153225898743,0.8464593967517401,-0.01862560371943347,0.09984768057276014
Zhou2020_5XFAD_snRNA,Mpc1,Pyruvate fate,0.14466153542530097,0.14756380510440836,0.10946196660482375,0.2782134413719177,0.2876678705215454,1.0200624835798597,-0.0005873719246518366,0.7192242139265297
Zhou2020_5XFAD_snRNA,Mpc2,Pyruvate fate,0.14288533649102034,0.13178654292343386,0.07421150278293136,0.2744349241256714,0.2463526725769043,0.9223237748522642,-0.01543650644064926,0.175739030030163
Zhou2020_5XFAD_snRNA,Pcx,Pyruvate fate,0.03157686994276692,0.02923433874709977,0.011131725417439703,0.057259008288383484,0.04821360856294632,0.925814965197216,-0.00814983436100825,0.5971700702450878
Zhou2020_5XFAD_snRNA,Pck2,Pyruvate fate,0.027761331491349253,0.02505800464037123,0.00927643784786642,0.03702649474143982,0.03181438520550728,0.9026225794746044,-0.010358515962341159,0.5257929427880089
Zhou2020_5XFAD_snRNA,G6pdx,Pentose phosphate pathway,0.03920794684560226,0.03665893271461717,0.02411873840445269,0.07325320690870285,0.06503840535879135,0.9349873090518382,-0.006734128980847754,0.633751475009245
Zhou2020_5XFAD_snRNA,Pgd,Pentose phosphate pathway,0.02986645615420038,0.025522041763341066,0.00927643784786642,0.05368078500032425,0.04267321899533272,0.8545386714637612,-0.011416382473217869,0.30577694245584697
Zhou2020_5XFAD_snRNA,Tkt,Pentose phosphate pathway,0.25268074468784946,0.2431554524361949,0.17068645640074212,0.5325499773025513,0.5053116083145142,0.9623030545385575,-0.012093929781848107,0.35319605757120565
Zhou2020_5XFAD_snRNA,Taldo1,Pentose phosphate pathway,0.19794750345372014,0.18236658932714617,0.12059369202226346,0.41392382979393005,0.37285280227661133,0.9212876451850944,-0.017923968493572615,0.09261982652376194
Zhou2020_5XFAD_snRNA,Gys1,Glycogen,0.03486612722847181,0.02877030162412993,0.0074211502782931356,0.049186427146196365,0.039233334362506866,0.8251648207328285,-0.015448656455971904,0.16264904636495137
Zhou2020_5XFAD_snRNA,Pygb,Glycogen,0.05322018288270509,0.04222737819025522,0.02411873840445269,0.08824489265680313,0.06584958732128143,0.7934466945241898,-0.020304934945191085,0.03314317133520033
Zhou2020_5XFAD_snRNA,Gbe1,Glycogen,0.03782645878560621,0.038051044083526685,0.025974025974025976,0.07154042273759842,0.07308200001716614,1.0059372541107636,-0.002270853114377778,0.9519092976766395
Zhou2020_5XFAD_snRNA,Agl,Glycogen,0.07091638707979739,0.07099767981438515,0.055658627087198514,0.13135147094726562,0.1335989385843277,1.0011463180505273,-0.002387472458890812,1.0
Zhou2020_5XFAD_snRNA,Cs,TCA cycle,0.10729557265969344,0.10580046403712297,0.05009276437847866,0.1975945085287094,0.1902700960636139,0.9860655143030694,-0.007416402761709644,0.85245910396249
Zhou2020_5XFAD_snRNA,Aco2,TCA cycle,0.1354516150253273,0.13364269141531324,0.07792207792207792,0.2465450018644333,0.23915442824363708,0.9866452414784732,-0.0076161444879721905,0.8400056480853559
Zhou2020_5XFAD_snRNA,Idh2,TCA cycle,0.047694230642720874,0.05011600928074246,0.04267161410018553,0.08036632090806961,0.08677974343299866,1.050777182174574,0.0007012605999099935,0.6278760841025626
Zhou2020_5XFAD_snRNA,Idh3a,TCA cycle,0.06585093085981185,0.06774941995359629,0.016697588126159554,0.11444922536611557,0.11601892113685608,1.0288301026120052,-0.0031757225752412667,0.7456788057180258
Zhou2020_5XFAD_snRNA,Ogdh,TCA cycle,0.1467666600881521,0.13178654292343386,0.0575139146567718,0.27189701795578003,0.23154552280902863,0.8979324244639705,-0.021891524746911514,0.06705784816613442
Zhou2020_5XFAD_snRNA,Dlst,TCA cycle,0.167554766133807,0.165661252900232,0.06679035250463822,0.32119178771972656,0.3075845241546631,0.9886991383338936,-0.00978036018752584,0.8532314239255661
Zhou2020_5XFAD_snRNA,Sucla2,TCA cycle,0.105650944016841,0.09791183294663573,0.061224489795918366,0.193290576338768,0.16980311274528503,0.9267483017570421,-0.014175776855020148,0.29244551725643153
Zhou2020_5XFAD_snRNA,Suclg1,TCA cycle,0.06039076376554174,0.05754060324825986,0.03153988868274583,0.10621047019958496,0.10089792311191559,0.9528046949638324,-0.0071259005945357445,0.6282446996372377
Zhou2020_5XFAD_snRNA,Sdha,TCA cycle,0.21478850075652917,0.2037122969837587,0.12430426716141002,0.42135363817214966,0.3957289755344391,0.9484320448545532,-0.014667730770275804,0.24944935128639417
Zhou2020_5XFAD_snRNA,Sdhb,TCA cycle,0.08190250641405171,0.0728538283062645,0.03525046382189239,0.15045341849327087,0.12568171322345734,0.8895189109104631,-0.015625040988111846,0.16322815154976963
Zhou2020_5XFAD_snRNA,Fh1,TCA cycle,0.04782580093414907,0.045475638051044084,0.02040816326530612,0.0842670276761055,0.08058486133813858,0.950859936745421,-0.006844439745153986,0.6653787911506612
Zhou2020_5XFAD_snRNA,Mdh1,TCA cycle,0.2465627261364384,0.22923433874709978,0.17439703153988867,0.5053554773330688,0.4566687047481537,0.929720166300604,-0.019637918355482252,0.08171971747726064
Zhou2020_5XFAD_snRNA,Mdh2,TCA cycle,0.1292678113282021,0.12482598607888631,0.08534322820037106,0.24417077004909515,0.23630216717720032,0.9656385823843008,-0.00842041361019046,0.5824956195996762
Zhou2020_5XFAD_snRNA,Got1,Anaplerosis / amino acids,0.1086770607196895,0.10023201856148492,0.04081632653061224,0.196915403008461,0.16833536326885223,0.9222923209159396,-0.016748416864755648,0.2496041245178868
Zhou2020_5XFAD_snRNA,Got2,Anaplerosis / amino acids,0.10992697848825735,0.09605568445475637,0.04638218923933209,0.19623547792434692,0.16092558205127716,0.8738135603810603,-0.02148743400240971,0.05397403502583801
Zhou2020_5XFAD_snRNA,Glud1,Anaplerosis / amino acids,0.13650417735675285,0.12993039443155452,0.06307977736549165,0.26225340366363525,0.24140070378780365,0.9518418919296675,-0.012483395305420841,0.41996523970078314
Zhou2020_5XFAD_snRNA,Gls,Anaplerosis / amino acids,0.24570751924215511,0.2556844547563805,0.16697588126159554,0.5094888210296631,0.5239914655685425,1.040604925502474,-0.0005812229079607662,0.3233960184787762
Zhou2020_5XFAD_snRNA,Glul,Anaplerosis / amino acids,0.5943687915268733,0.5466357308584687,0.40630797773654914,1.548904538154602,1.3757081031799316,0.9196911726374746,-0.04533014057712258,2.8126940942550697e-05
Zhou2020_5XFAD_snRNA,Idh1,Anaplerosis / amino acids,0.04723373462272219,0.038051044083526685,0.012987012987012988,0.09004184603691101,0.06825318187475204,0.805590419378397,-0.01761675433075246,0.06177227590938413
Zhou2020_5XFAD_snRNA,Slc25a1,Anaplerosis / amino acids,0.04348398131701862,0.03944315545243619,0.00927643784786642,0.07134509086608887,0.06277419626712799,0.9070732315166151,-0.010624248496557555,0.426767598037091
Zhou2020_5XFAD_snRNA,Slc25a11,Anaplerosis / amino acids,0.07538977698835603,0.07099767981438515,0.05194805194805195,0.13707080483436584,0.1286194622516632,0.9417414754436899,-0.00852147696999561,0.4843348270738195
Zhou2020_5XFAD_snRNA,Ndufa4,Oxidative phosphorylation,0.21222288007367937,0.21252900232018562,0.16883116883116883,0.4382881224155426,0.4401804506778717,1.0014424563760513,-0.0009365242073809043,0.9775473877125812
Zhou2020_5XFAD_snRNA,Ndufs1,Oxidative phosphorylation,0.12466285112821525,0.12296983758700696,0.06679035250463822,0.23051804304122925,0.22354507446289062,0.9864192618259064,-0.007291489300172136,0.8616007796969237
Zhou2020_5XFAD_snRNA,Ndufv1,Oxidative phosphorylation,0.11953160976251562,0.10580046403712297,0.059369202226345084,0.22112992405891418,0.18871226906776428,0.8851254011162941,-0.019598050515856492,0.0685780203923062
Zhou2020_5XFAD_snRNA,Ndufb8,Oxidative phosphorylation,0.09723044536543649,0.10348027842227378,0.07050092764378478,0.1885775923728943,0.2000497579574585,1.064278560417445,0.0036056423789769566,0.35313546545082386
Zhou2020_5XFAD_snRNA,Uqcrc1,Oxidative phosphorylation,0.11808433655680547,0.10162412993039444,0.04267161410018553,0.2144625335931778,0.17369508743286133,0.8606063504578974,-0.023099982459559004,0.0258336343281537
Zhou2020_5XFAD_snRNA,Uqcrc2,Oxidative phosphorylation,0.0967041641997237,0.09095127610208817,0.0575139146567718,0.1761835366487503,0.1629825085401535,0.9405104408352668,-0.010461178429582661,0.41207247608883646
Zhou2020_5XFAD_snRNA,Uqcrfs1,Oxidative phosphorylation,0.08242878757976449,0.0654292343387471,0.03339517625231911,0.1526946723461151,0.12064477801322937,0.7937667926442895,-0.02299730480328798,0.00589636193844447
Zhou2020_5XFAD_snRNA,Cycs,Oxidative phosphorylation,0.07440299980264456,0.06310904872389791,0.03339517625231911,0.14150552451610565,0.11768127232789993,0.848205702610055,-0.017703882451192882,0.06300137375182553
Zhou2020_5XFAD_snRNA,Cox4i1,Oxidative phosphorylation,0.28925728570488785,0.2863109048723898,0.24304267161410018,0.6191038489341736,0.6200188398361206,0.9898139788413003,-0.003184719884937034,0.7995602376865663
Zhou2020_5XFAD_snRNA,Cox5a,Oxidative phosphorylation,0.10900598644825998,0.09327146171693736,0.06679035250463822,0.21145190298557281,0.17686796188354492,0.8556544897762008,-0.019999364158621594,0.028000270770100012
Zhou2020_5XFAD_snRNA,Cox6c,Oxidative phosphorylation,0.2142622195908164,0.1888631090487239,0.1725417439703154,0.4401106536388397,0.3926416039466858,0.8814578202792913,-0.020884462832111178,0.006767646415079605
Zhou2020_5XFAD_snRNA,Cox7c,Oxidative phosphorylation,0.22149858561936714,0.21020881670533642,0.19480519480519481,0.44439318776130676,0.42461735010147095,0.9490300631831955,-0.011186955285202792,0.24336914372596247
Zhou2020_5XFAD_snRNA,Atp5a1,Oxidative phosphorylation,0.22998486941648577,0.2111368909512761,0.1038961038961039,0.45683208107948303,0.40589362382888794,0.9180468762443786,-0.023414397313141665,0.0513329922667618
Zhou2020_5XFAD_snRNA,Atp5b,Oxidative phosphorylation,0.2203144529965134,0.21299303944315545,0.13172541743970315,0.43950536847114563,0.41816654801368713,0.9667683465438656,-0.011758333980519885,0.45280519949222703
Zhou2020_5XFAD_snRNA,Atp5o,Oxidative phosphorylation,0.007762647194263535,0.020417633410672854,0.03339517625231911,0.01714269630610943,0.04784173518419266,2.630241063352865,0.045478201791657555,4.1734203325572774e-07
Zhou2020_5XFAD_snRNA,Ppargc1a,Mitochondrial biogenesis / dynamics,0.028024472074205643,0.023665893271461718,0.00927643784786642,0.04280826449394226,0.03639841452240944,0.8444724028626516,-0.011783367798885756,0.260598907339652
Zhou2020_5XFAD_snRNA,Tfam,Mitochondrial biogenesis / dynamics,0.045523320834155646,0.04222737819025522,0.03153988868274583,0.0807923972606659,0.07684602588415146,0.9275988090607942,-0.007744683052164084,0.5417343444071123
Zhou2020_5XFAD_snRNA,Nrf1,Mitochondrial biogenesis / dynamics,0.057035721334122755,0.06264501160092807,0.03339517625231911,0.10627187043428421,0.11450151354074478,1.098346968103469,0.004334109385182487,0.2999777995518595
Zhou2020_5XFAD_snRNA,Opa1,Mitochondrial biogenesis / dynamics,0.13360963094533254,0.12250580046403713,0.06679035250463822,0.25233596563339233,0.2188747227191925,0.9168934873726383,-0.017250758062596343,0.16355324280548472
Zhou2020_5XFAD_snRNA,Mfn2,Mitochondrial biogenesis / dynamics,0.06591671600552595,0.06403712296983759,0.03153988868274583,0.11485520005226135,0.10638553649187088,0.9714853355933145,-0.007220586818417041,0.780457077376674
Zhou2020_5XFAD_snRNA,Dnm1l,Mitochondrial biogenesis / dynamics,0.1781461745937767,0.1740139211136891,0.10760667903525047,0.3368375599384308,0.3335590362548828,0.9768041413771005,-0.007945024022250863,0.651593713173912
Zhou2020_5XFAD_snRNA,Pink1,Mitochondrial biogenesis / dynamics,0.1521610420367081,0.14153132250580047,0.08905380333951762,0.3005686104297638,0.2681582272052765,0.9301416486859806,-0.015550565433749797,0.20972837039242131
Zhou2020_5XFAD_snRNA,Cd36,Fatty acid uptake / activation,0.000526281165712782,0.0009280742459396752,0.0,0.0009415156091563404,0.0020912170875817537,1.7634570765661255,0.005080886951231274,0.35788425174569255
Zhou2020_5XFAD_snRNA,Slc27a1,Fatty acid uptake / activation,0.10176962041970923,0.09791183294663573,0.055658627087198514,0.19015048444271088,0.1753145009279251,0.9620929364071168,-0.00994661313452524,0.5935254910419532
Zhou2020_5XFAD_snRNA,Fabp5,Fatty acid uptake / activation,0.08729688836260772,0.10672853828306264,0.10204081632653061,0.174886554479599,0.22403965890407562,1.2225926981468238,0.021866718478135386,0.0037162726417684015
Zhou2020_5XFAD_snRNA,Fabp7,Fatty acid uptake / activation,0.005986448259982896,0.005104408352668214,0.0055658627087198514,0.01132405549287796,0.010238882154226303,0.8526605644935112,-0.0038859218827290726,0.7629338204635125
Zhou2020_5XFAD_snRNA,Acsl1,Fatty acid uptake / activation,0.1699230313795145,0.16890951276102087,0.09461966604823747,0.3308546245098114,0.318964421749115,0.9940354252730461,-0.007557240334238583,0.9267427744021
Zhou2020_5XFAD_snRNA,Acsl3,Fatty acid uptake / activation,0.3406354845075982,0.3002320185614849,0.19109461966604824,0.7439262866973877,0.6420280933380127,0.8813879710608599,-0.0355357120215446,0.00019122117905217873
Zhou2020_5XFAD_snRNA,Acsl6,Fatty acid uptake / activation,0.07420564436550227,0.0691415313225058,0.03525046382189239,0.12636081874370575,0.11102896928787231,0.9317556893913216,-0.012152788493411676,0.4274487629203586
Zhou2020_5XFAD_snRNA,Acsbg1,Fatty acid uptake / activation,0.008946779817117294,0.0064965197215777265,0.0018552875695732839,0.01747949607670307,0.011179680936038494,0.7261293844684046,-0.010094589678870211,0.31853157967672274
Zhou2020_5XFAD_snRNA,Cpt1a,Fatty acid beta-oxidation,0.009341490691401881,0.01160092807424594,0.012987012987012988,0.018317652866244316,0.020673466846346855,1.24187118068037,0.006404716219231644,0.3442281472721197
Zhou2020_5XFAD_snRNA,Cpt1c,Fatty acid beta-oxidation,0.14183277415959478,0.12900232018561486,0.08163265306122448,0.25869449973106384,0.23050135374069214,0.9095381582289106,-0.01753319569219457,0.11162577244666222
Zhou2020_5XFAD_snRNA,Cpt2,Fatty acid beta-oxidation,0.009078350108545491,0.0069605568445475635,0.0018552875695732839,0.017626676708459854,0.013301401399075985,0.7667204680722283,-0.008237121867663963,0.38852300683315455
Zhou2020_5XFAD_snRNA,Slc25a20,Fatty acid beta-oxidation,0.016840997302809024,0.012993039443155453,0.0037105751391465678,0.026245905086398125,0.018166976049542427,0.7715124709976799,-0.01302468540440999,0.2043897864953633
Zhou2020_5XFAD_snRNA,Acadm,Fatty acid beta-oxidation,0.035589763831326886,0.03897911832946636,0.022263450834879406,0.0664246454834938,0.06667541712522507,1.0952339699190723,0.00280623607044849,0.42205097489293353
Zhou2020_5XFAD_snRNA,Acadl,Fatty acid beta-oxidation,0.06499572396552858,0.07517401392111368,0.04638218923933209,0.1305447220802307,0.14784802496433258,1.1565993781526813,0.01065187718500626,0.07862610092790234
Zhou2020_5XFAD_snRNA,Acadvl,Fatty acid beta-oxidation,0.04493125452272877,0.048723897911832945,0.01855287569573284,0.07981964200735092,0.08843391388654709,1.0844099153115265,0.0033908365027478463,0.43875409032505613
Zhou2020_5XFAD_snRNA,Acads,Fatty acid beta-oxidation,0.009078350108545491,0.01160092807424594,0.012987012987012988,0.016299158334732056,0.020401205867528915,1.2778674467870472,0.007479181304115291,0.28134349239636824
Zhou2020_5XFAD_snRNA,Hadha,Fatty acid beta-oxidation,0.10676929149398066,0.11508120649651972,0.0575139146567718,0.19941724836826324,0.21810582280158997,1.0778493037298806,0.004506026896333379,0.24990025121449788
Zhou2020_5XFAD_snRNA,Hadhb,Fatty acid beta-oxidation,0.06874547727123216,0.0802784222737819,0.055658627087198514,0.1249365285038948,0.14469949901103973,1.1677629636208215,0.010841717050381838,0.052635226875074444
Zhou2020_5XFAD_snRNA,Echs1,Fatty acid beta-oxidation,0.10091441352542596,0.10255220417633411,0.03710575139146568,0.19545862078666687,0.1854970008134842,1.0162295017499705,-0.005679512713420708,0.8188198682745498
Zhou2020_5XFAD_snRNA,Acaa2,Fatty acid beta-oxidation,0.004210249325702256,0.00788863109048724,0.0018552875695732839,0.007242963183671236,0.010584278963506222,1.8736731438515084,0.01413748874159775,0.026728716658099866
Zhou2020_5XFAD_snRNA,Decr1,Fatty acid beta-oxidation,0.01322281428853365,0.013921113689095127,0.0074211502782931356,0.024638423696160316,0.02440299279987812,1.052810194964851,0.00011754012977051866,0.7633438291297051
Zhou2020_5XFAD_snRNA,Eci1,Fatty acid beta-oxidation,0.018354055654233273,0.01531322505800464,0.0074211502782931356,0.03649342060089111,0.03002091683447361,0.8343237781603174,-0.008205864953533204,0.3857155012984986
Zhou2020_5XFAD_snRNA,Acox1,Fatty acid beta-oxidation,0.1557134399052694,0.15406032482598608,0.09276437847866419,0.30409932136535645,0.30397576093673706,0.9893836069623212,-0.006131685572294265,0.8738312816664505
Zhou2020_5XFAD_snRNA,Ehhadh,Fatty acid beta-oxidation,0.004078679034274061,0.004640371229698376,0.0037105751391465678,0.007463922258466482,0.008182410150766373,1.1377142429458873,0.001648174023683542,0.7190143844094294
Zhou2020_5XFAD_snRNA,Acly,Lipid synthesis,0.06506150911124269,0.057076566125290024,0.025974025974025976,0.12010613828897476,0.10052137076854706,0.8772708611431078,-0.014847988555068565,0.17268826760969502
Zhou2020_5XFAD_snRNA,Acaca,Lipid synthesis,0.3339911847904743,0.32807424593967516,0.2541743970315399,0.7268293499946594,0.6973130702972412,0.98228414664743,-0.012459740393933888,0.5912609768964504
Zhou2020_5XFAD_snRNA,Fasn,Lipid synthesis,0.0734820077626472,0.08538283062645012,0.05380333951762523,0.14058667421340942,0.15695512294769287,1.1619556028224425,0.010092437296754464,0.054329944377180736
Zhou2020_5XFAD_snRNA,Elovl1,Lipid synthesis,0.1085454904282613,0.12621809744779583,0.10204081632653061,0.22410215437412262,0.25868335366249084,1.1628129086690573,0.015726427180298007,0.015486057489818236
Zhou2020_5XFAD_snRNA,Elovl5,Lipid synthesis,0.19801328859943423,0.17122969837587007,0.12430426716141002,0.4113318920135498,0.3434523940086365,0.8647384202696349,-0.027717501561794644,0.0033140123767775058
Zhou2020_5XFAD_snRNA,Elovl6,Lipid synthesis,0.13538582987961317,0.13781902552204175,0.07235621521335807,0.2647506296634674,0.2643096148967743,1.017972306589192,-0.0025370147351140575,0.7622942896470408
Zhou2020_5XFAD_snRNA,Scd1,Lipid synthesis,0.08631011117689626,0.08584686774941995,0.055658627087198514,0.1789051592350006,0.17354223132133484,0.9946328023315035,-0.003445280761449017,0.9673156919726378
Zhou2020_5XFAD_snRNA,Scd2,Lipid synthesis,0.8802710348003421,0.8626450116009281,0.7884972170686456,2.7093827724456787,2.635756492614746,0.9799765952728278,-0.017932180519030977,0.020260160979826386
Zhou2020_5XFAD_snRNA,Srebf1,Lipid synthesis,0.13532004473389908,0.13874709976798144,0.10018552875695733,0.28326448798179626,0.27216440439224243,1.0253255535114663,-0.002454434874519902,0.6622779901380648
Zhou2020_5XFAD_snRNA,Mlxipl,Lipid synthesis,0.0066442997171238735,0.0060324825986078886,0.0,0.0113987373188138,0.008726539090275764,0.9079184948657278,-0.003941879770409563,0.8865869067139989
Zhou2020_5XFAD_snRNA,Hmgcs1,Cholesterol synthesis,0.11959739490822972,0.11554524361948956,0.07606679035250463,0.2308836728334427,0.21422922611236572,0.9661183983827617,-0.009623545654638523,0.6188450443911396
Zhou2020_5XFAD_snRNA,Hmgcr,Cholesterol synthesis,0.16084468127096901,0.15962877030162412,0.07235621521335807,0.30967143177986145,0.2985477149486542,0.9924404651758643,-0.009087113896559314,0.9002809968148804
Zhou2020_5XFAD_snRNA,Mvk,Cholesterol synthesis,0.023024800999934213,0.02459396751740139,0.025974025974025976,0.04192831367254257,0.04959767684340477,1.068151143520053,0.0031839792974011514,0.6464546985078858
Zhou2020_5XFAD_snRNA,Fdps,Cholesterol synthesis,0.09229655943687916,0.0951276102088167,0.061224489795918366,0.17502476274967194,0.1795371025800705,1.0306734160970938,-0.0005423862971350923,0.6624631523982031
Zhou2020_5XFAD_snRNA,Fdft1,Cholesterol synthesis,0.16196302874810867,0.16241299303944315,0.08905380333951762,0.321492999792099,0.31493082642555237,1.002778191386099,-0.00541776354775272,0.9502026660014427
Zhou2020_5XFAD_snRNA,Sqle,Cholesterol synthesis,0.08104729951976844,0.0839907192575406,0.04823747680890538,0.1487809419631958,0.152415469288826,1.0363173079820411,-0.0012147043351710288,0.6433763345022653
Zhou2020_5XFAD_snRNA,Lss,Cholesterol synthesis,0.04900993355700283,0.05568445475638051,0.03339517625231911,0.08371322602033615,0.08646856248378754,1.1361871097338794,0.004397235768772919,0.18599318486854802
Zhou2020_5XFAD_snRNA,Cyp51,Cholesterol synthesis,0.1727517926452207,0.18932714617169374,0.12244897959183673,0.3391541838645935,0.3675532042980194,1.095948952382299,0.008153717687694803,0.060253090835446735
Zhou2020_5XFAD_snRNA,Dhcr24,Cholesterol synthesis,0.10176962041970923,0.10301624129930395,0.061224489795918366,0.18356412649154663,0.18582378327846527,1.0122494402008528,-0.003142338094855082,0.8491891228865085
Zhou2020_5XFAD_snRNA,Dhcr7,Cholesterol synthesis,0.06710084862837971,0.06589327146171693,0.03339517625231911,0.12324455380439758,0.11919194459915161,0.9820035485191755,-0.005602287939393762,0.8901056773207434
Zhou2020_5XFAD_snRNA,Srebf2,Cholesterol synthesis,0.2109729623051115,0.21438515081206497,0.1261595547309833,0.42254865169525146,0.41348233819007874,1.0161735820062985,-0.006223002325862281,0.7140878615920783
Zhou2020_5XFAD_snRNA,Insig1,Cholesterol synthesis,0.18248799421090717,0.1777262180974478,0.11317254174397032,0.3761991560459137,0.3615565299987793,0.9739063595166921,-0.009284330204206643,0.6120441358695403
Zhou2020_5XFAD_snRNA,Ldlr,Cholesterol / lipid transport,0.0674955595026643,0.06589327146171693,0.03896103896103896,0.12262612581253052,0.117339588701725,0.976260837709122,-0.005715264577108823,0.8183618907107089
Zhou2020_5XFAD_snRNA,Abca1,Cholesterol / lipid transport,0.1173606999539504,0.12436194895591647,0.09276437847866419,0.24028034508228302,0.2473187893629074,1.0596558217930976,0.0031879080275294077,0.35398659593221793
Zhou2020_5XFAD_snRNA,Abca2,Cholesterol / lipid transport,0.4920728899414512,0.5220417633410673,0.424860853432282,1.1378611326217651,1.1971186399459839,1.0609033214635781,0.012493919715318337,0.009294597321937634
Zhou2020_5XFAD_snRNA,Abcg1,Cholesterol / lipid transport,0.21327544240510493,0.2162412993039443,0.14471243042671614,0.43823277950286865,0.430755615234375,1.013906227859117,-0.004854857559416265,0.7574324584986455
Zhou2020_5XFAD_snRNA,Apoe,Cholesterol / lipid transport,0.6557463324781264,0.7192575406032483,0.7773654916512059,1.7740732431411743,2.1244566440582275,1.0968533180888822,0.07983676965890418,3.6103245147779446e-09
Zhou2020_5XFAD_snRNA,Apod,Cholesterol / lipid transport,0.8166567988948096,0.8668213457076566,0.8979591836734694,2.4497857093811035,2.9366445541381836,1.0614267179073698,0.10670383460744802,4.656488539742122e-09
Zhou2020_5XFAD_snRNA,Lpl,Cholesterol / lipid transport,0.02197223866850865,0.024129930394431554,0.012987012987012988,0.038207557052373886,0.04219122976064682,1.0982008141489643,0.0025172436464208593,0.5320519198102234
Zhou2020_5XFAD_snRNA,Nr1h2,Cholesterol / lipid transport,0.07571870271692652,0.07238979118329467,0.03339517625231911,0.1383175402879715,0.12617650628089905,0.9560358086683425,-0.009040797490271698,0.6313342312144726
Zhou2020_5XFAD_snRNA,Nr1h3,Cholesterol / lipid transport,0.0012499177685678573,0.0009280742459396752,0.0018552875695732839,0.0018818946555256844,0.002006449969485402,0.7425082427646844,-0.002845799519476455,1.0
Zhou2020_5XFAD_snRNA,Plin2,Cholesterol / lipid transport,0.002697190974278008,0.005104408352668214,0.0055658627087198514,0.004645143169909716,0.010677595622837543,1.892490521192915,0.014466217104234593,0.08694272528034977
Zhou2020_5XFAD_snRNA,Plin3,Cholesterol / lipid transport,0.04861522268271824,0.05104408352668213,0.03896103896103896,0.09874047338962555,0.10276191681623459,1.0499609116225914,0.0015957493424290667,0.6309672558196991
Zhou2020_5XFAD_snRNA,Plin4,Cholesterol / lipid transport,0.036379185579896056,0.029698375870069606,0.02411873840445269,0.07908642292022705,0.0612204372882843,0.8163562596761811,-0.012316131392902071,0.1204114298287085
Zhou2020_5XFAD_snRNA,Ugt8a,Myelin lipid synthesis,0.6542332741267022,0.6269141531322506,0.4897959183673469,1.7070468664169312,1.616615891456604,0.9582425381360826,-0.024536545862056624,0.01377823549053548
Zhou2020_5XFAD_snRNA,Gal3st1,Myelin lipid synthesis,0.12124202355108217,0.1271461716937355,0.10204081632653061,0.25166335701942444,0.25682586431503296,1.0486972088532138,0.0022604012240865614,0.43907420366787536
Zhou2020_5XFAD_snRNA,Cers2,Myelin lipid synthesis,0.3782645878560621,0.38839907192575407,0.35992578849721707,0.8478206992149353,0.8756409287452698,1.0267920508423283,0.006399845688574395,0.3675145936642382
Zhou2020_5XFAD_snRNA,Sptlc1,Myelin lipid synthesis,0.1172949148082363,0.12204176334106728,0.0686456400742115,0.22055040299892426,0.2186751365661621,1.0404693463530925,-0.002057350187269988,0.5206451843036473
Zhou2020_5XFAD_snRNA,Pigt,Myelin lipid synthesis,0.11683441878823761,0.11554524361948956,0.08348794063079777,0.22374719381332397,0.21386539936065674,0.9889657929391109,-0.006303011853831772,0.8860013140904448
Zhou2020_5XFAD_snRNA,Fa2h,Myelin lipid synthesis,0.5769357279126374,0.5480278422273782,0.4322820037105751,1.425412654876709,1.3241335153579712,0.9498940968869299,-0.029257108511894718,0.01195292141447196
Zhou2020_5XFAD_snRNA,Hif1a,Nutrient sensing / regulators,0.1412407078481679,0.13271461716937355,0.06307977736549165,0.2661132514476776,0.24127040803432465,0.9396343249146005,-0.015466404449793147,0.3040571793404343
Zhou2020_5XFAD_snRNA,Epas1,Nutrient sensing / regulators,0.014801657785671996,0.01531322505800464,0.011131725417439703,0.029739856719970703,0.030162958428263664,1.0345614849187934,0.0005066902545619665,0.8490338012361378
Zhou2020_5XFAD_snRNA,Prkaa1,Nutrient sensing / regulators,0.04131307150845339,0.04176334106728538,0.029684601113172542,0.08003918826580048,0.07453624904155731,1.0108989610888617,-0.0022680499422914934,0.9080021443228323
Zhou2020_5XFAD_snRNA,Prkaa2,Nutrient sensing / regulators,0.06335109532267615,0.06728538283062645,0.027829313543599257,0.1060791090130806,0.10559553653001785,1.0621029121582062,-0.0009623533281900475,0.48013047005831777
Zhou2020_5XFAD_snRNA,Mtor,Nutrient sensing / regulators,0.05999605289125715,0.048723897911832945,0.011131725417439703,0.10505171120166779,0.07950840145349503,0.8121183905238735,-0.020498567466431594,0.039408538595903334
Zhou2020_5XFAD_snRNA,Rptor,Nutrient sensing / regulators,0.11920268403394514,0.12111368909512761,0.07050092764378478,0.21729698777198792,0.2205866128206253,1.016031560670549,-0.0031980829905188025,0.8038025155239946
Zhou2020_5XFAD_snRNA,Tsc2,Nutrient sensing / regulators,0.06914018814551674,0.07238979118329467,0.04452690166975881,0.11981135606765747,0.12030791491270065,1.0470002053066243,-0.0007291740109427822,0.5871005480055549
Zhou2020_5XFAD_snRNA,Ddit4,Nutrient sensing / regulators,0.15880534175383199,0.13735498839907193,0.08905380333951762,0.3423917293548584,0.2893733084201813,0.8649267517209165,-0.022527312589401022,0.010195498078945556
Zhou2020_5XFAD_snRNA,Txnip,Nutrient sensing / regulators,0.03341885402276166,0.038051044083526685,0.022263450834879406,0.06821262091398239,0.07006251811981201,1.138610080932459,0.005281290430002342,0.27990171840411293
Zhou2020_5XFAD_snRNA,Sirt1,Nutrient sensing / regulators,0.022498519834221433,0.02134570765661253,0.014842300556586271,0.04070180281996727,0.03867768868803978,0.9487605324215411,-0.00429169619478034,0.8152553777953041
Zhou2020_5XFAD_snRNA,Sirt3,Nutrient sensing / regulators,0.08913887244260246,0.08259860788863109,0.03525046382189239,0.15484343469142914,0.13240978121757507,0.926628367907809,-0.014360973441037511,0.33046594620293496
Zhou2020_5XFAD_snRNA,Ppara,Nutrient sensing / regulators,0.0015130583514242485,0.0004640371229698376,0.0,0.003043588949367404,0.0011723095085471869,0.30668818722889135,-0.009220124464209625,0.3518835109788815
Zhou2020_5XFAD_snRNA,Ppard,Nutrient sensing / regulators,0.02585356226564042,0.027378190255220418,0.01855287569573284,0.04793490096926689,0.049223415553569794,1.0589716795664263,0.0010867934681161517,0.6646277070231132
Zhou2020_5XFAD_snRNA,Pparg,Nutrient sensing / regulators,0.012499177685678573,0.008352668213457077,0.0,0.013969630934298038,0.009369640611112118,0.668257418488216,-0.015286063264664047,0.111801860243644
Zhou2020_5XFAD_snRNA,Nfe2l2,Nutrient sensing / regulators,0.03374777975133215,0.03990719257540603,0.022263450834879406,0.06810202449560165,0.07738624513149261,1.1825131273659788,0.009573610094737674,0.14683724685683933
Zhou2020_5XFAD_snRNA,Serpina3n,context,0.008354713505690415,0.10580046403712297,0.21706864564007422,0.015789156779646873,0.27028870582580566,12.66356577817564,0.23994471036767656,1.90347564274638e-119
