dataset,cell_type,pathway,alt,ref,mean_alt,mean_ref,diff,MWU_p,n_alt,n_ref,contrast
Absinta2021_MS_human_snRNA,Oligodendrocyte,Ketone synthesis,MS,Ctrl,0.0015158624530035541,0.02040513416147963,-0.018889271708476076,0.03571428571428571,5,3,"Absinta 2021 MS (h, sn)  [MS vs Ctrl]"
Absinta2021_MS_human_snRNA,Oligodendrocyte,Ketone utilisation,MS,Ctrl,-0.03193985335781926,-0.007755255481584861,-0.024184597876234396,0.25,5,3,"Absinta 2021 MS (h, sn)  [MS vs Ctrl]"
Absinta2021_MS_human_snRNA,Oligodendrocyte,Glycolysis,MS,Ctrl,-0.0620747993255802,-0.0823675018210971,0.0202927024955169,1.0,5,3,"Absinta 2021 MS (h, sn)  [MS vs Ctrl]"
Absinta2021_MS_human_snRNA,Oligodendrocyte,Pyruvate to lactate,MS,Ctrl,-0.012958260904959934,-0.04543057540760509,0.03247231450264516,0.14285714285714285,5,3,"Absinta 2021 MS (h, sn)  [MS vs Ctrl]"
Absinta2021_MS_human_snRNA,Oligodendrocyte,Pentose phosphate,MS,Ctrl,0.01495914160894842,0.029319186327100313,-0.014360044718151893,1.0,5,3,"Absinta 2021 MS (h, sn)  [MS vs Ctrl]"
Absinta2021_MS_human_snRNA,Oligodendrocyte,TCA cycle,MS,Ctrl,0.0363623591270725,0.04224783844155378,-0.00588547931448128,0.7857142857142857,5,3,"Absinta 2021 MS (h, sn)  [MS vs Ctrl]"
Absinta2021_MS_human_snRNA,Oligodendrocyte,OXPHOS,MS,Ctrl,-0.00438842821903432,-0.025092244144221926,0.020703815925187607,0.5714285714285714,5,3,"Absinta 2021 MS (h, sn)  [MS vs Ctrl]"
Absinta2021_MS_human_snRNA,Oligodendrocyte,Beta-oxidation,MS,Ctrl,-0.003713979620842889,0.004063571547379933,-0.007777551168222822,0.5714285714285714,5,3,"Absinta 2021 MS (h, sn)  [MS vs Ctrl]"
Absinta2021_MS_human_snRNA,Oligodendrocyte,Lipid synthesis,MS,Ctrl,0.05185751830187822,0.12585390501579682,-0.0739963867139186,0.25,5,3,"Absinta 2021 MS (h, sn)  [MS vs Ctrl]"
Absinta2021_MS_human_snRNA,Oligodendrocyte,Cholesterol synthesis,MS,Ctrl,0.05978324458424304,-0.028837291567529438,0.08862053615177248,0.7857142857142857,5,3,"Absinta 2021 MS (h, sn)  [MS vs Ctrl]"
Absinta2021_MS_human_snRNA,Oligodendrocyte,Lipid transport / storage,MS,Ctrl,0.02225129492421509,-0.008167205007668309,0.0304184999318834,0.7857142857142857,5,3,"Absinta 2021 MS (h, sn)  [MS vs Ctrl]"
Absinta2021_MS_human_snRNA,Oligodendrocyte,Myelin lipids,MS,Ctrl,0.26288538286821883,0.38638031155929037,-0.12349492869107154,0.03571428571428571,5,3,"Absinta 2021 MS (h, sn)  [MS vs Ctrl]"
Absinta2021_MS_human_snRNA,OPC,Ketone synthesis,MS,Ctrl,-0.006371174818163047,0.02493977655184888,-0.03131095137001193,0.03571428571428571,5,3,"Absinta 2021 MS (h, sn)  [MS vs Ctrl]"
Absinta2021_MS_human_snRNA,OPC,Ketone utilisation,MS,Ctrl,-0.13741889628069615,-0.12428713219824566,-0.013131764082450481,0.39285714285714285,5,3,"Absinta 2021 MS (h, sn)  [MS vs Ctrl]"
Absinta2021_MS_human_snRNA,OPC,Glycolysis,MS,Ctrl,-0.04929292684459672,-0.06953890008503735,0.020245973240440633,0.5714285714285714,5,3,"Absinta 2021 MS (h, sn)  [MS vs Ctrl]"
Absinta2021_MS_human_snRNA,OPC,Pyruvate to lactate,MS,Ctrl,-0.06472777965508902,-0.09173580039474077,0.02700802073965175,0.39285714285714285,5,3,"Absinta 2021 MS (h, sn)  [MS vs Ctrl]"
Absinta2021_MS_human_snRNA,OPC,Pentose phosphate,MS,Ctrl,-0.08306773933835224,-0.059515411442649886,-0.02355232789570235,0.39285714285714285,5,3,"Absinta 2021 MS (h, sn)  [MS vs Ctrl]"
Absinta2021_MS_human_snRNA,OPC,TCA cycle,MS,Ctrl,-0.02478921358915005,-0.02320370777248798,-0.0015855058166620688,0.5714285714285714,5,3,"Absinta 2021 MS (h, sn)  [MS vs Ctrl]"
Absinta2021_MS_human_snRNA,OPC,OXPHOS,MS,Ctrl,-0.0374982637303974,-0.05431877963014947,0.016820515899752073,0.7857142857142857,5,3,"Absinta 2021 MS (h, sn)  [MS vs Ctrl]"
Absinta2021_MS_human_snRNA,OPC,Beta-oxidation,MS,Ctrl,-0.007366757236548613,0.0015832216056110068,-0.00894997884215962,0.7857142857142857,5,3,"Absinta 2021 MS (h, sn)  [MS vs Ctrl]"
Absinta2021_MS_human_snRNA,OPC,Lipid synthesis,MS,Ctrl,-0.06358834615729107,-0.0749486533146837,0.011360307157392627,0.25,5,3,"Absinta 2021 MS (h, sn)  [MS vs Ctrl]"
Absinta2021_MS_human_snRNA,OPC,Cholesterol synthesis,MS,Ctrl,-0.017881483323341767,-0.010194102642814284,-0.007687380680527482,0.25,5,3,"Absinta 2021 MS (h, sn)  [MS vs Ctrl]"
Absinta2021_MS_human_snRNA,OPC,Lipid transport / storage,MS,Ctrl,-0.09552739159423843,-0.09793662383791431,0.0024092322436758823,1.0,5,3,"Absinta 2021 MS (h, sn)  [MS vs Ctrl]"
Absinta2021_MS_human_snRNA,OPC,Myelin lipids,MS,Ctrl,-0.15910800021566512,-0.11721227116818587,-0.04189572904747925,0.25,5,3,"Absinta 2021 MS (h, sn)  [MS vs Ctrl]"
Absinta2021_MS_human_snRNA,Microglia,Ketone synthesis,MS,Ctrl,-0.012469172061160055,-0.010390116587791362,-0.002079055473368693,,5,2,"Absinta 2021 MS (h, sn)  [MS vs Ctrl]"
Absinta2021_MS_human_snRNA,Microglia,Ketone utilisation,MS,Ctrl,-0.13962673108192133,-0.06404458472312125,-0.07558214635880009,,5,2,"Absinta 2021 MS (h, sn)  [MS vs Ctrl]"
Absinta2021_MS_human_snRNA,Microglia,Glycolysis,MS,Ctrl,0.06100055728525533,0.034962529320974385,0.026038027964280945,,5,2,"Absinta 2021 MS (h, sn)  [MS vs Ctrl]"
Absinta2021_MS_human_snRNA,Microglia,Pyruvate to lactate,MS,Ctrl,-0.016563685307032703,-0.02349507174596408,0.0069313864389313785,,5,2,"Absinta 2021 MS (h, sn)  [MS vs Ctrl]"
Absinta2021_MS_human_snRNA,Microglia,Pentose phosphate,MS,Ctrl,-0.028139604412615087,0.013382671136790878,-0.04152227554940596,,5,2,"Absinta 2021 MS (h, sn)  [MS vs Ctrl]"
Absinta2021_MS_human_snRNA,Microglia,TCA cycle,MS,Ctrl,-0.029039325607755996,-0.015779926996661746,-0.01325939861109425,,5,2,"Absinta 2021 MS (h, sn)  [MS vs Ctrl]"
Absinta2021_MS_human_snRNA,Microglia,OXPHOS,MS,Ctrl,-0.032703657724624226,-0.03238942351542786,-0.00031423420919636513,,5,2,"Absinta 2021 MS (h, sn)  [MS vs Ctrl]"
Absinta2021_MS_human_snRNA,Microglia,Beta-oxidation,MS,Ctrl,-0.01838217452785382,-0.0071748425866031765,-0.011207331941250644,,5,2,"Absinta 2021 MS (h, sn)  [MS vs Ctrl]"
Absinta2021_MS_human_snRNA,Microglia,Lipid synthesis,MS,Ctrl,-0.0391921882327115,-0.03137856728679857,-0.007813620945912932,,5,2,"Absinta 2021 MS (h, sn)  [MS vs Ctrl]"
Absinta2021_MS_human_snRNA,Microglia,Cholesterol synthesis,MS,Ctrl,-0.12596153482139477,-0.13751356387839178,0.01155202905699701,,5,2,"Absinta 2021 MS (h, sn)  [MS vs Ctrl]"
Absinta2021_MS_human_snRNA,Microglia,Lipid transport / storage,MS,Ctrl,0.003376803822423791,0.034841597594504066,-0.03146479377208027,,5,2,"Absinta 2021 MS (h, sn)  [MS vs Ctrl]"
Absinta2021_MS_human_snRNA,Microglia,Myelin lipids,MS,Ctrl,-0.23812312857310736,-0.20025494034774086,-0.0378681882253665,,5,2,"Absinta 2021 MS (h, sn)  [MS vs Ctrl]"
Absinta2021_MS_human_snRNA,Astrocyte,Ketone synthesis,MS,Ctrl,-0.01740813192462087,0.010432525349113863,-0.027840657273734734,0.07142857142857142,5,3,"Absinta 2021 MS (h, sn)  [MS vs Ctrl]"
Absinta2021_MS_human_snRNA,Astrocyte,Ketone utilisation,MS,Ctrl,-0.073424466102153,0.06699767799603835,-0.14042214409819137,0.03571428571428571,5,3,"Absinta 2021 MS (h, sn)  [MS vs Ctrl]"
Absinta2021_MS_human_snRNA,Astrocyte,Glycolysis,MS,Ctrl,0.07210697245297279,0.08842726825621061,-0.016320295803237822,0.25,5,3,"Absinta 2021 MS (h, sn)  [MS vs Ctrl]"
Absinta2021_MS_human_snRNA,Astrocyte,Pyruvate to lactate,MS,Ctrl,-0.028711106501884066,-0.06705180103462226,0.038340694532738195,0.5714285714285714,5,3,"Absinta 2021 MS (h, sn)  [MS vs Ctrl]"
Absinta2021_MS_human_snRNA,Astrocyte,Pentose phosphate,MS,Ctrl,-0.023541173293462673,-0.02685535940895623,0.003314186115493556,0.7857142857142857,5,3,"Absinta 2021 MS (h, sn)  [MS vs Ctrl]"
Absinta2021_MS_human_snRNA,Astrocyte,TCA cycle,MS,Ctrl,-0.012714481282416711,0.059215192450892684,-0.0719296737333094,0.03571428571428571,5,3,"Absinta 2021 MS (h, sn)  [MS vs Ctrl]"
Absinta2021_MS_human_snRNA,Astrocyte,OXPHOS,MS,Ctrl,-0.05014589147593286,-0.06046157183184588,0.010315680355913022,0.7857142857142857,5,3,"Absinta 2021 MS (h, sn)  [MS vs Ctrl]"
Absinta2021_MS_human_snRNA,Astrocyte,Beta-oxidation,MS,Ctrl,0.009033877551319697,0.04870260811699743,-0.039668730565677726,0.25,5,3,"Absinta 2021 MS (h, sn)  [MS vs Ctrl]"
Absinta2021_MS_human_snRNA,Astrocyte,Lipid synthesis,MS,Ctrl,-0.06835945227990778,-0.08610305876833851,0.017743606488430735,1.0,5,3,"Absinta 2021 MS (h, sn)  [MS vs Ctrl]"
Absinta2021_MS_human_snRNA,Astrocyte,Cholesterol synthesis,MS,Ctrl,-0.1383733822583341,-0.1532598837680786,0.014886501509744493,1.0,5,3,"Absinta 2021 MS (h, sn)  [MS vs Ctrl]"
Absinta2021_MS_human_snRNA,Astrocyte,Lipid transport / storage,MS,Ctrl,0.033296748743895585,0.011524277813311107,0.02177247093058448,1.0,5,3,"Absinta 2021 MS (h, sn)  [MS vs Ctrl]"
Absinta2021_MS_human_snRNA,Astrocyte,Myelin lipids,MS,Ctrl,-0.25166003894805317,-0.19368319172026116,-0.057976847227792006,0.25,5,3,"Absinta 2021 MS (h, sn)  [MS vs Ctrl]"
Absinta2021_MS_human_snRNA,Neuron,Ketone synthesis,MS,Ctrl,-0.022537255174201607,,,,5,0,"Absinta 2021 MS (h, sn)  [MS vs Ctrl]"
Absinta2021_MS_human_snRNA,Neuron,Ketone utilisation,MS,Ctrl,-0.1251715626679865,,,,5,0,"Absinta 2021 MS (h, sn)  [MS vs Ctrl]"
Absinta2021_MS_human_snRNA,Neuron,Glycolysis,MS,Ctrl,-0.018761688698691877,,,,5,0,"Absinta 2021 MS (h, sn)  [MS vs Ctrl]"
Absinta2021_MS_human_snRNA,Neuron,Pyruvate to lactate,MS,Ctrl,-0.04644182517357125,,,,5,0,"Absinta 2021 MS (h, sn)  [MS vs Ctrl]"
Absinta2021_MS_human_snRNA,Neuron,Pentose phosphate,MS,Ctrl,-0.078987652941696,,,,5,0,"Absinta 2021 MS (h, sn)  [MS vs Ctrl]"
Absinta2021_MS_human_snRNA,Neuron,TCA cycle,MS,Ctrl,-0.01884015013812195,,,,5,0,"Absinta 2021 MS (h, sn)  [MS vs Ctrl]"
Absinta2021_MS_human_snRNA,Neuron,OXPHOS,MS,Ctrl,-0.03872905994339425,,,,5,0,"Absinta 2021 MS (h, sn)  [MS vs Ctrl]"
Absinta2021_MS_human_snRNA,Neuron,Beta-oxidation,MS,Ctrl,-0.03182611263006983,,,,5,0,"Absinta 2021 MS (h, sn)  [MS vs Ctrl]"
Absinta2021_MS_human_snRNA,Neuron,Lipid synthesis,MS,Ctrl,-0.03562009284398758,,,,5,0,"Absinta 2021 MS (h, sn)  [MS vs Ctrl]"
Absinta2021_MS_human_snRNA,Neuron,Cholesterol synthesis,MS,Ctrl,-0.13697572294566934,,,,5,0,"Absinta 2021 MS (h, sn)  [MS vs Ctrl]"
Absinta2021_MS_human_snRNA,Neuron,Lipid transport / storage,MS,Ctrl,-0.16076761888429417,,,,5,0,"Absinta 2021 MS (h, sn)  [MS vs Ctrl]"
Absinta2021_MS_human_snRNA,Neuron,Myelin lipids,MS,Ctrl,-0.20682734436430147,,,,5,0,"Absinta 2021 MS (h, sn)  [MS vs Ctrl]"
Absinta2021_MS_human_snRNA,Vascular/Fibroblast,Ketone synthesis,MS,Ctrl,-0.034479368829166974,-0.040965855186050004,0.00648648635688303,,5,1,"Absinta 2021 MS (h, sn)  [MS vs Ctrl]"
Absinta2021_MS_human_snRNA,Vascular/Fibroblast,Ketone utilisation,MS,Ctrl,-0.10338125002691274,-0.03927536801174954,-0.06410588201516321,,5,1,"Absinta 2021 MS (h, sn)  [MS vs Ctrl]"
Absinta2021_MS_human_snRNA,Vascular/Fibroblast,Glycolysis,MS,Ctrl,0.10229361667257622,0.11771527952292628,-0.015421662850350057,,5,1,"Absinta 2021 MS (h, sn)  [MS vs Ctrl]"
Absinta2021_MS_human_snRNA,Vascular/Fibroblast,Pyruvate to lactate,MS,Ctrl,0.02935687686067522,-0.005602374177079306,0.034959251037754525,,5,1,"Absinta 2021 MS (h, sn)  [MS vs Ctrl]"
Absinta2021_MS_human_snRNA,Vascular/Fibroblast,Pentose phosphate,MS,Ctrl,-0.07960248157289088,-0.01281215780490153,-0.06679032376798935,,5,1,"Absinta 2021 MS (h, sn)  [MS vs Ctrl]"
Absinta2021_MS_human_snRNA,Vascular/Fibroblast,TCA cycle,MS,Ctrl,-0.03177804843281012,-0.05127515727583105,0.01949710884302093,,5,1,"Absinta 2021 MS (h, sn)  [MS vs Ctrl]"
Absinta2021_MS_human_snRNA,Vascular/Fibroblast,OXPHOS,MS,Ctrl,-0.0005177517461583403,0.05316387254080863,-0.05368162428696697,,5,1,"Absinta 2021 MS (h, sn)  [MS vs Ctrl]"
Absinta2021_MS_human_snRNA,Vascular/Fibroblast,Beta-oxidation,MS,Ctrl,0.01252192464011773,0.02909200361784105,-0.01657007897772332,,5,1,"Absinta 2021 MS (h, sn)  [MS vs Ctrl]"
Absinta2021_MS_human_snRNA,Vascular/Fibroblast,Lipid synthesis,MS,Ctrl,-0.08072814599854734,-0.057658428143452595,-0.02306971785509475,,5,1,"Absinta 2021 MS (h, sn)  [MS vs Ctrl]"
Absinta2021_MS_human_snRNA,Vascular/Fibroblast,Cholesterol synthesis,MS,Ctrl,-0.1455876431555914,-0.1173833748886177,-0.028204268266973684,,5,1,"Absinta 2021 MS (h, sn)  [MS vs Ctrl]"
Absinta2021_MS_human_snRNA,Vascular/Fibroblast,Lipid transport / storage,MS,Ctrl,0.030101683011543916,0.0870847528156341,-0.05698306980409019,,5,1,"Absinta 2021 MS (h, sn)  [MS vs Ctrl]"
Absinta2021_MS_human_snRNA,Vascular/Fibroblast,Myelin lipids,MS,Ctrl,-0.2146466607099134,-0.10377908302987171,-0.11086757768004168,,5,1,"Absinta 2021 MS (h, sn)  [MS vs Ctrl]"
Absinta2021_MS_human_snRNA,Immune (lymphoid/myeloid),Ketone synthesis,MS,Ctrl,-0.012465712109825161,,,,5,0,"Absinta 2021 MS (h, sn)  [MS vs Ctrl]"
Absinta2021_MS_human_snRNA,Immune (lymphoid/myeloid),Ketone utilisation,MS,Ctrl,-0.047964730497865676,,,,5,0,"Absinta 2021 MS (h, sn)  [MS vs Ctrl]"
Absinta2021_MS_human_snRNA,Immune (lymphoid/myeloid),Glycolysis,MS,Ctrl,0.009974422844535287,,,,5,0,"Absinta 2021 MS (h, sn)  [MS vs Ctrl]"
Absinta2021_MS_human_snRNA,Immune (lymphoid/myeloid),Pyruvate to lactate,MS,Ctrl,0.00020994605598412334,,,,5,0,"Absinta 2021 MS (h, sn)  [MS vs Ctrl]"
Absinta2021_MS_human_snRNA,Immune (lymphoid/myeloid),Pentose phosphate,MS,Ctrl,-0.06535662854958205,,,,5,0,"Absinta 2021 MS (h, sn)  [MS vs Ctrl]"
Absinta2021_MS_human_snRNA,Immune (lymphoid/myeloid),TCA cycle,MS,Ctrl,-0.027079933277138667,,,,5,0,"Absinta 2021 MS (h, sn)  [MS vs Ctrl]"
Absinta2021_MS_human_snRNA,Immune (lymphoid/myeloid),OXPHOS,MS,Ctrl,-0.024832322212617823,,,,5,0,"Absinta 2021 MS (h, sn)  [MS vs Ctrl]"
Absinta2021_MS_human_snRNA,Immune (lymphoid/myeloid),Beta-oxidation,MS,Ctrl,-0.01601832063993183,,,,5,0,"Absinta 2021 MS (h, sn)  [MS vs Ctrl]"
Absinta2021_MS_human_snRNA,Immune (lymphoid/myeloid),Lipid synthesis,MS,Ctrl,-0.014534297575976445,,,,5,0,"Absinta 2021 MS (h, sn)  [MS vs Ctrl]"
Absinta2021_MS_human_snRNA,Immune (lymphoid/myeloid),Cholesterol synthesis,MS,Ctrl,-0.08566903349527784,,,,5,0,"Absinta 2021 MS (h, sn)  [MS vs Ctrl]"
Absinta2021_MS_human_snRNA,Immune (lymphoid/myeloid),Lipid transport / storage,MS,Ctrl,-0.14673565134045446,,,,5,0,"Absinta 2021 MS (h, sn)  [MS vs Ctrl]"
Absinta2021_MS_human_snRNA,Immune (lymphoid/myeloid),Myelin lipids,MS,Ctrl,-0.1663084512647322,,,,5,0,"Absinta 2021 MS (h, sn)  [MS vs Ctrl]"
Aging_snRNA_HIP_CP_mouse,Oligodendrocyte,Ketone synthesis,Old,Young,0.023649289847047717,0.022740510264322365,0.0009087795827253525,0.8857142857142857,4,4,"Aging HIP+CP (m, sn)  [Old vs Young]"
Aging_snRNA_HIP_CP_mouse,Oligodendrocyte,Ketone utilisation,Old,Young,-0.07785592418522844,-0.0816782566388059,0.003822332453577465,0.34285714285714286,4,4,"Aging HIP+CP (m, sn)  [Old vs Young]"
Aging_snRNA_HIP_CP_mouse,Oligodendrocyte,Glycolysis,Old,Young,-0.014813441850578745,0.0011227160378233414,-0.015936157888402087,0.34285714285714286,4,4,"Aging HIP+CP (m, sn)  [Old vs Young]"
Aging_snRNA_HIP_CP_mouse,Oligodendrocyte,Pyruvate to lactate,Old,Young,-0.006955814707614223,-0.0014162800217199997,-0.005539534685894223,0.4857142857142857,4,4,"Aging HIP+CP (m, sn)  [Old vs Young]"
Aging_snRNA_HIP_CP_mouse,Oligodendrocyte,Pentose phosphate,Old,Young,0.10307508218753446,0.10240060946889391,0.0006744727186405453,0.34285714285714286,4,4,"Aging HIP+CP (m, sn)  [Old vs Young]"
Aging_snRNA_HIP_CP_mouse,Oligodendrocyte,TCA cycle,Old,Young,0.009493263770347347,0.018787155080863954,-0.009293891310516608,0.34285714285714286,4,4,"Aging HIP+CP (m, sn)  [Old vs Young]"
Aging_snRNA_HIP_CP_mouse,Oligodendrocyte,OXPHOS,Old,Young,-0.011303172077861943,0.023772047917195886,-0.03507521999505783,0.2,4,4,"Aging HIP+CP (m, sn)  [Old vs Young]"
Aging_snRNA_HIP_CP_mouse,Oligodendrocyte,Beta-oxidation,Old,Young,-0.031765653239866354,-0.035465525798334126,0.003699872558467772,0.34285714285714286,4,4,"Aging HIP+CP (m, sn)  [Old vs Young]"
Aging_snRNA_HIP_CP_mouse,Oligodendrocyte,Lipid synthesis,Old,Young,0.1320638549078491,0.11547180905382935,0.016592045854019757,0.34285714285714286,4,4,"Aging HIP+CP (m, sn)  [Old vs Young]"
Aging_snRNA_HIP_CP_mouse,Oligodendrocyte,Cholesterol synthesis,Old,Young,-0.005259294979794141,-0.013679146742284841,0.0084198517624907,0.4857142857142857,4,4,"Aging HIP+CP (m, sn)  [Old vs Young]"
Aging_snRNA_HIP_CP_mouse,Oligodendrocyte,Lipid transport / storage,Old,Young,0.15260860940930346,0.14971544716410623,0.0028931622451972283,0.8857142857142857,4,4,"Aging HIP+CP (m, sn)  [Old vs Young]"
Aging_snRNA_HIP_CP_mouse,Oligodendrocyte,Myelin lipids,Old,Young,0.5624909575169263,0.5306019908293939,0.031888966687532494,0.4857142857142857,4,4,"Aging HIP+CP (m, sn)  [Old vs Young]"
Aging_snRNA_HIP_CP_mouse,OPC,Ketone synthesis,Old,Young,-0.013277860389986781,-0.019508351285437656,0.006230490895450875,0.2,4,4,"Aging HIP+CP (m, sn)  [Old vs Young]"
Aging_snRNA_HIP_CP_mouse,OPC,Ketone utilisation,Old,Young,-0.048539138358404545,-0.05090072732182471,0.002361588963420168,0.8857142857142857,4,4,"Aging HIP+CP (m, sn)  [Old vs Young]"
Aging_snRNA_HIP_CP_mouse,OPC,Glycolysis,Old,Young,0.040545407839783824,0.07530558828744319,-0.03476018044765936,0.05714285714285714,4,4,"Aging HIP+CP (m, sn)  [Old vs Young]"
Aging_snRNA_HIP_CP_mouse,OPC,Pyruvate to lactate,Old,Young,-0.005284482483619152,0.007522508845768202,-0.012806991329387354,0.4857142857142857,4,4,"Aging HIP+CP (m, sn)  [Old vs Young]"
Aging_snRNA_HIP_CP_mouse,OPC,Pentose phosphate,Old,Young,0.017287833242954,0.019976815738769027,-0.0026889824958150274,0.6857142857142857,4,4,"Aging HIP+CP (m, sn)  [Old vs Young]"
Aging_snRNA_HIP_CP_mouse,OPC,TCA cycle,Old,Young,0.01987499075323166,0.04144703181770048,-0.02157204106446882,0.2,4,4,"Aging HIP+CP (m, sn)  [Old vs Young]"
Aging_snRNA_HIP_CP_mouse,OPC,OXPHOS,Old,Young,0.036255416211359325,0.10282313264291504,-0.0665677164315557,0.05714285714285714,4,4,"Aging HIP+CP (m, sn)  [Old vs Young]"
Aging_snRNA_HIP_CP_mouse,OPC,Beta-oxidation,Old,Young,-0.021271874817752535,-0.020477294804003565,-0.0007945800137489703,0.6857142857142857,4,4,"Aging HIP+CP (m, sn)  [Old vs Young]"
Aging_snRNA_HIP_CP_mouse,OPC,Lipid synthesis,Old,Young,-0.002176489190079712,-0.017273574877235517,0.015097085687155804,0.05714285714285714,4,4,"Aging HIP+CP (m, sn)  [Old vs Young]"
Aging_snRNA_HIP_CP_mouse,OPC,Cholesterol synthesis,Old,Young,-0.03557903549031333,-0.03142474469498075,-0.0041542907953325756,0.6857142857142857,4,4,"Aging HIP+CP (m, sn)  [Old vs Young]"
Aging_snRNA_HIP_CP_mouse,OPC,Lipid transport / storage,Old,Young,0.07972176652683735,0.0722481474193267,0.007473619107510654,0.8857142857142857,4,4,"Aging HIP+CP (m, sn)  [Old vs Young]"
Aging_snRNA_HIP_CP_mouse,OPC,Myelin lipids,Old,Young,0.03560526663076046,0.01895092826352236,0.016654338367238102,0.34285714285714286,4,4,"Aging HIP+CP (m, sn)  [Old vs Young]"
Aging_snRNA_HIP_CP_mouse,Microglia,Ketone synthesis,Old,Young,-0.01878869750387696,-0.017684914413510108,-0.0011037830903668534,0.8857142857142857,4,4,"Aging HIP+CP (m, sn)  [Old vs Young]"
Aging_snRNA_HIP_CP_mouse,Microglia,Ketone utilisation,Old,Young,0.09416727758170579,0.0811660233468991,0.013001254234806692,0.34285714285714286,4,4,"Aging HIP+CP (m, sn)  [Old vs Young]"
Aging_snRNA_HIP_CP_mouse,Microglia,Glycolysis,Old,Young,0.05436812513525035,0.06656119484294282,-0.012193069707692468,0.34285714285714286,4,4,"Aging HIP+CP (m, sn)  [Old vs Young]"
Aging_snRNA_HIP_CP_mouse,Microglia,Pyruvate to lactate,Old,Young,0.03189477668162754,0.027537811746395833,0.004356964935231706,0.34285714285714286,4,4,"Aging HIP+CP (m, sn)  [Old vs Young]"
Aging_snRNA_HIP_CP_mouse,Microglia,Pentose phosphate,Old,Young,0.013779686015499146,0.02165194609900282,-0.007872260083503675,1.0,4,4,"Aging HIP+CP (m, sn)  [Old vs Young]"
Aging_snRNA_HIP_CP_mouse,Microglia,TCA cycle,Old,Young,-0.0185404011045003,0.001337713086368823,-0.01987811419086912,0.11428571428571428,4,4,"Aging HIP+CP (m, sn)  [Old vs Young]"
Aging_snRNA_HIP_CP_mouse,Microglia,OXPHOS,Old,Young,-0.05401530792674693,-0.004428205635130026,-0.049587102291616905,0.11428571428571428,4,4,"Aging HIP+CP (m, sn)  [Old vs Young]"
Aging_snRNA_HIP_CP_mouse,Microglia,Beta-oxidation,Old,Young,-0.06928532297308461,-0.07015543308385865,0.0008701101107740361,0.8857142857142857,4,4,"Aging HIP+CP (m, sn)  [Old vs Young]"
Aging_snRNA_HIP_CP_mouse,Microglia,Lipid synthesis,Old,Young,-0.060748377907026654,-0.06374346275869652,0.0029950848516698686,0.6857142857142857,4,4,"Aging HIP+CP (m, sn)  [Old vs Young]"
Aging_snRNA_HIP_CP_mouse,Microglia,Cholesterol synthesis,Old,Young,-0.10829368426072161,-0.1135169403826621,0.005223256121940481,0.8857142857142857,4,4,"Aging HIP+CP (m, sn)  [Old vs Young]"
Aging_snRNA_HIP_CP_mouse,Microglia,Lipid transport / storage,Old,Young,0.09267224158541526,0.05255609845676776,0.0401161431286475,0.02857142857142857,4,4,"Aging HIP+CP (m, sn)  [Old vs Young]"
Aging_snRNA_HIP_CP_mouse,Microglia,Myelin lipids,Old,Young,-0.07160821380497026,-0.07911110099600807,0.00750288719103781,0.4857142857142857,4,4,"Aging HIP+CP (m, sn)  [Old vs Young]"
Aging_snRNA_HIP_CP_mouse,Astrocyte,Ketone synthesis,Old,Young,0.033096438479461074,0.016902130459223164,0.01619430802023791,0.05714285714285714,4,4,"Aging HIP+CP (m, sn)  [Old vs Young]"
Aging_snRNA_HIP_CP_mouse,Astrocyte,Ketone utilisation,Old,Young,0.2367978640001737,0.20737161293538742,0.029426251064786274,0.4857142857142857,4,4,"Aging HIP+CP (m, sn)  [Old vs Young]"
Aging_snRNA_HIP_CP_mouse,Astrocyte,Glycolysis,Old,Young,0.06803621298445693,0.06809566116826565,-5.9448183808721855e-05,1.0,4,4,"Aging HIP+CP (m, sn)  [Old vs Young]"
Aging_snRNA_HIP_CP_mouse,Astrocyte,Pyruvate to lactate,Old,Young,0.003425692599905217,0.0027001342881958395,0.0007255583117093773,0.8857142857142857,4,4,"Aging HIP+CP (m, sn)  [Old vs Young]"
Aging_snRNA_HIP_CP_mouse,Astrocyte,Pentose phosphate,Old,Young,0.031386459700554495,0.02389452816466263,0.007491931535891866,0.2,4,4,"Aging HIP+CP (m, sn)  [Old vs Young]"
Aging_snRNA_HIP_CP_mouse,Astrocyte,TCA cycle,Old,Young,0.08794535941301984,0.10119324231030821,-0.013247882897288371,0.02857142857142857,4,4,"Aging HIP+CP (m, sn)  [Old vs Young]"
Aging_snRNA_HIP_CP_mouse,Astrocyte,OXPHOS,Old,Young,-0.00744798018782358,0.02808533389717472,-0.0355333140849983,0.05714285714285714,4,4,"Aging HIP+CP (m, sn)  [Old vs Young]"
Aging_snRNA_HIP_CP_mouse,Astrocyte,Beta-oxidation,Old,Young,0.02609940286743758,0.01083087550884939,0.015268527358588191,0.02857142857142857,4,4,"Aging HIP+CP (m, sn)  [Old vs Young]"
Aging_snRNA_HIP_CP_mouse,Astrocyte,Lipid synthesis,Old,Young,0.09338054743362503,0.05532675405074319,0.03805379338288184,0.2,4,4,"Aging HIP+CP (m, sn)  [Old vs Young]"
Aging_snRNA_HIP_CP_mouse,Astrocyte,Cholesterol synthesis,Old,Young,0.03563894572502849,0.030929447719849686,0.004709498005178801,0.6857142857142857,4,4,"Aging HIP+CP (m, sn)  [Old vs Young]"
Aging_snRNA_HIP_CP_mouse,Astrocyte,Lipid transport / storage,Old,Young,0.1462477197274614,0.11645041649093307,0.029797303236528322,0.34285714285714286,4,4,"Aging HIP+CP (m, sn)  [Old vs Young]"
Aging_snRNA_HIP_CP_mouse,Astrocyte,Myelin lipids,Old,Young,-0.0903548625042358,-0.10065231303831834,0.010297450534082542,0.4857142857142857,4,4,"Aging HIP+CP (m, sn)  [Old vs Young]"
Aging_snRNA_HIP_CP_mouse,Neuron,Ketone synthesis,Old,Young,-0.00451042820698245,-0.009948468854363528,0.005438040647381078,0.6857142857142857,4,4,"Aging HIP+CP (m, sn)  [Old vs Young]"
Aging_snRNA_HIP_CP_mouse,Neuron,Ketone utilisation,Old,Young,-0.079584662933462,-0.08584247419718612,0.006257811263724114,1.0,4,4,"Aging HIP+CP (m, sn)  [Old vs Young]"
Aging_snRNA_HIP_CP_mouse,Neuron,Glycolysis,Old,Young,0.036982450976578075,0.040871100681174284,-0.0038886497045962087,0.6857142857142857,4,4,"Aging HIP+CP (m, sn)  [Old vs Young]"
Aging_snRNA_HIP_CP_mouse,Neuron,Pyruvate to lactate,Old,Young,0.011274843778333269,0.00960797932548922,0.0016668644528440493,0.8857142857142857,4,4,"Aging HIP+CP (m, sn)  [Old vs Young]"
Aging_snRNA_HIP_CP_mouse,Neuron,Pentose phosphate,Old,Young,-0.005921326373023821,-0.006649428124787546,0.0007281017517637252,1.0,4,4,"Aging HIP+CP (m, sn)  [Old vs Young]"
Aging_snRNA_HIP_CP_mouse,Neuron,TCA cycle,Old,Young,0.03725259361568678,0.04138576890193642,-0.004133175286249638,0.6857142857142857,4,4,"Aging HIP+CP (m, sn)  [Old vs Young]"
Aging_snRNA_HIP_CP_mouse,Neuron,OXPHOS,Old,Young,-0.0417141619144487,-0.0269340535663696,-0.014780108348079097,0.2,4,4,"Aging HIP+CP (m, sn)  [Old vs Young]"
Aging_snRNA_HIP_CP_mouse,Neuron,Beta-oxidation,Old,Young,-0.06114248505964667,-0.06033290250382592,-0.0008095825558207537,0.8857142857142857,4,4,"Aging HIP+CP (m, sn)  [Old vs Young]"
Aging_snRNA_HIP_CP_mouse,Neuron,Lipid synthesis,Old,Young,-0.1442019081060693,-0.14621491266118783,0.0020130045551185194,0.34285714285714286,4,4,"Aging HIP+CP (m, sn)  [Old vs Young]"
Aging_snRNA_HIP_CP_mouse,Neuron,Cholesterol synthesis,Old,Young,-0.06353496856440222,-0.06879277846834478,0.005257809903942562,0.4857142857142857,4,4,"Aging HIP+CP (m, sn)  [Old vs Young]"
Aging_snRNA_HIP_CP_mouse,Neuron,Lipid transport / storage,Old,Young,-0.07967527340144444,-0.08533925719588945,0.005663983794445007,0.6857142857142857,4,4,"Aging HIP+CP (m, sn)  [Old vs Young]"
Aging_snRNA_HIP_CP_mouse,Neuron,Myelin lipids,Old,Young,-0.12260356809224082,-0.12564011263643937,0.0030365445441985495,0.8857142857142857,4,4,"Aging HIP+CP (m, sn)  [Old vs Young]"
Aging_snRNA_HIP_CP_mouse,Endothelial,Ketone synthesis,Old,Young,-0.0008922047480608127,0.039928225434016563,-0.04082043018207738,0.02857142857142857,4,4,"Aging HIP+CP (m, sn)  [Old vs Young]"
Aging_snRNA_HIP_CP_mouse,Endothelial,Ketone utilisation,Old,Young,-0.1613289684796973,-0.1858312032770495,0.024502234797352196,0.4857142857142857,4,4,"Aging HIP+CP (m, sn)  [Old vs Young]"
Aging_snRNA_HIP_CP_mouse,Endothelial,Glycolysis,Old,Young,0.08964411298000514,0.07875840046932296,0.010885712510682183,0.8857142857142857,4,4,"Aging HIP+CP (m, sn)  [Old vs Young]"
Aging_snRNA_HIP_CP_mouse,Endothelial,Pyruvate to lactate,Old,Young,-0.04040616053186311,-0.027513142427275088,-0.012893018104588025,0.34285714285714286,4,4,"Aging HIP+CP (m, sn)  [Old vs Young]"
Aging_snRNA_HIP_CP_mouse,Endothelial,Pentose phosphate,Old,Young,0.038995007801609874,0.02794432513482055,0.011050682666789324,0.34285714285714286,4,4,"Aging HIP+CP (m, sn)  [Old vs Young]"
Aging_snRNA_HIP_CP_mouse,Endothelial,TCA cycle,Old,Young,0.008005920812570188,0.009239226508353494,-0.0012333056957833065,0.8857142857142857,4,4,"Aging HIP+CP (m, sn)  [Old vs Young]"
Aging_snRNA_HIP_CP_mouse,Endothelial,OXPHOS,Old,Young,0.05573532984072185,0.07245480340805352,-0.016719473567331666,0.4857142857142857,4,4,"Aging HIP+CP (m, sn)  [Old vs Young]"
Aging_snRNA_HIP_CP_mouse,Endothelial,Beta-oxidation,Old,Young,0.007145936048094231,-0.0006084359973437849,0.007754372045438016,0.4857142857142857,4,4,"Aging HIP+CP (m, sn)  [Old vs Young]"
Aging_snRNA_HIP_CP_mouse,Endothelial,Lipid synthesis,Old,Young,-0.06915861161852076,-0.09132014248299261,0.022161530864471854,0.4857142857142857,4,4,"Aging HIP+CP (m, sn)  [Old vs Young]"
Aging_snRNA_HIP_CP_mouse,Endothelial,Cholesterol synthesis,Old,Young,-0.07890737490484942,-0.09293423641417167,0.014026861509322253,0.11428571428571428,4,4,"Aging HIP+CP (m, sn)  [Old vs Young]"
Aging_snRNA_HIP_CP_mouse,Endothelial,Lipid transport / storage,Old,Young,0.05066585917853774,0.02302928931007516,0.02763656986846258,0.2,4,4,"Aging HIP+CP (m, sn)  [Old vs Young]"
Aging_snRNA_HIP_CP_mouse,Endothelial,Myelin lipids,Old,Young,-0.06778553281381744,-0.08488661298657474,0.0171010801727573,1.0,4,4,"Aging HIP+CP (m, sn)  [Old vs Young]"
Aging_snRNA_HIP_CP_mouse,Vascular/Fibroblast,Ketone synthesis,Old,Young,0.023804802799895535,0.03323962086595384,-0.009434818066058306,0.6857142857142857,4,4,"Aging HIP+CP (m, sn)  [Old vs Young]"
Aging_snRNA_HIP_CP_mouse,Vascular/Fibroblast,Ketone utilisation,Old,Young,-0.06860355886328146,-0.12303640640463574,0.05443284754135429,0.02857142857142857,4,4,"Aging HIP+CP (m, sn)  [Old vs Young]"
Aging_snRNA_HIP_CP_mouse,Vascular/Fibroblast,Glycolysis,Old,Young,-0.007744816002338525,0.007854864616697594,-0.015599680619036119,0.4857142857142857,4,4,"Aging HIP+CP (m, sn)  [Old vs Young]"
Aging_snRNA_HIP_CP_mouse,Vascular/Fibroblast,Pyruvate to lactate,Old,Young,-0.05158627992487477,-0.05077318921758288,-0.0008130907072918941,1.0,4,4,"Aging HIP+CP (m, sn)  [Old vs Young]"
Aging_snRNA_HIP_CP_mouse,Vascular/Fibroblast,Pentose phosphate,Old,Young,-0.002450200793811312,-0.00030725298031095073,-0.002142947813500361,0.8857142857142857,4,4,"Aging HIP+CP (m, sn)  [Old vs Young]"
Aging_snRNA_HIP_CP_mouse,Vascular/Fibroblast,TCA cycle,Old,Young,0.012190873274495456,0.034444591011435155,-0.0222537177369397,0.34285714285714286,4,4,"Aging HIP+CP (m, sn)  [Old vs Young]"
Aging_snRNA_HIP_CP_mouse,Vascular/Fibroblast,OXPHOS,Old,Young,-0.011621703340322252,0.04365219161290231,-0.055273894953224566,0.11428571428571428,4,4,"Aging HIP+CP (m, sn)  [Old vs Young]"
Aging_snRNA_HIP_CP_mouse,Vascular/Fibroblast,Beta-oxidation,Old,Young,0.0017758512889330391,-0.005262120805045283,0.0070379720939783225,0.6857142857142857,4,4,"Aging HIP+CP (m, sn)  [Old vs Young]"
Aging_snRNA_HIP_CP_mouse,Vascular/Fibroblast,Lipid synthesis,Old,Young,-0.06367708403737167,-0.0808670129066616,0.017189928869289925,0.34285714285714286,4,4,"Aging HIP+CP (m, sn)  [Old vs Young]"
Aging_snRNA_HIP_CP_mouse,Vascular/Fibroblast,Cholesterol synthesis,Old,Young,-0.06945357073552812,-0.07499858886477612,0.005545018129248,0.8857142857142857,4,4,"Aging HIP+CP (m, sn)  [Old vs Young]"
Aging_snRNA_HIP_CP_mouse,Vascular/Fibroblast,Lipid transport / storage,Old,Young,0.129678597665413,0.10211264447018836,0.027565953195224646,1.0,4,4,"Aging HIP+CP (m, sn)  [Old vs Young]"
Aging_snRNA_HIP_CP_mouse,Vascular/Fibroblast,Myelin lipids,Old,Young,-0.08388457007501858,-0.09696799380354494,0.013083423728526361,0.11428571428571428,4,4,"Aging HIP+CP (m, sn)  [Old vs Young]"
Aging_snRNA_HIP_CP_mouse,Immune (lymphoid/myeloid),Ketone synthesis,Old,Young,-0.0012649955857566945,-0.003938030842904186,0.0026730352571474915,,2,2,"Aging HIP+CP (m, sn)  [Old vs Young]"
Aging_snRNA_HIP_CP_mouse,Immune (lymphoid/myeloid),Ketone utilisation,Old,Young,-0.02668394363786278,-0.0008070163278892406,-0.02587692730997354,,2,2,"Aging HIP+CP (m, sn)  [Old vs Young]"
Aging_snRNA_HIP_CP_mouse,Immune (lymphoid/myeloid),Glycolysis,Old,Young,0.059381841908775095,0.046387393205363,0.012994448703412091,,2,2,"Aging HIP+CP (m, sn)  [Old vs Young]"
Aging_snRNA_HIP_CP_mouse,Immune (lymphoid/myeloid),Pyruvate to lactate,Old,Young,-0.0040124142260321155,-0.002837000780752665,-0.0011754134452794506,,2,2,"Aging HIP+CP (m, sn)  [Old vs Young]"
Aging_snRNA_HIP_CP_mouse,Immune (lymphoid/myeloid),Pentose phosphate,Old,Young,-0.011651281490862517,-0.0072800375426454325,-0.004371243948217084,,2,2,"Aging HIP+CP (m, sn)  [Old vs Young]"
Aging_snRNA_HIP_CP_mouse,Immune (lymphoid/myeloid),TCA cycle,Old,Young,0.08053316506838361,0.07203614518648868,0.008497019881894927,,2,2,"Aging HIP+CP (m, sn)  [Old vs Young]"
Aging_snRNA_HIP_CP_mouse,Immune (lymphoid/myeloid),OXPHOS,Old,Young,-0.03280830868177484,-0.02646922302043573,-0.00633908566133911,,2,2,"Aging HIP+CP (m, sn)  [Old vs Young]"
Aging_snRNA_HIP_CP_mouse,Immune (lymphoid/myeloid),Beta-oxidation,Old,Young,-0.07323102428639203,-0.07391379701303605,0.0006827727266440209,,2,2,"Aging HIP+CP (m, sn)  [Old vs Young]"
Aging_snRNA_HIP_CP_mouse,Immune (lymphoid/myeloid),Lipid synthesis,Old,Young,-0.08152144405344541,-0.09037152853121523,0.008850084477769818,,2,2,"Aging HIP+CP (m, sn)  [Old vs Young]"
Aging_snRNA_HIP_CP_mouse,Immune (lymphoid/myeloid),Cholesterol synthesis,Old,Young,0.04037031608425588,0.03624582797109194,0.004124488113163946,,2,2,"Aging HIP+CP (m, sn)  [Old vs Young]"
Aging_snRNA_HIP_CP_mouse,Immune (lymphoid/myeloid),Lipid transport / storage,Old,Young,-0.07010238891521856,-0.06852542460204354,-0.0015769643131750138,,2,2,"Aging HIP+CP (m, sn)  [Old vs Young]"
Aging_snRNA_HIP_CP_mouse,Immune (lymphoid/myeloid),Myelin lipids,Old,Young,-0.13915608946033078,-0.13656627852782527,-0.002589810932505515,,2,2,"Aging HIP+CP (m, sn)  [Old vs Young]"
Aging_snRNA_HIP_CP_mouse,Ependymal,Ketone synthesis,Old,Young,0.030896192207932473,0.031881863120637954,-0.0009856709127054816,,1,1,"Aging HIP+CP (m, sn)  [Old vs Young]"
Aging_snRNA_HIP_CP_mouse,Ependymal,Ketone utilisation,Old,Young,0.19254096133708953,0.14829182937887847,0.04424913195821106,,1,1,"Aging HIP+CP (m, sn)  [Old vs Young]"
Aging_snRNA_HIP_CP_mouse,Ependymal,Glycolysis,Old,Young,0.06055399500957516,0.0521949116063486,0.00835908340322656,,1,1,"Aging HIP+CP (m, sn)  [Old vs Young]"
Aging_snRNA_HIP_CP_mouse,Ependymal,Pyruvate to lactate,Old,Young,-0.016642350143856472,-0.03416002843983621,0.01751767829597974,,1,1,"Aging HIP+CP (m, sn)  [Old vs Young]"
Aging_snRNA_HIP_CP_mouse,Ependymal,Pentose phosphate,Old,Young,0.03593136167166217,-0.00133649030668971,0.03726785197835188,,1,1,"Aging HIP+CP (m, sn)  [Old vs Young]"
Aging_snRNA_HIP_CP_mouse,Ependymal,TCA cycle,Old,Young,0.161379472220337,0.13835254541604805,0.023026926804288944,,1,1,"Aging HIP+CP (m, sn)  [Old vs Young]"
Aging_snRNA_HIP_CP_mouse,Ependymal,OXPHOS,Old,Young,0.03295416604831285,0.033018595232640446,-6.442918432759959e-05,,1,1,"Aging HIP+CP (m, sn)  [Old vs Young]"
Aging_snRNA_HIP_CP_mouse,Ependymal,Beta-oxidation,Old,Young,0.05318606085032225,0.03002111692335762,0.02316494392696463,,1,1,"Aging HIP+CP (m, sn)  [Old vs Young]"
Aging_snRNA_HIP_CP_mouse,Ependymal,Lipid synthesis,Old,Young,0.003844597190618517,-0.0494519832681437,0.05329658045876222,,1,1,"Aging HIP+CP (m, sn)  [Old vs Young]"
Aging_snRNA_HIP_CP_mouse,Ependymal,Cholesterol synthesis,Old,Young,-0.07457909420903387,-0.0803152168682398,0.005736122659205922,,1,1,"Aging HIP+CP (m, sn)  [Old vs Young]"
Aging_snRNA_HIP_CP_mouse,Ependymal,Lipid transport / storage,Old,Young,0.019315627442137703,-0.018220510597507823,0.03753613803964553,,1,1,"Aging HIP+CP (m, sn)  [Old vs Young]"
Aging_snRNA_HIP_CP_mouse,Ependymal,Myelin lipids,Old,Young,-0.11022796605279048,-0.11855489752657426,0.008326931473783786,,1,1,"Aging HIP+CP (m, sn)  [Old vs Young]"
Chen2020_ST_AppNLGF_mouse,spot,Ketone synthesis,AD,WT,0.02158028111521178,0.03369523465888173,-0.01211495354366995,0.9698499769931556,10,10,"Chen 2020 ST AD (m, spatial)  [AD vs WT]"
Chen2020_ST_AppNLGF_mouse,spot,Ketone utilisation,AD,WT,-0.03765129163891287,-0.030722676252151034,-0.006928615386761837,0.3447042220069576,10,10,"Chen 2020 ST AD (m, spatial)  [AD vs WT]"
Chen2020_ST_AppNLGF_mouse,spot,Glycolysis,AD,WT,0.5283051713217427,0.5231915886036196,0.005113582718123122,0.4273553138978077,10,10,"Chen 2020 ST AD (m, spatial)  [AD vs WT]"
Chen2020_ST_AppNLGF_mouse,spot,Pyruvate to lactate,AD,WT,0.1206293578829984,0.13571803111028363,-0.01508867322728523,0.3447042220069576,10,10,"Chen 2020 ST AD (m, spatial)  [AD vs WT]"
Chen2020_ST_AppNLGF_mouse,spot,Pentose phosphate,AD,WT,0.08530156442764927,0.06858128016967316,0.016720284257976115,0.3846730627355087,10,10,"Chen 2020 ST AD (m, spatial)  [AD vs WT]"
Chen2020_ST_AppNLGF_mouse,spot,TCA cycle,AD,WT,0.37138364353926373,0.3539715698918183,0.017412073647445403,0.12122450301291662,10,10,"Chen 2020 ST AD (m, spatial)  [AD vs WT]"
Chen2020_ST_AppNLGF_mouse,spot,OXPHOS,AD,WT,0.592519308707862,0.5965321741855317,-0.004012865477669769,0.47267559351158717,10,10,"Chen 2020 ST AD (m, spatial)  [AD vs WT]"
Chen2020_ST_AppNLGF_mouse,spot,Beta-oxidation,AD,WT,-0.06652043879021344,-0.0677277613616276,0.0012073225714141628,0.9698499769931556,10,10,"Chen 2020 ST AD (m, spatial)  [AD vs WT]"
Chen2020_ST_AppNLGF_mouse,spot,Lipid synthesis,AD,WT,0.2073533198548499,0.18462544544734444,0.022727874407505455,0.04515456962427901,10,10,"Chen 2020 ST AD (m, spatial)  [AD vs WT]"
Chen2020_ST_AppNLGF_mouse,spot,Cholesterol synthesis,AD,WT,0.029506334048442374,0.013597056793709743,0.01590927725473263,0.16197241048012612,10,10,"Chen 2020 ST AD (m, spatial)  [AD vs WT]"
Chen2020_ST_AppNLGF_mouse,spot,Lipid transport / storage,AD,WT,0.21961519170028238,0.20286448251640912,0.016750709183873252,0.8501067391385259,10,10,"Chen 2020 ST AD (m, spatial)  [AD vs WT]"
Chen2020_ST_AppNLGF_mouse,spot,Myelin lipids,AD,WT,0.055863063777333286,0.014006036944538183,0.0418570268327951,0.011329696684474665,10,10,"Chen 2020 ST AD (m, spatial)  [AD vs WT]"
Jakel2019_MS_human_snRNA,Oligodendrocyte,Ketone synthesis,MS,Ctrl,-0.00022295613091180672,0.02157509232460509,-0.021798048455516895,0.013574660633484163,12,5,"Jäkel 2019 MS (h, sn)  [MS vs Ctrl]"
Jakel2019_MS_human_snRNA,Oligodendrocyte,Ketone utilisation,MS,Ctrl,0.005320587438101268,0.03716257771876792,-0.03184199028066666,0.009372979961215255,12,5,"Jäkel 2019 MS (h, sn)  [MS vs Ctrl]"
Jakel2019_MS_human_snRNA,Oligodendrocyte,Glycolysis,MS,Ctrl,0.028315580717102176,0.061834264939295225,-0.03351868422219305,0.15998707175177765,12,5,"Jäkel 2019 MS (h, sn)  [MS vs Ctrl]"
Jakel2019_MS_human_snRNA,Oligodendrocyte,Pyruvate to lactate,MS,Ctrl,0.0041491049745718545,-0.007776210913775189,0.011925315888347044,0.5058177117000646,12,5,"Jäkel 2019 MS (h, sn)  [MS vs Ctrl]"
Jakel2019_MS_human_snRNA,Oligodendrocyte,Pentose phosphate,MS,Ctrl,-0.004928104886191807,0.04922939563376082,-0.05415750051995263,0.0636716224951519,12,5,"Jäkel 2019 MS (h, sn)  [MS vs Ctrl]"
Jakel2019_MS_human_snRNA,Oligodendrocyte,TCA cycle,MS,Ctrl,-0.014663169669352006,0.005527188303181555,-0.02019035797253356,0.2343244990303814,12,5,"Jäkel 2019 MS (h, sn)  [MS vs Ctrl]"
Jakel2019_MS_human_snRNA,Oligodendrocyte,OXPHOS,MS,Ctrl,-0.06322998724959521,-0.01173633406619341,-0.051493653183401794,0.2343244990303814,12,5,"Jäkel 2019 MS (h, sn)  [MS vs Ctrl]"
Jakel2019_MS_human_snRNA,Oligodendrocyte,Beta-oxidation,MS,Ctrl,0.01110538692003233,0.017658173586710874,-0.006552786666678544,0.3826761473820297,12,5,"Jäkel 2019 MS (h, sn)  [MS vs Ctrl]"
Jakel2019_MS_human_snRNA,Oligodendrocyte,Lipid synthesis,MS,Ctrl,0.24029141657157652,0.179088829206068,0.061202587365508515,0.3283775048480931,12,5,"Jäkel 2019 MS (h, sn)  [MS vs Ctrl]"
Jakel2019_MS_human_snRNA,Oligodendrocyte,Cholesterol synthesis,MS,Ctrl,0.10715336261233649,0.003144903152996449,0.10400845945934004,0.013574660633484163,12,5,"Jäkel 2019 MS (h, sn)  [MS vs Ctrl]"
Jakel2019_MS_human_snRNA,Oligodendrocyte,Lipid transport / storage,MS,Ctrl,0.2419466298675527,0.2496707558643121,-0.007724125996759396,0.6460892049127342,12,5,"Jäkel 2019 MS (h, sn)  [MS vs Ctrl]"
Jakel2019_MS_human_snRNA,Oligodendrocyte,Myelin lipids,MS,Ctrl,0.25256235204539335,0.2610770445756433,-0.008514692530249945,0.7213962508080154,12,5,"Jäkel 2019 MS (h, sn)  [MS vs Ctrl]"
Jakel2019_MS_human_snRNA,OPC,Ketone synthesis,MS,Ctrl,-0.024969173862177882,0.0025303476863369197,-0.027499521548514802,,2,3,"Jäkel 2019 MS (h, sn)  [MS vs Ctrl]"
Jakel2019_MS_human_snRNA,OPC,Ketone utilisation,MS,Ctrl,-0.007221264562745024,-0.006935186851486649,-0.00028607771125837515,,2,3,"Jäkel 2019 MS (h, sn)  [MS vs Ctrl]"
Jakel2019_MS_human_snRNA,OPC,Glycolysis,MS,Ctrl,0.02371500160364605,0.07491057042571266,-0.051195568822066606,,2,3,"Jäkel 2019 MS (h, sn)  [MS vs Ctrl]"
Jakel2019_MS_human_snRNA,OPC,Pyruvate to lactate,MS,Ctrl,-0.07586636911286397,-0.022145823101694145,-0.05372054601116982,,2,3,"Jäkel 2019 MS (h, sn)  [MS vs Ctrl]"
Jakel2019_MS_human_snRNA,OPC,Pentose phosphate,MS,Ctrl,-0.16389437570951987,-0.15119478140859657,-0.012699594300923295,,2,3,"Jäkel 2019 MS (h, sn)  [MS vs Ctrl]"
Jakel2019_MS_human_snRNA,OPC,TCA cycle,MS,Ctrl,-0.04843772905408343,-0.046571140014084224,-0.0018665890399992072,,2,3,"Jäkel 2019 MS (h, sn)  [MS vs Ctrl]"
Jakel2019_MS_human_snRNA,OPC,OXPHOS,MS,Ctrl,-0.0944218144900557,-0.08210608038530566,-0.012315734104750037,,2,3,"Jäkel 2019 MS (h, sn)  [MS vs Ctrl]"
Jakel2019_MS_human_snRNA,OPC,Beta-oxidation,MS,Ctrl,0.014723084075572757,0.018810547333564638,-0.004087463257991881,,2,3,"Jäkel 2019 MS (h, sn)  [MS vs Ctrl]"
Jakel2019_MS_human_snRNA,OPC,Lipid synthesis,MS,Ctrl,-0.0380528075506323,-0.1014550422995943,0.063402234748962,,2,3,"Jäkel 2019 MS (h, sn)  [MS vs Ctrl]"
Jakel2019_MS_human_snRNA,OPC,Cholesterol synthesis,MS,Ctrl,-0.0187796770779705,-0.07333564259976438,0.054555965521793884,,2,3,"Jäkel 2019 MS (h, sn)  [MS vs Ctrl]"
Jakel2019_MS_human_snRNA,OPC,Lipid transport / storage,MS,Ctrl,0.12032816456711812,0.1841876104106015,-0.06385944584348338,,2,3,"Jäkel 2019 MS (h, sn)  [MS vs Ctrl]"
Jakel2019_MS_human_snRNA,OPC,Myelin lipids,MS,Ctrl,-0.07273864451557091,-0.060469979722227306,-0.012268664793343605,,2,3,"Jäkel 2019 MS (h, sn)  [MS vs Ctrl]"
Jakel2019_MS_human_snRNA,Microglia,Ketone synthesis,MS,Ctrl,-0.024391255424589402,-0.024599974967881494,0.00020871954329209144,,6,1,"Jäkel 2019 MS (h, sn)  [MS vs Ctrl]"
Jakel2019_MS_human_snRNA,Microglia,Ketone utilisation,MS,Ctrl,-0.007738444862410469,0.05509545422067829,-0.06283389908308876,,6,1,"Jäkel 2019 MS (h, sn)  [MS vs Ctrl]"
Jakel2019_MS_human_snRNA,Microglia,Glycolysis,MS,Ctrl,0.04094028262019058,0.04839664480518755,-0.00745636218499697,,6,1,"Jäkel 2019 MS (h, sn)  [MS vs Ctrl]"
Jakel2019_MS_human_snRNA,Microglia,Pyruvate to lactate,MS,Ctrl,-0.03523124805183467,-0.012468846468088022,-0.022762401583746646,,6,1,"Jäkel 2019 MS (h, sn)  [MS vs Ctrl]"
Jakel2019_MS_human_snRNA,Microglia,Pentose phosphate,MS,Ctrl,-0.009078519709912252,-0.09858632057905196,0.08950780086913972,,6,1,"Jäkel 2019 MS (h, sn)  [MS vs Ctrl]"
Jakel2019_MS_human_snRNA,Microglia,TCA cycle,MS,Ctrl,-0.03935046314668078,-0.03882872244170436,-0.0005217407049764242,,6,1,"Jäkel 2019 MS (h, sn)  [MS vs Ctrl]"
Jakel2019_MS_human_snRNA,Microglia,OXPHOS,MS,Ctrl,-0.05757284586144465,-0.12009781353613909,0.06252496767469444,,6,1,"Jäkel 2019 MS (h, sn)  [MS vs Ctrl]"
Jakel2019_MS_human_snRNA,Microglia,Beta-oxidation,MS,Ctrl,-0.001308620379301402,0.00587206148087521,-0.007180681860176612,,6,1,"Jäkel 2019 MS (h, sn)  [MS vs Ctrl]"
Jakel2019_MS_human_snRNA,Microglia,Lipid synthesis,MS,Ctrl,0.0019736565512038506,-0.0383985262680677,0.04037218281927155,,6,1,"Jäkel 2019 MS (h, sn)  [MS vs Ctrl]"
Jakel2019_MS_human_snRNA,Microglia,Cholesterol synthesis,MS,Ctrl,-0.11016712258407892,-0.07236029248743742,-0.0378068300966415,,6,1,"Jäkel 2019 MS (h, sn)  [MS vs Ctrl]"
Jakel2019_MS_human_snRNA,Microglia,Lipid transport / storage,MS,Ctrl,0.3717384078237156,0.04435637980699539,0.32738202801672023,,6,1,"Jäkel 2019 MS (h, sn)  [MS vs Ctrl]"
Jakel2019_MS_human_snRNA,Microglia,Myelin lipids,MS,Ctrl,-0.07910694233210085,-0.06465454730839981,-0.014452395023701034,,6,1,"Jäkel 2019 MS (h, sn)  [MS vs Ctrl]"
Jakel2019_MS_human_snRNA,Astrocyte,Ketone synthesis,MS,Ctrl,0.007284499627550154,0.020445351692086437,-0.013160852064536283,0.3195970695970696,11,5,"Jäkel 2019 MS (h, sn)  [MS vs Ctrl]"
Jakel2019_MS_human_snRNA,Astrocyte,Ketone utilisation,MS,Ctrl,0.04374524432105168,0.09347686401596451,-0.04973161969491283,0.14514652014652016,11,5,"Jäkel 2019 MS (h, sn)  [MS vs Ctrl]"
Jakel2019_MS_human_snRNA,Astrocyte,Glycolysis,MS,Ctrl,0.1540556606747715,0.26608709422050153,-0.11203143354573003,0.0018315018315018315,11,5,"Jäkel 2019 MS (h, sn)  [MS vs Ctrl]"
Jakel2019_MS_human_snRNA,Astrocyte,Pyruvate to lactate,MS,Ctrl,-0.01038982749862599,0.03552217165691377,-0.045911999155539764,0.14514652014652016,11,5,"Jäkel 2019 MS (h, sn)  [MS vs Ctrl]"
Jakel2019_MS_human_snRNA,Astrocyte,Pentose phosphate,MS,Ctrl,-0.030895636504791758,-0.009645494699774772,-0.021250141805016984,0.22115384615384617,11,5,"Jäkel 2019 MS (h, sn)  [MS vs Ctrl]"
Jakel2019_MS_human_snRNA,Astrocyte,TCA cycle,MS,Ctrl,-0.0218470616027156,0.011416287760955789,-0.03326334936367139,0.06868131868131869,11,5,"Jäkel 2019 MS (h, sn)  [MS vs Ctrl]"
Jakel2019_MS_human_snRNA,Astrocyte,OXPHOS,MS,Ctrl,-0.037045204391980245,0.050065536633247684,-0.08711074102522792,0.05173992673992674,11,5,"Jäkel 2019 MS (h, sn)  [MS vs Ctrl]"
Jakel2019_MS_human_snRNA,Astrocyte,Beta-oxidation,MS,Ctrl,0.040045584658381546,0.08129746719410014,-0.04125188253571859,0.03800366300366301,11,5,"Jäkel 2019 MS (h, sn)  [MS vs Ctrl]"
Jakel2019_MS_human_snRNA,Astrocyte,Lipid synthesis,MS,Ctrl,0.03128799114908784,3.156130694450948e-05,0.03125642984214333,0.14514652014652016,11,5,"Jäkel 2019 MS (h, sn)  [MS vs Ctrl]"
Jakel2019_MS_human_snRNA,Astrocyte,Cholesterol synthesis,MS,Ctrl,-0.05896081075529991,-0.10107078995011742,0.042109979194817515,0.06868131868131869,11,5,"Jäkel 2019 MS (h, sn)  [MS vs Ctrl]"
Jakel2019_MS_human_snRNA,Astrocyte,Lipid transport / storage,MS,Ctrl,0.25995808118371,0.3003311918827264,-0.04037311069901639,0.440934065934066,11,5,"Jäkel 2019 MS (h, sn)  [MS vs Ctrl]"
Jakel2019_MS_human_snRNA,Astrocyte,Myelin lipids,MS,Ctrl,-0.06112909381181028,-0.05976452227767015,-0.0013645715341401299,0.5096153846153847,11,5,"Jäkel 2019 MS (h, sn)  [MS vs Ctrl]"
Jakel2019_MS_human_snRNA,Neuron,Ketone synthesis,MS,Ctrl,-0.0008597723818847515,0.004649998159968407,-0.0055097705418531585,0.440934065934066,11,5,"Jäkel 2019 MS (h, sn)  [MS vs Ctrl]"
Jakel2019_MS_human_snRNA,Neuron,Ketone utilisation,MS,Ctrl,-0.011833459445106682,0.015308809419381375,-0.027142268864488055,0.18040293040293043,11,5,"Jäkel 2019 MS (h, sn)  [MS vs Ctrl]"
Jakel2019_MS_human_snRNA,Neuron,Glycolysis,MS,Ctrl,0.21744970868393973,0.21772814963672205,-0.0002784409527823162,0.8269230769230771,11,5,"Jäkel 2019 MS (h, sn)  [MS vs Ctrl]"
Jakel2019_MS_human_snRNA,Neuron,Pyruvate to lactate,MS,Ctrl,-0.004532902676761417,0.010484101900826069,-0.015017004577587485,0.9130036630036632,11,5,"Jäkel 2019 MS (h, sn)  [MS vs Ctrl]"
Jakel2019_MS_human_snRNA,Neuron,Pentose phosphate,MS,Ctrl,-0.12135516064628188,-0.148389749278963,0.027034588632681128,0.440934065934066,11,5,"Jäkel 2019 MS (h, sn)  [MS vs Ctrl]"
Jakel2019_MS_human_snRNA,Neuron,TCA cycle,MS,Ctrl,0.004286600782814189,0.009313926325572881,-0.005027325542758692,0.6611721611721613,11,5,"Jäkel 2019 MS (h, sn)  [MS vs Ctrl]"
Jakel2019_MS_human_snRNA,Neuron,OXPHOS,MS,Ctrl,0.019049493309695267,0.09637761906856057,-0.0773281257588653,0.9130036630036632,11,5,"Jäkel 2019 MS (h, sn)  [MS vs Ctrl]"
Jakel2019_MS_human_snRNA,Neuron,Beta-oxidation,MS,Ctrl,-0.01927880173794182,-0.028163050352178066,0.008884248614236246,0.440934065934066,11,5,"Jäkel 2019 MS (h, sn)  [MS vs Ctrl]"
Jakel2019_MS_human_snRNA,Neuron,Lipid synthesis,MS,Ctrl,-0.0507860716336533,-0.10857074056216262,0.05778466892850932,0.01327838827838828,11,5,"Jäkel 2019 MS (h, sn)  [MS vs Ctrl]"
Jakel2019_MS_human_snRNA,Neuron,Cholesterol synthesis,MS,Ctrl,-0.05503434339275326,-0.12042131218976046,0.0653869687970072,0.11492673992673993,11,5,"Jäkel 2019 MS (h, sn)  [MS vs Ctrl]"
Jakel2019_MS_human_snRNA,Neuron,Lipid transport / storage,MS,Ctrl,-0.05914007182613046,-0.09141433401024653,0.03227426218411607,0.3195970695970696,11,5,"Jäkel 2019 MS (h, sn)  [MS vs Ctrl]"
Jakel2019_MS_human_snRNA,Neuron,Myelin lipids,MS,Ctrl,-0.14972852615483448,-0.22049503964092035,0.07076651348608587,0.03800366300366301,11,5,"Jäkel 2019 MS (h, sn)  [MS vs Ctrl]"
Jakel2019_MS_human_snRNA,Endothelial,Ketone synthesis,MS,Ctrl,-0.04082775853166188,-0.06677657634864816,0.025948817816986276,,13,2,"Jäkel 2019 MS (h, sn)  [MS vs Ctrl]"
Jakel2019_MS_human_snRNA,Endothelial,Ketone utilisation,MS,Ctrl,-0.05829721499187197,-0.07697434604086843,0.01867713104899646,,13,2,"Jäkel 2019 MS (h, sn)  [MS vs Ctrl]"
Jakel2019_MS_human_snRNA,Endothelial,Glycolysis,MS,Ctrl,0.2918277500114408,0.3091810684986892,-0.017353318487248415,,13,2,"Jäkel 2019 MS (h, sn)  [MS vs Ctrl]"
Jakel2019_MS_human_snRNA,Endothelial,Pyruvate to lactate,MS,Ctrl,0.02449243150927018,0.17401954867175184,-0.14952711716248165,,13,2,"Jäkel 2019 MS (h, sn)  [MS vs Ctrl]"
Jakel2019_MS_human_snRNA,Endothelial,Pentose phosphate,MS,Ctrl,-0.05837904451948512,-0.08339959008596382,0.025020545566478695,,13,2,"Jäkel 2019 MS (h, sn)  [MS vs Ctrl]"
Jakel2019_MS_human_snRNA,Endothelial,TCA cycle,MS,Ctrl,-0.046648402946702014,-0.07321280943915548,0.026564406492453466,,13,2,"Jäkel 2019 MS (h, sn)  [MS vs Ctrl]"
Jakel2019_MS_human_snRNA,Endothelial,OXPHOS,MS,Ctrl,0.0328493651264236,0.0827882519611696,-0.049938886834745996,,13,2,"Jäkel 2019 MS (h, sn)  [MS vs Ctrl]"
Jakel2019_MS_human_snRNA,Endothelial,Beta-oxidation,MS,Ctrl,7.050780761069236e-05,0.024425733108903662,-0.02435522530129297,,13,2,"Jäkel 2019 MS (h, sn)  [MS vs Ctrl]"
Jakel2019_MS_human_snRNA,Endothelial,Lipid synthesis,MS,Ctrl,-0.03950504977768177,-0.13211209595706513,0.09260704617938337,,13,2,"Jäkel 2019 MS (h, sn)  [MS vs Ctrl]"
Jakel2019_MS_human_snRNA,Endothelial,Cholesterol synthesis,MS,Ctrl,-0.09318563530005729,-0.13178686941055723,0.03860123411049994,,13,2,"Jäkel 2019 MS (h, sn)  [MS vs Ctrl]"
Jakel2019_MS_human_snRNA,Endothelial,Lipid transport / storage,MS,Ctrl,0.043659878031590854,0.1240415842171429,-0.08038170618555204,,13,2,"Jäkel 2019 MS (h, sn)  [MS vs Ctrl]"
Jakel2019_MS_human_snRNA,Endothelial,Myelin lipids,MS,Ctrl,-0.1050729425235123,-0.14075513640248125,0.03568219387896894,,13,2,"Jäkel 2019 MS (h, sn)  [MS vs Ctrl]"
Jakel2019_MS_human_snRNA,Vascular/Fibroblast,Ketone synthesis,MS,Ctrl,-0.053700945708326786,-0.05304630962335339,-0.0006546360849733965,0.6303030303030304,8,3,"Jäkel 2019 MS (h, sn)  [MS vs Ctrl]"
Jakel2019_MS_human_snRNA,Vascular/Fibroblast,Ketone utilisation,MS,Ctrl,-0.06027872091894505,-0.04981298150679308,-0.010465739412151974,0.9212121212121214,8,3,"Jäkel 2019 MS (h, sn)  [MS vs Ctrl]"
Jakel2019_MS_human_snRNA,Vascular/Fibroblast,Glycolysis,MS,Ctrl,0.21647857704982762,0.3331906513779383,-0.11671207432811068,0.13333333333333333,8,3,"Jäkel 2019 MS (h, sn)  [MS vs Ctrl]"
Jakel2019_MS_human_snRNA,Vascular/Fibroblast,Pyruvate to lactate,MS,Ctrl,0.02639062678873865,0.12322933437741584,-0.09683870758867719,0.08484848484848484,8,3,"Jäkel 2019 MS (h, sn)  [MS vs Ctrl]"
Jakel2019_MS_human_snRNA,Vascular/Fibroblast,Pentose phosphate,MS,Ctrl,-0.07303975538499928,-0.09535813967530064,0.022318384290301363,0.496969696969697,8,3,"Jäkel 2019 MS (h, sn)  [MS vs Ctrl]"
Jakel2019_MS_human_snRNA,Vascular/Fibroblast,TCA cycle,MS,Ctrl,-0.016938249213846727,-0.019160019005835385,0.002221769791988657,0.6303030303030304,8,3,"Jäkel 2019 MS (h, sn)  [MS vs Ctrl]"
Jakel2019_MS_human_snRNA,Vascular/Fibroblast,OXPHOS,MS,Ctrl,0.03613978164182219,0.13774706008201787,-0.10160727844019568,0.2787878787878788,8,3,"Jäkel 2019 MS (h, sn)  [MS vs Ctrl]"
Jakel2019_MS_human_snRNA,Vascular/Fibroblast,Beta-oxidation,MS,Ctrl,0.017275686278320823,0.03209475124544151,-0.014819064967120689,0.9212121212121214,8,3,"Jäkel 2019 MS (h, sn)  [MS vs Ctrl]"
Jakel2019_MS_human_snRNA,Vascular/Fibroblast,Lipid synthesis,MS,Ctrl,-0.08253143816329865,-0.11586882905539882,0.033337390892100166,0.08484848484848484,8,3,"Jäkel 2019 MS (h, sn)  [MS vs Ctrl]"
Jakel2019_MS_human_snRNA,Vascular/Fibroblast,Cholesterol synthesis,MS,Ctrl,-0.10173585661998183,-0.15595566988093776,0.05421981326095593,0.048484848484848485,8,3,"Jäkel 2019 MS (h, sn)  [MS vs Ctrl]"
Jakel2019_MS_human_snRNA,Vascular/Fibroblast,Lipid transport / storage,MS,Ctrl,0.14197340503182343,0.21779558905421845,-0.07582218402239502,0.7757575757575759,8,3,"Jäkel 2019 MS (h, sn)  [MS vs Ctrl]"
Jakel2019_MS_human_snRNA,Vascular/Fibroblast,Myelin lipids,MS,Ctrl,-0.12613044615538999,-0.17493415087730058,0.04880370472191059,0.012121212121212121,8,3,"Jäkel 2019 MS (h, sn)  [MS vs Ctrl]"
Jakel2019_MS_human_snRNA,Immune (lymphoid/myeloid),Ketone synthesis,MS,Ctrl,-0.02747035818863426,,,,4,0,"Jäkel 2019 MS (h, sn)  [MS vs Ctrl]"
Jakel2019_MS_human_snRNA,Immune (lymphoid/myeloid),Ketone utilisation,MS,Ctrl,-0.030581167750780437,,,,4,0,"Jäkel 2019 MS (h, sn)  [MS vs Ctrl]"
Jakel2019_MS_human_snRNA,Immune (lymphoid/myeloid),Glycolysis,MS,Ctrl,0.1315738474602295,,,,4,0,"Jäkel 2019 MS (h, sn)  [MS vs Ctrl]"
Jakel2019_MS_human_snRNA,Immune (lymphoid/myeloid),Pyruvate to lactate,MS,Ctrl,0.059655221516897776,,,,4,0,"Jäkel 2019 MS (h, sn)  [MS vs Ctrl]"
Jakel2019_MS_human_snRNA,Immune (lymphoid/myeloid),Pentose phosphate,MS,Ctrl,0.07592199702898196,,,,4,0,"Jäkel 2019 MS (h, sn)  [MS vs Ctrl]"
Jakel2019_MS_human_snRNA,Immune (lymphoid/myeloid),TCA cycle,MS,Ctrl,-0.0012896669824903253,,,,4,0,"Jäkel 2019 MS (h, sn)  [MS vs Ctrl]"
Jakel2019_MS_human_snRNA,Immune (lymphoid/myeloid),OXPHOS,MS,Ctrl,0.06075071904053049,,,,4,0,"Jäkel 2019 MS (h, sn)  [MS vs Ctrl]"
Jakel2019_MS_human_snRNA,Immune (lymphoid/myeloid),Beta-oxidation,MS,Ctrl,0.0171593249593049,,,,4,0,"Jäkel 2019 MS (h, sn)  [MS vs Ctrl]"
Jakel2019_MS_human_snRNA,Immune (lymphoid/myeloid),Lipid synthesis,MS,Ctrl,-0.024281495022752793,,,,4,0,"Jäkel 2019 MS (h, sn)  [MS vs Ctrl]"
Jakel2019_MS_human_snRNA,Immune (lymphoid/myeloid),Cholesterol synthesis,MS,Ctrl,-0.04890074207591193,,,,4,0,"Jäkel 2019 MS (h, sn)  [MS vs Ctrl]"
Jakel2019_MS_human_snRNA,Immune (lymphoid/myeloid),Lipid transport / storage,MS,Ctrl,0.038359364701394456,,,,4,0,"Jäkel 2019 MS (h, sn)  [MS vs Ctrl]"
Jakel2019_MS_human_snRNA,Immune (lymphoid/myeloid),Myelin lipids,MS,Ctrl,-0.02884914109028112,,,,4,0,"Jäkel 2019 MS (h, sn)  [MS vs Ctrl]"
Kaya2022_aged_WM_vs_GM_scRNA,Oligodendrocyte,Ketone synthesis,WM,GM,0.00446134317329028,0.013673553052852864,-0.009212209879562585,0.14285714285714285,5,3,"Kaya 2022 aged WM vs GM (m, sc)  [WM vs GM]"
Kaya2022_aged_WM_vs_GM_scRNA,Oligodendrocyte,Ketone utilisation,WM,GM,-0.02656018058656817,-0.009780781994231998,-0.016779398592336174,0.14285714285714285,5,3,"Kaya 2022 aged WM vs GM (m, sc)  [WM vs GM]"
Kaya2022_aged_WM_vs_GM_scRNA,Oligodendrocyte,Glycolysis,WM,GM,0.0938095180894373,0.10329472560115897,-0.009485207511721674,0.5714285714285714,5,3,"Kaya 2022 aged WM vs GM (m, sc)  [WM vs GM]"
Kaya2022_aged_WM_vs_GM_scRNA,Oligodendrocyte,Pyruvate to lactate,WM,GM,-0.1720111425943829,-0.15291497859018854,-0.019096164004194366,0.03571428571428571,5,3,"Kaya 2022 aged WM vs GM (m, sc)  [WM vs GM]"
Kaya2022_aged_WM_vs_GM_scRNA,Oligodendrocyte,Pentose phosphate,WM,GM,0.37087154182350474,0.35362572220011823,0.017245819623386505,0.5714285714285714,5,3,"Kaya 2022 aged WM vs GM (m, sc)  [WM vs GM]"
Kaya2022_aged_WM_vs_GM_scRNA,Oligodendrocyte,TCA cycle,WM,GM,0.11026318710587021,0.0989806340074138,0.01128255309845641,1.0,5,3,"Kaya 2022 aged WM vs GM (m, sc)  [WM vs GM]"
Kaya2022_aged_WM_vs_GM_scRNA,Oligodendrocyte,OXPHOS,WM,GM,0.3539021574112445,0.30619857487372854,0.04770358253751594,0.25,5,3,"Kaya 2022 aged WM vs GM (m, sc)  [WM vs GM]"
Kaya2022_aged_WM_vs_GM_scRNA,Oligodendrocyte,Beta-oxidation,WM,GM,0.054067663635397875,0.04111168811033214,0.012955975525065735,0.07142857142857142,5,3,"Kaya 2022 aged WM vs GM (m, sc)  [WM vs GM]"
Kaya2022_aged_WM_vs_GM_scRNA,Oligodendrocyte,Lipid synthesis,WM,GM,0.13049966780466288,0.17584371507909777,-0.04534404727443489,0.39285714285714285,5,3,"Kaya 2022 aged WM vs GM (m, sc)  [WM vs GM]"
Kaya2022_aged_WM_vs_GM_scRNA,Oligodendrocyte,Cholesterol synthesis,WM,GM,0.09181143142881686,0.12210432738356762,-0.030292895954750765,0.5714285714285714,5,3,"Kaya 2022 aged WM vs GM (m, sc)  [WM vs GM]"
Kaya2022_aged_WM_vs_GM_scRNA,Oligodendrocyte,Lipid transport / storage,WM,GM,0.5615925737056247,0.5056321418224438,0.055960431883180894,0.5714285714285714,5,3,"Kaya 2022 aged WM vs GM (m, sc)  [WM vs GM]"
Kaya2022_aged_WM_vs_GM_scRNA,Oligodendrocyte,Myelin lipids,WM,GM,0.36150511306628097,0.3533956667369353,0.008109446329345682,0.7857142857142857,5,3,"Kaya 2022 aged WM vs GM (m, sc)  [WM vs GM]"
Kaya2022_aged_WM_vs_GM_scRNA,OPC,Ketone synthesis,WM,GM,0.018727266597605888,-0.04472809170231675,0.06345535829992263,,2,1,"Kaya 2022 aged WM vs GM (m, sc)  [WM vs GM]"
Kaya2022_aged_WM_vs_GM_scRNA,OPC,Ketone utilisation,WM,GM,0.017965744251864296,0.04579963952844792,-0.027833895276583625,,2,1,"Kaya 2022 aged WM vs GM (m, sc)  [WM vs GM]"
Kaya2022_aged_WM_vs_GM_scRNA,OPC,Glycolysis,WM,GM,0.1852396004585257,0.2500455594557838,-0.06480595899725808,,2,1,"Kaya 2022 aged WM vs GM (m, sc)  [WM vs GM]"
Kaya2022_aged_WM_vs_GM_scRNA,OPC,Pyruvate to lactate,WM,GM,-0.05422781955249725,-0.022488543650116582,-0.03173927590238067,,2,1,"Kaya 2022 aged WM vs GM (m, sc)  [WM vs GM]"
Kaya2022_aged_WM_vs_GM_scRNA,OPC,Pentose phosphate,WM,GM,-0.02572184009211404,-0.11951376216881204,0.09379192207669801,,2,1,"Kaya 2022 aged WM vs GM (m, sc)  [WM vs GM]"
Kaya2022_aged_WM_vs_GM_scRNA,OPC,TCA cycle,WM,GM,0.08978400439583888,0.0622767640805906,0.027507240315248274,,2,1,"Kaya 2022 aged WM vs GM (m, sc)  [WM vs GM]"
Kaya2022_aged_WM_vs_GM_scRNA,OPC,OXPHOS,WM,GM,0.4601915468942551,0.32424850261572635,0.13594304427852877,,2,1,"Kaya 2022 aged WM vs GM (m, sc)  [WM vs GM]"
Kaya2022_aged_WM_vs_GM_scRNA,OPC,Beta-oxidation,WM,GM,0.046851348820481864,0.07220471038054325,-0.02535336156006139,,2,1,"Kaya 2022 aged WM vs GM (m, sc)  [WM vs GM]"
Kaya2022_aged_WM_vs_GM_scRNA,OPC,Lipid synthesis,WM,GM,-0.11375460620116434,-0.1599403741480608,0.04618576794689647,,2,1,"Kaya 2022 aged WM vs GM (m, sc)  [WM vs GM]"
Kaya2022_aged_WM_vs_GM_scRNA,OPC,Cholesterol synthesis,WM,GM,0.1227286480386795,0.08347605658377144,0.03925259145490806,,2,1,"Kaya 2022 aged WM vs GM (m, sc)  [WM vs GM]"
Kaya2022_aged_WM_vs_GM_scRNA,OPC,Lipid transport / storage,WM,GM,0.11941413114062782,0.2227401196698606,-0.10332598852923278,,2,1,"Kaya 2022 aged WM vs GM (m, sc)  [WM vs GM]"
Kaya2022_aged_WM_vs_GM_scRNA,OPC,Myelin lipids,WM,GM,-0.15607990770254818,-0.19732679587421995,0.04124688817167177,,2,1,"Kaya 2022 aged WM vs GM (m, sc)  [WM vs GM]"
Kaya2022_aged_WM_vs_GM_scRNA,Microglia,Ketone synthesis,WM,GM,-0.050374101944115665,-0.0747189800918377,0.02434487814772203,0.25,5,3,"Kaya 2022 aged WM vs GM (m, sc)  [WM vs GM]"
Kaya2022_aged_WM_vs_GM_scRNA,Microglia,Ketone utilisation,WM,GM,0.02100846859864188,0.04841792335447847,-0.027409454755836588,0.25,5,3,"Kaya 2022 aged WM vs GM (m, sc)  [WM vs GM]"
Kaya2022_aged_WM_vs_GM_scRNA,Microglia,Glycolysis,WM,GM,0.1844792951316902,0.1915392334153031,-0.007059938283612899,0.25,5,3,"Kaya 2022 aged WM vs GM (m, sc)  [WM vs GM]"
Kaya2022_aged_WM_vs_GM_scRNA,Microglia,Pyruvate to lactate,WM,GM,0.04549841632611557,0.05415874693659504,-0.008660330610479466,0.25,5,3,"Kaya 2022 aged WM vs GM (m, sc)  [WM vs GM]"
Kaya2022_aged_WM_vs_GM_scRNA,Microglia,Pentose phosphate,WM,GM,-0.02353608799786454,-0.041290393044595274,0.017754305046730732,1.0,5,3,"Kaya 2022 aged WM vs GM (m, sc)  [WM vs GM]"
Kaya2022_aged_WM_vs_GM_scRNA,Microglia,TCA cycle,WM,GM,0.029622944557675834,0.019623140144701564,0.00999980441297427,1.0,5,3,"Kaya 2022 aged WM vs GM (m, sc)  [WM vs GM]"
Kaya2022_aged_WM_vs_GM_scRNA,Microglia,OXPHOS,WM,GM,0.021622305322762915,-0.023116850504898503,0.044739155827661414,0.03571428571428571,5,3,"Kaya 2022 aged WM vs GM (m, sc)  [WM vs GM]"
Kaya2022_aged_WM_vs_GM_scRNA,Microglia,Beta-oxidation,WM,GM,-0.002036402335108649,-0.0013203219073188843,-0.0007160804277897646,0.5714285714285714,5,3,"Kaya 2022 aged WM vs GM (m, sc)  [WM vs GM]"
Kaya2022_aged_WM_vs_GM_scRNA,Microglia,Lipid synthesis,WM,GM,-0.3078747561456973,-0.3857598530832889,0.0778850969375916,0.25,5,3,"Kaya 2022 aged WM vs GM (m, sc)  [WM vs GM]"
Kaya2022_aged_WM_vs_GM_scRNA,Microglia,Cholesterol synthesis,WM,GM,-0.17295837675500797,-0.22831493520893387,0.0553565584539259,0.03571428571428571,5,3,"Kaya 2022 aged WM vs GM (m, sc)  [WM vs GM]"
Kaya2022_aged_WM_vs_GM_scRNA,Microglia,Lipid transport / storage,WM,GM,0.2474968231544561,0.023496305501260906,0.22400051765319517,0.07142857142857142,5,3,"Kaya 2022 aged WM vs GM (m, sc)  [WM vs GM]"
Kaya2022_aged_WM_vs_GM_scRNA,Microglia,Myelin lipids,WM,GM,-0.4067018550843919,-0.5051105310593601,0.09840867597496822,0.14285714285714285,5,3,"Kaya 2022 aged WM vs GM (m, sc)  [WM vs GM]"
Kaya2022_aged_WM_vs_GM_scRNA,Astrocyte,Ketone synthesis,WM,GM,0.009709359352238638,0.02865118897661963,-0.01894182962438099,0.22857142857142856,4,3,"Kaya 2022 aged WM vs GM (m, sc)  [WM vs GM]"
Kaya2022_aged_WM_vs_GM_scRNA,Astrocyte,Ketone utilisation,WM,GM,0.15483497601397703,0.2266093725453118,-0.07177439653133477,0.22857142857142856,4,3,"Kaya 2022 aged WM vs GM (m, sc)  [WM vs GM]"
Kaya2022_aged_WM_vs_GM_scRNA,Astrocyte,Glycolysis,WM,GM,0.47214999605026714,0.6124999897316199,-0.14034999368135276,0.11428571428571428,4,3,"Kaya 2022 aged WM vs GM (m, sc)  [WM vs GM]"
Kaya2022_aged_WM_vs_GM_scRNA,Astrocyte,Pyruvate to lactate,WM,GM,0.12300674418629479,0.18596532475643443,-0.06295858057013964,0.22857142857142856,4,3,"Kaya 2022 aged WM vs GM (m, sc)  [WM vs GM]"
Kaya2022_aged_WM_vs_GM_scRNA,Astrocyte,Pentose phosphate,WM,GM,0.09733133833484894,0.13355572854604067,-0.036224390211191726,0.22857142857142856,4,3,"Kaya 2022 aged WM vs GM (m, sc)  [WM vs GM]"
Kaya2022_aged_WM_vs_GM_scRNA,Astrocyte,TCA cycle,WM,GM,0.23565714306325342,0.31656506829966147,-0.08090792523640805,0.05714285714285714,4,3,"Kaya 2022 aged WM vs GM (m, sc)  [WM vs GM]"
Kaya2022_aged_WM_vs_GM_scRNA,Astrocyte,OXPHOS,WM,GM,0.45163339548959885,0.5085982945477413,-0.05696489905814245,0.4,4,3,"Kaya 2022 aged WM vs GM (m, sc)  [WM vs GM]"
Kaya2022_aged_WM_vs_GM_scRNA,Astrocyte,Beta-oxidation,WM,GM,0.17245417656045187,0.2193445648119503,-0.04689038825149844,0.05714285714285714,4,3,"Kaya 2022 aged WM vs GM (m, sc)  [WM vs GM]"
Kaya2022_aged_WM_vs_GM_scRNA,Astrocyte,Lipid synthesis,WM,GM,0.07533854654170694,0.11527343688556285,-0.03993489034385592,0.6285714285714286,4,3,"Kaya 2022 aged WM vs GM (m, sc)  [WM vs GM]"
Kaya2022_aged_WM_vs_GM_scRNA,Astrocyte,Cholesterol synthesis,WM,GM,0.16259695660259077,0.42856405136832404,-0.26596709476573327,0.05714285714285714,4,3,"Kaya 2022 aged WM vs GM (m, sc)  [WM vs GM]"
Kaya2022_aged_WM_vs_GM_scRNA,Astrocyte,Lipid transport / storage,WM,GM,0.4364570852356605,0.38352008955393363,0.052936995681726884,0.4,4,3,"Kaya 2022 aged WM vs GM (m, sc)  [WM vs GM]"
Kaya2022_aged_WM_vs_GM_scRNA,Astrocyte,Myelin lipids,WM,GM,-0.22384369779777435,-0.25624048922576537,0.03239679142799101,0.6285714285714286,4,3,"Kaya 2022 aged WM vs GM (m, sc)  [WM vs GM]"
Kaya2022_aged_WM_vs_GM_scRNA,Neuron,Ketone synthesis,WM,GM,-0.06521152039648564,,,,4,0,"Kaya 2022 aged WM vs GM (m, sc)  [WM vs GM]"
Kaya2022_aged_WM_vs_GM_scRNA,Neuron,Ketone utilisation,WM,GM,0.03404836188028092,,,,4,0,"Kaya 2022 aged WM vs GM (m, sc)  [WM vs GM]"
Kaya2022_aged_WM_vs_GM_scRNA,Neuron,Glycolysis,WM,GM,0.06033970085838588,,,,4,0,"Kaya 2022 aged WM vs GM (m, sc)  [WM vs GM]"
Kaya2022_aged_WM_vs_GM_scRNA,Neuron,Pyruvate to lactate,WM,GM,-0.1253506749933007,,,,4,0,"Kaya 2022 aged WM vs GM (m, sc)  [WM vs GM]"
Kaya2022_aged_WM_vs_GM_scRNA,Neuron,Pentose phosphate,WM,GM,-0.0590709139931415,,,,4,0,"Kaya 2022 aged WM vs GM (m, sc)  [WM vs GM]"
Kaya2022_aged_WM_vs_GM_scRNA,Neuron,TCA cycle,WM,GM,0.054762791239182464,,,,4,0,"Kaya 2022 aged WM vs GM (m, sc)  [WM vs GM]"
Kaya2022_aged_WM_vs_GM_scRNA,Neuron,OXPHOS,WM,GM,0.4239096216929027,,,,4,0,"Kaya 2022 aged WM vs GM (m, sc)  [WM vs GM]"
Kaya2022_aged_WM_vs_GM_scRNA,Neuron,Beta-oxidation,WM,GM,-0.06529061044205055,,,,4,0,"Kaya 2022 aged WM vs GM (m, sc)  [WM vs GM]"
Kaya2022_aged_WM_vs_GM_scRNA,Neuron,Lipid synthesis,WM,GM,-0.23996954045403462,,,,4,0,"Kaya 2022 aged WM vs GM (m, sc)  [WM vs GM]"
Kaya2022_aged_WM_vs_GM_scRNA,Neuron,Cholesterol synthesis,WM,GM,-0.013871949158139739,,,,4,0,"Kaya 2022 aged WM vs GM (m, sc)  [WM vs GM]"
Kaya2022_aged_WM_vs_GM_scRNA,Neuron,Lipid transport / storage,WM,GM,-0.005124061713459908,,,,4,0,"Kaya 2022 aged WM vs GM (m, sc)  [WM vs GM]"
Kaya2022_aged_WM_vs_GM_scRNA,Neuron,Myelin lipids,WM,GM,-0.39354234329236687,,,,4,0,"Kaya 2022 aged WM vs GM (m, sc)  [WM vs GM]"
Kaya2022_aged_WM_vs_GM_scRNA,Endothelial,Ketone synthesis,WM,GM,-0.021286579825811915,-0.049783981795831656,0.02849740197001974,,2,2,"Kaya 2022 aged WM vs GM (m, sc)  [WM vs GM]"
Kaya2022_aged_WM_vs_GM_scRNA,Endothelial,Ketone utilisation,WM,GM,-0.07264988367412334,-0.03842130062366353,-0.03422858305045981,,2,2,"Kaya 2022 aged WM vs GM (m, sc)  [WM vs GM]"
Kaya2022_aged_WM_vs_GM_scRNA,Endothelial,Glycolysis,WM,GM,0.26450129699066044,0.27502494014301626,-0.010523643152355822,,2,2,"Kaya 2022 aged WM vs GM (m, sc)  [WM vs GM]"
Kaya2022_aged_WM_vs_GM_scRNA,Endothelial,Pyruvate to lactate,WM,GM,0.025138600421299957,0.09444309549368204,-0.0693044950723821,,2,2,"Kaya 2022 aged WM vs GM (m, sc)  [WM vs GM]"
Kaya2022_aged_WM_vs_GM_scRNA,Endothelial,Pentose phosphate,WM,GM,0.13829398021082054,0.004679093491345994,0.13361488671947455,,2,2,"Kaya 2022 aged WM vs GM (m, sc)  [WM vs GM]"
Kaya2022_aged_WM_vs_GM_scRNA,Endothelial,TCA cycle,WM,GM,0.04935901735087939,0.046617967131568905,0.0027410502193104883,,2,2,"Kaya 2022 aged WM vs GM (m, sc)  [WM vs GM]"
Kaya2022_aged_WM_vs_GM_scRNA,Endothelial,OXPHOS,WM,GM,0.29031088000625116,0.2890901125502312,0.0012207674560199555,,2,2,"Kaya 2022 aged WM vs GM (m, sc)  [WM vs GM]"
Kaya2022_aged_WM_vs_GM_scRNA,Endothelial,Beta-oxidation,WM,GM,0.06995689005112272,0.038969232934067524,0.0309876571170552,,2,2,"Kaya 2022 aged WM vs GM (m, sc)  [WM vs GM]"
Kaya2022_aged_WM_vs_GM_scRNA,Endothelial,Lipid synthesis,WM,GM,-0.1407451391309853,-0.2582564572346435,0.11751131810365822,,2,2,"Kaya 2022 aged WM vs GM (m, sc)  [WM vs GM]"
Kaya2022_aged_WM_vs_GM_scRNA,Endothelial,Cholesterol synthesis,WM,GM,-0.05018575061898345,-0.043504378750592376,-0.006681371868391073,,2,2,"Kaya 2022 aged WM vs GM (m, sc)  [WM vs GM]"
Kaya2022_aged_WM_vs_GM_scRNA,Endothelial,Lipid transport / storage,WM,GM,0.2558441753291681,0.17168945118222134,0.08415472414694675,,2,2,"Kaya 2022 aged WM vs GM (m, sc)  [WM vs GM]"
Kaya2022_aged_WM_vs_GM_scRNA,Endothelial,Myelin lipids,WM,GM,-0.18753124313500638,-0.29912939883648665,0.11159815570148027,,2,2,"Kaya 2022 aged WM vs GM (m, sc)  [WM vs GM]"
Kaya2022_aged_WM_vs_GM_scRNA,Immune (lymphoid/myeloid),Ketone synthesis,WM,GM,-0.04780013839853031,-0.02703355566789088,-0.020766582730639433,0.25,5,3,"Kaya 2022 aged WM vs GM (m, sc)  [WM vs GM]"
Kaya2022_aged_WM_vs_GM_scRNA,Immune (lymphoid/myeloid),Ketone utilisation,WM,GM,0.01610589343756532,0.01203868059686121,0.004067212840704111,0.7857142857142857,5,3,"Kaya 2022 aged WM vs GM (m, sc)  [WM vs GM]"
Kaya2022_aged_WM_vs_GM_scRNA,Immune (lymphoid/myeloid),Glycolysis,WM,GM,0.27102795575471444,0.18809624996048924,0.08293170579422521,0.03571428571428571,5,3,"Kaya 2022 aged WM vs GM (m, sc)  [WM vs GM]"
Kaya2022_aged_WM_vs_GM_scRNA,Immune (lymphoid/myeloid),Pyruvate to lactate,WM,GM,0.04070705584213604,0.0025908112318546272,0.038116244610281416,0.03571428571428571,5,3,"Kaya 2022 aged WM vs GM (m, sc)  [WM vs GM]"
Kaya2022_aged_WM_vs_GM_scRNA,Immune (lymphoid/myeloid),Pentose phosphate,WM,GM,0.04363946638581105,0.1291744115926512,-0.08553494520684014,0.14285714285714285,5,3,"Kaya 2022 aged WM vs GM (m, sc)  [WM vs GM]"
Kaya2022_aged_WM_vs_GM_scRNA,Immune (lymphoid/myeloid),TCA cycle,WM,GM,0.05065355049159873,0.04040655368804488,0.01024699680355385,0.5714285714285714,5,3,"Kaya 2022 aged WM vs GM (m, sc)  [WM vs GM]"
Kaya2022_aged_WM_vs_GM_scRNA,Immune (lymphoid/myeloid),OXPHOS,WM,GM,0.17943251015585665,0.12224316528211475,0.0571893448737419,0.39285714285714285,5,3,"Kaya 2022 aged WM vs GM (m, sc)  [WM vs GM]"
Kaya2022_aged_WM_vs_GM_scRNA,Immune (lymphoid/myeloid),Beta-oxidation,WM,GM,0.02126716413254324,-0.008809141128152039,0.030076305260695275,0.03571428571428571,5,3,"Kaya 2022 aged WM vs GM (m, sc)  [WM vs GM]"
Kaya2022_aged_WM_vs_GM_scRNA,Immune (lymphoid/myeloid),Lipid synthesis,WM,GM,-0.3233320025425507,-0.31797915297708096,-0.0053528495654697195,1.0,5,3,"Kaya 2022 aged WM vs GM (m, sc)  [WM vs GM]"
Kaya2022_aged_WM_vs_GM_scRNA,Immune (lymphoid/myeloid),Cholesterol synthesis,WM,GM,-0.11373682453319085,-0.08589718157513987,-0.027839642958050984,0.39285714285714285,5,3,"Kaya 2022 aged WM vs GM (m, sc)  [WM vs GM]"
Kaya2022_aged_WM_vs_GM_scRNA,Immune (lymphoid/myeloid),Lipid transport / storage,WM,GM,0.38478680546240307,0.1612405033534189,0.22354630210898416,0.03571428571428571,5,3,"Kaya 2022 aged WM vs GM (m, sc)  [WM vs GM]"
Kaya2022_aged_WM_vs_GM_scRNA,Immune (lymphoid/myeloid),Myelin lipids,WM,GM,-0.4096608345939017,-0.40298027967935335,-0.006680554914548331,1.0,5,3,"Kaya 2022 aged WM vs GM (m, sc)  [WM vs GM]"
Kaya2022_aged_WM_vs_GM_scRNA,Ependymal,Ketone synthesis,WM,GM,0.06950791603520706,,,,3,0,"Kaya 2022 aged WM vs GM (m, sc)  [WM vs GM]"
Kaya2022_aged_WM_vs_GM_scRNA,Ependymal,Ketone utilisation,WM,GM,0.18058412877861799,,,,3,0,"Kaya 2022 aged WM vs GM (m, sc)  [WM vs GM]"
Kaya2022_aged_WM_vs_GM_scRNA,Ependymal,Glycolysis,WM,GM,0.714343264475683,,,,3,0,"Kaya 2022 aged WM vs GM (m, sc)  [WM vs GM]"
Kaya2022_aged_WM_vs_GM_scRNA,Ependymal,Pyruvate to lactate,WM,GM,0.3142949314612247,,,,3,0,"Kaya 2022 aged WM vs GM (m, sc)  [WM vs GM]"
Kaya2022_aged_WM_vs_GM_scRNA,Ependymal,Pentose phosphate,WM,GM,0.08002263425139933,,,,3,0,"Kaya 2022 aged WM vs GM (m, sc)  [WM vs GM]"
Kaya2022_aged_WM_vs_GM_scRNA,Ependymal,TCA cycle,WM,GM,0.6377978720786072,,,,3,0,"Kaya 2022 aged WM vs GM (m, sc)  [WM vs GM]"
Kaya2022_aged_WM_vs_GM_scRNA,Ependymal,OXPHOS,WM,GM,1.310471710411278,,,,3,0,"Kaya 2022 aged WM vs GM (m, sc)  [WM vs GM]"
Kaya2022_aged_WM_vs_GM_scRNA,Ependymal,Beta-oxidation,WM,GM,0.38670683718783616,,,,3,0,"Kaya 2022 aged WM vs GM (m, sc)  [WM vs GM]"
Kaya2022_aged_WM_vs_GM_scRNA,Ependymal,Lipid synthesis,WM,GM,-0.31682669311615697,,,,3,0,"Kaya 2022 aged WM vs GM (m, sc)  [WM vs GM]"
Kaya2022_aged_WM_vs_GM_scRNA,Ependymal,Cholesterol synthesis,WM,GM,-0.03143367761079726,,,,3,0,"Kaya 2022 aged WM vs GM (m, sc)  [WM vs GM]"
Kaya2022_aged_WM_vs_GM_scRNA,Ependymal,Lipid transport / storage,WM,GM,0.17612113090231749,,,,3,0,"Kaya 2022 aged WM vs GM (m, sc)  [WM vs GM]"
Kaya2022_aged_WM_vs_GM_scRNA,Ependymal,Myelin lipids,WM,GM,-0.3356723413173859,,,,3,0,"Kaya 2022 aged WM vs GM (m, sc)  [WM vs GM]"
LPC_Cuprizone_CC_snRNA_mouse,Oligodendrocyte,Ketone synthesis,LPC,Ctrl,-0.006544933490929555,-0.006249745618053512,-0.00029518787287604285,,2,4,"LPC + cuprizone CC (m, sn)  [LPC vs Ctrl]"
LPC_Cuprizone_CC_snRNA_mouse,Oligodendrocyte,Ketone utilisation,LPC,Ctrl,-0.11412188104578128,-0.11596781523979811,0.0018459341940168378,,2,4,"LPC + cuprizone CC (m, sn)  [LPC vs Ctrl]"
LPC_Cuprizone_CC_snRNA_mouse,Oligodendrocyte,Glycolysis,LPC,Ctrl,-0.015219323598324638,-0.017735846680760108,0.0025165230824354696,,2,4,"LPC + cuprizone CC (m, sn)  [LPC vs Ctrl]"
LPC_Cuprizone_CC_snRNA_mouse,Oligodendrocyte,Pyruvate to lactate,LPC,Ctrl,0.01080445023953424,0.0063758895474245875,0.004428560692109652,,2,4,"LPC + cuprizone CC (m, sn)  [LPC vs Ctrl]"
LPC_Cuprizone_CC_snRNA_mouse,Oligodendrocyte,Pentose phosphate,LPC,Ctrl,0.04611372789749095,0.05249045716777004,-0.006376729270279088,,2,4,"LPC + cuprizone CC (m, sn)  [LPC vs Ctrl]"
LPC_Cuprizone_CC_snRNA_mouse,Oligodendrocyte,TCA cycle,LPC,Ctrl,0.016859963799284367,0.015574541473387103,0.0012854223258972636,,2,4,"LPC + cuprizone CC (m, sn)  [LPC vs Ctrl]"
LPC_Cuprizone_CC_snRNA_mouse,Oligodendrocyte,OXPHOS,LPC,Ctrl,0.06470971422170972,0.08547274385679211,-0.020763029635082392,,2,4,"LPC + cuprizone CC (m, sn)  [LPC vs Ctrl]"
LPC_Cuprizone_CC_snRNA_mouse,Oligodendrocyte,Beta-oxidation,LPC,Ctrl,-0.02804234978849622,-0.016804411968483594,-0.011237937820012627,,2,4,"LPC + cuprizone CC (m, sn)  [LPC vs Ctrl]"
LPC_Cuprizone_CC_snRNA_mouse,Oligodendrocyte,Lipid synthesis,LPC,Ctrl,0.1914873027913077,0.22453739082424062,-0.03305008803293291,,2,4,"LPC + cuprizone CC (m, sn)  [LPC vs Ctrl]"
LPC_Cuprizone_CC_snRNA_mouse,Oligodendrocyte,Cholesterol synthesis,LPC,Ctrl,0.028636684266757133,0.04296368489699514,-0.014327000630238007,,2,4,"LPC + cuprizone CC (m, sn)  [LPC vs Ctrl]"
LPC_Cuprizone_CC_snRNA_mouse,Oligodendrocyte,Lipid transport / storage,LPC,Ctrl,0.5022371454756883,0.2313929092235761,0.2708442362521122,,2,4,"LPC + cuprizone CC (m, sn)  [LPC vs Ctrl]"
LPC_Cuprizone_CC_snRNA_mouse,Oligodendrocyte,Myelin lipids,LPC,Ctrl,0.3385381330071301,0.31929653146179837,0.01924160154533172,,2,4,"LPC + cuprizone CC (m, sn)  [LPC vs Ctrl]"
LPC_Cuprizone_CC_snRNA_mouse,Oligodendrocyte,Ketone synthesis,Cuprizone,Ctrl,-0.02102924831449097,-0.006249745618053512,-0.014779502696437456,,2,4,"LPC + cuprizone CC (m, sn)  [Cuprizone vs Ctrl]"
LPC_Cuprizone_CC_snRNA_mouse,Oligodendrocyte,Ketone utilisation,Cuprizone,Ctrl,-0.1174277084780079,-0.11596781523979811,-0.001459893238209789,,2,4,"LPC + cuprizone CC (m, sn)  [Cuprizone vs Ctrl]"
LPC_Cuprizone_CC_snRNA_mouse,Oligodendrocyte,Glycolysis,Cuprizone,Ctrl,-0.03177534926668839,-0.017735846680760108,-0.01403950258592828,,2,4,"LPC + cuprizone CC (m, sn)  [Cuprizone vs Ctrl]"
LPC_Cuprizone_CC_snRNA_mouse,Oligodendrocyte,Pyruvate to lactate,Cuprizone,Ctrl,-0.019505896197385783,0.0063758895474245875,-0.02588178574481037,,2,4,"LPC + cuprizone CC (m, sn)  [Cuprizone vs Ctrl]"
LPC_Cuprizone_CC_snRNA_mouse,Oligodendrocyte,Pentose phosphate,Cuprizone,Ctrl,-0.0011077950218820155,0.05249045716777004,-0.05359825218965206,,2,4,"LPC + cuprizone CC (m, sn)  [Cuprizone vs Ctrl]"
LPC_Cuprizone_CC_snRNA_mouse,Oligodendrocyte,TCA cycle,Cuprizone,Ctrl,-0.0011981317297103606,0.015574541473387103,-0.016772673203097464,,2,4,"LPC + cuprizone CC (m, sn)  [Cuprizone vs Ctrl]"
LPC_Cuprizone_CC_snRNA_mouse,Oligodendrocyte,OXPHOS,Cuprizone,Ctrl,0.02191991092025718,0.08547274385679211,-0.06355283293653494,,2,4,"LPC + cuprizone CC (m, sn)  [Cuprizone vs Ctrl]"
LPC_Cuprizone_CC_snRNA_mouse,Oligodendrocyte,Beta-oxidation,Cuprizone,Ctrl,-0.018313096125996263,-0.016804411968483594,-0.0015086841575126693,,2,4,"LPC + cuprizone CC (m, sn)  [Cuprizone vs Ctrl]"
LPC_Cuprizone_CC_snRNA_mouse,Oligodendrocyte,Lipid synthesis,Cuprizone,Ctrl,0.0728466254475221,0.22453739082424062,-0.15169076537671852,,2,4,"LPC + cuprizone CC (m, sn)  [Cuprizone vs Ctrl]"
LPC_Cuprizone_CC_snRNA_mouse,Oligodendrocyte,Cholesterol synthesis,Cuprizone,Ctrl,0.005361656666223831,0.04296368489699514,-0.03760202823077131,,2,4,"LPC + cuprizone CC (m, sn)  [Cuprizone vs Ctrl]"
LPC_Cuprizone_CC_snRNA_mouse,Oligodendrocyte,Lipid transport / storage,Cuprizone,Ctrl,0.36321221955572325,0.2313929092235761,0.13181931033214714,,2,4,"LPC + cuprizone CC (m, sn)  [Cuprizone vs Ctrl]"
LPC_Cuprizone_CC_snRNA_mouse,Oligodendrocyte,Myelin lipids,Cuprizone,Ctrl,0.1673796382837475,0.31929653146179837,-0.15191689317805088,,2,4,"LPC + cuprizone CC (m, sn)  [Cuprizone vs Ctrl]"
LPC_Cuprizone_CC_snRNA_mouse,OPC,Ketone synthesis,LPC,Ctrl,0.005512309974322198,-0.030878992443176587,0.036391302417498786,,2,4,"LPC + cuprizone CC (m, sn)  [LPC vs Ctrl]"
LPC_Cuprizone_CC_snRNA_mouse,OPC,Ketone utilisation,LPC,Ctrl,-0.07753730248084606,-0.09382425988013962,0.01628695739929356,,2,4,"LPC + cuprizone CC (m, sn)  [LPC vs Ctrl]"
LPC_Cuprizone_CC_snRNA_mouse,OPC,Glycolysis,LPC,Ctrl,-0.03705995352609062,-0.04640912176243572,0.009349168236345101,,2,4,"LPC + cuprizone CC (m, sn)  [LPC vs Ctrl]"
LPC_Cuprizone_CC_snRNA_mouse,OPC,Pyruvate to lactate,LPC,Ctrl,-0.0583201939672585,-0.05875858202753329,0.00043838806027479,,2,4,"LPC + cuprizone CC (m, sn)  [LPC vs Ctrl]"
LPC_Cuprizone_CC_snRNA_mouse,OPC,Pentose phosphate,LPC,Ctrl,-0.033615997569747924,-0.03889374226135517,0.005277744691607245,,2,4,"LPC + cuprizone CC (m, sn)  [LPC vs Ctrl]"
LPC_Cuprizone_CC_snRNA_mouse,OPC,TCA cycle,LPC,Ctrl,0.024588612469046978,0.018815689115477256,0.005772923353569721,,2,4,"LPC + cuprizone CC (m, sn)  [LPC vs Ctrl]"
LPC_Cuprizone_CC_snRNA_mouse,OPC,OXPHOS,LPC,Ctrl,0.058791618602910045,0.06199847205899808,-0.003206853456088038,,2,4,"LPC + cuprizone CC (m, sn)  [LPC vs Ctrl]"
LPC_Cuprizone_CC_snRNA_mouse,OPC,Beta-oxidation,LPC,Ctrl,-0.05056973017297667,-0.037003791077049354,-0.013565939095927314,,2,4,"LPC + cuprizone CC (m, sn)  [LPC vs Ctrl]"
LPC_Cuprizone_CC_snRNA_mouse,OPC,Lipid synthesis,LPC,Ctrl,-0.02281789211680757,0.020222048473529833,-0.0430399405903374,,2,4,"LPC + cuprizone CC (m, sn)  [LPC vs Ctrl]"
LPC_Cuprizone_CC_snRNA_mouse,OPC,Cholesterol synthesis,LPC,Ctrl,0.001525719536622731,0.029479946645528683,-0.027954227108905952,,2,4,"LPC + cuprizone CC (m, sn)  [LPC vs Ctrl]"
LPC_Cuprizone_CC_snRNA_mouse,OPC,Lipid transport / storage,LPC,Ctrl,0.2026636143709648,0.0165530173544491,0.18611059701651572,,2,4,"LPC + cuprizone CC (m, sn)  [LPC vs Ctrl]"
LPC_Cuprizone_CC_snRNA_mouse,OPC,Myelin lipids,LPC,Ctrl,0.022738259002009653,-0.05709614830552635,0.07983440730753599,,2,4,"LPC + cuprizone CC (m, sn)  [LPC vs Ctrl]"
LPC_Cuprizone_CC_snRNA_mouse,OPC,Ketone synthesis,Cuprizone,Ctrl,-0.03272877191076767,-0.030878992443176587,-0.0018497794675910867,,2,4,"LPC + cuprizone CC (m, sn)  [Cuprizone vs Ctrl]"
LPC_Cuprizone_CC_snRNA_mouse,OPC,Ketone utilisation,Cuprizone,Ctrl,-0.08307158834636136,-0.09382425988013962,0.010752671533778263,,2,4,"LPC + cuprizone CC (m, sn)  [Cuprizone vs Ctrl]"
LPC_Cuprizone_CC_snRNA_mouse,OPC,Glycolysis,Cuprizone,Ctrl,-0.05780847724175246,-0.04640912176243572,-0.011399355479316739,,2,4,"LPC + cuprizone CC (m, sn)  [Cuprizone vs Ctrl]"
LPC_Cuprizone_CC_snRNA_mouse,OPC,Pyruvate to lactate,Cuprizone,Ctrl,-0.0317706501194034,-0.05875858202753329,0.02698793190812989,,2,4,"LPC + cuprizone CC (m, sn)  [Cuprizone vs Ctrl]"
LPC_Cuprizone_CC_snRNA_mouse,OPC,Pentose phosphate,Cuprizone,Ctrl,-0.03267876112992201,-0.03889374226135517,0.006214981131433157,,2,4,"LPC + cuprizone CC (m, sn)  [Cuprizone vs Ctrl]"
LPC_Cuprizone_CC_snRNA_mouse,OPC,TCA cycle,Cuprizone,Ctrl,-0.011235786760766867,0.018815689115477256,-0.030051475876244124,,2,4,"LPC + cuprizone CC (m, sn)  [Cuprizone vs Ctrl]"
LPC_Cuprizone_CC_snRNA_mouse,OPC,OXPHOS,Cuprizone,Ctrl,0.0011480890755266428,0.06199847205899808,-0.06085038298347144,,2,4,"LPC + cuprizone CC (m, sn)  [Cuprizone vs Ctrl]"
LPC_Cuprizone_CC_snRNA_mouse,OPC,Beta-oxidation,Cuprizone,Ctrl,-0.020639995139359654,-0.037003791077049354,0.0163637959376897,,2,4,"LPC + cuprizone CC (m, sn)  [Cuprizone vs Ctrl]"
LPC_Cuprizone_CC_snRNA_mouse,OPC,Lipid synthesis,Cuprizone,Ctrl,-0.007283177800232562,0.020222048473529833,-0.027505226273762395,,2,4,"LPC + cuprizone CC (m, sn)  [Cuprizone vs Ctrl]"
LPC_Cuprizone_CC_snRNA_mouse,OPC,Cholesterol synthesis,Cuprizone,Ctrl,0.01902045428372135,0.029479946645528683,-0.010459492361807331,,2,4,"LPC + cuprizone CC (m, sn)  [Cuprizone vs Ctrl]"
LPC_Cuprizone_CC_snRNA_mouse,OPC,Lipid transport / storage,Cuprizone,Ctrl,0.19318837417863888,0.0165530173544491,0.1766353568241898,,2,4,"LPC + cuprizone CC (m, sn)  [Cuprizone vs Ctrl]"
LPC_Cuprizone_CC_snRNA_mouse,OPC,Myelin lipids,Cuprizone,Ctrl,0.06231602112099752,-0.05709614830552635,0.11941216942652386,,2,4,"LPC + cuprizone CC (m, sn)  [Cuprizone vs Ctrl]"
LPC_Cuprizone_CC_snRNA_mouse,Microglia,Ketone synthesis,LPC,Ctrl,-0.03783260089219836,-0.027464975684494543,-0.010367625207703814,,2,4,"LPC + cuprizone CC (m, sn)  [LPC vs Ctrl]"
LPC_Cuprizone_CC_snRNA_mouse,Microglia,Ketone utilisation,LPC,Ctrl,-0.04655899712640282,-0.06661728790234783,0.020058290775945016,,2,4,"LPC + cuprizone CC (m, sn)  [LPC vs Ctrl]"
LPC_Cuprizone_CC_snRNA_mouse,Microglia,Glycolysis,LPC,Ctrl,0.0471895363857753,0.030547836552838895,0.016641699832936403,,2,4,"LPC + cuprizone CC (m, sn)  [LPC vs Ctrl]"
LPC_Cuprizone_CC_snRNA_mouse,Microglia,Pyruvate to lactate,LPC,Ctrl,0.01732037034222282,0.011569920712469317,0.005750449629753504,,2,4,"LPC + cuprizone CC (m, sn)  [LPC vs Ctrl]"
LPC_Cuprizone_CC_snRNA_mouse,Microglia,Pentose phosphate,LPC,Ctrl,-0.01009582566109479,0.013340214258424651,-0.02343603991951944,,2,4,"LPC + cuprizone CC (m, sn)  [LPC vs Ctrl]"
LPC_Cuprizone_CC_snRNA_mouse,Microglia,TCA cycle,LPC,Ctrl,-0.0024136420338327466,0.0013463135537148752,-0.003759955587547622,,2,4,"LPC + cuprizone CC (m, sn)  [LPC vs Ctrl]"
LPC_Cuprizone_CC_snRNA_mouse,Microglia,OXPHOS,LPC,Ctrl,0.0029393232390523237,0.043234469189903466,-0.04029514595085114,,2,4,"LPC + cuprizone CC (m, sn)  [LPC vs Ctrl]"
LPC_Cuprizone_CC_snRNA_mouse,Microglia,Beta-oxidation,LPC,Ctrl,-0.03423584649533284,-0.02478554212299142,-0.009450304372341418,,2,4,"LPC + cuprizone CC (m, sn)  [LPC vs Ctrl]"
LPC_Cuprizone_CC_snRNA_mouse,Microglia,Lipid synthesis,LPC,Ctrl,0.00318363294040305,0.01757962693778133,-0.01439599399737828,,2,4,"LPC + cuprizone CC (m, sn)  [LPC vs Ctrl]"
LPC_Cuprizone_CC_snRNA_mouse,Microglia,Cholesterol synthesis,LPC,Ctrl,-0.07183807465309851,-0.03494693107592372,-0.03689114357717479,,2,4,"LPC + cuprizone CC (m, sn)  [LPC vs Ctrl]"
LPC_Cuprizone_CC_snRNA_mouse,Microglia,Lipid transport / storage,LPC,Ctrl,0.4623969619628592,0.10671452996454242,0.35568243199831673,,2,4,"LPC + cuprizone CC (m, sn)  [LPC vs Ctrl]"
LPC_Cuprizone_CC_snRNA_mouse,Microglia,Myelin lipids,LPC,Ctrl,-0.22564678527425408,-0.11269024282656812,-0.11295654244768596,,2,4,"LPC + cuprizone CC (m, sn)  [LPC vs Ctrl]"
LPC_Cuprizone_CC_snRNA_mouse,Microglia,Ketone synthesis,Cuprizone,Ctrl,-0.04866551311124885,-0.027464975684494543,-0.021200537426754307,,2,4,"LPC + cuprizone CC (m, sn)  [Cuprizone vs Ctrl]"
LPC_Cuprizone_CC_snRNA_mouse,Microglia,Ketone utilisation,Cuprizone,Ctrl,-0.07247844032020796,-0.06661728790234783,-0.00586115241786013,,2,4,"LPC + cuprizone CC (m, sn)  [Cuprizone vs Ctrl]"
LPC_Cuprizone_CC_snRNA_mouse,Microglia,Glycolysis,Cuprizone,Ctrl,0.02245325788581182,0.030547836552838895,-0.008094578667027074,,2,4,"LPC + cuprizone CC (m, sn)  [Cuprizone vs Ctrl]"
LPC_Cuprizone_CC_snRNA_mouse,Microglia,Pyruvate to lactate,Cuprizone,Ctrl,0.029093105880757072,0.011569920712469317,0.017523185168287755,,2,4,"LPC + cuprizone CC (m, sn)  [Cuprizone vs Ctrl]"
LPC_Cuprizone_CC_snRNA_mouse,Microglia,Pentose phosphate,Cuprizone,Ctrl,-0.026506506687609177,0.013340214258424651,-0.03984672094603383,,2,4,"LPC + cuprizone CC (m, sn)  [Cuprizone vs Ctrl]"
LPC_Cuprizone_CC_snRNA_mouse,Microglia,TCA cycle,Cuprizone,Ctrl,-0.02110203541442844,0.0013463135537148752,-0.022448348968143315,,2,4,"LPC + cuprizone CC (m, sn)  [Cuprizone vs Ctrl]"
LPC_Cuprizone_CC_snRNA_mouse,Microglia,OXPHOS,Cuprizone,Ctrl,-0.009620201819945898,0.043234469189903466,-0.05285467100984936,,2,4,"LPC + cuprizone CC (m, sn)  [Cuprizone vs Ctrl]"
LPC_Cuprizone_CC_snRNA_mouse,Microglia,Beta-oxidation,Cuprizone,Ctrl,-0.018362385943659368,-0.02478554212299142,0.006423156179332052,,2,4,"LPC + cuprizone CC (m, sn)  [Cuprizone vs Ctrl]"
LPC_Cuprizone_CC_snRNA_mouse,Microglia,Lipid synthesis,Cuprizone,Ctrl,0.1203187045652242,0.01757962693778133,0.10273907762744287,,2,4,"LPC + cuprizone CC (m, sn)  [Cuprizone vs Ctrl]"
LPC_Cuprizone_CC_snRNA_mouse,Microglia,Cholesterol synthesis,Cuprizone,Ctrl,-0.03134405471547137,-0.03494693107592372,0.0036028763604523464,,2,4,"LPC + cuprizone CC (m, sn)  [Cuprizone vs Ctrl]"
LPC_Cuprizone_CC_snRNA_mouse,Microglia,Lipid transport / storage,Cuprizone,Ctrl,0.5098063267545094,0.10671452996454242,0.403091796789967,,2,4,"LPC + cuprizone CC (m, sn)  [Cuprizone vs Ctrl]"
LPC_Cuprizone_CC_snRNA_mouse,Microglia,Myelin lipids,Cuprizone,Ctrl,-0.10172948712980937,-0.11269024282656812,0.01096075569675875,,2,4,"LPC + cuprizone CC (m, sn)  [Cuprizone vs Ctrl]"
LPC_Cuprizone_CC_snRNA_mouse,Astrocyte,Ketone synthesis,LPC,Ctrl,-0.012053905841008322,0.008463978237358267,-0.02051788407836659,,2,4,"LPC + cuprizone CC (m, sn)  [LPC vs Ctrl]"
LPC_Cuprizone_CC_snRNA_mouse,Astrocyte,Ketone utilisation,LPC,Ctrl,0.04112423136610885,0.06903034929272113,-0.02790611792661228,,2,4,"LPC + cuprizone CC (m, sn)  [LPC vs Ctrl]"
LPC_Cuprizone_CC_snRNA_mouse,Astrocyte,Glycolysis,LPC,Ctrl,0.07159489899669683,0.027488803958433977,0.04410609503826285,,2,4,"LPC + cuprizone CC (m, sn)  [LPC vs Ctrl]"
LPC_Cuprizone_CC_snRNA_mouse,Astrocyte,Pyruvate to lactate,LPC,Ctrl,-0.020879874929610215,-0.008200284903702611,-0.012679590025907603,,2,4,"LPC + cuprizone CC (m, sn)  [LPC vs Ctrl]"
LPC_Cuprizone_CC_snRNA_mouse,Astrocyte,Pentose phosphate,LPC,Ctrl,-0.005761998220323636,-0.00579249522528239,3.0497004958753883e-05,,2,4,"LPC + cuprizone CC (m, sn)  [LPC vs Ctrl]"
LPC_Cuprizone_CC_snRNA_mouse,Astrocyte,TCA cycle,LPC,Ctrl,0.09182948711211743,0.09630945080238462,-0.004479963690267194,,2,4,"LPC + cuprizone CC (m, sn)  [LPC vs Ctrl]"
LPC_Cuprizone_CC_snRNA_mouse,Astrocyte,OXPHOS,LPC,Ctrl,0.1012318288636995,0.1141328134793742,-0.01290098461567471,,2,4,"LPC + cuprizone CC (m, sn)  [LPC vs Ctrl]"
LPC_Cuprizone_CC_snRNA_mouse,Astrocyte,Beta-oxidation,LPC,Ctrl,-0.012510720752887016,0.004895205847308756,-0.01740592660019577,,2,4,"LPC + cuprizone CC (m, sn)  [LPC vs Ctrl]"
LPC_Cuprizone_CC_snRNA_mouse,Astrocyte,Lipid synthesis,LPC,Ctrl,0.13611297374733933,0.17550257154639237,-0.039389597799053044,,2,4,"LPC + cuprizone CC (m, sn)  [LPC vs Ctrl]"
LPC_Cuprizone_CC_snRNA_mouse,Astrocyte,Cholesterol synthesis,LPC,Ctrl,0.027010201871701958,0.0715593135416114,-0.044549111669909436,,2,4,"LPC + cuprizone CC (m, sn)  [LPC vs Ctrl]"
LPC_Cuprizone_CC_snRNA_mouse,Astrocyte,Lipid transport / storage,LPC,Ctrl,0.357457269388806,0.2965756002581157,0.06088166913069032,,2,4,"LPC + cuprizone CC (m, sn)  [LPC vs Ctrl]"
LPC_Cuprizone_CC_snRNA_mouse,Astrocyte,Myelin lipids,LPC,Ctrl,-0.16826993594121792,-0.11081265025559628,-0.05745728568562164,,2,4,"LPC + cuprizone CC (m, sn)  [LPC vs Ctrl]"
LPC_Cuprizone_CC_snRNA_mouse,Astrocyte,Ketone synthesis,Cuprizone,Ctrl,-0.02539627413096882,0.008463978237358267,-0.033860252368327085,,2,4,"LPC + cuprizone CC (m, sn)  [Cuprizone vs Ctrl]"
LPC_Cuprizone_CC_snRNA_mouse,Astrocyte,Ketone utilisation,Cuprizone,Ctrl,0.004780039459309254,0.06903034929272113,-0.06425030983341187,,2,4,"LPC + cuprizone CC (m, sn)  [Cuprizone vs Ctrl]"
LPC_Cuprizone_CC_snRNA_mouse,Astrocyte,Glycolysis,Cuprizone,Ctrl,-0.0017174134464254458,0.027488803958433977,-0.029206217404859423,,2,4,"LPC + cuprizone CC (m, sn)  [Cuprizone vs Ctrl]"
LPC_Cuprizone_CC_snRNA_mouse,Astrocyte,Pyruvate to lactate,Cuprizone,Ctrl,-0.04928057135387245,-0.008200284903702611,-0.04108028645016984,,2,4,"LPC + cuprizone CC (m, sn)  [Cuprizone vs Ctrl]"
LPC_Cuprizone_CC_snRNA_mouse,Astrocyte,Pentose phosphate,Cuprizone,Ctrl,-0.03354092817989783,-0.00579249522528239,-0.02774843295461544,,2,4,"LPC + cuprizone CC (m, sn)  [Cuprizone vs Ctrl]"
LPC_Cuprizone_CC_snRNA_mouse,Astrocyte,TCA cycle,Cuprizone,Ctrl,0.013951965383583509,0.09630945080238462,-0.08235748541880111,,2,4,"LPC + cuprizone CC (m, sn)  [Cuprizone vs Ctrl]"
LPC_Cuprizone_CC_snRNA_mouse,Astrocyte,OXPHOS,Cuprizone,Ctrl,-0.007269117164706428,0.1141328134793742,-0.12140193064408064,,2,4,"LPC + cuprizone CC (m, sn)  [Cuprizone vs Ctrl]"
LPC_Cuprizone_CC_snRNA_mouse,Astrocyte,Beta-oxidation,Cuprizone,Ctrl,0.004693137010100838,0.004895205847308756,-0.00020206883720791814,,2,4,"LPC + cuprizone CC (m, sn)  [Cuprizone vs Ctrl]"
LPC_Cuprizone_CC_snRNA_mouse,Astrocyte,Lipid synthesis,Cuprizone,Ctrl,0.07714465697492873,0.17550257154639237,-0.09835791457146364,,2,4,"LPC + cuprizone CC (m, sn)  [Cuprizone vs Ctrl]"
LPC_Cuprizone_CC_snRNA_mouse,Astrocyte,Cholesterol synthesis,Cuprizone,Ctrl,-0.035844249487801745,0.0715593135416114,-0.10740356302941315,,2,4,"LPC + cuprizone CC (m, sn)  [Cuprizone vs Ctrl]"
LPC_Cuprizone_CC_snRNA_mouse,Astrocyte,Lipid transport / storage,Cuprizone,Ctrl,0.38133617598094327,0.2965756002581157,0.08476057572282758,,2,4,"LPC + cuprizone CC (m, sn)  [Cuprizone vs Ctrl]"
LPC_Cuprizone_CC_snRNA_mouse,Astrocyte,Myelin lipids,Cuprizone,Ctrl,-0.14259670968292248,-0.11081265025559628,-0.031784059427326206,,2,4,"LPC + cuprizone CC (m, sn)  [Cuprizone vs Ctrl]"
LPC_Cuprizone_CC_snRNA_mouse,Neuron,Ketone synthesis,LPC,Ctrl,-0.034792664426469284,-0.03419225341703337,-0.0006004110094359125,,2,4,"LPC + cuprizone CC (m, sn)  [LPC vs Ctrl]"
LPC_Cuprizone_CC_snRNA_mouse,Neuron,Ketone utilisation,LPC,Ctrl,-0.012309588360780489,-0.008798069344300958,-0.0035115190164795307,,2,4,"LPC + cuprizone CC (m, sn)  [LPC vs Ctrl]"
LPC_Cuprizone_CC_snRNA_mouse,Neuron,Glycolysis,LPC,Ctrl,0.03669741090659768,-0.0042462493577396085,0.04094366026433729,,2,4,"LPC + cuprizone CC (m, sn)  [LPC vs Ctrl]"
LPC_Cuprizone_CC_snRNA_mouse,Neuron,Pyruvate to lactate,LPC,Ctrl,-0.05715587495397755,-0.05044387374322956,-0.006712001210747991,,2,4,"LPC + cuprizone CC (m, sn)  [LPC vs Ctrl]"
LPC_Cuprizone_CC_snRNA_mouse,Neuron,Pentose phosphate,LPC,Ctrl,-0.12054421130844088,-0.12209564308031576,0.0015514317718748755,,2,4,"LPC + cuprizone CC (m, sn)  [LPC vs Ctrl]"
LPC_Cuprizone_CC_snRNA_mouse,Neuron,TCA cycle,LPC,Ctrl,0.07485837675861565,0.041731698121846045,0.0331266786367696,,2,4,"LPC + cuprizone CC (m, sn)  [LPC vs Ctrl]"
LPC_Cuprizone_CC_snRNA_mouse,Neuron,OXPHOS,LPC,Ctrl,0.03832969910614373,0.021546000271426696,0.01678369883471703,,2,4,"LPC + cuprizone CC (m, sn)  [LPC vs Ctrl]"
LPC_Cuprizone_CC_snRNA_mouse,Neuron,Beta-oxidation,LPC,Ctrl,-0.10155576156693599,-0.07982925221935441,-0.02172650934758158,,2,4,"LPC + cuprizone CC (m, sn)  [LPC vs Ctrl]"
LPC_Cuprizone_CC_snRNA_mouse,Neuron,Lipid synthesis,LPC,Ctrl,-0.17088726380422825,-0.12484700106978215,-0.0460402627344461,,2,4,"LPC + cuprizone CC (m, sn)  [LPC vs Ctrl]"
LPC_Cuprizone_CC_snRNA_mouse,Neuron,Cholesterol synthesis,LPC,Ctrl,-0.011223353082582472,0.04840784344683184,-0.059631196529414315,,2,4,"LPC + cuprizone CC (m, sn)  [LPC vs Ctrl]"
LPC_Cuprizone_CC_snRNA_mouse,Neuron,Lipid transport / storage,LPC,Ctrl,0.03753610254823316,-0.15726286598606132,0.1947989685342945,,2,4,"LPC + cuprizone CC (m, sn)  [LPC vs Ctrl]"
LPC_Cuprizone_CC_snRNA_mouse,Neuron,Myelin lipids,LPC,Ctrl,-0.2970404530580632,-0.2640561555572712,-0.032984297500792015,,2,4,"LPC + cuprizone CC (m, sn)  [LPC vs Ctrl]"
LPC_Cuprizone_CC_snRNA_mouse,Neuron,Ketone synthesis,Cuprizone,Ctrl,-0.03850925127918369,-0.03419225341703337,-0.004316997862150319,,2,4,"LPC + cuprizone CC (m, sn)  [Cuprizone vs Ctrl]"
LPC_Cuprizone_CC_snRNA_mouse,Neuron,Ketone utilisation,Cuprizone,Ctrl,-0.042624442743770655,-0.008798069344300958,-0.0338263733994697,,2,4,"LPC + cuprizone CC (m, sn)  [Cuprizone vs Ctrl]"
LPC_Cuprizone_CC_snRNA_mouse,Neuron,Glycolysis,Cuprizone,Ctrl,-0.022805955127608215,-0.0042462493577396085,-0.018559705769868606,,2,4,"LPC + cuprizone CC (m, sn)  [Cuprizone vs Ctrl]"
LPC_Cuprizone_CC_snRNA_mouse,Neuron,Pyruvate to lactate,Cuprizone,Ctrl,-0.042848719657737774,-0.05044387374322956,0.007595154085491787,,2,4,"LPC + cuprizone CC (m, sn)  [Cuprizone vs Ctrl]"
LPC_Cuprizone_CC_snRNA_mouse,Neuron,Pentose phosphate,Cuprizone,Ctrl,-0.11323957683880809,-0.12209564308031576,0.00885606624150767,,2,4,"LPC + cuprizone CC (m, sn)  [Cuprizone vs Ctrl]"
LPC_Cuprizone_CC_snRNA_mouse,Neuron,TCA cycle,Cuprizone,Ctrl,0.011142026735170008,0.041731698121846045,-0.030589671386676037,,2,4,"LPC + cuprizone CC (m, sn)  [Cuprizone vs Ctrl]"
LPC_Cuprizone_CC_snRNA_mouse,Neuron,OXPHOS,Cuprizone,Ctrl,-0.038374077305008664,0.021546000271426696,-0.05992007757643536,,2,4,"LPC + cuprizone CC (m, sn)  [Cuprizone vs Ctrl]"
LPC_Cuprizone_CC_snRNA_mouse,Neuron,Beta-oxidation,Cuprizone,Ctrl,-0.055637953192452294,-0.07982925221935441,0.02419129902690212,,2,4,"LPC + cuprizone CC (m, sn)  [Cuprizone vs Ctrl]"
LPC_Cuprizone_CC_snRNA_mouse,Neuron,Lipid synthesis,Cuprizone,Ctrl,-0.12968294564391095,-0.12484700106978215,-0.004835944574128795,,2,4,"LPC + cuprizone CC (m, sn)  [Cuprizone vs Ctrl]"
LPC_Cuprizone_CC_snRNA_mouse,Neuron,Cholesterol synthesis,Cuprizone,Ctrl,-0.009913187888773572,0.04840784344683184,-0.058321031335605414,,2,4,"LPC + cuprizone CC (m, sn)  [Cuprizone vs Ctrl]"
LPC_Cuprizone_CC_snRNA_mouse,Neuron,Lipid transport / storage,Cuprizone,Ctrl,0.01275732995754267,-0.15726286598606132,0.17002019594360399,,2,4,"LPC + cuprizone CC (m, sn)  [Cuprizone vs Ctrl]"
LPC_Cuprizone_CC_snRNA_mouse,Neuron,Myelin lipids,Cuprizone,Ctrl,-0.25726289685172343,-0.2640561555572712,0.006793258705547756,,2,4,"LPC + cuprizone CC (m, sn)  [Cuprizone vs Ctrl]"
LPC_Cuprizone_CC_snRNA_mouse,Vascular/Fibroblast,Ketone synthesis,LPC,Ctrl,-0.015070396194294988,-0.0137717752344351,-0.001298620959859888,,2,2,"LPC + cuprizone CC (m, sn)  [LPC vs Ctrl]"
LPC_Cuprizone_CC_snRNA_mouse,Vascular/Fibroblast,Ketone utilisation,LPC,Ctrl,-0.08922776378607139,-0.12980985658184432,0.040582092795772934,,2,2,"LPC + cuprizone CC (m, sn)  [LPC vs Ctrl]"
LPC_Cuprizone_CC_snRNA_mouse,Vascular/Fibroblast,Glycolysis,LPC,Ctrl,0.16296248759645682,0.13568635132857285,0.02727613626788397,,2,2,"LPC + cuprizone CC (m, sn)  [LPC vs Ctrl]"
LPC_Cuprizone_CC_snRNA_mouse,Vascular/Fibroblast,Pyruvate to lactate,LPC,Ctrl,0.017124739593837784,0.0055314386392723534,0.011593300954565431,,2,2,"LPC + cuprizone CC (m, sn)  [LPC vs Ctrl]"
LPC_Cuprizone_CC_snRNA_mouse,Vascular/Fibroblast,Pentose phosphate,LPC,Ctrl,0.06770959038903243,0.10617674441321606,-0.03846715402418363,,2,2,"LPC + cuprizone CC (m, sn)  [LPC vs Ctrl]"
LPC_Cuprizone_CC_snRNA_mouse,Vascular/Fibroblast,TCA cycle,LPC,Ctrl,0.03043292984092765,0.105599104938347,-0.07516617509741935,,2,2,"LPC + cuprizone CC (m, sn)  [LPC vs Ctrl]"
LPC_Cuprizone_CC_snRNA_mouse,Vascular/Fibroblast,OXPHOS,LPC,Ctrl,0.2699939165496419,0.40458761432445256,-0.13459369777481067,,2,2,"LPC + cuprizone CC (m, sn)  [LPC vs Ctrl]"
LPC_Cuprizone_CC_snRNA_mouse,Vascular/Fibroblast,Beta-oxidation,LPC,Ctrl,-0.01506579409675008,-0.006891006512534072,-0.008174787584216008,,2,2,"LPC + cuprizone CC (m, sn)  [LPC vs Ctrl]"
LPC_Cuprizone_CC_snRNA_mouse,Vascular/Fibroblast,Lipid synthesis,LPC,Ctrl,0.08981336375395457,0.10666507844400319,-0.01685171469004862,,2,2,"LPC + cuprizone CC (m, sn)  [LPC vs Ctrl]"
LPC_Cuprizone_CC_snRNA_mouse,Vascular/Fibroblast,Cholesterol synthesis,LPC,Ctrl,0.00927433859779794,0.0691621987005839,-0.05988786010278596,,2,2,"LPC + cuprizone CC (m, sn)  [LPC vs Ctrl]"
LPC_Cuprizone_CC_snRNA_mouse,Vascular/Fibroblast,Lipid transport / storage,LPC,Ctrl,0.631775600482256,0.37324182739837863,0.25853377308387737,,2,2,"LPC + cuprizone CC (m, sn)  [LPC vs Ctrl]"
LPC_Cuprizone_CC_snRNA_mouse,Vascular/Fibroblast,Myelin lipids,LPC,Ctrl,-0.013716824994820813,-0.004201595864839045,-0.009515229129981768,,2,2,"LPC + cuprizone CC (m, sn)  [LPC vs Ctrl]"
LPC_Cuprizone_CC_snRNA_mouse,Vascular/Fibroblast,Ketone synthesis,Cuprizone,Ctrl,-0.06550259241982112,-0.0137717752344351,-0.051730817185386024,,1,2,"LPC + cuprizone CC (m, sn)  [Cuprizone vs Ctrl]"
LPC_Cuprizone_CC_snRNA_mouse,Vascular/Fibroblast,Ketone utilisation,Cuprizone,Ctrl,-0.12109455714150082,-0.12980985658184432,0.008715299440343507,,1,2,"LPC + cuprizone CC (m, sn)  [Cuprizone vs Ctrl]"
LPC_Cuprizone_CC_snRNA_mouse,Vascular/Fibroblast,Glycolysis,Cuprizone,Ctrl,0.030759123518353415,0.13568635132857285,-0.10492722781021943,,1,2,"LPC + cuprizone CC (m, sn)  [Cuprizone vs Ctrl]"
LPC_Cuprizone_CC_snRNA_mouse,Vascular/Fibroblast,Pyruvate to lactate,Cuprizone,Ctrl,-0.06710379648290188,0.0055314386392723534,-0.07263523512217424,,1,2,"LPC + cuprizone CC (m, sn)  [Cuprizone vs Ctrl]"
LPC_Cuprizone_CC_snRNA_mouse,Vascular/Fibroblast,Pentose phosphate,Cuprizone,Ctrl,-0.049243779438025194,0.10617674441321606,-0.15542052385124125,,1,2,"LPC + cuprizone CC (m, sn)  [Cuprizone vs Ctrl]"
LPC_Cuprizone_CC_snRNA_mouse,Vascular/Fibroblast,TCA cycle,Cuprizone,Ctrl,-0.029556743986619047,0.105599104938347,-0.13515584892496604,,1,2,"LPC + cuprizone CC (m, sn)  [Cuprizone vs Ctrl]"
LPC_Cuprizone_CC_snRNA_mouse,Vascular/Fibroblast,OXPHOS,Cuprizone,Ctrl,0.13848434168194967,0.40458761432445256,-0.2661032726425029,,1,2,"LPC + cuprizone CC (m, sn)  [Cuprizone vs Ctrl]"
LPC_Cuprizone_CC_snRNA_mouse,Vascular/Fibroblast,Beta-oxidation,Cuprizone,Ctrl,0.018203989967751837,-0.006891006512534072,0.02509499648028591,,1,2,"LPC + cuprizone CC (m, sn)  [Cuprizone vs Ctrl]"
LPC_Cuprizone_CC_snRNA_mouse,Vascular/Fibroblast,Lipid synthesis,Cuprizone,Ctrl,-0.001990897133236836,0.10666507844400319,-0.10865597557724002,,1,2,"LPC + cuprizone CC (m, sn)  [Cuprizone vs Ctrl]"
LPC_Cuprizone_CC_snRNA_mouse,Vascular/Fibroblast,Cholesterol synthesis,Cuprizone,Ctrl,-0.036789726981230064,0.0691621987005839,-0.10595192568181397,,1,2,"LPC + cuprizone CC (m, sn)  [Cuprizone vs Ctrl]"
LPC_Cuprizone_CC_snRNA_mouse,Vascular/Fibroblast,Lipid transport / storage,Cuprizone,Ctrl,0.4950524377444434,0.37324182739837863,0.12181061034606477,,1,2,"LPC + cuprizone CC (m, sn)  [Cuprizone vs Ctrl]"
LPC_Cuprizone_CC_snRNA_mouse,Vascular/Fibroblast,Myelin lipids,Cuprizone,Ctrl,-0.06924633893512544,-0.004201595864839045,-0.06504474307028639,,1,2,"LPC + cuprizone CC (m, sn)  [Cuprizone vs Ctrl]"
LPC_Cuprizone_CC_snRNA_mouse,Immune (lymphoid/myeloid),Ketone synthesis,LPC,Ctrl,-0.028902588465837306,-0.002402366553890251,-0.026500221911947057,,2,2,"LPC + cuprizone CC (m, sn)  [LPC vs Ctrl]"
LPC_Cuprizone_CC_snRNA_mouse,Immune (lymphoid/myeloid),Ketone utilisation,LPC,Ctrl,-0.08851711020848357,-0.115115836425948,0.026598726217464425,,2,2,"LPC + cuprizone CC (m, sn)  [LPC vs Ctrl]"
LPC_Cuprizone_CC_snRNA_mouse,Immune (lymphoid/myeloid),Glycolysis,LPC,Ctrl,0.04353713264850907,0.04425351151532814,-0.0007163788668190646,,2,2,"LPC + cuprizone CC (m, sn)  [LPC vs Ctrl]"
LPC_Cuprizone_CC_snRNA_mouse,Immune (lymphoid/myeloid),Pyruvate to lactate,LPC,Ctrl,-0.016032773443350537,-0.013668243463366219,-0.0023645299799843183,,2,2,"LPC + cuprizone CC (m, sn)  [LPC vs Ctrl]"
LPC_Cuprizone_CC_snRNA_mouse,Immune (lymphoid/myeloid),Pentose phosphate,LPC,Ctrl,0.008549798655982198,0.05267468756192283,-0.044124888905940636,,2,2,"LPC + cuprizone CC (m, sn)  [LPC vs Ctrl]"
LPC_Cuprizone_CC_snRNA_mouse,Immune (lymphoid/myeloid),TCA cycle,LPC,Ctrl,-0.0003171562263872014,0.021998159280624884,-0.022315315507012087,,2,2,"LPC + cuprizone CC (m, sn)  [LPC vs Ctrl]"
LPC_Cuprizone_CC_snRNA_mouse,Immune (lymphoid/myeloid),OXPHOS,LPC,Ctrl,0.04452655279951203,0.09604549122065144,-0.05151893842113941,,2,2,"LPC + cuprizone CC (m, sn)  [LPC vs Ctrl]"
LPC_Cuprizone_CC_snRNA_mouse,Immune (lymphoid/myeloid),Beta-oxidation,LPC,Ctrl,-0.02533816135544842,-0.016768130944611145,-0.008570030410837273,,2,2,"LPC + cuprizone CC (m, sn)  [LPC vs Ctrl]"
LPC_Cuprizone_CC_snRNA_mouse,Immune (lymphoid/myeloid),Lipid synthesis,LPC,Ctrl,-0.044512499787806414,0.06345137228715615,-0.10796387207496257,,2,2,"LPC + cuprizone CC (m, sn)  [LPC vs Ctrl]"
LPC_Cuprizone_CC_snRNA_mouse,Immune (lymphoid/myeloid),Cholesterol synthesis,LPC,Ctrl,-0.050743865050123196,-0.047342164081395556,-0.0034017009687276403,,2,2,"LPC + cuprizone CC (m, sn)  [LPC vs Ctrl]"
LPC_Cuprizone_CC_snRNA_mouse,Immune (lymphoid/myeloid),Lipid transport / storage,LPC,Ctrl,0.5257488786235978,0.373555012769647,0.15219386585395078,,2,2,"LPC + cuprizone CC (m, sn)  [LPC vs Ctrl]"
LPC_Cuprizone_CC_snRNA_mouse,Immune (lymphoid/myeloid),Myelin lipids,LPC,Ctrl,-0.17299974745253766,-0.07528979069344985,-0.09770995675908781,,2,2,"LPC + cuprizone CC (m, sn)  [LPC vs Ctrl]"
LPC_Cuprizone_CC_snRNA_mouse,Immune (lymphoid/myeloid),Ketone synthesis,Cuprizone,Ctrl,-0.04962403268258801,-0.002402366553890251,-0.04722166612869776,,2,2,"LPC + cuprizone CC (m, sn)  [Cuprizone vs Ctrl]"
LPC_Cuprizone_CC_snRNA_mouse,Immune (lymphoid/myeloid),Ketone utilisation,Cuprizone,Ctrl,-0.03788175486256028,-0.115115836425948,0.07723408156338772,,2,2,"LPC + cuprizone CC (m, sn)  [Cuprizone vs Ctrl]"
LPC_Cuprizone_CC_snRNA_mouse,Immune (lymphoid/myeloid),Glycolysis,Cuprizone,Ctrl,0.03295169870263537,0.04425351151532814,-0.011301812812692769,,2,2,"LPC + cuprizone CC (m, sn)  [Cuprizone vs Ctrl]"
LPC_Cuprizone_CC_snRNA_mouse,Immune (lymphoid/myeloid),Pyruvate to lactate,Cuprizone,Ctrl,0.014565798474751108,-0.013668243463366219,0.028234041938117328,,2,2,"LPC + cuprizone CC (m, sn)  [Cuprizone vs Ctrl]"
LPC_Cuprizone_CC_snRNA_mouse,Immune (lymphoid/myeloid),Pentose phosphate,Cuprizone,Ctrl,-0.013094500221287836,0.05267468756192283,-0.06576918778321067,,2,2,"LPC + cuprizone CC (m, sn)  [Cuprizone vs Ctrl]"
LPC_Cuprizone_CC_snRNA_mouse,Immune (lymphoid/myeloid),TCA cycle,Cuprizone,Ctrl,-0.0043905451905072584,0.021998159280624884,-0.026388704471132143,,2,2,"LPC + cuprizone CC (m, sn)  [Cuprizone vs Ctrl]"
LPC_Cuprizone_CC_snRNA_mouse,Immune (lymphoid/myeloid),OXPHOS,Cuprizone,Ctrl,0.002917605955525565,0.09604549122065144,-0.09312788526512587,,2,2,"LPC + cuprizone CC (m, sn)  [Cuprizone vs Ctrl]"
LPC_Cuprizone_CC_snRNA_mouse,Immune (lymphoid/myeloid),Beta-oxidation,Cuprizone,Ctrl,-0.019295985568732636,-0.016768130944611145,-0.00252785462412149,,2,2,"LPC + cuprizone CC (m, sn)  [Cuprizone vs Ctrl]"
LPC_Cuprizone_CC_snRNA_mouse,Immune (lymphoid/myeloid),Lipid synthesis,Cuprizone,Ctrl,0.11506117829468593,0.06345137228715615,0.05160980600752978,,2,2,"LPC + cuprizone CC (m, sn)  [Cuprizone vs Ctrl]"
LPC_Cuprizone_CC_snRNA_mouse,Immune (lymphoid/myeloid),Cholesterol synthesis,Cuprizone,Ctrl,-0.03574614609001351,-0.047342164081395556,0.011596017991382046,,2,2,"LPC + cuprizone CC (m, sn)  [Cuprizone vs Ctrl]"
LPC_Cuprizone_CC_snRNA_mouse,Immune (lymphoid/myeloid),Lipid transport / storage,Cuprizone,Ctrl,0.6065026950926891,0.373555012769647,0.23294768232304208,,2,2,"LPC + cuprizone CC (m, sn)  [Cuprizone vs Ctrl]"
LPC_Cuprizone_CC_snRNA_mouse,Immune (lymphoid/myeloid),Myelin lipids,Cuprizone,Ctrl,-0.1708665070362827,-0.07528979069344985,-0.09557671634283285,,2,2,"LPC + cuprizone CC (m, sn)  [Cuprizone vs Ctrl]"
LPC_Cuprizone_CC_snRNA_mouse,Ependymal,Ketone synthesis,LPC,Ctrl,,,,,0,0,"LPC + cuprizone CC (m, sn)  [LPC vs Ctrl]"
LPC_Cuprizone_CC_snRNA_mouse,Ependymal,Ketone utilisation,LPC,Ctrl,,,,,0,0,"LPC + cuprizone CC (m, sn)  [LPC vs Ctrl]"
LPC_Cuprizone_CC_snRNA_mouse,Ependymal,Glycolysis,LPC,Ctrl,,,,,0,0,"LPC + cuprizone CC (m, sn)  [LPC vs Ctrl]"
LPC_Cuprizone_CC_snRNA_mouse,Ependymal,Pyruvate to lactate,LPC,Ctrl,,,,,0,0,"LPC + cuprizone CC (m, sn)  [LPC vs Ctrl]"
LPC_Cuprizone_CC_snRNA_mouse,Ependymal,Pentose phosphate,LPC,Ctrl,,,,,0,0,"LPC + cuprizone CC (m, sn)  [LPC vs Ctrl]"
LPC_Cuprizone_CC_snRNA_mouse,Ependymal,TCA cycle,LPC,Ctrl,,,,,0,0,"LPC + cuprizone CC (m, sn)  [LPC vs Ctrl]"
LPC_Cuprizone_CC_snRNA_mouse,Ependymal,OXPHOS,LPC,Ctrl,,,,,0,0,"LPC + cuprizone CC (m, sn)  [LPC vs Ctrl]"
LPC_Cuprizone_CC_snRNA_mouse,Ependymal,Beta-oxidation,LPC,Ctrl,,,,,0,0,"LPC + cuprizone CC (m, sn)  [LPC vs Ctrl]"
LPC_Cuprizone_CC_snRNA_mouse,Ependymal,Lipid synthesis,LPC,Ctrl,,,,,0,0,"LPC + cuprizone CC (m, sn)  [LPC vs Ctrl]"
LPC_Cuprizone_CC_snRNA_mouse,Ependymal,Cholesterol synthesis,LPC,Ctrl,,,,,0,0,"LPC + cuprizone CC (m, sn)  [LPC vs Ctrl]"
LPC_Cuprizone_CC_snRNA_mouse,Ependymal,Lipid transport / storage,LPC,Ctrl,,,,,0,0,"LPC + cuprizone CC (m, sn)  [LPC vs Ctrl]"
LPC_Cuprizone_CC_snRNA_mouse,Ependymal,Myelin lipids,LPC,Ctrl,,,,,0,0,"LPC + cuprizone CC (m, sn)  [LPC vs Ctrl]"
LPC_Cuprizone_CC_snRNA_mouse,Ependymal,Ketone synthesis,Cuprizone,Ctrl,-0.01569805430777279,,,,2,0,"LPC + cuprizone CC (m, sn)  [Cuprizone vs Ctrl]"
LPC_Cuprizone_CC_snRNA_mouse,Ependymal,Ketone utilisation,Cuprizone,Ctrl,-0.020735049631520893,,,,2,0,"LPC + cuprizone CC (m, sn)  [Cuprizone vs Ctrl]"
LPC_Cuprizone_CC_snRNA_mouse,Ependymal,Glycolysis,Cuprizone,Ctrl,-0.048238167637377156,,,,2,0,"LPC + cuprizone CC (m, sn)  [Cuprizone vs Ctrl]"
LPC_Cuprizone_CC_snRNA_mouse,Ependymal,Pyruvate to lactate,Cuprizone,Ctrl,-0.07295023497320197,,,,2,0,"LPC + cuprizone CC (m, sn)  [Cuprizone vs Ctrl]"
LPC_Cuprizone_CC_snRNA_mouse,Ependymal,Pentose phosphate,Cuprizone,Ctrl,-0.03324337983171003,,,,2,0,"LPC + cuprizone CC (m, sn)  [Cuprizone vs Ctrl]"
LPC_Cuprizone_CC_snRNA_mouse,Ependymal,TCA cycle,Cuprizone,Ctrl,0.05454950594459652,,,,2,0,"LPC + cuprizone CC (m, sn)  [Cuprizone vs Ctrl]"
LPC_Cuprizone_CC_snRNA_mouse,Ependymal,OXPHOS,Cuprizone,Ctrl,0.005458048519811965,,,,2,0,"LPC + cuprizone CC (m, sn)  [Cuprizone vs Ctrl]"
LPC_Cuprizone_CC_snRNA_mouse,Ependymal,Beta-oxidation,Cuprizone,Ctrl,-0.07519764832052442,,,,2,0,"LPC + cuprizone CC (m, sn)  [Cuprizone vs Ctrl]"
LPC_Cuprizone_CC_snRNA_mouse,Ependymal,Lipid synthesis,Cuprizone,Ctrl,-0.011201072812080388,,,,2,0,"LPC + cuprizone CC (m, sn)  [Cuprizone vs Ctrl]"
LPC_Cuprizone_CC_snRNA_mouse,Ependymal,Cholesterol synthesis,Cuprizone,Ctrl,-0.03195645785652351,,,,2,0,"LPC + cuprizone CC (m, sn)  [Cuprizone vs Ctrl]"
LPC_Cuprizone_CC_snRNA_mouse,Ependymal,Lipid transport / storage,Cuprizone,Ctrl,0.25658712859110727,,,,2,0,"LPC + cuprizone CC (m, sn)  [Cuprizone vs Ctrl]"
LPC_Cuprizone_CC_snRNA_mouse,Ependymal,Myelin lipids,Cuprizone,Ctrl,-0.16859788490915345,,,,2,0,"LPC + cuprizone CC (m, sn)  [Cuprizone vs Ctrl]"
Leng2021_AD_human_snRNA,Oligodendrocyte,Ketone synthesis,AD,Ctrl,-0.007804296069827803,-0.010193219257131457,0.0023889231873036538,0.6164619694031459,6,12,"Leng 2021 AD (h, sn)  [AD vs Ctrl]"
Leng2021_AD_human_snRNA,Oligodendrocyte,Ketone utilisation,AD,Ctrl,0.02617006023398601,0.028815929676518696,-0.002645869442532686,0.7502693385046326,6,12,"Leng 2021 AD (h, sn)  [AD vs Ctrl]"
Leng2021_AD_human_snRNA,Oligodendrocyte,Glycolysis,AD,Ctrl,-0.010971189997987995,0.00800044792385122,-0.018971637921839216,0.10245636716224953,6,12,"Leng 2021 AD (h, sn)  [AD vs Ctrl]"
Leng2021_AD_human_snRNA,Oligodendrocyte,Pyruvate to lactate,AD,Ctrl,0.009512960872891501,0.0036415633518087575,0.005871397521082743,0.6164619694031459,6,12,"Leng 2021 AD (h, sn)  [AD vs Ctrl]"
Leng2021_AD_human_snRNA,Oligodendrocyte,Pentose phosphate,AD,Ctrl,0.03230562314949221,0.04567003064086054,-0.01336440749136833,0.15050635638870935,6,12,"Leng 2021 AD (h, sn)  [AD vs Ctrl]"
Leng2021_AD_human_snRNA,Oligodendrocyte,TCA cycle,AD,Ctrl,0.009344379507838462,0.005409348303910054,0.003935031203928408,0.43708252531781944,6,12,"Leng 2021 AD (h, sn)  [AD vs Ctrl]"
Leng2021_AD_human_snRNA,Oligodendrocyte,OXPHOS,AD,Ctrl,0.03370664894236508,-0.006435871470757957,0.04014252041312304,0.00689506571859513,6,12,"Leng 2021 AD (h, sn)  [AD vs Ctrl]"
Leng2021_AD_human_snRNA,Oligodendrocyte,Beta-oxidation,AD,Ctrl,-0.0009969673592430583,0.002695395639937537,-0.0036923629991805953,0.08306399482870072,6,12,"Leng 2021 AD (h, sn)  [AD vs Ctrl]"
Leng2021_AD_human_snRNA,Oligodendrocyte,Lipid synthesis,AD,Ctrl,0.014031746217704656,0.10228114340989332,-0.08824939719218866,0.0020469726352079294,6,12,"Leng 2021 AD (h, sn)  [AD vs Ctrl]"
Leng2021_AD_human_snRNA,Oligodendrocyte,Cholesterol synthesis,AD,Ctrl,0.042453070665608716,0.06529981373602814,-0.022846743070419423,0.08306399482870072,6,12,"Leng 2021 AD (h, sn)  [AD vs Ctrl]"
Leng2021_AD_human_snRNA,Oligodendrocyte,Lipid transport / storage,AD,Ctrl,0.07415757470145277,0.11281655442362402,-0.03865897972217125,0.10245636716224953,6,12,"Leng 2021 AD (h, sn)  [AD vs Ctrl]"
Leng2021_AD_human_snRNA,Oligodendrocyte,Myelin lipids,AD,Ctrl,0.2474767306275543,0.24600081626115541,0.0014759143663988783,0.8916181857358327,6,12,"Leng 2021 AD (h, sn)  [AD vs Ctrl]"
Leng2021_AD_human_snRNA,OPC,Ketone synthesis,AD,Ctrl,-0.000671208807509197,0.008479006593351738,-0.009150215400860934,0.10607400855078875,6,13,"Leng 2021 AD (h, sn)  [AD vs Ctrl]"
Leng2021_AD_human_snRNA,OPC,Ketone utilisation,AD,Ctrl,-0.0008725596575367155,0.009850503905199766,-0.010723063562736482,0.17912428129146396,6,13,"Leng 2021 AD (h, sn)  [AD vs Ctrl]"
Leng2021_AD_human_snRNA,OPC,Glycolysis,AD,Ctrl,-0.006077980707846455,0.01878129874856525,-0.024859279456411705,0.046218487394957986,6,13,"Leng 2021 AD (h, sn)  [AD vs Ctrl]"
Leng2021_AD_human_snRNA,OPC,Pyruvate to lactate,AD,Ctrl,-0.0025429126346706936,-0.003969598192161868,0.0014266855574911748,0.8982750995134897,6,13,"Leng 2021 AD (h, sn)  [AD vs Ctrl]"
Leng2021_AD_human_snRNA,OPC,Pentose phosphate,AD,Ctrl,-0.00040111743705831693,0.007080360074172319,-0.007481477511230636,0.3676102019755271,6,13,"Leng 2021 AD (h, sn)  [AD vs Ctrl]"
Leng2021_AD_human_snRNA,OPC,TCA cycle,AD,Ctrl,-0.002048164293179788,-0.00015828280392326234,-0.0018898814892565256,0.8982750995134897,6,13,"Leng 2021 AD (h, sn)  [AD vs Ctrl]"
Leng2021_AD_human_snRNA,OPC,OXPHOS,AD,Ctrl,0.0008315392751616404,-0.01389903583740788,0.01473057511256952,0.17912428129146396,6,13,"Leng 2021 AD (h, sn)  [AD vs Ctrl]"
Leng2021_AD_human_snRNA,OPC,Beta-oxidation,AD,Ctrl,0.019501554442667803,0.010540110648945401,0.008961443793722402,0.07150228512457615,6,13,"Leng 2021 AD (h, sn)  [AD vs Ctrl]"
Leng2021_AD_human_snRNA,OPC,Lipid synthesis,AD,Ctrl,-0.1482278250874999,-0.11172045993164412,-0.03650736515585579,0.009214212000589708,6,13,"Leng 2021 AD (h, sn)  [AD vs Ctrl]"
Leng2021_AD_human_snRNA,OPC,Cholesterol synthesis,AD,Ctrl,-0.05158274799953288,-0.017296320862968957,-0.03428642713656392,0.046218487394957986,6,13,"Leng 2021 AD (h, sn)  [AD vs Ctrl]"
Leng2021_AD_human_snRNA,OPC,Lipid transport / storage,AD,Ctrl,0.032444305254066406,0.030129646837406522,0.0023146584166598844,1.0,6,13,"Leng 2021 AD (h, sn)  [AD vs Ctrl]"
Leng2021_AD_human_snRNA,OPC,Myelin lipids,AD,Ctrl,-0.00858601903461108,0.027799243966169708,-0.036385263000780786,0.0002948547840188707,6,13,"Leng 2021 AD (h, sn)  [AD vs Ctrl]"
Leng2021_AD_human_snRNA,Microglia,Ketone synthesis,AD,Ctrl,-0.018762895149766718,-0.020714221280897196,0.0019513261311304778,0.3276723276723276,6,9,"Leng 2021 AD (h, sn)  [AD vs Ctrl]"
Leng2021_AD_human_snRNA,Microglia,Ketone utilisation,AD,Ctrl,-0.027055405068700966,-0.023549924866611047,-0.0035054802020899195,1.0,6,9,"Leng 2021 AD (h, sn)  [AD vs Ctrl]"
Leng2021_AD_human_snRNA,Microglia,Glycolysis,AD,Ctrl,0.038254524538081945,0.028024114986750066,0.010230409551331879,0.7756243756243756,6,9,"Leng 2021 AD (h, sn)  [AD vs Ctrl]"
Leng2021_AD_human_snRNA,Microglia,Pyruvate to lactate,AD,Ctrl,0.018437817090113027,0.011986430364489813,0.006451386725623214,0.8639360639360639,6,9,"Leng 2021 AD (h, sn)  [AD vs Ctrl]"
Leng2021_AD_human_snRNA,Microglia,Pentose phosphate,AD,Ctrl,-0.00524592209012668,-0.007557037958419206,0.0023111158682925263,0.6889110889110889,6,9,"Leng 2021 AD (h, sn)  [AD vs Ctrl]"
Leng2021_AD_human_snRNA,Microglia,TCA cycle,AD,Ctrl,0.0004894235797297917,-0.00960123264296998,0.010090656222699772,0.38841158841158835,6,9,"Leng 2021 AD (h, sn)  [AD vs Ctrl]"
Leng2021_AD_human_snRNA,Microglia,OXPHOS,AD,Ctrl,0.010543903964970921,-0.010056851592131752,0.020600755557102675,0.2721278721278721,6,9,"Leng 2021 AD (h, sn)  [AD vs Ctrl]"
Leng2021_AD_human_snRNA,Microglia,Beta-oxidation,AD,Ctrl,-0.010916785690967682,-0.010906339144024705,-1.044654694297778e-05,1.0,6,9,"Leng 2021 AD (h, sn)  [AD vs Ctrl]"
Leng2021_AD_human_snRNA,Microglia,Lipid synthesis,AD,Ctrl,-0.09960174874472523,-0.0389228624954491,-0.06067888624927613,0.004795204795204795,6,9,"Leng 2021 AD (h, sn)  [AD vs Ctrl]"
Leng2021_AD_human_snRNA,Microglia,Cholesterol synthesis,AD,Ctrl,-0.070249653883833,-0.07006820118085008,-0.0001814527029829205,0.606993006993007,6,9,"Leng 2021 AD (h, sn)  [AD vs Ctrl]"
Leng2021_AD_human_snRNA,Microglia,Lipid transport / storage,AD,Ctrl,0.0123608345453997,0.03525257814625134,-0.02289174360085164,0.5286713286713286,6,9,"Leng 2021 AD (h, sn)  [AD vs Ctrl]"
Leng2021_AD_human_snRNA,Microglia,Myelin lipids,AD,Ctrl,-0.06771770152049643,-0.05071412255211393,-0.017003578968382498,0.2721278721278721,6,9,"Leng 2021 AD (h, sn)  [AD vs Ctrl]"
Leng2021_AD_human_snRNA,Astrocyte,Ketone synthesis,AD,Ctrl,0.0026029642248825086,0.014500892287152371,-0.011897928062269861,0.21001031991744068,6,13,"Leng 2021 AD (h, sn)  [AD vs Ctrl]"
Leng2021_AD_human_snRNA,Astrocyte,Ketone utilisation,AD,Ctrl,0.09239677900324157,0.14092098645631412,-0.04852420745307255,0.03648827952233525,6,13,"Leng 2021 AD (h, sn)  [AD vs Ctrl]"
Leng2021_AD_human_snRNA,Astrocyte,Glycolysis,AD,Ctrl,0.08647088569937045,0.12948678447673703,-0.043015898777366585,0.07150228512457615,6,13,"Leng 2021 AD (h, sn)  [AD vs Ctrl]"
Leng2021_AD_human_snRNA,Astrocyte,Pyruvate to lactate,AD,Ctrl,0.01113477400731598,0.01890244677333285,-0.0077676727660168695,0.7012383900928792,6,13,"Leng 2021 AD (h, sn)  [AD vs Ctrl]"
Leng2021_AD_human_snRNA,Astrocyte,Pentose phosphate,AD,Ctrl,0.04192313814050927,0.05865278958686914,-0.01672965144635987,0.24406604747162025,6,13,"Leng 2021 AD (h, sn)  [AD vs Ctrl]"
Leng2021_AD_human_snRNA,Astrocyte,TCA cycle,AD,Ctrl,0.023336379131251746,0.03520199454410526,-0.011865615412853515,0.32286598850066345,6,13,"Leng 2021 AD (h, sn)  [AD vs Ctrl]"
Leng2021_AD_human_snRNA,Astrocyte,OXPHOS,AD,Ctrl,0.05065701676856723,0.019258725787034525,0.031398290981532705,0.05771782397169394,6,13,"Leng 2021 AD (h, sn)  [AD vs Ctrl]"
Leng2021_AD_human_snRNA,Astrocyte,Beta-oxidation,AD,Ctrl,0.0690477190173245,0.0803482760304719,-0.011300557013147403,0.4670499778858912,6,13,"Leng 2021 AD (h, sn)  [AD vs Ctrl]"
Leng2021_AD_human_snRNA,Astrocyte,Lipid synthesis,AD,Ctrl,-0.07567631254991375,-0.02009198160235799,-0.05558433094755576,0.0014005602240896356,6,13,"Leng 2021 AD (h, sn)  [AD vs Ctrl]"
Leng2021_AD_human_snRNA,Astrocyte,Cholesterol synthesis,AD,Ctrl,-0.030798310591431375,0.009289263509205326,-0.0400875741006367,0.01673300899307091,6,13,"Leng 2021 AD (h, sn)  [AD vs Ctrl]"
Leng2021_AD_human_snRNA,Astrocyte,Lipid transport / storage,AD,Ctrl,0.04034606195931851,0.1236550877280601,-0.08330902576874158,0.012457614624797286,6,13,"Leng 2021 AD (h, sn)  [AD vs Ctrl]"
Leng2021_AD_human_snRNA,Astrocyte,Myelin lipids,AD,Ctrl,-0.07143861823412316,-0.05246893698264022,-0.01896968125148294,0.05771782397169394,6,13,"Leng 2021 AD (h, sn)  [AD vs Ctrl]"
Leng2021_AD_human_snRNA,Neuron,Ketone synthesis,AD,Ctrl,0.00655690285642239,0.01742491878820996,-0.010868015931787569,0.1785861713106295,6,14,"Leng 2021 AD (h, sn)  [AD vs Ctrl]"
Leng2021_AD_human_snRNA,Neuron,Ketone utilisation,AD,Ctrl,0.012629801750856628,-0.011021576954992994,0.023651378705849622,0.006449948400412796,6,14,"Leng 2021 AD (h, sn)  [AD vs Ctrl]"
Leng2021_AD_human_snRNA,Neuron,Glycolysis,AD,Ctrl,0.08008120428537262,0.09579551184260111,-0.015714307557228496,0.6589783281733748,6,14,"Leng 2021 AD (h, sn)  [AD vs Ctrl]"
Leng2021_AD_human_snRNA,Neuron,Pyruvate to lactate,AD,Ctrl,0.016042854053410837,0.014132458281899086,0.0019103957715117508,0.9043859649122807,6,14,"Leng 2021 AD (h, sn)  [AD vs Ctrl]"
Leng2021_AD_human_snRNA,Neuron,Pentose phosphate,AD,Ctrl,0.0006071414063257251,0.005599056544904833,-0.004991915138579108,0.31186790505675954,6,14,"Leng 2021 AD (h, sn)  [AD vs Ctrl]"
Leng2021_AD_human_snRNA,Neuron,TCA cycle,AD,Ctrl,0.03001186112220007,0.02327528127828807,0.006736579843911999,0.23911248710010322,6,14,"Leng 2021 AD (h, sn)  [AD vs Ctrl]"
Leng2021_AD_human_snRNA,Neuron,OXPHOS,AD,Ctrl,0.0636942144685189,0.016614614620755034,0.04707959984776387,0.032559339525283795,6,14,"Leng 2021 AD (h, sn)  [AD vs Ctrl]"
Leng2021_AD_human_snRNA,Neuron,Beta-oxidation,AD,Ctrl,0.0013318955988520468,-0.004388553281497354,0.0057204488803494005,0.07574819401444788,6,14,"Leng 2021 AD (h, sn)  [AD vs Ctrl]"
Leng2021_AD_human_snRNA,Neuron,Lipid synthesis,AD,Ctrl,-0.15363650347381527,-0.1293000319838856,-0.02433647148992968,0.025644994840041277,6,14,"Leng 2021 AD (h, sn)  [AD vs Ctrl]"
Leng2021_AD_human_snRNA,Neuron,Cholesterol synthesis,AD,Ctrl,-0.06495555326481303,-0.0470715199916485,-0.017884033273164533,0.1785861713106295,6,14,"Leng 2021 AD (h, sn)  [AD vs Ctrl]"
Leng2021_AD_human_snRNA,Neuron,Lipid transport / storage,AD,Ctrl,-0.12752371673109472,-0.11383195368181796,-0.013691763049276759,0.23911248710010322,6,14,"Leng 2021 AD (h, sn)  [AD vs Ctrl]"
Leng2021_AD_human_snRNA,Neuron,Myelin lipids,AD,Ctrl,-0.1086499202318122,-0.08567077587700292,-0.022979144354809286,0.05067079463364293,6,14,"Leng 2021 AD (h, sn)  [AD vs Ctrl]"
Leng2021_AD_human_snRNA,Endothelial,Ketone synthesis,AD,Ctrl,-0.017382860041578505,-0.021128418216904445,0.003745558175325941,0.9307359307359306,6,5,"Leng 2021 AD (h, sn)  [AD vs Ctrl]"
Leng2021_AD_human_snRNA,Endothelial,Ketone utilisation,AD,Ctrl,-0.004908294147493677,-0.026609257393011537,0.02170096324551786,0.32900432900432897,6,5,"Leng 2021 AD (h, sn)  [AD vs Ctrl]"
Leng2021_AD_human_snRNA,Endothelial,Glycolysis,AD,Ctrl,0.1451867301520373,0.17499771861416757,-0.02981098846213026,0.42857142857142855,6,5,"Leng 2021 AD (h, sn)  [AD vs Ctrl]"
Leng2021_AD_human_snRNA,Endothelial,Pyruvate to lactate,AD,Ctrl,0.09792106694003115,0.07001343835489052,0.027907628585140634,0.5367965367965368,6,5,"Leng 2021 AD (h, sn)  [AD vs Ctrl]"
Leng2021_AD_human_snRNA,Endothelial,Pentose phosphate,AD,Ctrl,-0.026258641886711984,-0.01412969172546821,-0.012128950161243775,0.7922077922077921,6,5,"Leng 2021 AD (h, sn)  [AD vs Ctrl]"
Leng2021_AD_human_snRNA,Endothelial,TCA cycle,AD,Ctrl,0.0026747888374521953,0.008378734787073827,-0.0057039459496216315,0.5367965367965368,6,5,"Leng 2021 AD (h, sn)  [AD vs Ctrl]"
Leng2021_AD_human_snRNA,Endothelial,OXPHOS,AD,Ctrl,0.09127886038267154,0.0840600987305313,0.007218761652140235,0.6623376623376623,6,5,"Leng 2021 AD (h, sn)  [AD vs Ctrl]"
Leng2021_AD_human_snRNA,Endothelial,Beta-oxidation,AD,Ctrl,0.011362416188463448,0.019892394604331294,-0.008529978415867846,0.6623376623376623,6,5,"Leng 2021 AD (h, sn)  [AD vs Ctrl]"
Leng2021_AD_human_snRNA,Endothelial,Lipid synthesis,AD,Ctrl,-0.11600299256400153,-0.11731233202725207,0.0013093394632505417,0.7922077922077921,6,5,"Leng 2021 AD (h, sn)  [AD vs Ctrl]"
Leng2021_AD_human_snRNA,Endothelial,Cholesterol synthesis,AD,Ctrl,-0.037529970805170794,-0.047248809356269954,0.00971883855109916,0.9307359307359306,6,5,"Leng 2021 AD (h, sn)  [AD vs Ctrl]"
Leng2021_AD_human_snRNA,Endothelial,Lipid transport / storage,AD,Ctrl,0.09027748010687316,0.07907691771761277,0.011200562389260385,1.0,6,5,"Leng 2021 AD (h, sn)  [AD vs Ctrl]"
Leng2021_AD_human_snRNA,Endothelial,Myelin lipids,AD,Ctrl,-0.05024466006059133,-0.05694651333143891,0.006701853270847581,0.5367965367965368,6,5,"Leng 2021 AD (h, sn)  [AD vs Ctrl]"
Leng2021_AD_human_snRNA,Immune (lymphoid/myeloid),Ketone synthesis,AD,Ctrl,-0.018639289502779304,-0.030813582335357314,0.01217429283257801,,6,2,"Leng 2021 AD (h, sn)  [AD vs Ctrl]"
Leng2021_AD_human_snRNA,Immune (lymphoid/myeloid),Ketone utilisation,AD,Ctrl,-0.009122127985288008,-0.015932639491410903,0.006810511506122895,,6,2,"Leng 2021 AD (h, sn)  [AD vs Ctrl]"
Leng2021_AD_human_snRNA,Immune (lymphoid/myeloid),Glycolysis,AD,Ctrl,0.007633317000036249,0.004400960068791031,0.0032323569312452186,,6,2,"Leng 2021 AD (h, sn)  [AD vs Ctrl]"
Leng2021_AD_human_snRNA,Immune (lymphoid/myeloid),Pyruvate to lactate,AD,Ctrl,0.02846596878116095,-0.0028111761759338095,0.03127714495709476,,6,2,"Leng 2021 AD (h, sn)  [AD vs Ctrl]"
Leng2021_AD_human_snRNA,Immune (lymphoid/myeloid),Pentose phosphate,AD,Ctrl,0.013040860171388618,0.003552152448230317,0.009488707723158301,,6,2,"Leng 2021 AD (h, sn)  [AD vs Ctrl]"
Leng2021_AD_human_snRNA,Immune (lymphoid/myeloid),TCA cycle,AD,Ctrl,-0.004779870023584103,-0.008257962647836093,0.00347809262425199,,6,2,"Leng 2021 AD (h, sn)  [AD vs Ctrl]"
Leng2021_AD_human_snRNA,Immune (lymphoid/myeloid),OXPHOS,AD,Ctrl,0.011667688539267496,-0.025421887253169663,0.03708957579243716,,6,2,"Leng 2021 AD (h, sn)  [AD vs Ctrl]"
Leng2021_AD_human_snRNA,Immune (lymphoid/myeloid),Beta-oxidation,AD,Ctrl,-0.0027894366566392783,-0.01279427016271168,0.0100048335060724,,6,2,"Leng 2021 AD (h, sn)  [AD vs Ctrl]"
Leng2021_AD_human_snRNA,Immune (lymphoid/myeloid),Lipid synthesis,AD,Ctrl,-0.031422476899949134,-0.014302469818189802,-0.01712000708175933,,6,2,"Leng 2021 AD (h, sn)  [AD vs Ctrl]"
Leng2021_AD_human_snRNA,Immune (lymphoid/myeloid),Cholesterol synthesis,AD,Ctrl,-0.028905778416129225,-0.032521425167773475,0.0036156467516442505,,6,2,"Leng 2021 AD (h, sn)  [AD vs Ctrl]"
Leng2021_AD_human_snRNA,Immune (lymphoid/myeloid),Lipid transport / storage,AD,Ctrl,0.05928344385097644,0.0713970614693783,-0.012113617618401858,,6,2,"Leng 2021 AD (h, sn)  [AD vs Ctrl]"
Leng2021_AD_human_snRNA,Immune (lymphoid/myeloid),Myelin lipids,AD,Ctrl,0.08080554527796344,0.11439613969717503,-0.0335905944192116,,6,2,"Leng 2021 AD (h, sn)  [AD vs Ctrl]"
LermaMartin2024_MS_human_Visium,spot,Ketone synthesis,MS,Ctrl,-0.021406968476866794,0.03356538174458495,-0.05497235022145174,0.00010773540185304891,12,6,"Lerma-Martin 2024 MS (h, Visium)  [MS vs Ctrl]"
LermaMartin2024_MS_human_Visium,spot,Ketone utilisation,MS,Ctrl,-0.023935383752860404,0.01923069610942353,-0.043166079862283935,0.00021547080370609782,12,6,"Lerma-Martin 2024 MS (h, Visium)  [MS vs Ctrl]"
LermaMartin2024_MS_human_Visium,spot,Glycolysis,MS,Ctrl,0.2912826129885848,0.3153030501718856,-0.02402043718330077,0.9635854341736694,12,6,"Lerma-Martin 2024 MS (h, Visium)  [MS vs Ctrl]"
LermaMartin2024_MS_human_Visium,spot,Pyruvate to lactate,MS,Ctrl,0.0900570281441071,0.030957423786268964,0.059099604357838134,0.009696186166774402,12,6,"Lerma-Martin 2024 MS (h, Visium)  [MS vs Ctrl]"
LermaMartin2024_MS_human_Visium,spot,Pentose phosphate,MS,Ctrl,-0.08068659822028813,-0.06021981118316319,-0.020466787037124942,0.5532212885154062,12,6,"Lerma-Martin 2024 MS (h, Visium)  [MS vs Ctrl]"
LermaMartin2024_MS_human_Visium,spot,TCA cycle,MS,Ctrl,-0.049429770320214096,-0.0224623391293583,-0.026967431190855796,0.08306399482870072,12,6,"Lerma-Martin 2024 MS (h, Visium)  [MS vs Ctrl]"
LermaMartin2024_MS_human_Visium,spot,OXPHOS,MS,Ctrl,0.10943919146305325,0.2165381357564832,-0.10709894429342995,0.05289808230984702,12,6,"Lerma-Martin 2024 MS (h, Visium)  [MS vs Ctrl]"
LermaMartin2024_MS_human_Visium,spot,Beta-oxidation,MS,Ctrl,-0.02489308044644832,-0.0026506500413906973,-0.022242430405057623,0.03199741435035553,12,6,"Lerma-Martin 2024 MS (h, Visium)  [MS vs Ctrl]"
LermaMartin2024_MS_human_Visium,spot,Lipid synthesis,MS,Ctrl,0.07260666893602484,0.38417175947193827,-0.3115650905359134,0.00010773540185304891,12,6,"Lerma-Martin 2024 MS (h, Visium)  [MS vs Ctrl]"
LermaMartin2024_MS_human_Visium,spot,Cholesterol synthesis,MS,Ctrl,-0.04679425591604202,-0.0012986929864035278,-0.045495562929638494,0.10245636716224953,12,6,"Lerma-Martin 2024 MS (h, Visium)  [MS vs Ctrl]"
LermaMartin2024_MS_human_Visium,spot,Lipid transport / storage,MS,Ctrl,0.3033507357945252,0.4336416874588544,-0.1302909516643292,0.013466925231631115,12,6,"Lerma-Martin 2024 MS (h, Visium)  [MS vs Ctrl]"
LermaMartin2024_MS_human_Visium,spot,Myelin lipids,MS,Ctrl,-0.1511664870236366,0.06731067218221869,-0.2184771592058553,0.00010773540185304891,12,6,"Lerma-Martin 2024 MS (h, Visium)  [MS vs Ctrl]"
LermaMartin2024_MS_human_snRNA,Oligodendrocyte,Ketone synthesis,MS,Ctrl,0.006223420625020865,0.027370582794267854,-0.02114716216924699,0.0017482517482517483,10,6,"Lerma-Martin 2024 MS (h, sn)  [MS vs Ctrl]"
LermaMartin2024_MS_human_snRNA,Oligodendrocyte,Ketone utilisation,MS,Ctrl,0.012685004968148261,0.053933596680662464,-0.0412485917125142,0.007492507492507492,10,6,"Lerma-Martin 2024 MS (h, sn)  [MS vs Ctrl]"
LermaMartin2024_MS_human_snRNA,Oligodendrocyte,Glycolysis,MS,Ctrl,-0.023780971213028513,-0.014288402452995392,-0.009492568760033121,0.42782217782217785,10,6,"Lerma-Martin 2024 MS (h, sn)  [MS vs Ctrl]"
LermaMartin2024_MS_human_snRNA,Oligodendrocyte,Pyruvate to lactate,MS,Ctrl,0.018929815708594748,-0.01687525730787766,0.03580507301647241,0.007492507492507492,10,6,"Lerma-Martin 2024 MS (h, sn)  [MS vs Ctrl]"
LermaMartin2024_MS_human_snRNA,Oligodendrocyte,Pentose phosphate,MS,Ctrl,0.046834061428685,0.0591089341292556,-0.0122748727005706,0.42782217782217785,10,6,"Lerma-Martin 2024 MS (h, sn)  [MS vs Ctrl]"
LermaMartin2024_MS_human_snRNA,Oligodendrocyte,TCA cycle,MS,Ctrl,0.02958162147569776,0.017185417174825867,0.012396204300871894,0.010989010989010988,10,6,"Lerma-Martin 2024 MS (h, sn)  [MS vs Ctrl]"
LermaMartin2024_MS_human_snRNA,Oligodendrocyte,OXPHOS,MS,Ctrl,-0.021424899759377548,-0.037345568805301904,0.015920669045924356,0.7924575424575424,10,6,"Lerma-Martin 2024 MS (h, sn)  [MS vs Ctrl]"
LermaMartin2024_MS_human_snRNA,Oligodendrocyte,Beta-oxidation,MS,Ctrl,-0.006118726099195989,-0.007116631693930563,0.0009979055947345744,0.3676323676323677,10,6,"Lerma-Martin 2024 MS (h, sn)  [MS vs Ctrl]"
LermaMartin2024_MS_human_snRNA,Oligodendrocyte,Lipid synthesis,MS,Ctrl,0.10409130367732844,0.19011709802370846,-0.08602579434638002,0.07267732267732269,10,6,"Lerma-Martin 2024 MS (h, sn)  [MS vs Ctrl]"
LermaMartin2024_MS_human_snRNA,Oligodendrocyte,Cholesterol synthesis,MS,Ctrl,0.06937375956143388,-0.008901618479689786,0.07827537804112367,0.49225774225774227,10,6,"Lerma-Martin 2024 MS (h, sn)  [MS vs Ctrl]"
LermaMartin2024_MS_human_snRNA,Oligodendrocyte,Lipid transport / storage,MS,Ctrl,0.019472037415752586,0.0013518759910499157,0.01812016142470267,0.31318681318681324,10,6,"Lerma-Martin 2024 MS (h, sn)  [MS vs Ctrl]"
LermaMartin2024_MS_human_snRNA,Oligodendrocyte,Myelin lipids,MS,Ctrl,0.23937071209497313,0.25144569929643373,-0.012074987201460607,0.6353646353646354,10,6,"Lerma-Martin 2024 MS (h, sn)  [MS vs Ctrl]"
LermaMartin2024_MS_human_snRNA,OPC,Ketone synthesis,MS,Ctrl,-0.0037549731655778388,0.04200431141124608,-0.04575928457682392,0.000999000999000999,10,6,"Lerma-Martin 2024 MS (h, sn)  [MS vs Ctrl]"
LermaMartin2024_MS_human_snRNA,OPC,Ketone utilisation,MS,Ctrl,-0.039529205306596635,-0.02371736999769671,-0.015811835308899926,0.42782217782217785,10,6,"Lerma-Martin 2024 MS (h, sn)  [MS vs Ctrl]"
LermaMartin2024_MS_human_snRNA,OPC,Glycolysis,MS,Ctrl,-0.0426462256218629,-0.03123305861603806,-0.011413167005824839,0.2197802197802198,10,6,"Lerma-Martin 2024 MS (h, sn)  [MS vs Ctrl]"
LermaMartin2024_MS_human_snRNA,OPC,Pyruvate to lactate,MS,Ctrl,-0.060735533196051725,-0.06855249683826642,0.007816963642214694,0.49225774225774227,10,6,"Lerma-Martin 2024 MS (h, sn)  [MS vs Ctrl]"
LermaMartin2024_MS_human_snRNA,OPC,Pentose phosphate,MS,Ctrl,-0.06917314572209846,-0.05166707978634297,-0.017506065935755488,0.09340659340659341,10,6,"Lerma-Martin 2024 MS (h, sn)  [MS vs Ctrl]"
LermaMartin2024_MS_human_snRNA,OPC,TCA cycle,MS,Ctrl,-0.018731200471083488,-0.03537938731843108,0.01664818684734759,0.002997002997002997,10,6,"Lerma-Martin 2024 MS (h, sn)  [MS vs Ctrl]"
LermaMartin2024_MS_human_snRNA,OPC,OXPHOS,MS,Ctrl,-0.06420373593809987,-0.06942622526749494,0.005222489329395064,1.0,10,6,"Lerma-Martin 2024 MS (h, sn)  [MS vs Ctrl]"
LermaMartin2024_MS_human_snRNA,OPC,Beta-oxidation,MS,Ctrl,-0.01628835946889224,-0.012771821335309073,-0.0035165381335831667,0.6353646353646354,10,6,"Lerma-Martin 2024 MS (h, sn)  [MS vs Ctrl]"
LermaMartin2024_MS_human_snRNA,OPC,Lipid synthesis,MS,Ctrl,-0.0831460345768783,-0.07274928464989072,-0.01039674992698758,0.42782217782217785,10,6,"Lerma-Martin 2024 MS (h, sn)  [MS vs Ctrl]"
LermaMartin2024_MS_human_snRNA,OPC,Cholesterol synthesis,MS,Ctrl,-0.08180366027679589,-0.06485842969601567,-0.01694523058078022,0.6353646353646354,10,6,"Lerma-Martin 2024 MS (h, sn)  [MS vs Ctrl]"
LermaMartin2024_MS_human_snRNA,OPC,Lipid transport / storage,MS,Ctrl,-0.12142971753510412,-0.09694616340464209,-0.024483554130462035,0.04195804195804197,10,6,"Lerma-Martin 2024 MS (h, sn)  [MS vs Ctrl]"
LermaMartin2024_MS_human_snRNA,OPC,Myelin lipids,MS,Ctrl,-0.15038334158278993,-0.18327642099895372,0.03289307941616379,0.14710289710289712,10,6,"Lerma-Martin 2024 MS (h, sn)  [MS vs Ctrl]"
LermaMartin2024_MS_human_snRNA,Microglia,Ketone synthesis,MS,Ctrl,-0.049894342119072864,-0.0240725158118999,-0.025821826307172963,0.004745254745254745,10,6,"Lerma-Martin 2024 MS (h, sn)  [MS vs Ctrl]"
LermaMartin2024_MS_human_snRNA,Microglia,Ketone utilisation,MS,Ctrl,-0.10115446209940723,-0.03336428956881916,-0.06779017253058808,0.00024975024975024975,10,6,"Lerma-Martin 2024 MS (h, sn)  [MS vs Ctrl]"
LermaMartin2024_MS_human_snRNA,Microglia,Glycolysis,MS,Ctrl,0.0389659546065924,0.10904707888654679,-0.07008112427995439,0.2197802197802198,10,6,"Lerma-Martin 2024 MS (h, sn)  [MS vs Ctrl]"
LermaMartin2024_MS_human_snRNA,Microglia,Pyruvate to lactate,MS,Ctrl,-0.003799381467044316,0.0020945598784568847,-0.0058939413455012,0.8748751248751249,10,6,"Lerma-Martin 2024 MS (h, sn)  [MS vs Ctrl]"
LermaMartin2024_MS_human_snRNA,Microglia,Pentose phosphate,MS,Ctrl,-0.009362650682259421,-0.008398906004093418,-0.0009637446781660033,0.9577922077922078,10,6,"Lerma-Martin 2024 MS (h, sn)  [MS vs Ctrl]"
LermaMartin2024_MS_human_snRNA,Microglia,TCA cycle,MS,Ctrl,-0.02149248703928642,-0.03556131245979605,0.014068825420509634,0.07267732267732269,10,6,"Lerma-Martin 2024 MS (h, sn)  [MS vs Ctrl]"
LermaMartin2024_MS_human_snRNA,Microglia,OXPHOS,MS,Ctrl,-0.06559463003384566,-0.07184564104785197,0.006251011014006311,0.8748751248751249,10,6,"Lerma-Martin 2024 MS (h, sn)  [MS vs Ctrl]"
LermaMartin2024_MS_human_snRNA,Microglia,Beta-oxidation,MS,Ctrl,0.008017556267229156,-0.014782587244100802,0.02280014351132996,0.000999000999000999,10,6,"Lerma-Martin 2024 MS (h, sn)  [MS vs Ctrl]"
LermaMartin2024_MS_human_snRNA,Microglia,Lipid synthesis,MS,Ctrl,-0.11860072002595423,-0.03325823824597252,-0.08534248177998172,0.00024975024975024975,10,6,"Lerma-Martin 2024 MS (h, sn)  [MS vs Ctrl]"
LermaMartin2024_MS_human_snRNA,Microglia,Cholesterol synthesis,MS,Ctrl,-0.2341556416670218,-0.13596007882070607,-0.09819556284631573,0.00024975024975024975,10,6,"Lerma-Martin 2024 MS (h, sn)  [MS vs Ctrl]"
LermaMartin2024_MS_human_snRNA,Microglia,Lipid transport / storage,MS,Ctrl,0.030154734501420376,-0.04882787074416884,0.07898260524558921,0.02247752247752248,10,6,"Lerma-Martin 2024 MS (h, sn)  [MS vs Ctrl]"
LermaMartin2024_MS_human_snRNA,Microglia,Myelin lipids,MS,Ctrl,-0.2098759356893673,-0.15062311800395792,-0.05925281768540938,0.05594405594405595,10,6,"Lerma-Martin 2024 MS (h, sn)  [MS vs Ctrl]"
LermaMartin2024_MS_human_snRNA,Astrocyte,Ketone synthesis,MS,Ctrl,0.0005238911362584336,0.03414075967019283,-0.0336168685339344,0.010989010989010988,10,6,"Lerma-Martin 2024 MS (h, sn)  [MS vs Ctrl]"
LermaMartin2024_MS_human_snRNA,Astrocyte,Ketone utilisation,MS,Ctrl,-0.01641779611837376,0.09059393492215893,-0.10701173104053269,0.002997002997002997,10,6,"Lerma-Martin 2024 MS (h, sn)  [MS vs Ctrl]"
LermaMartin2024_MS_human_snRNA,Astrocyte,Glycolysis,MS,Ctrl,0.07494608821368089,0.1998927763861487,-0.1249466881724678,0.031218781218781223,10,6,"Lerma-Martin 2024 MS (h, sn)  [MS vs Ctrl]"
LermaMartin2024_MS_human_snRNA,Astrocyte,Pyruvate to lactate,MS,Ctrl,-0.02956696999152188,-0.017682152195373346,-0.011884817796148535,0.5621878121878122,10,6,"Lerma-Martin 2024 MS (h, sn)  [MS vs Ctrl]"
LermaMartin2024_MS_human_snRNA,Astrocyte,Pentose phosphate,MS,Ctrl,0.075791316619545,-0.002624266370609651,0.07841558299015465,0.031218781218781223,10,6,"Lerma-Martin 2024 MS (h, sn)  [MS vs Ctrl]"
LermaMartin2024_MS_human_snRNA,Astrocyte,TCA cycle,MS,Ctrl,0.0030452913774997497,0.039691814066224344,-0.03664652268872459,0.04195804195804197,10,6,"Lerma-Martin 2024 MS (h, sn)  [MS vs Ctrl]"
LermaMartin2024_MS_human_snRNA,Astrocyte,OXPHOS,MS,Ctrl,-0.08859370095599262,-0.04768484383657586,-0.040908857119416754,0.015984015984015984,10,6,"Lerma-Martin 2024 MS (h, sn)  [MS vs Ctrl]"
LermaMartin2024_MS_human_snRNA,Astrocyte,Beta-oxidation,MS,Ctrl,0.013981384704620042,0.01993093486490113,-0.005949550160281088,0.5621878121878122,10,6,"Lerma-Martin 2024 MS (h, sn)  [MS vs Ctrl]"
LermaMartin2024_MS_human_snRNA,Astrocyte,Lipid synthesis,MS,Ctrl,-0.07630573466357454,-0.045978363562344506,-0.030327371101230037,0.2197802197802198,10,6,"Lerma-Martin 2024 MS (h, sn)  [MS vs Ctrl]"
LermaMartin2024_MS_human_snRNA,Astrocyte,Cholesterol synthesis,MS,Ctrl,-0.18537889441005018,-0.1304849902450948,-0.054893904164955376,0.04195804195804197,10,6,"Lerma-Martin 2024 MS (h, sn)  [MS vs Ctrl]"
LermaMartin2024_MS_human_snRNA,Astrocyte,Lipid transport / storage,MS,Ctrl,-0.008991138931052722,-0.008862353076991505,-0.0001287858540612169,0.42782217782217785,10,6,"Lerma-Martin 2024 MS (h, sn)  [MS vs Ctrl]"
LermaMartin2024_MS_human_snRNA,Astrocyte,Myelin lipids,MS,Ctrl,-0.23400281186286415,-0.20185164512664153,-0.03215116673622262,0.9577922077922078,10,6,"Lerma-Martin 2024 MS (h, sn)  [MS vs Ctrl]"
LermaMartin2024_MS_human_snRNA,Neuron,Ketone synthesis,MS,Ctrl,-0.034256510011607996,-0.003557163668629647,-0.03069934634297835,0.08791208791208792,9,6,"Lerma-Martin 2024 MS (h, sn)  [MS vs Ctrl]"
LermaMartin2024_MS_human_snRNA,Neuron,Ketone utilisation,MS,Ctrl,-0.08171913030121582,-0.09003966027752264,0.00832052997630682,0.6889110889110889,9,6,"Lerma-Martin 2024 MS (h, sn)  [MS vs Ctrl]"
LermaMartin2024_MS_human_snRNA,Neuron,Glycolysis,MS,Ctrl,0.1219250339693054,0.0773987971137488,0.04452623685555661,0.22377622377622375,9,6,"Lerma-Martin 2024 MS (h, sn)  [MS vs Ctrl]"
LermaMartin2024_MS_human_snRNA,Neuron,Pyruvate to lactate,MS,Ctrl,-0.003101861353193081,-0.02692303295372181,0.02382117160052873,0.22377622377622375,9,6,"Lerma-Martin 2024 MS (h, sn)  [MS vs Ctrl]"
LermaMartin2024_MS_human_snRNA,Neuron,Pentose phosphate,MS,Ctrl,-0.020983021359799583,-0.050855475554172636,0.029872454194373052,0.9546453546453546,9,6,"Lerma-Martin 2024 MS (h, sn)  [MS vs Ctrl]"
LermaMartin2024_MS_human_snRNA,Neuron,TCA cycle,MS,Ctrl,0.005171284250270903,0.025469642583561505,-0.020298358333290602,0.9546453546453546,9,6,"Lerma-Martin 2024 MS (h, sn)  [MS vs Ctrl]"
LermaMartin2024_MS_human_snRNA,Neuron,OXPHOS,MS,Ctrl,0.05247629835093826,-0.006245566108887671,0.05872186445982593,0.03596403596403597,9,6,"Lerma-Martin 2024 MS (h, sn)  [MS vs Ctrl]"
LermaMartin2024_MS_human_snRNA,Neuron,Beta-oxidation,MS,Ctrl,-0.039171215381926666,-0.03343534888996013,-0.005735866491966536,0.7756243756243756,9,6,"Lerma-Martin 2024 MS (h, sn)  [MS vs Ctrl]"
LermaMartin2024_MS_human_snRNA,Neuron,Lipid synthesis,MS,Ctrl,-0.07789183740397188,-0.06509624412124959,-0.012795593282722284,0.8639360639360639,9,6,"Lerma-Martin 2024 MS (h, sn)  [MS vs Ctrl]"
LermaMartin2024_MS_human_snRNA,Neuron,Cholesterol synthesis,MS,Ctrl,-0.10824054424680979,-0.0933778794369094,-0.014862664809900394,0.606993006993007,9,6,"Lerma-Martin 2024 MS (h, sn)  [MS vs Ctrl]"
LermaMartin2024_MS_human_snRNA,Neuron,Lipid transport / storage,MS,Ctrl,-0.19997265767592506,-0.19935126757398836,-0.0006213901019367085,1.0,9,6,"Lerma-Martin 2024 MS (h, sn)  [MS vs Ctrl]"
LermaMartin2024_MS_human_snRNA,Neuron,Myelin lipids,MS,Ctrl,-0.2911153971864946,-0.27817165054405857,-0.012943746642436027,1.0,9,6,"Lerma-Martin 2024 MS (h, sn)  [MS vs Ctrl]"
LermaMartin2024_MS_human_snRNA,Endothelial,Ketone synthesis,MS,Ctrl,-0.05223173799848013,-0.029699310258918865,-0.022532427739561267,0.14710289710289712,10,6,"Lerma-Martin 2024 MS (h, sn)  [MS vs Ctrl]"
LermaMartin2024_MS_human_snRNA,Endothelial,Ketone utilisation,MS,Ctrl,-0.14593863428540704,-0.13038378658596708,-0.015554847699439961,0.49225774225774227,10,6,"Lerma-Martin 2024 MS (h, sn)  [MS vs Ctrl]"
LermaMartin2024_MS_human_snRNA,Endothelial,Glycolysis,MS,Ctrl,0.2533316903021346,0.21329835688185736,0.040033333420277234,0.42782217782217785,10,6,"Lerma-Martin 2024 MS (h, sn)  [MS vs Ctrl]"
LermaMartin2024_MS_human_snRNA,Endothelial,Pyruvate to lactate,MS,Ctrl,0.1485934787014747,0.13021870906621227,0.01837476963526244,0.49225774225774227,10,6,"Lerma-Martin 2024 MS (h, sn)  [MS vs Ctrl]"
LermaMartin2024_MS_human_snRNA,Endothelial,Pentose phosphate,MS,Ctrl,-0.029565001923602573,-0.04118288054294756,0.011617878619344987,0.42782217782217785,10,6,"Lerma-Martin 2024 MS (h, sn)  [MS vs Ctrl]"
LermaMartin2024_MS_human_snRNA,Endothelial,TCA cycle,MS,Ctrl,-0.001959379743541428,-0.020162087452034783,0.018202707708493356,0.2197802197802198,10,6,"Lerma-Martin 2024 MS (h, sn)  [MS vs Ctrl]"
LermaMartin2024_MS_human_snRNA,Endothelial,OXPHOS,MS,Ctrl,0.10862488336696874,-0.017558754456617174,0.1261836378235859,0.0017482517482517483,10,6,"Lerma-Martin 2024 MS (h, sn)  [MS vs Ctrl]"
LermaMartin2024_MS_human_snRNA,Endothelial,Beta-oxidation,MS,Ctrl,0.008616260762159836,0.007950086996058673,0.0006661737661011625,0.8748751248751249,10,6,"Lerma-Martin 2024 MS (h, sn)  [MS vs Ctrl]"
LermaMartin2024_MS_human_snRNA,Endothelial,Lipid synthesis,MS,Ctrl,-0.11468424747875874,-0.09218135521432273,-0.02250289226443601,0.2197802197802198,10,6,"Lerma-Martin 2024 MS (h, sn)  [MS vs Ctrl]"
LermaMartin2024_MS_human_snRNA,Endothelial,Cholesterol synthesis,MS,Ctrl,-0.2209852610514627,-0.16788434712693878,-0.05310091392452393,0.04195804195804197,10,6,"Lerma-Martin 2024 MS (h, sn)  [MS vs Ctrl]"
LermaMartin2024_MS_human_snRNA,Endothelial,Lipid transport / storage,MS,Ctrl,0.010767514685407258,0.026497679870188907,-0.01573016518478165,0.49225774225774227,10,6,"Lerma-Martin 2024 MS (h, sn)  [MS vs Ctrl]"
LermaMartin2024_MS_human_snRNA,Endothelial,Myelin lipids,MS,Ctrl,-0.23444578874340985,-0.2103980265095218,-0.024047762233888048,0.49225774225774227,10,6,"Lerma-Martin 2024 MS (h, sn)  [MS vs Ctrl]"
LermaMartin2024_MS_human_snRNA,Immune (lymphoid/myeloid),Ketone synthesis,MS,Ctrl,-0.04471056698967112,,,,4,0,"Lerma-Martin 2024 MS (h, sn)  [MS vs Ctrl]"
LermaMartin2024_MS_human_snRNA,Immune (lymphoid/myeloid),Ketone utilisation,MS,Ctrl,0.0066150459336175305,,,,4,0,"Lerma-Martin 2024 MS (h, sn)  [MS vs Ctrl]"
LermaMartin2024_MS_human_snRNA,Immune (lymphoid/myeloid),Glycolysis,MS,Ctrl,-0.03449228085348363,,,,4,0,"Lerma-Martin 2024 MS (h, sn)  [MS vs Ctrl]"
LermaMartin2024_MS_human_snRNA,Immune (lymphoid/myeloid),Pyruvate to lactate,MS,Ctrl,0.22823919728367442,,,,4,0,"Lerma-Martin 2024 MS (h, sn)  [MS vs Ctrl]"
LermaMartin2024_MS_human_snRNA,Immune (lymphoid/myeloid),Pentose phosphate,MS,Ctrl,-0.0015180779204220524,,,,4,0,"Lerma-Martin 2024 MS (h, sn)  [MS vs Ctrl]"
LermaMartin2024_MS_human_snRNA,Immune (lymphoid/myeloid),TCA cycle,MS,Ctrl,0.05354202308090868,,,,4,0,"Lerma-Martin 2024 MS (h, sn)  [MS vs Ctrl]"
LermaMartin2024_MS_human_snRNA,Immune (lymphoid/myeloid),OXPHOS,MS,Ctrl,-0.018188136775150732,,,,4,0,"Lerma-Martin 2024 MS (h, sn)  [MS vs Ctrl]"
LermaMartin2024_MS_human_snRNA,Immune (lymphoid/myeloid),Beta-oxidation,MS,Ctrl,-0.0006846894433007428,,,,4,0,"Lerma-Martin 2024 MS (h, sn)  [MS vs Ctrl]"
LermaMartin2024_MS_human_snRNA,Immune (lymphoid/myeloid),Lipid synthesis,MS,Ctrl,-0.12382579458221504,,,,4,0,"Lerma-Martin 2024 MS (h, sn)  [MS vs Ctrl]"
LermaMartin2024_MS_human_snRNA,Immune (lymphoid/myeloid),Cholesterol synthesis,MS,Ctrl,-0.09062162487587089,,,,4,0,"Lerma-Martin 2024 MS (h, sn)  [MS vs Ctrl]"
LermaMartin2024_MS_human_snRNA,Immune (lymphoid/myeloid),Lipid transport / storage,MS,Ctrl,-0.16647374914716112,,,,4,0,"Lerma-Martin 2024 MS (h, sn)  [MS vs Ctrl]"
LermaMartin2024_MS_human_snRNA,Immune (lymphoid/myeloid),Myelin lipids,MS,Ctrl,-0.20277131755120656,,,,4,0,"Lerma-Martin 2024 MS (h, sn)  [MS vs Ctrl]"
Park2023_AD_hippocampus_scRNA,Oligodendrocyte,Ketone synthesis,AD,WT,0.001158795509893634,-0.04516168500365714,0.04632048051355077,0.1,3,3,"Park 2023 AD hippocampus (m, sc)  [AD vs WT]"
Park2023_AD_hippocampus_scRNA,Oligodendrocyte,Ketone utilisation,AD,WT,0.021357932771570293,-0.005203101614596028,0.026561034386166322,0.1,3,3,"Park 2023 AD hippocampus (m, sc)  [AD vs WT]"
Park2023_AD_hippocampus_scRNA,Oligodendrocyte,Glycolysis,AD,WT,0.03767432947395576,0.09121724525905135,-0.05354291578509559,0.1,3,3,"Park 2023 AD hippocampus (m, sc)  [AD vs WT]"
Park2023_AD_hippocampus_scRNA,Oligodendrocyte,Pyruvate to lactate,AD,WT,-0.08426469974585776,-0.0789728220738173,-0.005291877672040465,1.0,3,3,"Park 2023 AD hippocampus (m, sc)  [AD vs WT]"
Park2023_AD_hippocampus_scRNA,Oligodendrocyte,Pentose phosphate,AD,WT,0.46584528687735033,0.45979497379566237,0.0060503130816879636,0.7,3,3,"Park 2023 AD hippocampus (m, sc)  [AD vs WT]"
Park2023_AD_hippocampus_scRNA,Oligodendrocyte,TCA cycle,AD,WT,-0.05705900662061686,-0.061370114319325354,0.004311107698708495,0.7,3,3,"Park 2023 AD hippocampus (m, sc)  [AD vs WT]"
Park2023_AD_hippocampus_scRNA,Oligodendrocyte,OXPHOS,AD,WT,0.6869667877786144,0.5150527310900945,0.1719140566885199,0.1,3,3,"Park 2023 AD hippocampus (m, sc)  [AD vs WT]"
Park2023_AD_hippocampus_scRNA,Oligodendrocyte,Beta-oxidation,AD,WT,0.03793224277071589,0.008649249417018582,0.029282993353697308,0.1,3,3,"Park 2023 AD hippocampus (m, sc)  [AD vs WT]"
Park2023_AD_hippocampus_scRNA,Oligodendrocyte,Lipid synthesis,AD,WT,0.1328981040191322,0.29241923060996616,-0.15952112659083395,0.1,3,3,"Park 2023 AD hippocampus (m, sc)  [AD vs WT]"
Park2023_AD_hippocampus_scRNA,Oligodendrocyte,Cholesterol synthesis,AD,WT,0.1623145701510022,0.1839467078367614,-0.021632137685759195,1.0,3,3,"Park 2023 AD hippocampus (m, sc)  [AD vs WT]"
Park2023_AD_hippocampus_scRNA,Oligodendrocyte,Lipid transport / storage,AD,WT,0.4144958298453411,0.5507647792432392,-0.13626894939789808,0.2,3,3,"Park 2023 AD hippocampus (m, sc)  [AD vs WT]"
Park2023_AD_hippocampus_scRNA,Oligodendrocyte,Myelin lipids,AD,WT,0.39323601856015244,0.6159954594185945,-0.22275944085844201,0.2,3,3,"Park 2023 AD hippocampus (m, sc)  [AD vs WT]"
Park2023_AD_hippocampus_scRNA,OPC,Ketone synthesis,AD,WT,,0.02292658224663369,,,0,3,"Park 2023 AD hippocampus (m, sc)  [AD vs WT]"
Park2023_AD_hippocampus_scRNA,OPC,Ketone utilisation,AD,WT,,0.13016693563607307,,,0,3,"Park 2023 AD hippocampus (m, sc)  [AD vs WT]"
Park2023_AD_hippocampus_scRNA,OPC,Glycolysis,AD,WT,,0.35132650989604874,,,0,3,"Park 2023 AD hippocampus (m, sc)  [AD vs WT]"
Park2023_AD_hippocampus_scRNA,OPC,Pyruvate to lactate,AD,WT,,0.06176735621410773,,,0,3,"Park 2023 AD hippocampus (m, sc)  [AD vs WT]"
Park2023_AD_hippocampus_scRNA,OPC,Pentose phosphate,AD,WT,,0.12592204533628848,,,0,3,"Park 2023 AD hippocampus (m, sc)  [AD vs WT]"
Park2023_AD_hippocampus_scRNA,OPC,TCA cycle,AD,WT,,0.09197254323965641,,,0,3,"Park 2023 AD hippocampus (m, sc)  [AD vs WT]"
Park2023_AD_hippocampus_scRNA,OPC,OXPHOS,AD,WT,,0.5634539482187247,,,0,3,"Park 2023 AD hippocampus (m, sc)  [AD vs WT]"
Park2023_AD_hippocampus_scRNA,OPC,Beta-oxidation,AD,WT,,0.12586471470488947,,,0,3,"Park 2023 AD hippocampus (m, sc)  [AD vs WT]"
Park2023_AD_hippocampus_scRNA,OPC,Lipid synthesis,AD,WT,,0.15436781232990102,,,0,3,"Park 2023 AD hippocampus (m, sc)  [AD vs WT]"
Park2023_AD_hippocampus_scRNA,OPC,Cholesterol synthesis,AD,WT,,0.1363081991620371,,,0,3,"Park 2023 AD hippocampus (m, sc)  [AD vs WT]"
Park2023_AD_hippocampus_scRNA,OPC,Lipid transport / storage,AD,WT,,0.4175531817847857,,,0,3,"Park 2023 AD hippocampus (m, sc)  [AD vs WT]"
Park2023_AD_hippocampus_scRNA,OPC,Myelin lipids,AD,WT,,-0.14719136341006447,,,0,3,"Park 2023 AD hippocampus (m, sc)  [AD vs WT]"
Park2023_AD_hippocampus_scRNA,Microglia,Ketone synthesis,AD,WT,-0.039721517983149206,-0.07016472926295399,0.03044321127980478,0.7,3,3,"Park 2023 AD hippocampus (m, sc)  [AD vs WT]"
Park2023_AD_hippocampus_scRNA,Microglia,Ketone utilisation,AD,WT,0.015956058551952288,-0.007682004947423753,0.02363806349937604,0.7,3,3,"Park 2023 AD hippocampus (m, sc)  [AD vs WT]"
Park2023_AD_hippocampus_scRNA,Microglia,Glycolysis,AD,WT,0.14833628298255033,0.160462925031045,-0.012126642048494674,0.7,3,3,"Park 2023 AD hippocampus (m, sc)  [AD vs WT]"
Park2023_AD_hippocampus_scRNA,Microglia,Pyruvate to lactate,AD,WT,0.16692263568504684,0.07035214222135404,0.0965704934636928,0.1,3,3,"Park 2023 AD hippocampus (m, sc)  [AD vs WT]"
Park2023_AD_hippocampus_scRNA,Microglia,Pentose phosphate,AD,WT,0.040523471466541894,0.1688763670764982,-0.1283528956099563,0.1,3,3,"Park 2023 AD hippocampus (m, sc)  [AD vs WT]"
Park2023_AD_hippocampus_scRNA,Microglia,TCA cycle,AD,WT,-0.07832903937806814,-0.09935966598991451,0.021030626611846376,0.4,3,3,"Park 2023 AD hippocampus (m, sc)  [AD vs WT]"
Park2023_AD_hippocampus_scRNA,Microglia,OXPHOS,AD,WT,0.3204636914199744,0.26172067334870464,0.05874301807126975,0.7,3,3,"Park 2023 AD hippocampus (m, sc)  [AD vs WT]"
Park2023_AD_hippocampus_scRNA,Microglia,Beta-oxidation,AD,WT,0.019676657130262464,-0.008915910815596074,0.028592567945858537,0.7,3,3,"Park 2023 AD hippocampus (m, sc)  [AD vs WT]"
Park2023_AD_hippocampus_scRNA,Microglia,Lipid synthesis,AD,WT,-0.14980986589805448,-0.12789927747024235,-0.021910588427812128,1.0,3,3,"Park 2023 AD hippocampus (m, sc)  [AD vs WT]"
Park2023_AD_hippocampus_scRNA,Microglia,Cholesterol synthesis,AD,WT,-0.07402597408550586,-0.10291760369330293,0.028891629607797065,0.7,3,3,"Park 2023 AD hippocampus (m, sc)  [AD vs WT]"
Park2023_AD_hippocampus_scRNA,Microglia,Lipid transport / storage,AD,WT,0.11575898270269099,0.19594416589420582,-0.08018518319151484,1.0,3,3,"Park 2023 AD hippocampus (m, sc)  [AD vs WT]"
Park2023_AD_hippocampus_scRNA,Microglia,Myelin lipids,AD,WT,-0.2970071786943882,-0.30508090514340264,0.00807372644901444,0.7,3,3,"Park 2023 AD hippocampus (m, sc)  [AD vs WT]"
Park2023_AD_hippocampus_scRNA,Astrocyte,Ketone synthesis,AD,WT,0.03823115950039205,0.009880650750072937,0.02835050875031911,,3,1,"Park 2023 AD hippocampus (m, sc)  [AD vs WT]"
Park2023_AD_hippocampus_scRNA,Astrocyte,Ketone utilisation,AD,WT,0.13136700583040137,0.06223237468357101,0.06913463114683036,,3,1,"Park 2023 AD hippocampus (m, sc)  [AD vs WT]"
Park2023_AD_hippocampus_scRNA,Astrocyte,Glycolysis,AD,WT,0.4037279054995692,0.23840464024648128,0.16532326525308794,,3,1,"Park 2023 AD hippocampus (m, sc)  [AD vs WT]"
Park2023_AD_hippocampus_scRNA,Astrocyte,Pyruvate to lactate,AD,WT,0.19075891125685754,0.06191574320828985,0.12884316804856769,,3,1,"Park 2023 AD hippocampus (m, sc)  [AD vs WT]"
Park2023_AD_hippocampus_scRNA,Astrocyte,Pentose phosphate,AD,WT,0.01959673351912446,0.29447565165326856,-0.2748789181341441,,3,1,"Park 2023 AD hippocampus (m, sc)  [AD vs WT]"
Park2023_AD_hippocampus_scRNA,Astrocyte,TCA cycle,AD,WT,0.1711822859244907,0.04683271084717182,0.12434957507731888,,3,1,"Park 2023 AD hippocampus (m, sc)  [AD vs WT]"
Park2023_AD_hippocampus_scRNA,Astrocyte,OXPHOS,AD,WT,0.8363653355011759,0.5966701638730916,0.2396951716280843,,3,1,"Park 2023 AD hippocampus (m, sc)  [AD vs WT]"
Park2023_AD_hippocampus_scRNA,Astrocyte,Beta-oxidation,AD,WT,0.14600136837171387,0.0892151166511203,0.05678625172059358,,3,1,"Park 2023 AD hippocampus (m, sc)  [AD vs WT]"
Park2023_AD_hippocampus_scRNA,Astrocyte,Lipid synthesis,AD,WT,0.0876535740946514,0.11238078124946099,-0.024727207154809597,,3,1,"Park 2023 AD hippocampus (m, sc)  [AD vs WT]"
Park2023_AD_hippocampus_scRNA,Astrocyte,Cholesterol synthesis,AD,WT,0.11281600782255817,0.08350082341083107,0.029315184411727105,,3,1,"Park 2023 AD hippocampus (m, sc)  [AD vs WT]"
Park2023_AD_hippocampus_scRNA,Astrocyte,Lipid transport / storage,AD,WT,0.38770476753503286,0.5402673809453442,-0.15256261341031135,,3,1,"Park 2023 AD hippocampus (m, sc)  [AD vs WT]"
Park2023_AD_hippocampus_scRNA,Astrocyte,Myelin lipids,AD,WT,-0.2251598204034384,-0.05776233594614654,-0.16739748445729186,,3,1,"Park 2023 AD hippocampus (m, sc)  [AD vs WT]"
Park2023_AD_hippocampus_scRNA,Neuron,Ketone synthesis,AD,WT,-0.06159921390587303,-0.07721101478945643,0.015611800883583396,,2,3,"Park 2023 AD hippocampus (m, sc)  [AD vs WT]"
Park2023_AD_hippocampus_scRNA,Neuron,Ketone utilisation,AD,WT,0.1605695893088087,0.09638989255013515,0.06417969675867356,,2,3,"Park 2023 AD hippocampus (m, sc)  [AD vs WT]"
Park2023_AD_hippocampus_scRNA,Neuron,Glycolysis,AD,WT,0.003275826085373145,0.07068088990690584,-0.06740506382153269,,2,3,"Park 2023 AD hippocampus (m, sc)  [AD vs WT]"
Park2023_AD_hippocampus_scRNA,Neuron,Pyruvate to lactate,AD,WT,-0.0027035703736047944,-0.05757430010881762,0.05487072973521283,,2,3,"Park 2023 AD hippocampus (m, sc)  [AD vs WT]"
Park2023_AD_hippocampus_scRNA,Neuron,Pentose phosphate,AD,WT,-0.06199292162606299,0.001719493812504136,-0.06371241543856712,,2,3,"Park 2023 AD hippocampus (m, sc)  [AD vs WT]"
Park2023_AD_hippocampus_scRNA,Neuron,TCA cycle,AD,WT,0.060370894712892566,0.03228854599279888,0.028082348720093686,,2,3,"Park 2023 AD hippocampus (m, sc)  [AD vs WT]"
Park2023_AD_hippocampus_scRNA,Neuron,OXPHOS,AD,WT,0.8422451537406259,0.6857900664484399,0.15645508729218605,,2,3,"Park 2023 AD hippocampus (m, sc)  [AD vs WT]"
Park2023_AD_hippocampus_scRNA,Neuron,Beta-oxidation,AD,WT,-0.026567791461191308,-0.022824349156835632,-0.0037434423043556757,,2,3,"Park 2023 AD hippocampus (m, sc)  [AD vs WT]"
Park2023_AD_hippocampus_scRNA,Neuron,Lipid synthesis,AD,WT,-0.1716023061922929,-0.12133544596492944,-0.05026686022736347,,2,3,"Park 2023 AD hippocampus (m, sc)  [AD vs WT]"
Park2023_AD_hippocampus_scRNA,Neuron,Cholesterol synthesis,AD,WT,0.026636082018454306,0.016372713764075866,0.01026336825437844,,2,3,"Park 2023 AD hippocampus (m, sc)  [AD vs WT]"
Park2023_AD_hippocampus_scRNA,Neuron,Lipid transport / storage,AD,WT,-0.003563831388003518,0.08514064087820805,-0.08870447226621157,,2,3,"Park 2023 AD hippocampus (m, sc)  [AD vs WT]"
Park2023_AD_hippocampus_scRNA,Neuron,Myelin lipids,AD,WT,-0.348276843006014,-0.34846758437288655,0.00019074136687252663,,2,3,"Park 2023 AD hippocampus (m, sc)  [AD vs WT]"
Park2023_AD_hippocampus_scRNA,Endothelial,Ketone synthesis,AD,WT,0.08079951028740646,-0.0027423351833359005,0.08354184547074237,0.1,3,3,"Park 2023 AD hippocampus (m, sc)  [AD vs WT]"
Park2023_AD_hippocampus_scRNA,Endothelial,Ketone utilisation,AD,WT,-0.0885543679908621,-0.14011054291186864,0.051556174921006545,0.1,3,3,"Park 2023 AD hippocampus (m, sc)  [AD vs WT]"
Park2023_AD_hippocampus_scRNA,Endothelial,Glycolysis,AD,WT,0.18515808659615415,0.23778883420062166,-0.05263074760446751,0.4,3,3,"Park 2023 AD hippocampus (m, sc)  [AD vs WT]"
Park2023_AD_hippocampus_scRNA,Endothelial,Pyruvate to lactate,AD,WT,0.12766143487895878,0.019953743551105848,0.10770769132785293,0.1,3,3,"Park 2023 AD hippocampus (m, sc)  [AD vs WT]"
Park2023_AD_hippocampus_scRNA,Endothelial,Pentose phosphate,AD,WT,-0.06284655160329593,-0.009904824294985676,-0.05294172730831025,0.7,3,3,"Park 2023 AD hippocampus (m, sc)  [AD vs WT]"
Park2023_AD_hippocampus_scRNA,Endothelial,TCA cycle,AD,WT,-0.01393242833691257,-0.02933464983595165,0.01540222149903908,0.4,3,3,"Park 2023 AD hippocampus (m, sc)  [AD vs WT]"
Park2023_AD_hippocampus_scRNA,Endothelial,OXPHOS,AD,WT,0.63995435110278,0.5212364592740786,0.1187178918287014,0.1,3,3,"Park 2023 AD hippocampus (m, sc)  [AD vs WT]"
Park2023_AD_hippocampus_scRNA,Endothelial,Beta-oxidation,AD,WT,0.07177079645833369,0.09356053863406334,-0.021789742175729654,0.1,3,3,"Park 2023 AD hippocampus (m, sc)  [AD vs WT]"
Park2023_AD_hippocampus_scRNA,Endothelial,Lipid synthesis,AD,WT,-0.17847590218865247,-0.18398641077441558,0.005510508585763102,0.7,3,3,"Park 2023 AD hippocampus (m, sc)  [AD vs WT]"
Park2023_AD_hippocampus_scRNA,Endothelial,Cholesterol synthesis,AD,WT,-0.08459143281893526,-0.12063806961947453,0.03604663680053927,0.1,3,3,"Park 2023 AD hippocampus (m, sc)  [AD vs WT]"
Park2023_AD_hippocampus_scRNA,Endothelial,Lipid transport / storage,AD,WT,0.12036173721493271,0.1740385958792807,-0.05367685866434799,0.1,3,3,"Park 2023 AD hippocampus (m, sc)  [AD vs WT]"
Park2023_AD_hippocampus_scRNA,Endothelial,Myelin lipids,AD,WT,-0.32889641000950703,-0.35231963986817894,0.0234232298586719,0.7,3,3,"Park 2023 AD hippocampus (m, sc)  [AD vs WT]"
Park2023_AD_hippocampus_scRNA,Vascular/Fibroblast,Ketone synthesis,AD,WT,0.00697834718671872,-0.07528795003052911,0.08226629721724783,0.1,3,3,"Park 2023 AD hippocampus (m, sc)  [AD vs WT]"
Park2023_AD_hippocampus_scRNA,Vascular/Fibroblast,Ketone utilisation,AD,WT,0.04498542390191491,0.02965442323109797,0.015331000670816938,1.0,3,3,"Park 2023 AD hippocampus (m, sc)  [AD vs WT]"
Park2023_AD_hippocampus_scRNA,Vascular/Fibroblast,Glycolysis,AD,WT,0.18205071104581863,0.20051893839936338,-0.018468227353544753,1.0,3,3,"Park 2023 AD hippocampus (m, sc)  [AD vs WT]"
Park2023_AD_hippocampus_scRNA,Vascular/Fibroblast,Pyruvate to lactate,AD,WT,0.06091378303416526,-0.018030653058296504,0.07894443609246177,0.1,3,3,"Park 2023 AD hippocampus (m, sc)  [AD vs WT]"
Park2023_AD_hippocampus_scRNA,Vascular/Fibroblast,Pentose phosphate,AD,WT,-0.0451283941469218,0.0021744229563125106,-0.047302817103234314,0.7,3,3,"Park 2023 AD hippocampus (m, sc)  [AD vs WT]"
Park2023_AD_hippocampus_scRNA,Vascular/Fibroblast,TCA cycle,AD,WT,0.11993524138041156,0.06962183061292432,0.05031341076748724,0.7,3,3,"Park 2023 AD hippocampus (m, sc)  [AD vs WT]"
Park2023_AD_hippocampus_scRNA,Vascular/Fibroblast,OXPHOS,AD,WT,0.7496915356672421,0.5902445221169148,0.1594470135503273,0.1,3,3,"Park 2023 AD hippocampus (m, sc)  [AD vs WT]"
Park2023_AD_hippocampus_scRNA,Vascular/Fibroblast,Beta-oxidation,AD,WT,0.09233372819185746,0.0922984801193769,3.524807248056483e-05,1.0,3,3,"Park 2023 AD hippocampus (m, sc)  [AD vs WT]"
Park2023_AD_hippocampus_scRNA,Vascular/Fibroblast,Lipid synthesis,AD,WT,-0.10486481068507254,-0.09818209399443685,-0.006682716690635693,0.7,3,3,"Park 2023 AD hippocampus (m, sc)  [AD vs WT]"
Park2023_AD_hippocampus_scRNA,Vascular/Fibroblast,Cholesterol synthesis,AD,WT,-0.02649147939851292,-0.019499627521406215,-0.0069918518771067036,1.0,3,3,"Park 2023 AD hippocampus (m, sc)  [AD vs WT]"
Park2023_AD_hippocampus_scRNA,Vascular/Fibroblast,Lipid transport / storage,AD,WT,0.24738521110899622,0.38911390783903066,-0.14172869673003444,0.4,3,3,"Park 2023 AD hippocampus (m, sc)  [AD vs WT]"
Park2023_AD_hippocampus_scRNA,Vascular/Fibroblast,Myelin lipids,AD,WT,-0.26148423102859836,-0.2596013164321494,-0.001882914596448959,0.7,3,3,"Park 2023 AD hippocampus (m, sc)  [AD vs WT]"
Park2023_AD_hippocampus_scRNA,Immune (lymphoid/myeloid),Ketone synthesis,AD,WT,-0.02089967060820445,-0.04004489476714334,0.01914522415893889,0.2,3,3,"Park 2023 AD hippocampus (m, sc)  [AD vs WT]"
Park2023_AD_hippocampus_scRNA,Immune (lymphoid/myeloid),Ketone utilisation,AD,WT,0.026936106579903484,-0.004040025871630184,0.030976132451533668,0.2,3,3,"Park 2023 AD hippocampus (m, sc)  [AD vs WT]"
Park2023_AD_hippocampus_scRNA,Immune (lymphoid/myeloid),Glycolysis,AD,WT,0.08703076004970273,0.13342016888781946,-0.046389408838116736,0.7,3,3,"Park 2023 AD hippocampus (m, sc)  [AD vs WT]"
Park2023_AD_hippocampus_scRNA,Immune (lymphoid/myeloid),Pyruvate to lactate,AD,WT,0.04797749047520896,-0.004001134743727951,0.05197862521893691,0.2,3,3,"Park 2023 AD hippocampus (m, sc)  [AD vs WT]"
Park2023_AD_hippocampus_scRNA,Immune (lymphoid/myeloid),Pentose phosphate,AD,WT,0.026542566168031193,0.18623173596907536,-0.15968916980104417,0.1,3,3,"Park 2023 AD hippocampus (m, sc)  [AD vs WT]"
Park2023_AD_hippocampus_scRNA,Immune (lymphoid/myeloid),TCA cycle,AD,WT,-0.028814778336207655,-0.054893082920008995,0.02607830458380134,0.2,3,3,"Park 2023 AD hippocampus (m, sc)  [AD vs WT]"
Park2023_AD_hippocampus_scRNA,Immune (lymphoid/myeloid),OXPHOS,AD,WT,0.47330150868926474,0.43820091498473185,0.03510059370453289,0.2,3,3,"Park 2023 AD hippocampus (m, sc)  [AD vs WT]"
Park2023_AD_hippocampus_scRNA,Immune (lymphoid/myeloid),Beta-oxidation,AD,WT,0.021037463480988634,0.008446406373228759,0.012591057107759875,0.2,3,3,"Park 2023 AD hippocampus (m, sc)  [AD vs WT]"
Park2023_AD_hippocampus_scRNA,Immune (lymphoid/myeloid),Lipid synthesis,AD,WT,-0.1546989672506912,-0.13950417103935106,-0.01519479621134015,1.0,3,3,"Park 2023 AD hippocampus (m, sc)  [AD vs WT]"
Park2023_AD_hippocampus_scRNA,Immune (lymphoid/myeloid),Cholesterol synthesis,AD,WT,-0.04938998910113678,-0.07533969179134574,0.025949702690208958,0.4,3,3,"Park 2023 AD hippocampus (m, sc)  [AD vs WT]"
Park2023_AD_hippocampus_scRNA,Immune (lymphoid/myeloid),Lipid transport / storage,AD,WT,0.25445868590596876,0.3157584792572898,-0.06129979335132102,0.4,3,3,"Park 2023 AD hippocampus (m, sc)  [AD vs WT]"
Park2023_AD_hippocampus_scRNA,Immune (lymphoid/myeloid),Myelin lipids,AD,WT,-0.2941372177951175,-0.3188386400554865,0.024701422260369033,0.7,3,3,"Park 2023 AD hippocampus (m, sc)  [AD vs WT]"
Park2023_AD_hippocampus_scRNA,Ependymal,Ketone synthesis,AD,WT,-0.014940399850357214,0.0005692410862070708,-0.015509640936564284,0.4,3,3,"Park 2023 AD hippocampus (m, sc)  [AD vs WT]"
Park2023_AD_hippocampus_scRNA,Ependymal,Ketone utilisation,AD,WT,0.15745765278284285,0.10134191558961354,0.056115737193229306,0.1,3,3,"Park 2023 AD hippocampus (m, sc)  [AD vs WT]"
Park2023_AD_hippocampus_scRNA,Ependymal,Glycolysis,AD,WT,0.2931291113575725,0.34939929682120313,-0.056270185463630606,0.4,3,3,"Park 2023 AD hippocampus (m, sc)  [AD vs WT]"
Park2023_AD_hippocampus_scRNA,Ependymal,Pyruvate to lactate,AD,WT,0.15123449347232146,0.07147703250691208,0.07975746096540938,0.1,3,3,"Park 2023 AD hippocampus (m, sc)  [AD vs WT]"
Park2023_AD_hippocampus_scRNA,Ependymal,Pentose phosphate,AD,WT,-0.05658495972442266,0.05574969979397435,-0.11233465951839701,0.1,3,3,"Park 2023 AD hippocampus (m, sc)  [AD vs WT]"
Park2023_AD_hippocampus_scRNA,Ependymal,TCA cycle,AD,WT,0.36473939162861857,0.22844045702361127,0.1362989346050073,0.1,3,3,"Park 2023 AD hippocampus (m, sc)  [AD vs WT]"
Park2023_AD_hippocampus_scRNA,Ependymal,OXPHOS,AD,WT,1.1421694604239454,0.7931895774699198,0.3489798829540256,0.1,3,3,"Park 2023 AD hippocampus (m, sc)  [AD vs WT]"
Park2023_AD_hippocampus_scRNA,Ependymal,Beta-oxidation,AD,WT,0.18632607998982917,0.1307819452021255,0.055544134787703675,0.4,3,3,"Park 2023 AD hippocampus (m, sc)  [AD vs WT]"
Park2023_AD_hippocampus_scRNA,Ependymal,Lipid synthesis,AD,WT,-0.04123801930278933,-0.023417919152711044,-0.017820100150078285,0.4,3,3,"Park 2023 AD hippocampus (m, sc)  [AD vs WT]"
Park2023_AD_hippocampus_scRNA,Ependymal,Cholesterol synthesis,AD,WT,0.0037193081794969943,0.0009729980722320714,0.0027463101072649227,0.7,3,3,"Park 2023 AD hippocampus (m, sc)  [AD vs WT]"
Park2023_AD_hippocampus_scRNA,Ependymal,Lipid transport / storage,AD,WT,0.22487480056368148,0.26591842762742895,-0.04104362706374748,1.0,3,3,"Park 2023 AD hippocampus (m, sc)  [AD vs WT]"
Park2023_AD_hippocampus_scRNA,Ependymal,Myelin lipids,AD,WT,-0.2895451998183542,-0.29052800060279466,0.000982800784440463,1.0,3,3,"Park 2023 AD hippocampus (m, sc)  [AD vs WT]"
Sadick2022_AD_human_astro_oligo_snRNA,Oligodendrocyte,Ketone synthesis,AD,Ctrl,-0.008365361553937866,-0.014469147215099495,0.006103785661161629,0.2295351707116413,10,7,"Sadick 2022 AD (h, sn)  [AD vs Ctrl]"
Sadick2022_AD_human_astro_oligo_snRNA,Oligodendrocyte,Ketone utilisation,AD,Ctrl,-0.10267760220526331,-0.11553678589112237,0.01285918368585906,0.2295351707116413,10,7,"Sadick 2022 AD (h, sn)  [AD vs Ctrl]"
Sadick2022_AD_human_astro_oligo_snRNA,Oligodendrocyte,Glycolysis,AD,Ctrl,-0.050501823099332,-0.04178876426684948,-0.008713058832482523,0.13307280954339779,10,7,"Sadick 2022 AD (h, sn)  [AD vs Ctrl]"
Sadick2022_AD_human_astro_oligo_snRNA,Oligodendrocyte,Pyruvate to lactate,AD,Ctrl,-0.059771965582942586,-0.04923018925531255,-0.010541776327630037,0.8867749897161661,10,7,"Sadick 2022 AD (h, sn)  [AD vs Ctrl]"
Sadick2022_AD_human_astro_oligo_snRNA,Oligodendrocyte,Pentose phosphate,AD,Ctrl,-0.02219133559438135,-0.02221259135200917,2.1255757627819394e-05,0.8125257095845331,10,7,"Sadick 2022 AD (h, sn)  [AD vs Ctrl]"
Sadick2022_AD_human_astro_oligo_snRNA,Oligodendrocyte,TCA cycle,AD,Ctrl,-0.03304635248244396,-0.03373921665475823,0.0006928641723142684,0.8867749897161661,10,7,"Sadick 2022 AD (h, sn)  [AD vs Ctrl]"
Sadick2022_AD_human_astro_oligo_snRNA,Oligodendrocyte,OXPHOS,AD,Ctrl,-0.028223030797716857,-0.003779905774391458,-0.0244431250233254,0.13307280954339779,10,7,"Sadick 2022 AD (h, sn)  [AD vs Ctrl]"
Sadick2022_AD_human_astro_oligo_snRNA,Oligodendrocyte,Beta-oxidation,AD,Ctrl,-0.034446398691832913,-0.03301957936936839,-0.0014268193224645231,0.8867749897161661,10,7,"Sadick 2022 AD (h, sn)  [AD vs Ctrl]"
Sadick2022_AD_human_astro_oligo_snRNA,Oligodendrocyte,Lipid synthesis,AD,Ctrl,0.1017055265136538,0.09968158655496182,0.0020239399586919893,0.9622583299053886,10,7,"Sadick 2022 AD (h, sn)  [AD vs Ctrl]"
Sadick2022_AD_human_astro_oligo_snRNA,Oligodendrocyte,Cholesterol synthesis,AD,Ctrl,0.0722401246615544,0.009766753416229937,0.06247337124532446,0.36384204031262857,10,7,"Sadick 2022 AD (h, sn)  [AD vs Ctrl]"
Sadick2022_AD_human_astro_oligo_snRNA,Oligodendrocyte,Lipid transport / storage,AD,Ctrl,0.08121381320006973,0.06746201541631197,0.013751797783757763,0.41731797614150556,10,7,"Sadick 2022 AD (h, sn)  [AD vs Ctrl]"
Sadick2022_AD_human_astro_oligo_snRNA,Oligodendrocyte,Myelin lipids,AD,Ctrl,0.42859956691684314,0.380651447426512,0.04794811949033112,0.03301110654051831,10,7,"Sadick 2022 AD (h, sn)  [AD vs Ctrl]"
Sadick2022_AD_human_astro_oligo_snRNA,OPC,Ketone synthesis,AD,Ctrl,0.011492640719726813,0.0034935470871640525,0.007999093632562761,0.31478815302344715,10,7,"Sadick 2022 AD (h, sn)  [AD vs Ctrl]"
Sadick2022_AD_human_astro_oligo_snRNA,OPC,Ketone utilisation,AD,Ctrl,-0.11474720329154789,-0.15048956714188116,0.035742363850333275,0.41731797614150556,10,7,"Sadick 2022 AD (h, sn)  [AD vs Ctrl]"
Sadick2022_AD_human_astro_oligo_snRNA,OPC,Glycolysis,AD,Ctrl,0.09630500112130372,0.04540662796759361,0.05089837315371011,0.2295351707116413,10,7,"Sadick 2022 AD (h, sn)  [AD vs Ctrl]"
Sadick2022_AD_human_astro_oligo_snRNA,OPC,Pyruvate to lactate,AD,Ctrl,-0.0694020355104603,-0.06514101661039297,-0.0042610189000673315,0.7396133278486219,10,7,"Sadick 2022 AD (h, sn)  [AD vs Ctrl]"
Sadick2022_AD_human_astro_oligo_snRNA,OPC,Pentose phosphate,AD,Ctrl,-0.04792957303105228,-0.06710904995197571,0.01917947692092343,0.269847799259564,10,7,"Sadick 2022 AD (h, sn)  [AD vs Ctrl]"
Sadick2022_AD_human_astro_oligo_snRNA,OPC,TCA cycle,AD,Ctrl,-0.04430956314183411,-0.04045182609055748,-0.0038577370512766287,0.8125257095845331,10,7,"Sadick 2022 AD (h, sn)  [AD vs Ctrl]"
Sadick2022_AD_human_astro_oligo_snRNA,OPC,OXPHOS,AD,Ctrl,-0.009574239709659616,0.004291119317117802,-0.013865359026777418,0.6690662278897572,10,7,"Sadick 2022 AD (h, sn)  [AD vs Ctrl]"
Sadick2022_AD_human_astro_oligo_snRNA,OPC,Beta-oxidation,AD,Ctrl,0.03573201723969447,0.009467584314341016,0.026264432925353454,0.08782394076511724,10,7,"Sadick 2022 AD (h, sn)  [AD vs Ctrl]"
Sadick2022_AD_human_astro_oligo_snRNA,OPC,Lipid synthesis,AD,Ctrl,-0.10347095490467217,-0.10011662407647746,-0.00335433082819471,0.9622583299053886,10,7,"Sadick 2022 AD (h, sn)  [AD vs Ctrl]"
Sadick2022_AD_human_astro_oligo_snRNA,OPC,Cholesterol synthesis,AD,Ctrl,-0.1532543540600584,-0.09578693533282477,-0.05746741872723364,0.03301110654051831,10,7,"Sadick 2022 AD (h, sn)  [AD vs Ctrl]"
Sadick2022_AD_human_astro_oligo_snRNA,OPC,Lipid transport / storage,AD,Ctrl,0.011469783330582139,-0.009668675479190694,0.02113845880977283,0.6690662278897572,10,7,"Sadick 2022 AD (h, sn)  [AD vs Ctrl]"
Sadick2022_AD_human_astro_oligo_snRNA,OPC,Myelin lipids,AD,Ctrl,-0.11082323250477014,-0.06621992703330026,-0.04460330547146987,0.16125051419169067,10,7,"Sadick 2022 AD (h, sn)  [AD vs Ctrl]"
Sadick2022_AD_human_astro_oligo_snRNA,Astrocyte,Ketone synthesis,AD,Ctrl,0.032080593637925564,0.021492527767957906,0.010588065869967658,0.6008844097079391,10,7,"Sadick 2022 AD (h, sn)  [AD vs Ctrl]"
Sadick2022_AD_human_astro_oligo_snRNA,Astrocyte,Ketone utilisation,AD,Ctrl,-0.05817867833182089,-0.07106550502437203,0.012886826692551145,0.6690662278897572,10,7,"Sadick 2022 AD (h, sn)  [AD vs Ctrl]"
Sadick2022_AD_human_astro_oligo_snRNA,Astrocyte,Glycolysis,AD,Ctrl,0.12092902447323492,0.09315168157641528,0.027777342896819643,0.36384204031262857,10,7,"Sadick 2022 AD (h, sn)  [AD vs Ctrl]"
Sadick2022_AD_human_astro_oligo_snRNA,Astrocyte,Pyruvate to lactate,AD,Ctrl,-0.07523286589083103,-0.06901588684864012,-0.006216979042190915,0.4747017688194159,10,7,"Sadick 2022 AD (h, sn)  [AD vs Ctrl]"
Sadick2022_AD_human_astro_oligo_snRNA,Astrocyte,Pentose phosphate,AD,Ctrl,0.003828338175547406,0.011888439750574463,-0.008060101575027057,0.8867749897161661,10,7,"Sadick 2022 AD (h, sn)  [AD vs Ctrl]"
Sadick2022_AD_human_astro_oligo_snRNA,Astrocyte,TCA cycle,AD,Ctrl,-0.013455029345985558,-0.018749613172218727,0.005294583826233169,0.6690662278897572,10,7,"Sadick 2022 AD (h, sn)  [AD vs Ctrl]"
Sadick2022_AD_human_astro_oligo_snRNA,Astrocyte,OXPHOS,AD,Ctrl,0.03538223789584909,0.03443458116689557,0.0009476567289535207,0.8867749897161661,10,7,"Sadick 2022 AD (h, sn)  [AD vs Ctrl]"
Sadick2022_AD_human_astro_oligo_snRNA,Astrocyte,Beta-oxidation,AD,Ctrl,0.08627794347528425,0.07529854443576656,0.010979399039517695,0.6008844097079391,10,7,"Sadick 2022 AD (h, sn)  [AD vs Ctrl]"
Sadick2022_AD_human_astro_oligo_snRNA,Astrocyte,Lipid synthesis,AD,Ctrl,-0.04183966893424765,-0.030134594396853103,-0.011705074537394545,0.4747017688194159,10,7,"Sadick 2022 AD (h, sn)  [AD vs Ctrl]"
Sadick2022_AD_human_astro_oligo_snRNA,Astrocyte,Cholesterol synthesis,AD,Ctrl,-0.12135895731841435,-0.10231344787581285,-0.0190455094426015,0.4747017688194159,10,7,"Sadick 2022 AD (h, sn)  [AD vs Ctrl]"
Sadick2022_AD_human_astro_oligo_snRNA,Astrocyte,Lipid transport / storage,AD,Ctrl,-0.005302105628696129,-0.01096133937913701,0.005659233750440882,1.0,10,7,"Sadick 2022 AD (h, sn)  [AD vs Ctrl]"
Sadick2022_AD_human_astro_oligo_snRNA,Astrocyte,Myelin lipids,AD,Ctrl,-0.16831113314222837,-0.16044286008655906,-0.007868273055669311,0.08782394076511724,10,7,"Sadick 2022 AD (h, sn)  [AD vs Ctrl]"
Sadick2022_AD_human_astro_oligo_snRNA,Neuron,Ketone synthesis,AD,Ctrl,-0.0059756351879864745,-0.0013657480395749158,-0.004609887148411559,0.9622583299053886,10,7,"Sadick 2022 AD (h, sn)  [AD vs Ctrl]"
Sadick2022_AD_human_astro_oligo_snRNA,Neuron,Ketone utilisation,AD,Ctrl,-0.15405318322603806,-0.1572086194685653,0.003155436242527232,0.8867749897161661,10,7,"Sadick 2022 AD (h, sn)  [AD vs Ctrl]"
Sadick2022_AD_human_astro_oligo_snRNA,Neuron,Glycolysis,AD,Ctrl,0.033633427259333395,0.022378131572951782,0.011255295686381613,0.41731797614150556,10,7,"Sadick 2022 AD (h, sn)  [AD vs Ctrl]"
Sadick2022_AD_human_astro_oligo_snRNA,Neuron,Pyruvate to lactate,AD,Ctrl,-0.020097197832197128,-0.01935336222083977,-0.0007438356113573588,0.6008844097079391,10,7,"Sadick 2022 AD (h, sn)  [AD vs Ctrl]"
Sadick2022_AD_human_astro_oligo_snRNA,Neuron,Pentose phosphate,AD,Ctrl,-0.09715861001987441,-0.11057882966400313,0.01342021964412872,0.41731797614150556,10,7,"Sadick 2022 AD (h, sn)  [AD vs Ctrl]"
Sadick2022_AD_human_astro_oligo_snRNA,Neuron,TCA cycle,AD,Ctrl,-0.006473334406991558,-0.01618488687825902,0.00971155247126746,0.13307280954339779,10,7,"Sadick 2022 AD (h, sn)  [AD vs Ctrl]"
Sadick2022_AD_human_astro_oligo_snRNA,Neuron,OXPHOS,AD,Ctrl,0.02676495366392324,0.02171975986428324,0.00504519379964,0.8125257095845331,10,7,"Sadick 2022 AD (h, sn)  [AD vs Ctrl]"
Sadick2022_AD_human_astro_oligo_snRNA,Neuron,Beta-oxidation,AD,Ctrl,-0.054166774814770204,-0.05465792185429473,0.0004911470395245268,0.6008844097079391,10,7,"Sadick 2022 AD (h, sn)  [AD vs Ctrl]"
Sadick2022_AD_human_astro_oligo_snRNA,Neuron,Lipid synthesis,AD,Ctrl,-0.058175455603427614,-0.05187891910511126,-0.006296536498316352,0.7396133278486219,10,7,"Sadick 2022 AD (h, sn)  [AD vs Ctrl]"
Sadick2022_AD_human_astro_oligo_snRNA,Neuron,Cholesterol synthesis,AD,Ctrl,-0.1096332917973581,-0.10849773939200126,-0.0011355524053568433,0.8867749897161661,10,7,"Sadick 2022 AD (h, sn)  [AD vs Ctrl]"
Sadick2022_AD_human_astro_oligo_snRNA,Neuron,Lipid transport / storage,AD,Ctrl,-0.12861928090176042,-0.13458384403827914,0.005964563136518719,0.8125257095845331,10,7,"Sadick 2022 AD (h, sn)  [AD vs Ctrl]"
Sadick2022_AD_human_astro_oligo_snRNA,Neuron,Myelin lipids,AD,Ctrl,-0.15267194848316518,-0.16686281578972575,0.014190867306560578,0.7396133278486219,10,7,"Sadick 2022 AD (h, sn)  [AD vs Ctrl]"
Sadick2022_AD_human_astro_oligo_snRNA,Endothelial,Ketone synthesis,AD,Ctrl,-0.10508375609471943,-0.09789976312570606,-0.00718399296901337,0.43756243756243757,9,5,"Sadick 2022 AD (h, sn)  [AD vs Ctrl]"
Sadick2022_AD_human_astro_oligo_snRNA,Endothelial,Ketone utilisation,AD,Ctrl,-0.11449551044969446,-0.12212625440304925,0.007630743953354793,0.2977022977022977,9,5,"Sadick 2022 AD (h, sn)  [AD vs Ctrl]"
Sadick2022_AD_human_astro_oligo_snRNA,Endothelial,Glycolysis,AD,Ctrl,0.30910041413496386,0.2697296942509575,0.03937071988400637,0.11188811188811189,9,5,"Sadick 2022 AD (h, sn)  [AD vs Ctrl]"
Sadick2022_AD_human_astro_oligo_snRNA,Endothelial,Pyruvate to lactate,AD,Ctrl,0.11886990098647605,0.13928868986943163,-0.020418788882955577,0.6063936063936064,9,5,"Sadick 2022 AD (h, sn)  [AD vs Ctrl]"
Sadick2022_AD_human_astro_oligo_snRNA,Endothelial,Pentose phosphate,AD,Ctrl,0.03692797609749107,0.045923528888848215,-0.008995552791357143,0.8981018981018981,9,5,"Sadick 2022 AD (h, sn)  [AD vs Ctrl]"
Sadick2022_AD_human_astro_oligo_snRNA,Endothelial,TCA cycle,AD,Ctrl,-0.004044454780638145,-0.018063719622139564,0.01401926484150142,0.2977022977022977,9,5,"Sadick 2022 AD (h, sn)  [AD vs Ctrl]"
Sadick2022_AD_human_astro_oligo_snRNA,Endothelial,OXPHOS,AD,Ctrl,0.22280643899412145,0.18916383975441692,0.03364259923970453,0.7972027972027972,9,5,"Sadick 2022 AD (h, sn)  [AD vs Ctrl]"
Sadick2022_AD_human_astro_oligo_snRNA,Endothelial,Beta-oxidation,AD,Ctrl,0.01892468341827746,0.005341047196667691,0.013583636221609768,0.36363636363636365,9,5,"Sadick 2022 AD (h, sn)  [AD vs Ctrl]"
Sadick2022_AD_human_astro_oligo_snRNA,Endothelial,Lipid synthesis,AD,Ctrl,-0.005561336766795811,-0.014089504130549485,0.008528167363753674,1.0,9,5,"Sadick 2022 AD (h, sn)  [AD vs Ctrl]"
Sadick2022_AD_human_astro_oligo_snRNA,Endothelial,Cholesterol synthesis,AD,Ctrl,-0.029665872869721038,-0.06678272338859303,0.037116850518871994,0.18981018981018982,9,5,"Sadick 2022 AD (h, sn)  [AD vs Ctrl]"
Sadick2022_AD_human_astro_oligo_snRNA,Endothelial,Lipid transport / storage,AD,Ctrl,0.008816689843208509,-0.03604883804166838,0.04486552788487688,0.18981018981018982,9,5,"Sadick 2022 AD (h, sn)  [AD vs Ctrl]"
Sadick2022_AD_human_astro_oligo_snRNA,Endothelial,Myelin lipids,AD,Ctrl,-0.06987225298204754,-0.09503192160700216,0.025159668624954626,0.18981018981018982,9,5,"Sadick 2022 AD (h, sn)  [AD vs Ctrl]"
Sadick2022_AD_human_astro_oligo_snRNA,Vascular/Fibroblast,Ketone synthesis,AD,Ctrl,-0.052550479842500816,-0.061173081622568196,0.00862260178006738,0.6943278943278944,8,7,"Sadick 2022 AD (h, sn)  [AD vs Ctrl]"
Sadick2022_AD_human_astro_oligo_snRNA,Vascular/Fibroblast,Ketone utilisation,AD,Ctrl,-0.13046999233787132,-0.12000367242564916,-0.01046631991222216,0.5358197358197359,8,7,"Sadick 2022 AD (h, sn)  [AD vs Ctrl]"
Sadick2022_AD_human_astro_oligo_snRNA,Vascular/Fibroblast,Glycolysis,AD,Ctrl,0.0838348060538818,0.07878031235067552,0.005054493703206278,0.9550893550893552,8,7,"Sadick 2022 AD (h, sn)  [AD vs Ctrl]"
Sadick2022_AD_human_astro_oligo_snRNA,Vascular/Fibroblast,Pyruvate to lactate,AD,Ctrl,0.029192382690871044,0.019566242585591757,0.009626140105279287,0.778865578865579,8,7,"Sadick 2022 AD (h, sn)  [AD vs Ctrl]"
Sadick2022_AD_human_astro_oligo_snRNA,Vascular/Fibroblast,Pentose phosphate,AD,Ctrl,-0.07637489486500569,-0.06232635511307581,-0.014048539751929878,0.6943278943278944,8,7,"Sadick 2022 AD (h, sn)  [AD vs Ctrl]"
Sadick2022_AD_human_astro_oligo_snRNA,Vascular/Fibroblast,TCA cycle,AD,Ctrl,-0.021910433975740308,-0.010188691817776627,-0.01172174215796368,0.33566433566433573,8,7,"Sadick 2022 AD (h, sn)  [AD vs Ctrl]"
Sadick2022_AD_human_astro_oligo_snRNA,Vascular/Fibroblast,OXPHOS,AD,Ctrl,0.04846623310396003,0.05807878543100472,-0.009612552327044686,0.280963480963481,8,7,"Sadick 2022 AD (h, sn)  [AD vs Ctrl]"
Sadick2022_AD_human_astro_oligo_snRNA,Vascular/Fibroblast,Beta-oxidation,AD,Ctrl,0.0438943809511267,0.03149571173509021,0.012398669216036495,0.46340326340326343,8,7,"Sadick 2022 AD (h, sn)  [AD vs Ctrl]"
Sadick2022_AD_human_astro_oligo_snRNA,Vascular/Fibroblast,Lipid synthesis,AD,Ctrl,-0.0780778046472545,-0.0614272756340137,-0.0166505290132408,0.1892773892773893,8,7,"Sadick 2022 AD (h, sn)  [AD vs Ctrl]"
Sadick2022_AD_human_astro_oligo_snRNA,Vascular/Fibroblast,Cholesterol synthesis,AD,Ctrl,-0.1264936128007998,-0.10151286522829854,-0.024980747572501252,0.39689199689199695,8,7,"Sadick 2022 AD (h, sn)  [AD vs Ctrl]"
Sadick2022_AD_human_astro_oligo_snRNA,Vascular/Fibroblast,Lipid transport / storage,AD,Ctrl,0.10076265068070173,0.09788240426503018,0.002880246415671542,0.33566433566433573,8,7,"Sadick 2022 AD (h, sn)  [AD vs Ctrl]"
Sadick2022_AD_human_astro_oligo_snRNA,Vascular/Fibroblast,Myelin lipids,AD,Ctrl,-0.10239960250204619,-0.09553889771161196,-0.006860704790434227,0.23185703185703188,8,7,"Sadick 2022 AD (h, sn)  [AD vs Ctrl]"
Sadick2022_AD_human_astro_oligo_snRNA,Immune (lymphoid/myeloid),Ketone synthesis,AD,Ctrl,-0.03653583754284871,-0.03721728742991957,0.0006814498870708549,1.0,9,7,"Sadick 2022 AD (h, sn)  [AD vs Ctrl]"
Sadick2022_AD_human_astro_oligo_snRNA,Immune (lymphoid/myeloid),Ketone utilisation,AD,Ctrl,-0.1465208075533328,-0.12845341658392084,-0.018067390969411956,0.09073426573426574,9,7,"Sadick 2022 AD (h, sn)  [AD vs Ctrl]"
Sadick2022_AD_human_astro_oligo_snRNA,Immune (lymphoid/myeloid),Glycolysis,AD,Ctrl,0.0842141812362404,0.06919004534292307,0.01502413589331733,0.8370629370629371,9,7,"Sadick 2022 AD (h, sn)  [AD vs Ctrl]"
Sadick2022_AD_human_astro_oligo_snRNA,Immune (lymphoid/myeloid),Pyruvate to lactate,AD,Ctrl,0.016733590841237354,0.0027626733329479667,0.013970917508289387,0.9181818181818182,9,7,"Sadick 2022 AD (h, sn)  [AD vs Ctrl]"
Sadick2022_AD_human_astro_oligo_snRNA,Immune (lymphoid/myeloid),Pentose phosphate,AD,Ctrl,-0.03153117277532784,-0.05383690688742709,0.022305734112099247,0.1737762237762238,9,7,"Sadick 2022 AD (h, sn)  [AD vs Ctrl]"
Sadick2022_AD_human_astro_oligo_snRNA,Immune (lymphoid/myeloid),TCA cycle,AD,Ctrl,-0.04562801507966919,-0.040507607592458104,-0.005120407487211084,1.0,9,7,"Sadick 2022 AD (h, sn)  [AD vs Ctrl]"
Sadick2022_AD_human_astro_oligo_snRNA,Immune (lymphoid/myeloid),OXPHOS,AD,Ctrl,-0.023978947259664193,-0.026134809574350683,0.00215586231468649,1.0,9,7,"Sadick 2022 AD (h, sn)  [AD vs Ctrl]"
Sadick2022_AD_human_astro_oligo_snRNA,Immune (lymphoid/myeloid),Beta-oxidation,AD,Ctrl,-0.0015118990813746257,-0.004677946444730699,0.0031660473633560735,0.7576923076923078,9,7,"Sadick 2022 AD (h, sn)  [AD vs Ctrl]"
Sadick2022_AD_human_astro_oligo_snRNA,Immune (lymphoid/myeloid),Lipid synthesis,AD,Ctrl,-0.01950633584546505,0.007243610538288009,-0.026749946383753057,0.6064685314685315,9,7,"Sadick 2022 AD (h, sn)  [AD vs Ctrl]"
Sadick2022_AD_human_astro_oligo_snRNA,Immune (lymphoid/myeloid),Cholesterol synthesis,AD,Ctrl,-0.16556381906023937,-0.15903832719515448,-0.006525491865084887,0.7576923076923078,9,7,"Sadick 2022 AD (h, sn)  [AD vs Ctrl]"
Sadick2022_AD_human_astro_oligo_snRNA,Immune (lymphoid/myeloid),Lipid transport / storage,AD,Ctrl,0.0456032729193777,0.006876837347972652,0.038726435571405045,0.29912587412587416,9,7,"Sadick 2022 AD (h, sn)  [AD vs Ctrl]"
Sadick2022_AD_human_astro_oligo_snRNA,Immune (lymphoid/myeloid),Myelin lipids,AD,Ctrl,-0.08730858454606454,-0.0881146427215732,0.0008060581755086615,1.0,9,7,"Sadick 2022 AD (h, sn)  [AD vs Ctrl]"
Schirmer2019_MS_human_snRNA,Oligodendrocyte,Ketone synthesis,MS,Ctrl,-0.031867861991796496,-0.025547563188771553,-0.006320298803024944,0.34023973962054455,12,7,"Schirmer 2019 MS (h, sn)  [MS vs Ctrl]"
Schirmer2019_MS_human_snRNA,Oligodendrocyte,Ketone utilisation,MS,Ctrl,-0.02906218524874052,0.0042102826745908485,-0.03327246792333137,0.007184250218305946,12,7,"Schirmer 2019 MS (h, sn)  [MS vs Ctrl]"
Schirmer2019_MS_human_snRNA,Oligodendrocyte,Glycolysis,MS,Ctrl,0.10334536077170693,-0.05518900665534645,0.15853436742705337,0.01706755576724617,12,7,"Schirmer 2019 MS (h, sn)  [MS vs Ctrl]"
Schirmer2019_MS_human_snRNA,Oligodendrocyte,Pyruvate to lactate,MS,Ctrl,0.009370442525387317,-0.015453114627277168,0.024823557152664485,0.195562435500516,12,7,"Schirmer 2019 MS (h, sn)  [MS vs Ctrl]"
Schirmer2019_MS_human_snRNA,Oligodendrocyte,Pentose phosphate,MS,Ctrl,0.08240386210019081,0.07862064835043096,0.003783213749759845,0.7732396602365642,12,7,"Schirmer 2019 MS (h, sn)  [MS vs Ctrl]"
Schirmer2019_MS_human_snRNA,Oligodendrocyte,TCA cycle,MS,Ctrl,-0.033871056881153584,-0.04121267210162435,0.007341615220470762,0.535841867111217,12,7,"Schirmer 2019 MS (h, sn)  [MS vs Ctrl]"
Schirmer2019_MS_human_snRNA,Oligodendrocyte,OXPHOS,MS,Ctrl,0.0777385614677284,-0.034140766156747056,0.11187932762447544,0.01706755576724617,12,7,"Schirmer 2019 MS (h, sn)  [MS vs Ctrl]"
Schirmer2019_MS_human_snRNA,Oligodendrocyte,Beta-oxidation,MS,Ctrl,0.0010729440882829367,0.008489039192005733,-0.007416095103722796,0.967135032150512,12,7,"Schirmer 2019 MS (h, sn)  [MS vs Ctrl]"
Schirmer2019_MS_human_snRNA,Oligodendrocyte,Lipid synthesis,MS,Ctrl,0.11525163167784831,0.1587250105256563,-0.043473378847807984,0.195562435500516,12,7,"Schirmer 2019 MS (h, sn)  [MS vs Ctrl]"
Schirmer2019_MS_human_snRNA,Oligodendrocyte,Cholesterol synthesis,MS,Ctrl,0.07798738228953285,0.0750105679894227,0.0029768143001101532,0.8369453044375644,12,7,"Schirmer 2019 MS (h, sn)  [MS vs Ctrl]"
Schirmer2019_MS_human_snRNA,Oligodendrocyte,Lipid transport / storage,MS,Ctrl,0.2207470356068991,0.14077839252809174,0.07996864307880736,0.012979280781138367,12,7,"Schirmer 2019 MS (h, sn)  [MS vs Ctrl]"
Schirmer2019_MS_human_snRNA,Oligodendrocyte,Myelin lipids,MS,Ctrl,0.5121532814997232,0.5432617674027416,-0.0311084859030184,0.7732396602365642,12,7,"Schirmer 2019 MS (h, sn)  [MS vs Ctrl]"
Schirmer2019_MS_human_snRNA,OPC,Ketone synthesis,MS,Ctrl,-0.015433459273505241,0.005708270792251373,-0.021141730065756613,0.15175570903125082,11,8,"Schirmer 2019 MS (h, sn)  [MS vs Ctrl]"
Schirmer2019_MS_human_snRNA,OPC,Ketone utilisation,MS,Ctrl,-0.06644845613337978,-0.051302602988262475,-0.015145853145117308,0.20600142891164563,11,8,"Schirmer 2019 MS (h, sn)  [MS vs Ctrl]"
Schirmer2019_MS_human_snRNA,OPC,Glycolysis,MS,Ctrl,0.0330626100939877,-0.0162203960783539,0.049283006172341604,0.1288402000476304,11,8,"Schirmer 2019 MS (h, sn)  [MS vs Ctrl]"
Schirmer2019_MS_human_snRNA,OPC,Pyruvate to lactate,MS,Ctrl,-0.012587615158634878,-0.030789698276176284,0.018202083117541408,0.17737027334550554,11,8,"Schirmer 2019 MS (h, sn)  [MS vs Ctrl]"
Schirmer2019_MS_human_snRNA,OPC,Pentose phosphate,MS,Ctrl,-0.011532553153428615,-0.022728151902474285,0.01119559874904567,0.272287052472811,11,8,"Schirmer 2019 MS (h, sn)  [MS vs Ctrl]"
Schirmer2019_MS_human_snRNA,OPC,TCA cycle,MS,Ctrl,-0.05219668959621813,-0.04723491556919792,-0.004961774027020208,0.9678494879733269,11,8,"Schirmer 2019 MS (h, sn)  [MS vs Ctrl]"
Schirmer2019_MS_human_snRNA,OPC,OXPHOS,MS,Ctrl,0.06798038244986652,-0.01268720994560384,0.08066759239547036,0.02034876028684078,11,8,"Schirmer 2019 MS (h, sn)  [MS vs Ctrl]"
Schirmer2019_MS_human_snRNA,OPC,Beta-oxidation,MS,Ctrl,0.029451357736835156,0.023976520107894153,0.005474837628941003,0.3510624222698526,11,8,"Schirmer 2019 MS (h, sn)  [MS vs Ctrl]"
Schirmer2019_MS_human_snRNA,OPC,Lipid synthesis,MS,Ctrl,-0.19518577689108688,-0.17532769406278842,-0.019858082828298457,0.2375433304225874,11,8,"Schirmer 2019 MS (h, sn)  [MS vs Ctrl]"
Schirmer2019_MS_human_snRNA,OPC,Cholesterol synthesis,MS,Ctrl,-0.12607437893266665,-0.09269650072272682,-0.03337787820993983,0.07541478129713425,11,8,"Schirmer 2019 MS (h, sn)  [MS vs Ctrl]"
Schirmer2019_MS_human_snRNA,OPC,Lipid transport / storage,MS,Ctrl,0.13735844219321225,0.06781208964214097,0.06954635255107128,0.02034876028684078,11,8,"Schirmer 2019 MS (h, sn)  [MS vs Ctrl]"
Schirmer2019_MS_human_snRNA,OPC,Myelin lipids,MS,Ctrl,0.06741394105036727,0.0735791265391767,-0.006165185488809427,0.8403852769177846,11,8,"Schirmer 2019 MS (h, sn)  [MS vs Ctrl]"
Schirmer2019_MS_human_snRNA,Microglia,Ketone synthesis,MS,Ctrl,-0.05483922330669198,-0.06801588988337956,0.013176666576687583,,12,2,"Schirmer 2019 MS (h, sn)  [MS vs Ctrl]"
Schirmer2019_MS_human_snRNA,Microglia,Ketone utilisation,MS,Ctrl,-0.08331568149107259,-0.1145291949786193,0.03121351348754671,,12,2,"Schirmer 2019 MS (h, sn)  [MS vs Ctrl]"
Schirmer2019_MS_human_snRNA,Microglia,Glycolysis,MS,Ctrl,0.1713660770181709,0.09648576633370047,0.07488031068447042,,12,2,"Schirmer 2019 MS (h, sn)  [MS vs Ctrl]"
Schirmer2019_MS_human_snRNA,Microglia,Pyruvate to lactate,MS,Ctrl,-0.000230388745374121,-0.057582824883186695,0.057352436137812574,,12,2,"Schirmer 2019 MS (h, sn)  [MS vs Ctrl]"
Schirmer2019_MS_human_snRNA,Microglia,Pentose phosphate,MS,Ctrl,0.01451862053989308,-0.026915811359459623,0.041434431899352704,,12,2,"Schirmer 2019 MS (h, sn)  [MS vs Ctrl]"
Schirmer2019_MS_human_snRNA,Microglia,TCA cycle,MS,Ctrl,-0.08328621307021754,-0.10790252799594113,0.024616314925723595,,12,2,"Schirmer 2019 MS (h, sn)  [MS vs Ctrl]"
Schirmer2019_MS_human_snRNA,Microglia,OXPHOS,MS,Ctrl,0.027520441980804583,-0.0755081873097311,0.10302862929053569,,12,2,"Schirmer 2019 MS (h, sn)  [MS vs Ctrl]"
Schirmer2019_MS_human_snRNA,Microglia,Beta-oxidation,MS,Ctrl,-0.010464981283357986,-0.012187599236665512,0.0017226179533075259,,12,2,"Schirmer 2019 MS (h, sn)  [MS vs Ctrl]"
Schirmer2019_MS_human_snRNA,Microglia,Lipid synthesis,MS,Ctrl,-0.14314167449869927,-0.09022503054625598,-0.05291664395244329,,12,2,"Schirmer 2019 MS (h, sn)  [MS vs Ctrl]"
Schirmer2019_MS_human_snRNA,Microglia,Cholesterol synthesis,MS,Ctrl,-0.16940970107390596,-0.16361324342610423,-0.005796457647801734,,12,2,"Schirmer 2019 MS (h, sn)  [MS vs Ctrl]"
Schirmer2019_MS_human_snRNA,Microglia,Lipid transport / storage,MS,Ctrl,0.12793080396044473,-0.025342753443657523,0.15327355740410226,,12,2,"Schirmer 2019 MS (h, sn)  [MS vs Ctrl]"
Schirmer2019_MS_human_snRNA,Microglia,Myelin lipids,MS,Ctrl,-0.09001120917464665,-0.09778715021976624,0.007775941045119583,,12,2,"Schirmer 2019 MS (h, sn)  [MS vs Ctrl]"
Schirmer2019_MS_human_snRNA,Astrocyte,Ketone synthesis,MS,Ctrl,-0.015802649543524484,-0.005208010782764965,-0.01059463876075952,0.49958961640701716,12,9,"Schirmer 2019 MS (h, sn)  [MS vs Ctrl]"
Schirmer2019_MS_human_snRNA,Astrocyte,Ketone utilisation,MS,Ctrl,0.06386116410336064,0.17974336561807164,-0.115882201514711,0.003185187856377393,12,9,"Schirmer 2019 MS (h, sn)  [MS vs Ctrl]"
Schirmer2019_MS_human_snRNA,Astrocyte,Glycolysis,MS,Ctrl,0.16563779047387756,0.0961929795597676,0.06944481091410995,0.04282560923089135,12,9,"Schirmer 2019 MS (h, sn)  [MS vs Ctrl]"
Schirmer2019_MS_human_snRNA,Astrocyte,Pyruvate to lactate,MS,Ctrl,-0.01985507358116256,-0.009210844221195655,-0.010644229359966905,0.9151060344205056,12,9,"Schirmer 2019 MS (h, sn)  [MS vs Ctrl]"
Schirmer2019_MS_human_snRNA,Astrocyte,Pentose phosphate,MS,Ctrl,0.05076223761299858,0.013258257004974466,0.03750398060802411,0.2706629953488259,12,9,"Schirmer 2019 MS (h, sn)  [MS vs Ctrl]"
Schirmer2019_MS_human_snRNA,Astrocyte,TCA cycle,MS,Ctrl,-0.02277358061408206,-0.006072585774833496,-0.016700994839248563,0.1265278162606013,12,9,"Schirmer 2019 MS (h, sn)  [MS vs Ctrl]"
Schirmer2019_MS_human_snRNA,Astrocyte,OXPHOS,MS,Ctrl,0.06657618838314887,0.02959033338910972,0.03698585499403915,0.2136207303090525,12,9,"Schirmer 2019 MS (h, sn)  [MS vs Ctrl]"
Schirmer2019_MS_human_snRNA,Astrocyte,Beta-oxidation,MS,Ctrl,0.08867484063122605,0.07547567199957009,0.013199168631655961,0.3027893674905606,12,9,"Schirmer 2019 MS (h, sn)  [MS vs Ctrl]"
Schirmer2019_MS_human_snRNA,Astrocyte,Lipid synthesis,MS,Ctrl,-0.09941856602176963,-0.06020483105416195,-0.039213734967607675,0.2136207303090525,12,9,"Schirmer 2019 MS (h, sn)  [MS vs Ctrl]"
Schirmer2019_MS_human_snRNA,Astrocyte,Cholesterol synthesis,MS,Ctrl,-0.07123988395097444,-0.010430788579483053,-0.06080909537149139,0.06995435858001026,12,9,"Schirmer 2019 MS (h, sn)  [MS vs Ctrl]"
Schirmer2019_MS_human_snRNA,Astrocyte,Lipid transport / storage,MS,Ctrl,0.11734465790574211,0.07758793595872802,0.03975672194701409,0.16580656019401352,12,9,"Schirmer 2019 MS (h, sn)  [MS vs Ctrl]"
Schirmer2019_MS_human_snRNA,Astrocyte,Myelin lipids,MS,Ctrl,-0.1377947696129033,-0.10740855493113641,-0.030386214681766888,0.011639972121794035,12,9,"Schirmer 2019 MS (h, sn)  [MS vs Ctrl]"
Schirmer2019_MS_human_snRNA,Neuron,Ketone synthesis,MS,Ctrl,-0.01354411290681664,0.0030279060780786953,-0.016572018984895336,0.5457979706092143,12,9,"Schirmer 2019 MS (h, sn)  [MS vs Ctrl]"
Schirmer2019_MS_human_snRNA,Neuron,Ketone utilisation,MS,Ctrl,-0.07529877148920447,-0.06560429528003038,-0.009694476209174088,0.3373556517763615,12,9,"Schirmer 2019 MS (h, sn)  [MS vs Ctrl]"
Schirmer2019_MS_human_snRNA,Neuron,Glycolysis,MS,Ctrl,0.19792848095619364,0.07482330124253088,0.12310517971366276,0.0949050641750451,12,9,"Schirmer 2019 MS (h, sn)  [MS vs Ctrl]"
Schirmer2019_MS_human_snRNA,Neuron,Pyruvate to lactate,MS,Ctrl,0.030605178358153032,0.0029028758408584368,0.027702302517294594,0.036040189615146746,12,9,"Schirmer 2019 MS (h, sn)  [MS vs Ctrl]"
Schirmer2019_MS_human_snRNA,Neuron,Pentose phosphate,MS,Ctrl,0.0172822620570963,0.01612981285351226,0.0011524492035840384,0.45554509378932984,12,9,"Schirmer 2019 MS (h, sn)  [MS vs Ctrl]"
Schirmer2019_MS_human_snRNA,Neuron,TCA cycle,MS,Ctrl,0.00681050413182752,-0.006615684244310742,0.013426188376138262,0.14515183740205176,12,9,"Schirmer 2019 MS (h, sn)  [MS vs Ctrl]"
Schirmer2019_MS_human_snRNA,Neuron,OXPHOS,MS,Ctrl,0.20144523865735073,0.09254976083380496,0.10889547782354576,0.06995435858001026,12,9,"Schirmer 2019 MS (h, sn)  [MS vs Ctrl]"
Schirmer2019_MS_human_snRNA,Neuron,Beta-oxidation,MS,Ctrl,0.012444347853350487,0.025642889017590938,-0.01319854116424045,0.06995435858001026,12,9,"Schirmer 2019 MS (h, sn)  [MS vs Ctrl]"
Schirmer2019_MS_human_snRNA,Neuron,Lipid synthesis,MS,Ctrl,-0.23248376418584674,-0.19426945732400025,-0.038214306861846487,0.08165918443678832,12,9,"Schirmer 2019 MS (h, sn)  [MS vs Ctrl]"
Schirmer2019_MS_human_snRNA,Neuron,Cholesterol synthesis,MS,Ctrl,-0.15075908040127206,-0.12114499091479922,-0.029614089486472844,0.16580656019401352,12,9,"Schirmer 2019 MS (h, sn)  [MS vs Ctrl]"
Schirmer2019_MS_human_snRNA,Neuron,Lipid transport / storage,MS,Ctrl,-0.11128384249917284,-0.10733414397796824,-0.003949698521204595,0.803566416196146,12,9,"Schirmer 2019 MS (h, sn)  [MS vs Ctrl]"
Schirmer2019_MS_human_snRNA,Neuron,Myelin lipids,MS,Ctrl,-0.14222008502390318,-0.13500813466196074,-0.007211950361942443,0.5457979706092143,12,9,"Schirmer 2019 MS (h, sn)  [MS vs Ctrl]"
Schirmer2019_MS_human_snRNA,Endothelial,Ketone synthesis,MS,Ctrl,-0.08110365309272466,-0.11767075976356864,0.03656710667084398,,5,2,"Schirmer 2019 MS (h, sn)  [MS vs Ctrl]"
Schirmer2019_MS_human_snRNA,Endothelial,Ketone utilisation,MS,Ctrl,-0.08336665930129025,-0.06565108115474383,-0.017715578146546423,,5,2,"Schirmer 2019 MS (h, sn)  [MS vs Ctrl]"
Schirmer2019_MS_human_snRNA,Endothelial,Glycolysis,MS,Ctrl,0.5346527355827494,0.487666910322306,0.04698582526044337,,5,2,"Schirmer 2019 MS (h, sn)  [MS vs Ctrl]"
Schirmer2019_MS_human_snRNA,Endothelial,Pyruvate to lactate,MS,Ctrl,0.12557580248888456,0.07802491154107782,0.047550890947806734,,5,2,"Schirmer 2019 MS (h, sn)  [MS vs Ctrl]"
Schirmer2019_MS_human_snRNA,Endothelial,Pentose phosphate,MS,Ctrl,-0.012598088079834105,-0.025374263754735393,0.012776175674901288,,5,2,"Schirmer 2019 MS (h, sn)  [MS vs Ctrl]"
Schirmer2019_MS_human_snRNA,Endothelial,TCA cycle,MS,Ctrl,-0.058990869500912035,-0.02733031463737671,-0.03166055486353533,,5,2,"Schirmer 2019 MS (h, sn)  [MS vs Ctrl]"
Schirmer2019_MS_human_snRNA,Endothelial,OXPHOS,MS,Ctrl,0.24527222246582675,0.2102051752682186,0.03506704719760814,,5,2,"Schirmer 2019 MS (h, sn)  [MS vs Ctrl]"
Schirmer2019_MS_human_snRNA,Endothelial,Beta-oxidation,MS,Ctrl,0.036108395980197175,-0.0064993510571204945,0.04260774703731767,,5,2,"Schirmer 2019 MS (h, sn)  [MS vs Ctrl]"
Schirmer2019_MS_human_snRNA,Endothelial,Lipid synthesis,MS,Ctrl,-0.20658070152454844,-0.1170914247913493,-0.08948927673319913,,5,2,"Schirmer 2019 MS (h, sn)  [MS vs Ctrl]"
Schirmer2019_MS_human_snRNA,Endothelial,Cholesterol synthesis,MS,Ctrl,-0.10675733459306558,-0.08257159411286315,-0.02418574048020243,,5,2,"Schirmer 2019 MS (h, sn)  [MS vs Ctrl]"
Schirmer2019_MS_human_snRNA,Endothelial,Lipid transport / storage,MS,Ctrl,0.12223530694888178,0.004483361491574016,0.11775194545730777,,5,2,"Schirmer 2019 MS (h, sn)  [MS vs Ctrl]"
Schirmer2019_MS_human_snRNA,Endothelial,Myelin lipids,MS,Ctrl,-0.08904484616117059,-0.1838405745153626,0.094795728354192,,5,2,"Schirmer 2019 MS (h, sn)  [MS vs Ctrl]"
Schirmer2019_MS_human_snRNA,Vascular/Fibroblast,Ketone synthesis,MS,Ctrl,-0.07078654278408397,,,,1,0,"Schirmer 2019 MS (h, sn)  [MS vs Ctrl]"
Schirmer2019_MS_human_snRNA,Vascular/Fibroblast,Ketone utilisation,MS,Ctrl,-0.009757939974466962,,,,1,0,"Schirmer 2019 MS (h, sn)  [MS vs Ctrl]"
Schirmer2019_MS_human_snRNA,Vascular/Fibroblast,Glycolysis,MS,Ctrl,0.5406669656100044,,,,1,0,"Schirmer 2019 MS (h, sn)  [MS vs Ctrl]"
Schirmer2019_MS_human_snRNA,Vascular/Fibroblast,Pyruvate to lactate,MS,Ctrl,0.2301022492514716,,,,1,0,"Schirmer 2019 MS (h, sn)  [MS vs Ctrl]"
Schirmer2019_MS_human_snRNA,Vascular/Fibroblast,Pentose phosphate,MS,Ctrl,0.0015110852501609088,,,,1,0,"Schirmer 2019 MS (h, sn)  [MS vs Ctrl]"
Schirmer2019_MS_human_snRNA,Vascular/Fibroblast,TCA cycle,MS,Ctrl,-0.04828642014856939,,,,1,0,"Schirmer 2019 MS (h, sn)  [MS vs Ctrl]"
Schirmer2019_MS_human_snRNA,Vascular/Fibroblast,OXPHOS,MS,Ctrl,0.2574885431791177,,,,1,0,"Schirmer 2019 MS (h, sn)  [MS vs Ctrl]"
Schirmer2019_MS_human_snRNA,Vascular/Fibroblast,Beta-oxidation,MS,Ctrl,0.04050656406867384,,,,1,0,"Schirmer 2019 MS (h, sn)  [MS vs Ctrl]"
Schirmer2019_MS_human_snRNA,Vascular/Fibroblast,Lipid synthesis,MS,Ctrl,-0.11356017166677147,,,,1,0,"Schirmer 2019 MS (h, sn)  [MS vs Ctrl]"
Schirmer2019_MS_human_snRNA,Vascular/Fibroblast,Cholesterol synthesis,MS,Ctrl,-0.16555272741751237,,,,1,0,"Schirmer 2019 MS (h, sn)  [MS vs Ctrl]"
Schirmer2019_MS_human_snRNA,Vascular/Fibroblast,Lipid transport / storage,MS,Ctrl,0.37046641433909855,,,,1,0,"Schirmer 2019 MS (h, sn)  [MS vs Ctrl]"
Schirmer2019_MS_human_snRNA,Vascular/Fibroblast,Myelin lipids,MS,Ctrl,-0.1812166285225839,,,,1,0,"Schirmer 2019 MS (h, sn)  [MS vs Ctrl]"
Schirmer2019_MS_human_snRNA,Immune (lymphoid/myeloid),Ketone synthesis,MS,Ctrl,-0.03962909033957948,,,,1,0,"Schirmer 2019 MS (h, sn)  [MS vs Ctrl]"
Schirmer2019_MS_human_snRNA,Immune (lymphoid/myeloid),Ketone utilisation,MS,Ctrl,-0.040864778055366896,,,,1,0,"Schirmer 2019 MS (h, sn)  [MS vs Ctrl]"
Schirmer2019_MS_human_snRNA,Immune (lymphoid/myeloid),Glycolysis,MS,Ctrl,0.3664662824963112,,,,1,0,"Schirmer 2019 MS (h, sn)  [MS vs Ctrl]"
Schirmer2019_MS_human_snRNA,Immune (lymphoid/myeloid),Pyruvate to lactate,MS,Ctrl,0.12112176589086546,,,,1,0,"Schirmer 2019 MS (h, sn)  [MS vs Ctrl]"
Schirmer2019_MS_human_snRNA,Immune (lymphoid/myeloid),Pentose phosphate,MS,Ctrl,0.03105585862981512,,,,1,0,"Schirmer 2019 MS (h, sn)  [MS vs Ctrl]"
Schirmer2019_MS_human_snRNA,Immune (lymphoid/myeloid),TCA cycle,MS,Ctrl,0.018669018987352837,,,,1,0,"Schirmer 2019 MS (h, sn)  [MS vs Ctrl]"
Schirmer2019_MS_human_snRNA,Immune (lymphoid/myeloid),OXPHOS,MS,Ctrl,0.36296133309109824,,,,1,0,"Schirmer 2019 MS (h, sn)  [MS vs Ctrl]"
Schirmer2019_MS_human_snRNA,Immune (lymphoid/myeloid),Beta-oxidation,MS,Ctrl,0.008055577336614578,,,,1,0,"Schirmer 2019 MS (h, sn)  [MS vs Ctrl]"
Schirmer2019_MS_human_snRNA,Immune (lymphoid/myeloid),Lipid synthesis,MS,Ctrl,-0.13027783444699947,,,,1,0,"Schirmer 2019 MS (h, sn)  [MS vs Ctrl]"
Schirmer2019_MS_human_snRNA,Immune (lymphoid/myeloid),Cholesterol synthesis,MS,Ctrl,-0.14980770679653113,,,,1,0,"Schirmer 2019 MS (h, sn)  [MS vs Ctrl]"
Schirmer2019_MS_human_snRNA,Immune (lymphoid/myeloid),Lipid transport / storage,MS,Ctrl,0.08933252982474617,,,,1,0,"Schirmer 2019 MS (h, sn)  [MS vs Ctrl]"
Schirmer2019_MS_human_snRNA,Immune (lymphoid/myeloid),Myelin lipids,MS,Ctrl,-0.04154487800936327,,,,1,0,"Schirmer 2019 MS (h, sn)  [MS vs Ctrl]"
SenescentGlia2025_MS_human_Visium,spot,Ketone synthesis,MS,Ctrl,-0.001202506322222301,,,,12,0,"Senescent-glia 2025 MS (h, Visium)  [MS vs Ctrl]"
SenescentGlia2025_MS_human_Visium,spot,Ketone utilisation,MS,Ctrl,0.0007033287492077723,,,,12,0,"Senescent-glia 2025 MS (h, Visium)  [MS vs Ctrl]"
SenescentGlia2025_MS_human_Visium,spot,Glycolysis,MS,Ctrl,0.109027720190692,,,,12,0,"Senescent-glia 2025 MS (h, Visium)  [MS vs Ctrl]"
SenescentGlia2025_MS_human_Visium,spot,Pyruvate to lactate,MS,Ctrl,0.023724742062855565,,,,12,0,"Senescent-glia 2025 MS (h, Visium)  [MS vs Ctrl]"
SenescentGlia2025_MS_human_Visium,spot,Pentose phosphate,MS,Ctrl,0.003206274137685945,,,,12,0,"Senescent-glia 2025 MS (h, Visium)  [MS vs Ctrl]"
SenescentGlia2025_MS_human_Visium,spot,TCA cycle,MS,Ctrl,-0.030800352057268828,,,,12,0,"Senescent-glia 2025 MS (h, Visium)  [MS vs Ctrl]"
SenescentGlia2025_MS_human_Visium,spot,OXPHOS,MS,Ctrl,-0.1114051827274123,,,,12,0,"Senescent-glia 2025 MS (h, Visium)  [MS vs Ctrl]"
SenescentGlia2025_MS_human_Visium,spot,Beta-oxidation,MS,Ctrl,0.006716110391757731,,,,12,0,"Senescent-glia 2025 MS (h, Visium)  [MS vs Ctrl]"
SenescentGlia2025_MS_human_Visium,spot,Lipid synthesis,MS,Ctrl,0.045934595399610034,,,,12,0,"Senescent-glia 2025 MS (h, Visium)  [MS vs Ctrl]"
SenescentGlia2025_MS_human_Visium,spot,Cholesterol synthesis,MS,Ctrl,-0.06744908778792251,,,,12,0,"Senescent-glia 2025 MS (h, Visium)  [MS vs Ctrl]"
SenescentGlia2025_MS_human_Visium,spot,Lipid transport / storage,MS,Ctrl,0.08575769272721663,,,,12,0,"Senescent-glia 2025 MS (h, Visium)  [MS vs Ctrl]"
SenescentGlia2025_MS_human_Visium,spot,Myelin lipids,MS,Ctrl,0.013281547194325385,,,,12,0,"Senescent-glia 2025 MS (h, Visium)  [MS vs Ctrl]"
Serpina3n_Cuprizone_snRNA_mouse,Oligodendrocyte,Ketone synthesis,Cuprizone,Ctrl,0.004304614691813165,-0.008170525569208435,0.0124751402610216,,4,1,"Serpina3n-cKO cuprizone (m, sn)  [Cuprizone vs Ctrl]"
Serpina3n_Cuprizone_snRNA_mouse,Oligodendrocyte,Ketone utilisation,Cuprizone,Ctrl,-0.15332020177943478,-0.14786460730159875,-0.005455594477836029,,4,1,"Serpina3n-cKO cuprizone (m, sn)  [Cuprizone vs Ctrl]"
Serpina3n_Cuprizone_snRNA_mouse,Oligodendrocyte,Glycolysis,Cuprizone,Ctrl,-0.09849778824345021,-0.10927345552770076,0.010775667284250556,,4,1,"Serpina3n-cKO cuprizone (m, sn)  [Cuprizone vs Ctrl]"
Serpina3n_Cuprizone_snRNA_mouse,Oligodendrocyte,Pyruvate to lactate,Cuprizone,Ctrl,-0.006012065337946439,0.010973916470804614,-0.016985981808751053,,4,1,"Serpina3n-cKO cuprizone (m, sn)  [Cuprizone vs Ctrl]"
Serpina3n_Cuprizone_snRNA_mouse,Oligodendrocyte,Pentose phosphate,Cuprizone,Ctrl,0.04955565010791166,0.0057907306865854985,0.04376491942132616,,4,1,"Serpina3n-cKO cuprizone (m, sn)  [Cuprizone vs Ctrl]"
Serpina3n_Cuprizone_snRNA_mouse,Oligodendrocyte,TCA cycle,Cuprizone,Ctrl,-0.018621874158856477,-0.011742462766657734,-0.0068794113921987424,,4,1,"Serpina3n-cKO cuprizone (m, sn)  [Cuprizone vs Ctrl]"
Serpina3n_Cuprizone_snRNA_mouse,Oligodendrocyte,OXPHOS,Cuprizone,Ctrl,-0.009777717021129798,-0.014409185261595247,0.004631468240465449,,4,1,"Serpina3n-cKO cuprizone (m, sn)  [Cuprizone vs Ctrl]"
Serpina3n_Cuprizone_snRNA_mouse,Oligodendrocyte,Beta-oxidation,Cuprizone,Ctrl,-0.008086778473998323,-0.01806212521371146,0.009975346739713137,,4,1,"Serpina3n-cKO cuprizone (m, sn)  [Cuprizone vs Ctrl]"
Serpina3n_Cuprizone_snRNA_mouse,Oligodendrocyte,Lipid synthesis,Cuprizone,Ctrl,0.09778949479769192,-0.017306565864367907,0.11509606066205982,,4,1,"Serpina3n-cKO cuprizone (m, sn)  [Cuprizone vs Ctrl]"
Serpina3n_Cuprizone_snRNA_mouse,Oligodendrocyte,Cholesterol synthesis,Cuprizone,Ctrl,-0.024298364487476822,0.01918639765392947,-0.04348476214140629,,4,1,"Serpina3n-cKO cuprizone (m, sn)  [Cuprizone vs Ctrl]"
Serpina3n_Cuprizone_snRNA_mouse,Oligodendrocyte,Lipid transport / storage,Cuprizone,Ctrl,0.19228322800236433,0.022205086284113735,0.1700781417182506,,4,1,"Serpina3n-cKO cuprizone (m, sn)  [Cuprizone vs Ctrl]"
Serpina3n_Cuprizone_snRNA_mouse,Oligodendrocyte,Myelin lipids,Cuprizone,Ctrl,0.3019897873241103,0.07153931977646392,0.23045046754764636,,4,1,"Serpina3n-cKO cuprizone (m, sn)  [Cuprizone vs Ctrl]"
Serpina3n_Cuprizone_snRNA_mouse,OPC,Ketone synthesis,Cuprizone,Ctrl,0.00472029796150698,0.0033426899267067697,0.0013776080348002102,,4,1,"Serpina3n-cKO cuprizone (m, sn)  [Cuprizone vs Ctrl]"
Serpina3n_Cuprizone_snRNA_mouse,OPC,Ketone utilisation,Cuprizone,Ctrl,-0.09661279545211371,-0.08635033992101561,-0.0102624555310981,,4,1,"Serpina3n-cKO cuprizone (m, sn)  [Cuprizone vs Ctrl]"
Serpina3n_Cuprizone_snRNA_mouse,OPC,Glycolysis,Cuprizone,Ctrl,-0.10332384629674582,-0.1043651058788024,0.0010412595820565862,,4,1,"Serpina3n-cKO cuprizone (m, sn)  [Cuprizone vs Ctrl]"
Serpina3n_Cuprizone_snRNA_mouse,OPC,Pyruvate to lactate,Cuprizone,Ctrl,-0.02454481087609145,-0.03699002865206473,0.01244521777597328,,4,1,"Serpina3n-cKO cuprizone (m, sn)  [Cuprizone vs Ctrl]"
Serpina3n_Cuprizone_snRNA_mouse,OPC,Pentose phosphate,Cuprizone,Ctrl,0.0009148579535585809,0.0016270690316674097,-0.0007122110781088288,,4,1,"Serpina3n-cKO cuprizone (m, sn)  [Cuprizone vs Ctrl]"
Serpina3n_Cuprizone_snRNA_mouse,OPC,TCA cycle,Cuprizone,Ctrl,0.0072704378386355155,-0.008888575609771283,0.016159013448406798,,4,1,"Serpina3n-cKO cuprizone (m, sn)  [Cuprizone vs Ctrl]"
Serpina3n_Cuprizone_snRNA_mouse,OPC,OXPHOS,Cuprizone,Ctrl,-0.00040404220170332886,-0.03477739845796401,0.03437335625626068,,4,1,"Serpina3n-cKO cuprizone (m, sn)  [Cuprizone vs Ctrl]"
Serpina3n_Cuprizone_snRNA_mouse,OPC,Beta-oxidation,Cuprizone,Ctrl,-0.015811428708388118,-0.02251278207500094,0.006701353366612824,,4,1,"Serpina3n-cKO cuprizone (m, sn)  [Cuprizone vs Ctrl]"
Serpina3n_Cuprizone_snRNA_mouse,OPC,Lipid synthesis,Cuprizone,Ctrl,-0.03469984499256776,-0.03525402337602509,0.0005541783834573308,,4,1,"Serpina3n-cKO cuprizone (m, sn)  [Cuprizone vs Ctrl]"
Serpina3n_Cuprizone_snRNA_mouse,OPC,Cholesterol synthesis,Cuprizone,Ctrl,-0.017443370960796022,0.014848489610515892,-0.03229186057131191,,4,1,"Serpina3n-cKO cuprizone (m, sn)  [Cuprizone vs Ctrl]"
Serpina3n_Cuprizone_snRNA_mouse,OPC,Lipid transport / storage,Cuprizone,Ctrl,0.009816069315630987,0.016279911466096825,-0.006463842150465839,,4,1,"Serpina3n-cKO cuprizone (m, sn)  [Cuprizone vs Ctrl]"
Serpina3n_Cuprizone_snRNA_mouse,OPC,Myelin lipids,Cuprizone,Ctrl,0.023901659814731663,0.0061410573280582395,0.017760602486673424,,4,1,"Serpina3n-cKO cuprizone (m, sn)  [Cuprizone vs Ctrl]"
Serpina3n_Cuprizone_snRNA_mouse,Microglia,Ketone synthesis,Cuprizone,Ctrl,-0.012710884352575367,-0.021037881067570516,0.00832699671499515,,4,1,"Serpina3n-cKO cuprizone (m, sn)  [Cuprizone vs Ctrl]"
Serpina3n_Cuprizone_snRNA_mouse,Microglia,Ketone utilisation,Cuprizone,Ctrl,-0.09515799829852634,-0.09918483784385757,0.004026839545331229,,4,1,"Serpina3n-cKO cuprizone (m, sn)  [Cuprizone vs Ctrl]"
Serpina3n_Cuprizone_snRNA_mouse,Microglia,Glycolysis,Cuprizone,Ctrl,-0.053635040952086654,-0.09382580115098509,0.04019076019889843,,4,1,"Serpina3n-cKO cuprizone (m, sn)  [Cuprizone vs Ctrl]"
Serpina3n_Cuprizone_snRNA_mouse,Microglia,Pyruvate to lactate,Cuprizone,Ctrl,0.024135156007513127,-0.0012525527699135419,0.02538770877742667,,4,1,"Serpina3n-cKO cuprizone (m, sn)  [Cuprizone vs Ctrl]"
Serpina3n_Cuprizone_snRNA_mouse,Microglia,Pentose phosphate,Cuprizone,Ctrl,0.015192052785342252,0.009400301210436167,0.005791751574906086,,4,1,"Serpina3n-cKO cuprizone (m, sn)  [Cuprizone vs Ctrl]"
Serpina3n_Cuprizone_snRNA_mouse,Microglia,TCA cycle,Cuprizone,Ctrl,-0.020248358108416704,-0.03302144450596946,0.012773086397552754,,4,1,"Serpina3n-cKO cuprizone (m, sn)  [Cuprizone vs Ctrl]"
Serpina3n_Cuprizone_snRNA_mouse,Microglia,OXPHOS,Cuprizone,Ctrl,-0.0014052567134806206,-0.03874329181332247,0.03733803509984185,,4,1,"Serpina3n-cKO cuprizone (m, sn)  [Cuprizone vs Ctrl]"
Serpina3n_Cuprizone_snRNA_mouse,Microglia,Beta-oxidation,Cuprizone,Ctrl,-0.01517760658117925,-0.02359578684038763,0.008418180259208381,,4,1,"Serpina3n-cKO cuprizone (m, sn)  [Cuprizone vs Ctrl]"
Serpina3n_Cuprizone_snRNA_mouse,Microglia,Lipid synthesis,Cuprizone,Ctrl,0.018392392641853956,-0.0605420066298805,0.07893439927173446,,4,1,"Serpina3n-cKO cuprizone (m, sn)  [Cuprizone vs Ctrl]"
Serpina3n_Cuprizone_snRNA_mouse,Microglia,Cholesterol synthesis,Cuprizone,Ctrl,-0.025768442699023203,-0.019340958759496943,-0.00642748393952626,,4,1,"Serpina3n-cKO cuprizone (m, sn)  [Cuprizone vs Ctrl]"
Serpina3n_Cuprizone_snRNA_mouse,Microglia,Lipid transport / storage,Cuprizone,Ctrl,0.1300437947203533,0.037084678304490366,0.09295911641586294,,4,1,"Serpina3n-cKO cuprizone (m, sn)  [Cuprizone vs Ctrl]"
Serpina3n_Cuprizone_snRNA_mouse,Microglia,Myelin lipids,Cuprizone,Ctrl,0.007562061838605664,-0.02946912113124249,0.037031182969848156,,4,1,"Serpina3n-cKO cuprizone (m, sn)  [Cuprizone vs Ctrl]"
Serpina3n_Cuprizone_snRNA_mouse,Astrocyte,Ketone synthesis,Cuprizone,Ctrl,0.008744153291639165,0.002164488758249529,0.006579664533389636,,4,1,"Serpina3n-cKO cuprizone (m, sn)  [Cuprizone vs Ctrl]"
Serpina3n_Cuprizone_snRNA_mouse,Astrocyte,Ketone utilisation,Cuprizone,Ctrl,0.0741436976593335,0.02082592050782565,0.053317777151507845,,4,1,"Serpina3n-cKO cuprizone (m, sn)  [Cuprizone vs Ctrl]"
Serpina3n_Cuprizone_snRNA_mouse,Astrocyte,Glycolysis,Cuprizone,Ctrl,-0.02978607835379437,-0.07083509873331775,0.041049020379523384,,4,1,"Serpina3n-cKO cuprizone (m, sn)  [Cuprizone vs Ctrl]"
Serpina3n_Cuprizone_snRNA_mouse,Astrocyte,Pyruvate to lactate,Cuprizone,Ctrl,-0.018752921467185345,-0.015583827385989839,-0.003169094081195506,,4,1,"Serpina3n-cKO cuprizone (m, sn)  [Cuprizone vs Ctrl]"
Serpina3n_Cuprizone_snRNA_mouse,Astrocyte,Pentose phosphate,Cuprizone,Ctrl,0.021345122220426307,0.02163735994092863,-0.00029223772050232175,,4,1,"Serpina3n-cKO cuprizone (m, sn)  [Cuprizone vs Ctrl]"
Serpina3n_Cuprizone_snRNA_mouse,Astrocyte,TCA cycle,Cuprizone,Ctrl,0.057496037414820914,0.023279727117239347,0.03421631029758157,,4,1,"Serpina3n-cKO cuprizone (m, sn)  [Cuprizone vs Ctrl]"
Serpina3n_Cuprizone_snRNA_mouse,Astrocyte,OXPHOS,Cuprizone,Ctrl,0.014988322217361771,-0.021261916075097226,0.036250238292459,,4,1,"Serpina3n-cKO cuprizone (m, sn)  [Cuprizone vs Ctrl]"
Serpina3n_Cuprizone_snRNA_mouse,Astrocyte,Beta-oxidation,Cuprizone,Ctrl,0.020017890754609847,0.005325657440869132,0.014692233313740715,,4,1,"Serpina3n-cKO cuprizone (m, sn)  [Cuprizone vs Ctrl]"
Serpina3n_Cuprizone_snRNA_mouse,Astrocyte,Lipid synthesis,Cuprizone,Ctrl,0.06377856510024345,0.03315365852844582,0.03062490657179763,,4,1,"Serpina3n-cKO cuprizone (m, sn)  [Cuprizone vs Ctrl]"
Serpina3n_Cuprizone_snRNA_mouse,Astrocyte,Cholesterol synthesis,Cuprizone,Ctrl,0.02356688017338173,0.0707669632162771,-0.047200083042895365,,4,1,"Serpina3n-cKO cuprizone (m, sn)  [Cuprizone vs Ctrl]"
Serpina3n_Cuprizone_snRNA_mouse,Astrocyte,Lipid transport / storage,Cuprizone,Ctrl,0.10887422034187656,0.06502244857052716,0.0438517717713494,,4,1,"Serpina3n-cKO cuprizone (m, sn)  [Cuprizone vs Ctrl]"
Serpina3n_Cuprizone_snRNA_mouse,Astrocyte,Myelin lipids,Cuprizone,Ctrl,-0.05893278306703642,-0.02676082999202712,-0.0321719530750093,,4,1,"Serpina3n-cKO cuprizone (m, sn)  [Cuprizone vs Ctrl]"
Serpina3n_Cuprizone_snRNA_mouse,Neuron,Ketone synthesis,Cuprizone,Ctrl,-0.006366617247215715,-0.00042782733375453186,-0.0059387899134611824,,4,1,"Serpina3n-cKO cuprizone (m, sn)  [Cuprizone vs Ctrl]"
Serpina3n_Cuprizone_snRNA_mouse,Neuron,Ketone utilisation,Cuprizone,Ctrl,-0.134619980018518,-0.13041518019670867,-0.004204799821809324,,4,1,"Serpina3n-cKO cuprizone (m, sn)  [Cuprizone vs Ctrl]"
Serpina3n_Cuprizone_snRNA_mouse,Neuron,Glycolysis,Cuprizone,Ctrl,-0.07431472053840336,-0.0820237433380566,0.007709022799653242,,4,1,"Serpina3n-cKO cuprizone (m, sn)  [Cuprizone vs Ctrl]"
Serpina3n_Cuprizone_snRNA_mouse,Neuron,Pyruvate to lactate,Cuprizone,Ctrl,0.0103450717854165,-0.016950386018141916,0.027295457803558416,,4,1,"Serpina3n-cKO cuprizone (m, sn)  [Cuprizone vs Ctrl]"
Serpina3n_Cuprizone_snRNA_mouse,Neuron,Pentose phosphate,Cuprizone,Ctrl,-0.0061471292035564055,-0.005531867429917553,-0.0006152617736388524,,4,1,"Serpina3n-cKO cuprizone (m, sn)  [Cuprizone vs Ctrl]"
Serpina3n_Cuprizone_snRNA_mouse,Neuron,TCA cycle,Cuprizone,Ctrl,0.0163236502917158,-0.005820329964141837,0.022143980255857634,,4,1,"Serpina3n-cKO cuprizone (m, sn)  [Cuprizone vs Ctrl]"
Serpina3n_Cuprizone_snRNA_mouse,Neuron,OXPHOS,Cuprizone,Ctrl,0.013061143791799396,-0.02735861882100258,0.040419762612801974,,4,1,"Serpina3n-cKO cuprizone (m, sn)  [Cuprizone vs Ctrl]"
Serpina3n_Cuprizone_snRNA_mouse,Neuron,Beta-oxidation,Cuprizone,Ctrl,-0.02045164300022323,-0.02065606882046771,0.0002044258202444811,,4,1,"Serpina3n-cKO cuprizone (m, sn)  [Cuprizone vs Ctrl]"
Serpina3n_Cuprizone_snRNA_mouse,Neuron,Lipid synthesis,Cuprizone,Ctrl,-0.06708713712101899,-0.05445635977903135,-0.012630777341987642,,4,1,"Serpina3n-cKO cuprizone (m, sn)  [Cuprizone vs Ctrl]"
Serpina3n_Cuprizone_snRNA_mouse,Neuron,Cholesterol synthesis,Cuprizone,Ctrl,-0.0070154512970759825,0.02915223532389613,-0.03616768662097211,,4,1,"Serpina3n-cKO cuprizone (m, sn)  [Cuprizone vs Ctrl]"
Serpina3n_Cuprizone_snRNA_mouse,Neuron,Lipid transport / storage,Cuprizone,Ctrl,-0.016308737165693997,-0.0034461086954270794,-0.012862628470266917,,4,1,"Serpina3n-cKO cuprizone (m, sn)  [Cuprizone vs Ctrl]"
Serpina3n_Cuprizone_snRNA_mouse,Neuron,Myelin lipids,Cuprizone,Ctrl,-0.04130333861969572,-0.026657977441285063,-0.014645361178410657,,4,1,"Serpina3n-cKO cuprizone (m, sn)  [Cuprizone vs Ctrl]"
Serpina3n_Cuprizone_snRNA_mouse,Endothelial,Ketone synthesis,Cuprizone,Ctrl,-0.009815317815663964,-0.06194315363531527,0.05212783581965131,,4,1,"Serpina3n-cKO cuprizone (m, sn)  [Cuprizone vs Ctrl]"
Serpina3n_Cuprizone_snRNA_mouse,Endothelial,Ketone utilisation,Cuprizone,Ctrl,-0.18870306491631525,-0.2399585264662038,0.051255461549888554,,4,1,"Serpina3n-cKO cuprizone (m, sn)  [Cuprizone vs Ctrl]"
Serpina3n_Cuprizone_snRNA_mouse,Endothelial,Glycolysis,Cuprizone,Ctrl,-0.08032272153439432,-0.0540139460237758,-0.02630877551061852,,4,1,"Serpina3n-cKO cuprizone (m, sn)  [Cuprizone vs Ctrl]"
Serpina3n_Cuprizone_snRNA_mouse,Endothelial,Pyruvate to lactate,Cuprizone,Ctrl,-0.04805703299939611,-0.02296050236585471,-0.0250965306335414,,4,1,"Serpina3n-cKO cuprizone (m, sn)  [Cuprizone vs Ctrl]"
Serpina3n_Cuprizone_snRNA_mouse,Endothelial,Pentose phosphate,Cuprizone,Ctrl,-0.01983494667062637,-0.018663844906765484,-0.001171101763860885,,4,1,"Serpina3n-cKO cuprizone (m, sn)  [Cuprizone vs Ctrl]"
Serpina3n_Cuprizone_snRNA_mouse,Endothelial,TCA cycle,Cuprizone,Ctrl,-0.051015646795778136,-0.09962002640289155,0.04860437960711342,,4,1,"Serpina3n-cKO cuprizone (m, sn)  [Cuprizone vs Ctrl]"
Serpina3n_Cuprizone_snRNA_mouse,Endothelial,OXPHOS,Cuprizone,Ctrl,-0.010985885162470474,0.029392450889174797,-0.04037833605164527,,4,1,"Serpina3n-cKO cuprizone (m, sn)  [Cuprizone vs Ctrl]"
Serpina3n_Cuprizone_snRNA_mouse,Endothelial,Beta-oxidation,Cuprizone,Ctrl,0.0005151869313462349,0.0053642569299743115,-0.004849069998628077,,4,1,"Serpina3n-cKO cuprizone (m, sn)  [Cuprizone vs Ctrl]"
Serpina3n_Cuprizone_snRNA_mouse,Endothelial,Lipid synthesis,Cuprizone,Ctrl,-0.05668705866858757,-0.060617280080303045,0.003930221411715472,,4,1,"Serpina3n-cKO cuprizone (m, sn)  [Cuprizone vs Ctrl]"
Serpina3n_Cuprizone_snRNA_mouse,Endothelial,Cholesterol synthesis,Cuprizone,Ctrl,-0.026890424733627395,-0.011597700520149957,-0.015292724213477438,,4,1,"Serpina3n-cKO cuprizone (m, sn)  [Cuprizone vs Ctrl]"
Serpina3n_Cuprizone_snRNA_mouse,Endothelial,Lipid transport / storage,Cuprizone,Ctrl,0.020738454893358606,0.06301994649519832,-0.042281491601839714,,4,1,"Serpina3n-cKO cuprizone (m, sn)  [Cuprizone vs Ctrl]"
Serpina3n_Cuprizone_snRNA_mouse,Endothelial,Myelin lipids,Cuprizone,Ctrl,-0.041963580774609904,-0.06493733547044837,0.02297375469583847,,4,1,"Serpina3n-cKO cuprizone (m, sn)  [Cuprizone vs Ctrl]"
Serpina3n_Cuprizone_snRNA_mouse,Vascular/Fibroblast,Ketone synthesis,Cuprizone,Ctrl,0.01911173187883577,0.01338391621987666,0.005727815658959112,,4,1,"Serpina3n-cKO cuprizone (m, sn)  [Cuprizone vs Ctrl]"
Serpina3n_Cuprizone_snRNA_mouse,Vascular/Fibroblast,Ketone utilisation,Cuprizone,Ctrl,-0.13217300299535154,-0.1473071618618504,0.015134158866498854,,4,1,"Serpina3n-cKO cuprizone (m, sn)  [Cuprizone vs Ctrl]"
Serpina3n_Cuprizone_snRNA_mouse,Vascular/Fibroblast,Glycolysis,Cuprizone,Ctrl,-0.10779626449261613,-0.12223455477596962,0.014438290283353486,,4,1,"Serpina3n-cKO cuprizone (m, sn)  [Cuprizone vs Ctrl]"
Serpina3n_Cuprizone_snRNA_mouse,Vascular/Fibroblast,Pyruvate to lactate,Cuprizone,Ctrl,-0.028146007256073746,-0.02247010622629433,-0.005675901029779416,,4,1,"Serpina3n-cKO cuprizone (m, sn)  [Cuprizone vs Ctrl]"
Serpina3n_Cuprizone_snRNA_mouse,Vascular/Fibroblast,Pentose phosphate,Cuprizone,Ctrl,-0.01137601301784449,-0.010205220217185635,-0.0011707928006588555,,4,1,"Serpina3n-cKO cuprizone (m, sn)  [Cuprizone vs Ctrl]"
Serpina3n_Cuprizone_snRNA_mouse,Vascular/Fibroblast,TCA cycle,Cuprizone,Ctrl,-0.009796299657412974,-0.014621190643963888,0.004824890986550914,,4,1,"Serpina3n-cKO cuprizone (m, sn)  [Cuprizone vs Ctrl]"
Serpina3n_Cuprizone_snRNA_mouse,Vascular/Fibroblast,OXPHOS,Cuprizone,Ctrl,-0.005125594619938975,-0.011814608101360093,0.006689013481421118,,4,1,"Serpina3n-cKO cuprizone (m, sn)  [Cuprizone vs Ctrl]"
Serpina3n_Cuprizone_snRNA_mouse,Vascular/Fibroblast,Beta-oxidation,Cuprizone,Ctrl,0.006728585104209929,-0.0008192996464429364,0.007547884750652866,,4,1,"Serpina3n-cKO cuprizone (m, sn)  [Cuprizone vs Ctrl]"
Serpina3n_Cuprizone_snRNA_mouse,Vascular/Fibroblast,Lipid synthesis,Cuprizone,Ctrl,-0.04555723722667479,-0.051395491565744064,0.005838254339069274,,4,1,"Serpina3n-cKO cuprizone (m, sn)  [Cuprizone vs Ctrl]"
Serpina3n_Cuprizone_snRNA_mouse,Vascular/Fibroblast,Cholesterol synthesis,Cuprizone,Ctrl,-0.03971438412980609,-0.021250166927773543,-0.018464217202032545,,4,1,"Serpina3n-cKO cuprizone (m, sn)  [Cuprizone vs Ctrl]"
Serpina3n_Cuprizone_snRNA_mouse,Vascular/Fibroblast,Lipid transport / storage,Cuprizone,Ctrl,0.10262942437760524,0.04895350188245788,0.053675922495147355,,4,1,"Serpina3n-cKO cuprizone (m, sn)  [Cuprizone vs Ctrl]"
Serpina3n_Cuprizone_snRNA_mouse,Vascular/Fibroblast,Myelin lipids,Cuprizone,Ctrl,-0.03265083116762258,-0.01647794981284808,-0.0161728813547745,,4,1,"Serpina3n-cKO cuprizone (m, sn)  [Cuprizone vs Ctrl]"
Serpina3n_Cuprizone_snRNA_mouse,Immune (lymphoid/myeloid),Ketone synthesis,Cuprizone,Ctrl,0.004948682617212529,,,,4,0,"Serpina3n-cKO cuprizone (m, sn)  [Cuprizone vs Ctrl]"
Serpina3n_Cuprizone_snRNA_mouse,Immune (lymphoid/myeloid),Ketone utilisation,Cuprizone,Ctrl,-0.10342910529051126,,,,4,0,"Serpina3n-cKO cuprizone (m, sn)  [Cuprizone vs Ctrl]"
Serpina3n_Cuprizone_snRNA_mouse,Immune (lymphoid/myeloid),Glycolysis,Cuprizone,Ctrl,-0.08337981396191077,,,,4,0,"Serpina3n-cKO cuprizone (m, sn)  [Cuprizone vs Ctrl]"
Serpina3n_Cuprizone_snRNA_mouse,Immune (lymphoid/myeloid),Pyruvate to lactate,Cuprizone,Ctrl,0.039424196483599024,,,,4,0,"Serpina3n-cKO cuprizone (m, sn)  [Cuprizone vs Ctrl]"
Serpina3n_Cuprizone_snRNA_mouse,Immune (lymphoid/myeloid),Pentose phosphate,Cuprizone,Ctrl,-0.005302821792745438,,,,4,0,"Serpina3n-cKO cuprizone (m, sn)  [Cuprizone vs Ctrl]"
Serpina3n_Cuprizone_snRNA_mouse,Immune (lymphoid/myeloid),TCA cycle,Cuprizone,Ctrl,0.03676220001472794,,,,4,0,"Serpina3n-cKO cuprizone (m, sn)  [Cuprizone vs Ctrl]"
Serpina3n_Cuprizone_snRNA_mouse,Immune (lymphoid/myeloid),OXPHOS,Cuprizone,Ctrl,0.030183415054592645,,,,4,0,"Serpina3n-cKO cuprizone (m, sn)  [Cuprizone vs Ctrl]"
Serpina3n_Cuprizone_snRNA_mouse,Immune (lymphoid/myeloid),Beta-oxidation,Cuprizone,Ctrl,-0.021076258980435702,,,,4,0,"Serpina3n-cKO cuprizone (m, sn)  [Cuprizone vs Ctrl]"
Serpina3n_Cuprizone_snRNA_mouse,Immune (lymphoid/myeloid),Lipid synthesis,Cuprizone,Ctrl,-0.03550468822464398,,,,4,0,"Serpina3n-cKO cuprizone (m, sn)  [Cuprizone vs Ctrl]"
Serpina3n_Cuprizone_snRNA_mouse,Immune (lymphoid/myeloid),Cholesterol synthesis,Cuprizone,Ctrl,0.03782261661378186,,,,4,0,"Serpina3n-cKO cuprizone (m, sn)  [Cuprizone vs Ctrl]"
Serpina3n_Cuprizone_snRNA_mouse,Immune (lymphoid/myeloid),Lipid transport / storage,Cuprizone,Ctrl,-0.006916731449488906,,,,4,0,"Serpina3n-cKO cuprizone (m, sn)  [Cuprizone vs Ctrl]"
Serpina3n_Cuprizone_snRNA_mouse,Immune (lymphoid/myeloid),Myelin lipids,Cuprizone,Ctrl,-0.03728769806464576,,,,4,0,"Serpina3n-cKO cuprizone (m, sn)  [Cuprizone vs Ctrl]"
Serpina3n_Cuprizone_snRNA_mouse,Ependymal,Ketone synthesis,Cuprizone,Ctrl,-0.025809360722857375,0.03875006297032038,-0.06455942369317776,,4,1,"Serpina3n-cKO cuprizone (m, sn)  [Cuprizone vs Ctrl]"
Serpina3n_Cuprizone_snRNA_mouse,Ependymal,Ketone utilisation,Cuprizone,Ctrl,-0.16108301225218996,-0.00023753821055093975,-0.160845474041639,,4,1,"Serpina3n-cKO cuprizone (m, sn)  [Cuprizone vs Ctrl]"
Serpina3n_Cuprizone_snRNA_mouse,Ependymal,Glycolysis,Cuprizone,Ctrl,-0.11473586511731373,-0.0746927316867944,-0.04004313343051934,,4,1,"Serpina3n-cKO cuprizone (m, sn)  [Cuprizone vs Ctrl]"
Serpina3n_Cuprizone_snRNA_mouse,Ependymal,Pyruvate to lactate,Cuprizone,Ctrl,0.03790123894808574,-0.0395712829821955,0.07747252193028123,,4,1,"Serpina3n-cKO cuprizone (m, sn)  [Cuprizone vs Ctrl]"
Serpina3n_Cuprizone_snRNA_mouse,Ependymal,Pentose phosphate,Cuprizone,Ctrl,-0.015336215283407648,-0.04442621481815974,0.02908999953475209,,4,1,"Serpina3n-cKO cuprizone (m, sn)  [Cuprizone vs Ctrl]"
Serpina3n_Cuprizone_snRNA_mouse,Ependymal,TCA cycle,Cuprizone,Ctrl,-0.016045498163598126,0.0557823506725273,-0.07182784883612542,,4,1,"Serpina3n-cKO cuprizone (m, sn)  [Cuprizone vs Ctrl]"
Serpina3n_Cuprizone_snRNA_mouse,Ependymal,OXPHOS,Cuprizone,Ctrl,0.0047961932489316355,-0.026526609375582447,0.03132280262451408,,4,1,"Serpina3n-cKO cuprizone (m, sn)  [Cuprizone vs Ctrl]"
Serpina3n_Cuprizone_snRNA_mouse,Ependymal,Beta-oxidation,Cuprizone,Ctrl,-0.009407328506926934,0.05066984895693533,-0.060077177463862264,,4,1,"Serpina3n-cKO cuprizone (m, sn)  [Cuprizone vs Ctrl]"
Serpina3n_Cuprizone_snRNA_mouse,Ependymal,Lipid synthesis,Cuprizone,Ctrl,-0.09649828751435302,-0.024956960873112298,-0.07154132664124072,,4,1,"Serpina3n-cKO cuprizone (m, sn)  [Cuprizone vs Ctrl]"
Serpina3n_Cuprizone_snRNA_mouse,Ependymal,Cholesterol synthesis,Cuprizone,Ctrl,-0.055186762618229156,-0.028911821457029085,-0.02627494116120007,,4,1,"Serpina3n-cKO cuprizone (m, sn)  [Cuprizone vs Ctrl]"
Serpina3n_Cuprizone_snRNA_mouse,Ependymal,Lipid transport / storage,Cuprizone,Ctrl,-0.016247768779771743,0.024223241153217494,-0.04047100993298924,,4,1,"Serpina3n-cKO cuprizone (m, sn)  [Cuprizone vs Ctrl]"
Serpina3n_Cuprizone_snRNA_mouse,Ependymal,Myelin lipids,Cuprizone,Ctrl,-0.04781275148848416,-0.037319253462685484,-0.01049349802579868,,4,1,"Serpina3n-cKO cuprizone (m, sn)  [Cuprizone vs Ctrl]"
Ximerakis2019_aging_brain_scRNA,Oligodendrocyte,Ketone synthesis,Old,Young,-0.006714926124762471,-0.00019162935794209872,-0.006523296766820372,0.7209013209013208,8,8,"Ximerakis 2019 aging brain (m, sc)  [Old vs Young]"
Ximerakis2019_aging_brain_scRNA,Oligodendrocyte,Ketone utilisation,Old,Young,-0.08481962724764974,-0.06450854049720248,-0.020311086750447266,0.028127428127428127,8,8,"Ximerakis 2019 aging brain (m, sc)  [Old vs Young]"
Ximerakis2019_aging_brain_scRNA,Oligodendrocyte,Glycolysis,Old,Young,0.09357545145669594,0.11584790488230298,-0.022272453425607047,0.08298368298368297,8,8,"Ximerakis 2019 aging brain (m, sc)  [Old vs Young]"
Ximerakis2019_aging_brain_scRNA,Oligodendrocyte,Pyruvate to lactate,Old,Young,-0.17554060570395327,-0.16033482420555706,-0.015205781498396215,0.06495726495726495,8,8,"Ximerakis 2019 aging brain (m, sc)  [Old vs Young]"
Ximerakis2019_aging_brain_scRNA,Oligodendrocyte,Pentose phosphate,Old,Young,0.29543149682910874,0.3383412577576256,-0.04290976092851684,0.10489510489510488,8,8,"Ximerakis 2019 aging brain (m, sc)  [Old vs Young]"
Ximerakis2019_aging_brain_scRNA,Oligodendrocyte,TCA cycle,Old,Young,-0.08127100903109688,-0.0502558710809983,-0.03101513795009858,0.06495726495726495,8,8,"Ximerakis 2019 aging brain (m, sc)  [Old vs Young]"
Ximerakis2019_aging_brain_scRNA,Oligodendrocyte,OXPHOS,Old,Young,0.38091698724853074,0.4366347052993652,-0.055717718050834475,0.004662004662004662,8,8,"Ximerakis 2019 aging brain (m, sc)  [Old vs Young]"
Ximerakis2019_aging_brain_scRNA,Oligodendrocyte,Beta-oxidation,Old,Young,-0.015987740330112472,-0.022764327246740265,0.006776586916627792,0.13038073038073036,8,8,"Ximerakis 2019 aging brain (m, sc)  [Old vs Young]"
Ximerakis2019_aging_brain_scRNA,Oligodendrocyte,Lipid synthesis,Old,Young,0.05108570275455983,0.06270306285951904,-0.011617360104959215,0.23449883449883446,8,8,"Ximerakis 2019 aging brain (m, sc)  [Old vs Young]"
Ximerakis2019_aging_brain_scRNA,Oligodendrocyte,Cholesterol synthesis,Old,Young,-0.009295261337210502,0.05843365187835451,-0.06772891321556501,0.0003108003108003108,8,8,"Ximerakis 2019 aging brain (m, sc)  [Old vs Young]"
Ximerakis2019_aging_brain_scRNA,Oligodendrocyte,Lipid transport / storage,Old,Young,0.3233401502115644,0.28945826110607803,0.033881889105486396,0.0018648018648018648,8,8,"Ximerakis 2019 aging brain (m, sc)  [Old vs Young]"
Ximerakis2019_aging_brain_scRNA,Oligodendrocyte,Myelin lipids,Old,Young,0.3554699064422091,0.4975431263885314,-0.14207321994632227,0.0018648018648018648,8,8,"Ximerakis 2019 aging brain (m, sc)  [Old vs Young]"
Ximerakis2019_aging_brain_scRNA,OPC,Ketone synthesis,Old,Young,-0.049041627111717834,-0.02433648114046408,-0.024705145971253752,0.10489510489510488,8,8,"Ximerakis 2019 aging brain (m, sc)  [Old vs Young]"
Ximerakis2019_aging_brain_scRNA,OPC,Ketone utilisation,Old,Young,-0.03757397795612552,-0.010683052593827205,-0.026890925362298316,0.020668220668220667,8,8,"Ximerakis 2019 aging brain (m, sc)  [Old vs Young]"
Ximerakis2019_aging_brain_scRNA,OPC,Glycolysis,Old,Young,0.15478592285068976,0.18420389914341467,-0.029417976292724912,0.13038073038073036,8,8,"Ximerakis 2019 aging brain (m, sc)  [Old vs Young]"
Ximerakis2019_aging_brain_scRNA,OPC,Pyruvate to lactate,Old,Young,-0.07230164690537676,-0.07504974212998453,0.002748095224607769,0.7209013209013208,8,8,"Ximerakis 2019 aging brain (m, sc)  [Old vs Young]"
Ximerakis2019_aging_brain_scRNA,OPC,Pentose phosphate,Old,Young,-0.06691173996289818,-0.045373970164778406,-0.02153776979811977,0.1605283605283605,8,8,"Ximerakis 2019 aging brain (m, sc)  [Old vs Young]"
Ximerakis2019_aging_brain_scRNA,OPC,TCA cycle,Old,Young,-0.029902062777251506,-0.012350887590484663,-0.017551175186766844,0.1605283605283605,8,8,"Ximerakis 2019 aging brain (m, sc)  [Old vs Young]"
Ximerakis2019_aging_brain_scRNA,OPC,OXPHOS,Old,Young,0.44660581129900984,0.5080063126519051,-0.061400501352895265,0.010411810411810413,8,8,"Ximerakis 2019 aging brain (m, sc)  [Old vs Young]"
Ximerakis2019_aging_brain_scRNA,OPC,Beta-oxidation,Old,Young,-0.026840108321158372,-0.013161793380004672,-0.0136783149411537,0.2786324786324786,8,8,"Ximerakis 2019 aging brain (m, sc)  [Old vs Young]"
Ximerakis2019_aging_brain_scRNA,OPC,Lipid synthesis,Old,Young,-0.1179863069468946,-0.1647995206867119,0.04681321373981728,0.037917637917637914,8,8,"Ximerakis 2019 aging brain (m, sc)  [Old vs Young]"
Ximerakis2019_aging_brain_scRNA,OPC,Cholesterol synthesis,Old,Young,-0.07077923127895812,-0.06261672783619018,-0.008162503442767935,0.959129759129759,8,8,"Ximerakis 2019 aging brain (m, sc)  [Old vs Young]"
Ximerakis2019_aging_brain_scRNA,OPC,Lipid transport / storage,Old,Young,0.028320606969222218,0.007018401226560694,0.021302205742661524,0.028127428127428127,8,8,"Ximerakis 2019 aging brain (m, sc)  [Old vs Young]"
Ximerakis2019_aging_brain_scRNA,OPC,Myelin lipids,Old,Young,-0.12620144722013182,-0.09793060423413816,-0.028270842985993666,0.1605283605283605,8,8,"Ximerakis 2019 aging brain (m, sc)  [Old vs Young]"
Ximerakis2019_aging_brain_scRNA,Microglia,Ketone synthesis,Old,Young,-0.08051242171293664,-0.08202838127270845,0.0015159595597718095,0.959129759129759,8,8,"Ximerakis 2019 aging brain (m, sc)  [Old vs Young]"
Ximerakis2019_aging_brain_scRNA,Microglia,Ketone utilisation,Old,Young,-0.015489468630234243,-0.017877627046846326,0.002388158416612083,0.959129759129759,8,8,"Ximerakis 2019 aging brain (m, sc)  [Old vs Young]"
Ximerakis2019_aging_brain_scRNA,Microglia,Glycolysis,Old,Young,0.26940915654363734,0.22738486423610826,0.042024292307529076,0.028127428127428127,8,8,"Ximerakis 2019 aging brain (m, sc)  [Old vs Young]"
Ximerakis2019_aging_brain_scRNA,Microglia,Pyruvate to lactate,Old,Young,0.11605775266351186,0.10726519494938377,0.008792557714128083,0.4418026418026417,8,8,"Ximerakis 2019 aging brain (m, sc)  [Old vs Young]"
Ximerakis2019_aging_brain_scRNA,Microglia,Pentose phosphate,Old,Young,0.06136323798895575,0.048848094214102286,0.012515143774853466,0.5737373737373737,8,8,"Ximerakis 2019 aging brain (m, sc)  [Old vs Young]"
Ximerakis2019_aging_brain_scRNA,Microglia,TCA cycle,Old,Young,-0.072972742033061,-0.07111842739463031,-0.001854314638430693,0.959129759129759,8,8,"Ximerakis 2019 aging brain (m, sc)  [Old vs Young]"
Ximerakis2019_aging_brain_scRNA,Microglia,OXPHOS,Old,Young,0.2582294284499057,0.2666137270182465,-0.008384298568340776,0.7984459984459983,8,8,"Ximerakis 2019 aging brain (m, sc)  [Old vs Young]"
Ximerakis2019_aging_brain_scRNA,Microglia,Beta-oxidation,Old,Young,-0.014531671470070756,-0.019727088639369197,0.005195417169298441,0.6453768453768453,8,8,"Ximerakis 2019 aging brain (m, sc)  [Old vs Young]"
Ximerakis2019_aging_brain_scRNA,Microglia,Lipid synthesis,Old,Young,-0.3048637764227085,-0.2745620902816227,-0.030301686141085804,0.028127428127428127,8,8,"Ximerakis 2019 aging brain (m, sc)  [Old vs Young]"
Ximerakis2019_aging_brain_scRNA,Microglia,Cholesterol synthesis,Old,Young,-0.1785804924080982,-0.16731701851267936,-0.011263473895418846,0.10489510489510488,8,8,"Ximerakis 2019 aging brain (m, sc)  [Old vs Young]"
Ximerakis2019_aging_brain_scRNA,Microglia,Lipid transport / storage,Old,Young,-0.03612895303032245,-0.029145566768521657,-0.006983386261800794,0.8784770784770783,8,8,"Ximerakis 2019 aging brain (m, sc)  [Old vs Young]"
Ximerakis2019_aging_brain_scRNA,Microglia,Myelin lipids,Old,Young,-0.33553979205264195,-0.30498415900842024,-0.03055563304422171,0.037917637917637914,8,8,"Ximerakis 2019 aging brain (m, sc)  [Old vs Young]"
Ximerakis2019_aging_brain_scRNA,Astrocyte,Ketone synthesis,Old,Young,0.041004074723511384,0.05030300302998815,-0.009298928306476766,0.959129759129759,8,8,"Ximerakis 2019 aging brain (m, sc)  [Old vs Young]"
Ximerakis2019_aging_brain_scRNA,Astrocyte,Ketone utilisation,Old,Young,0.17161978357768232,0.20136806620336112,-0.0297482826256788,0.06495726495726495,8,8,"Ximerakis 2019 aging brain (m, sc)  [Old vs Young]"
Ximerakis2019_aging_brain_scRNA,Astrocyte,Glycolysis,Old,Young,0.52658261773257,0.5445696664342626,-0.017987048701692654,0.3822843822843822,8,8,"Ximerakis 2019 aging brain (m, sc)  [Old vs Young]"
Ximerakis2019_aging_brain_scRNA,Astrocyte,Pyruvate to lactate,Old,Young,0.08996761870129653,0.0918717434485636,-0.0019041247472670608,0.8784770784770783,8,8,"Ximerakis 2019 aging brain (m, sc)  [Old vs Young]"
Ximerakis2019_aging_brain_scRNA,Astrocyte,Pentose phosphate,Old,Young,-0.016895983151970214,-0.02098109426568346,0.004085111113713246,0.5737373737373737,8,8,"Ximerakis 2019 aging brain (m, sc)  [Old vs Young]"
Ximerakis2019_aging_brain_scRNA,Astrocyte,TCA cycle,Old,Young,0.22114871252531013,0.24328962362565398,-0.022140911100343857,0.10489510489510488,8,8,"Ximerakis 2019 aging brain (m, sc)  [Old vs Young]"
Ximerakis2019_aging_brain_scRNA,Astrocyte,OXPHOS,Old,Young,0.6946840221540731,0.7505562329207353,-0.055872210766662156,0.0029526029526029526,8,8,"Ximerakis 2019 aging brain (m, sc)  [Old vs Young]"
Ximerakis2019_aging_brain_scRNA,Astrocyte,Beta-oxidation,Old,Young,0.18458759468153102,0.18809758228541348,-0.003509987603882464,0.7209013209013208,8,8,"Ximerakis 2019 aging brain (m, sc)  [Old vs Young]"
Ximerakis2019_aging_brain_scRNA,Astrocyte,Lipid synthesis,Old,Young,0.10729945881195996,0.1268022416397368,-0.019502782827776843,0.2786324786324786,8,8,"Ximerakis 2019 aging brain (m, sc)  [Old vs Young]"
Ximerakis2019_aging_brain_scRNA,Astrocyte,Cholesterol synthesis,Old,Young,0.21350148797624435,0.2669764313690046,-0.053474943392760266,0.028127428127428127,8,8,"Ximerakis 2019 aging brain (m, sc)  [Old vs Young]"
Ximerakis2019_aging_brain_scRNA,Astrocyte,Lipid transport / storage,Old,Young,0.10630729459302554,0.09960258133001229,0.006704713263013251,0.3822843822843822,8,8,"Ximerakis 2019 aging brain (m, sc)  [Old vs Young]"
Ximerakis2019_aging_brain_scRNA,Astrocyte,Myelin lipids,Old,Young,-0.3344138222512434,-0.33063009981237046,-0.0037837224388729274,1.0,8,8,"Ximerakis 2019 aging brain (m, sc)  [Old vs Young]"
Ximerakis2019_aging_brain_scRNA,Neuron,Ketone synthesis,Old,Young,0.15187061007026603,0.1227566833394698,0.029113926730796227,0.8784770784770783,8,8,"Ximerakis 2019 aging brain (m, sc)  [Old vs Young]"
Ximerakis2019_aging_brain_scRNA,Neuron,Ketone utilisation,Old,Young,0.03417315087047898,0.032500029177610586,0.0016731216928683942,0.8784770784770783,8,8,"Ximerakis 2019 aging brain (m, sc)  [Old vs Young]"
Ximerakis2019_aging_brain_scRNA,Neuron,Glycolysis,Old,Young,0.31404944709689636,0.3159368138737382,-0.0018873667768418145,0.8784770784770783,8,8,"Ximerakis 2019 aging brain (m, sc)  [Old vs Young]"
Ximerakis2019_aging_brain_scRNA,Neuron,Pyruvate to lactate,Old,Young,-0.018626042092069438,0.0008517853451560928,-0.01947782743722553,0.32820512820512815,8,8,"Ximerakis 2019 aging brain (m, sc)  [Old vs Young]"
Ximerakis2019_aging_brain_scRNA,Neuron,Pentose phosphate,Old,Young,0.006568522092844798,0.03618921343502472,-0.029620691342179924,0.23449883449883446,8,8,"Ximerakis 2019 aging brain (m, sc)  [Old vs Young]"
Ximerakis2019_aging_brain_scRNA,Neuron,TCA cycle,Old,Young,0.013775235123738133,0.041492570742572246,-0.02771733561883411,0.5053613053613053,8,8,"Ximerakis 2019 aging brain (m, sc)  [Old vs Young]"
Ximerakis2019_aging_brain_scRNA,Neuron,OXPHOS,Old,Young,0.41943624920689887,0.4566883453427188,-0.03725209613581992,0.13038073038073036,8,8,"Ximerakis 2019 aging brain (m, sc)  [Old vs Young]"
Ximerakis2019_aging_brain_scRNA,Neuron,Beta-oxidation,Old,Young,0.09197131170244519,0.08350672905965877,0.00846458264278642,0.959129759129759,8,8,"Ximerakis 2019 aging brain (m, sc)  [Old vs Young]"
Ximerakis2019_aging_brain_scRNA,Neuron,Lipid synthesis,Old,Young,0.10455795030755125,0.12452340515361195,-0.0199654548460607,0.4418026418026417,8,8,"Ximerakis 2019 aging brain (m, sc)  [Old vs Young]"
Ximerakis2019_aging_brain_scRNA,Neuron,Cholesterol synthesis,Old,Young,0.16680988830968577,0.11883796550883234,0.047971922800853425,0.19487179487179485,8,8,"Ximerakis 2019 aging brain (m, sc)  [Old vs Young]"
Ximerakis2019_aging_brain_scRNA,Neuron,Lipid transport / storage,Old,Young,0.2215274889682155,0.20060669326338496,0.020920795704830547,0.959129759129759,8,8,"Ximerakis 2019 aging brain (m, sc)  [Old vs Young]"
Ximerakis2019_aging_brain_scRNA,Neuron,Myelin lipids,Old,Young,-0.32299967251864437,-0.3019718498127125,-0.021027822705931842,0.4418026418026417,8,8,"Ximerakis 2019 aging brain (m, sc)  [Old vs Young]"
Ximerakis2019_aging_brain_scRNA,Endothelial,Ketone synthesis,Old,Young,-0.0009751452996147984,0.051141284720874564,-0.052116430020489365,0.020668220668220667,8,8,"Ximerakis 2019 aging brain (m, sc)  [Old vs Young]"
Ximerakis2019_aging_brain_scRNA,Endothelial,Ketone utilisation,Old,Young,-0.19687501024269466,-0.17127916976520896,-0.0255958404774857,0.13038073038073036,8,8,"Ximerakis 2019 aging brain (m, sc)  [Old vs Young]"
Ximerakis2019_aging_brain_scRNA,Endothelial,Glycolysis,Old,Young,0.24897527856120527,0.251185051842198,-0.002209773280992755,0.7209013209013208,8,8,"Ximerakis 2019 aging brain (m, sc)  [Old vs Young]"
Ximerakis2019_aging_brain_scRNA,Endothelial,Pyruvate to lactate,Old,Young,0.01944690940232166,0.011768739769439571,0.007678169632882089,1.0,8,8,"Ximerakis 2019 aging brain (m, sc)  [Old vs Young]"
Ximerakis2019_aging_brain_scRNA,Endothelial,Pentose phosphate,Old,Young,-0.1393614384823917,-0.11700777879728794,-0.02235365968510375,0.1605283605283605,8,8,"Ximerakis 2019 aging brain (m, sc)  [Old vs Young]"
Ximerakis2019_aging_brain_scRNA,Endothelial,TCA cycle,Old,Young,-0.10693934443355159,-0.08090071557095228,-0.026038628862599306,0.13038073038073036,8,8,"Ximerakis 2019 aging brain (m, sc)  [Old vs Young]"
Ximerakis2019_aging_brain_scRNA,Endothelial,OXPHOS,Old,Young,0.3164799370522423,0.3787665448856564,-0.06228660783341411,0.020668220668220667,8,8,"Ximerakis 2019 aging brain (m, sc)  [Old vs Young]"
Ximerakis2019_aging_brain_scRNA,Endothelial,Beta-oxidation,Old,Young,0.012219028384483313,0.02903050567975425,-0.016811477295270938,0.3822843822843822,8,8,"Ximerakis 2019 aging brain (m, sc)  [Old vs Young]"
Ximerakis2019_aging_brain_scRNA,Endothelial,Lipid synthesis,Old,Young,-0.26800262325382274,-0.2262172650882459,-0.041785358165576825,0.0006216006216006216,8,8,"Ximerakis 2019 aging brain (m, sc)  [Old vs Young]"
Ximerakis2019_aging_brain_scRNA,Endothelial,Cholesterol synthesis,Old,Young,-0.14464823548339947,-0.11817475208935747,-0.026473483394042,0.014763014763014764,8,8,"Ximerakis 2019 aging brain (m, sc)  [Old vs Young]"
Ximerakis2019_aging_brain_scRNA,Endothelial,Lipid transport / storage,Old,Young,0.026856066436961847,0.0401045204342071,-0.013248453997245252,0.13038073038073036,8,8,"Ximerakis 2019 aging brain (m, sc)  [Old vs Young]"
Ximerakis2019_aging_brain_scRNA,Endothelial,Myelin lipids,Old,Young,-0.4008282255108494,-0.39028368406905445,-0.010544541441794952,0.1605283605283605,8,8,"Ximerakis 2019 aging brain (m, sc)  [Old vs Young]"
Ximerakis2019_aging_brain_scRNA,Vascular/Fibroblast,Ketone synthesis,Old,Young,-0.021616371646222,0.017573576483000224,-0.03918994812922222,0.028127428127428127,8,8,"Ximerakis 2019 aging brain (m, sc)  [Old vs Young]"
Ximerakis2019_aging_brain_scRNA,Vascular/Fibroblast,Ketone utilisation,Old,Young,-0.06725537863690134,-0.0539837819450994,-0.013271596691801939,0.7209013209013208,8,8,"Ximerakis 2019 aging brain (m, sc)  [Old vs Young]"
Ximerakis2019_aging_brain_scRNA,Vascular/Fibroblast,Glycolysis,Old,Young,0.2605417533554909,0.27465313659090185,-0.014111383235410946,0.2786324786324786,8,8,"Ximerakis 2019 aging brain (m, sc)  [Old vs Young]"
Ximerakis2019_aging_brain_scRNA,Vascular/Fibroblast,Pyruvate to lactate,Old,Young,0.020457927175548327,0.014626755686466018,0.005831171489082309,0.5737373737373737,8,8,"Ximerakis 2019 aging brain (m, sc)  [Old vs Young]"
Ximerakis2019_aging_brain_scRNA,Vascular/Fibroblast,Pentose phosphate,Old,Young,-0.14104483962357378,-0.11377281489897285,-0.027272024724600927,0.23449883449883446,8,8,"Ximerakis 2019 aging brain (m, sc)  [Old vs Young]"
Ximerakis2019_aging_brain_scRNA,Vascular/Fibroblast,TCA cycle,Old,Young,0.004921224153228233,0.015155379579691751,-0.010234155426463519,0.2786324786324786,8,8,"Ximerakis 2019 aging brain (m, sc)  [Old vs Young]"
Ximerakis2019_aging_brain_scRNA,Vascular/Fibroblast,OXPHOS,Old,Young,0.41227922106403386,0.4607966812663171,-0.04851746020228326,0.004662004662004662,8,8,"Ximerakis 2019 aging brain (m, sc)  [Old vs Young]"
Ximerakis2019_aging_brain_scRNA,Vascular/Fibroblast,Beta-oxidation,Old,Young,0.03504854092448919,0.07335192444974231,-0.03830338352525312,0.04988344988344988,8,8,"Ximerakis 2019 aging brain (m, sc)  [Old vs Young]"
Ximerakis2019_aging_brain_scRNA,Vascular/Fibroblast,Lipid synthesis,Old,Young,-0.20897784040717515,-0.16828947272529793,-0.040688367681877224,0.037917637917637914,8,8,"Ximerakis 2019 aging brain (m, sc)  [Old vs Young]"
Ximerakis2019_aging_brain_scRNA,Vascular/Fibroblast,Cholesterol synthesis,Old,Young,-0.09408810798040457,-0.09528187070821222,0.0011937627278076485,0.959129759129759,8,8,"Ximerakis 2019 aging brain (m, sc)  [Old vs Young]"
Ximerakis2019_aging_brain_scRNA,Vascular/Fibroblast,Lipid transport / storage,Old,Young,0.060064888742881864,0.08418042217386006,-0.024115533430978192,0.06495726495726495,8,8,"Ximerakis 2019 aging brain (m, sc)  [Old vs Young]"
Ximerakis2019_aging_brain_scRNA,Vascular/Fibroblast,Myelin lipids,Old,Young,-0.41329434430300616,-0.409851444309106,-0.003442899993900128,0.7209013209013208,8,8,"Ximerakis 2019 aging brain (m, sc)  [Old vs Young]"
Ximerakis2019_aging_brain_scRNA,Immune (lymphoid/myeloid),Ketone synthesis,Old,Young,-0.04351890789464288,-0.02925149248162546,-0.014267415413017424,0.5053613053613053,8,8,"Ximerakis 2019 aging brain (m, sc)  [Old vs Young]"
Ximerakis2019_aging_brain_scRNA,Immune (lymphoid/myeloid),Ketone utilisation,Old,Young,-0.045843869191399184,-0.0036591236278884654,-0.04218474556351072,0.08298368298368297,8,8,"Ximerakis 2019 aging brain (m, sc)  [Old vs Young]"
Ximerakis2019_aging_brain_scRNA,Immune (lymphoid/myeloid),Glycolysis,Old,Young,0.13760223123849138,0.1362036277583989,0.0013986034800924918,0.4418026418026417,8,8,"Ximerakis 2019 aging brain (m, sc)  [Old vs Young]"
Ximerakis2019_aging_brain_scRNA,Immune (lymphoid/myeloid),Pyruvate to lactate,Old,Young,-0.11829073137176428,-0.08966985786927556,-0.028620873502488722,0.13038073038073036,8,8,"Ximerakis 2019 aging brain (m, sc)  [Old vs Young]"
Ximerakis2019_aging_brain_scRNA,Immune (lymphoid/myeloid),Pentose phosphate,Old,Young,0.08861334226474589,0.07999075134385228,0.00862259092089361,1.0,8,8,"Ximerakis 2019 aging brain (m, sc)  [Old vs Young]"
Ximerakis2019_aging_brain_scRNA,Immune (lymphoid/myeloid),TCA cycle,Old,Young,-0.059220137530147834,-0.048310398882095255,-0.010909738648052579,0.5737373737373737,8,8,"Ximerakis 2019 aging brain (m, sc)  [Old vs Young]"
Ximerakis2019_aging_brain_scRNA,Immune (lymphoid/myeloid),OXPHOS,Old,Young,0.3856914383797443,0.4884602919498327,-0.10276885357008841,0.006993006993006993,8,8,"Ximerakis 2019 aging brain (m, sc)  [Old vs Young]"
Ximerakis2019_aging_brain_scRNA,Immune (lymphoid/myeloid),Beta-oxidation,Old,Young,-0.03996390060606621,-0.06500912656495347,0.025045225958887266,0.13038073038073036,8,8,"Ximerakis 2019 aging brain (m, sc)  [Old vs Young]"
Ximerakis2019_aging_brain_scRNA,Immune (lymphoid/myeloid),Lipid synthesis,Old,Young,-0.3355139384742425,-0.3318479466880814,-0.0036659917861611158,0.7209013209013208,8,8,"Ximerakis 2019 aging brain (m, sc)  [Old vs Young]"
Ximerakis2019_aging_brain_scRNA,Immune (lymphoid/myeloid),Cholesterol synthesis,Old,Young,-0.10550047969863868,-0.09021799641148973,-0.015282483287148957,0.3822843822843822,8,8,"Ximerakis 2019 aging brain (m, sc)  [Old vs Young]"
Ximerakis2019_aging_brain_scRNA,Immune (lymphoid/myeloid),Lipid transport / storage,Old,Young,0.10268077387232377,0.04458863696183612,0.05809213691048765,0.0018648018648018648,8,8,"Ximerakis 2019 aging brain (m, sc)  [Old vs Young]"
Ximerakis2019_aging_brain_scRNA,Immune (lymphoid/myeloid),Myelin lipids,Old,Young,-0.33228824295102244,-0.34931327663404305,0.017025033683020607,0.6453768453768453,8,8,"Ximerakis 2019 aging brain (m, sc)  [Old vs Young]"
Ximerakis2019_aging_brain_scRNA,Ependymal,Ketone synthesis,Old,Young,0.08667061051796006,0.056218452804066524,0.030452157713893535,0.5272727272727272,7,4,"Ximerakis 2019 aging brain (m, sc)  [Old vs Young]"
Ximerakis2019_aging_brain_scRNA,Ependymal,Ketone utilisation,Old,Young,0.12174170602913706,0.08323032383764233,0.038511382191494734,0.3151515151515151,7,4,"Ximerakis 2019 aging brain (m, sc)  [Old vs Young]"
Ximerakis2019_aging_brain_scRNA,Ependymal,Glycolysis,Old,Young,0.31323169396407163,0.25410183713194545,0.05912985683212618,0.16363636363636364,7,4,"Ximerakis 2019 aging brain (m, sc)  [Old vs Young]"
Ximerakis2019_aging_brain_scRNA,Ependymal,Pyruvate to lactate,Old,Young,0.027984013981472048,-0.011099791195534876,0.03908380517700692,0.4121212121212121,7,4,"Ximerakis 2019 aging brain (m, sc)  [Old vs Young]"
Ximerakis2019_aging_brain_scRNA,Ependymal,Pentose phosphate,Old,Young,-0.12415876140645542,-0.13258516066590392,0.008426399259448505,0.9272727272727272,7,4,"Ximerakis 2019 aging brain (m, sc)  [Old vs Young]"
Ximerakis2019_aging_brain_scRNA,Ependymal,TCA cycle,Old,Young,0.2647979828316706,0.19421639688913814,0.07058158594253247,0.024242424242424242,7,4,"Ximerakis 2019 aging brain (m, sc)  [Old vs Young]"
Ximerakis2019_aging_brain_scRNA,Ependymal,OXPHOS,Old,Young,0.5465713714506543,0.4903220526979877,0.05624931875266659,0.16363636363636364,7,4,"Ximerakis 2019 aging brain (m, sc)  [Old vs Young]"
Ximerakis2019_aging_brain_scRNA,Ependymal,Beta-oxidation,Old,Young,0.12683259198359184,0.08061813976706604,0.0462144522165258,0.16363636363636364,7,4,"Ximerakis 2019 aging brain (m, sc)  [Old vs Young]"
Ximerakis2019_aging_brain_scRNA,Ependymal,Lipid synthesis,Old,Young,-0.15348972483290685,-0.16075523125021543,0.0072655064173085815,0.6484848484848484,7,4,"Ximerakis 2019 aging brain (m, sc)  [Old vs Young]"
Ximerakis2019_aging_brain_scRNA,Ependymal,Cholesterol synthesis,Old,Young,-0.10606501463567108,-0.1124607664525275,0.006395751816856421,0.6484848484848484,7,4,"Ximerakis 2019 aging brain (m, sc)  [Old vs Young]"
Ximerakis2019_aging_brain_scRNA,Ependymal,Lipid transport / storage,Old,Young,0.013854987869590028,0.007795050357070461,0.006059937512519566,0.5272727272727272,7,4,"Ximerakis 2019 aging brain (m, sc)  [Old vs Young]"
Ximerakis2019_aging_brain_scRNA,Ependymal,Myelin lipids,Old,Young,-0.4573734150034228,-0.41341639565181587,-0.04395701935160695,0.4121212121212121,7,4,"Ximerakis 2019 aging brain (m, sc)  [Old vs Young]"
Zhou2020_5XFAD_snRNA,Oligodendrocyte,Ketone synthesis,AD,WT,-0.031650813981653904,-0.023617499324185838,-0.008033314657468066,0.4273553138978077,10,10,"Zhou 2020 5XFAD (m, sn)  [AD vs WT]"
Zhou2020_5XFAD_snRNA,Oligodendrocyte,Ketone utilisation,AD,WT,-0.09835180715925672,-0.10377368528205606,0.005421878122799345,0.9698499769931556,10,10,"Zhou 2020 5XFAD (m, sn)  [AD vs WT]"
Zhou2020_5XFAD_snRNA,Oligodendrocyte,Glycolysis,AD,WT,0.06738536579090601,0.09065717749935907,-0.023271811708453063,0.025748080821108063,10,10,"Zhou 2020 5XFAD (m, sn)  [AD vs WT]"
Zhou2020_5XFAD_snRNA,Oligodendrocyte,Pyruvate to lactate,AD,WT,0.0065064844769277845,0.015847052040877233,-0.009340567563949447,0.053902557169387175,10,10,"Zhou 2020 5XFAD (m, sn)  [AD vs WT]"
Zhou2020_5XFAD_snRNA,Oligodendrocyte,Pentose phosphate,AD,WT,0.08696051291591175,0.1238145208790988,-0.03685400796318705,0.031209012771740218,10,10,"Zhou 2020 5XFAD (m, sn)  [AD vs WT]"
Zhou2020_5XFAD_snRNA,Oligodendrocyte,TCA cycle,AD,WT,-0.036614480904061115,-0.028830127210781258,-0.007784353693279858,0.3846730627355087,10,10,"Zhou 2020 5XFAD (m, sn)  [AD vs WT]"
Zhou2020_5XFAD_snRNA,Oligodendrocyte,OXPHOS,AD,WT,0.07369198502106164,0.08139519986382959,-0.0077032148427679525,0.5707503880581739,10,10,"Zhou 2020 5XFAD (m, sn)  [AD vs WT]"
Zhou2020_5XFAD_snRNA,Oligodendrocyte,Beta-oxidation,AD,WT,0.0019235943247807856,-6.0546459771928076e-05,0.0019841407845527137,0.6231762238821174,10,10,"Zhou 2020 5XFAD (m, sn)  [AD vs WT]"
Zhou2020_5XFAD_snRNA,Oligodendrocyte,Lipid synthesis,AD,WT,0.27531086900583696,0.2971734845651348,-0.02186261555929786,0.47267559351158717,10,10,"Zhou 2020 5XFAD (m, sn)  [AD vs WT]"
Zhou2020_5XFAD_snRNA,Oligodendrocyte,Cholesterol synthesis,AD,WT,-0.0008102335865127824,0.0010498210320823236,-0.001860054618595106,0.8501067391385259,10,10,"Zhou 2020 5XFAD (m, sn)  [AD vs WT]"
Zhou2020_5XFAD_snRNA,Oligodendrocyte,Lipid transport / storage,AD,WT,0.46569840465874285,0.42953183780849463,0.036166566850248216,0.7337299956962472,10,10,"Zhou 2020 5XFAD (m, sn)  [AD vs WT]"
Zhou2020_5XFAD_snRNA,Oligodendrocyte,Myelin lipids,AD,WT,0.47352687802029597,0.49630106629103493,-0.02277418827073896,0.5707503880581739,10,10,"Zhou 2020 5XFAD (m, sn)  [AD vs WT]"
Zhou2020_5XFAD_snRNA,OPC,Ketone synthesis,AD,WT,-0.025459360398334928,-0.024404882710076632,-0.0010544776882582957,0.8501067391385259,10,10,"Zhou 2020 5XFAD (m, sn)  [AD vs WT]"
Zhou2020_5XFAD_snRNA,OPC,Ketone utilisation,AD,WT,-0.07449910184619132,-0.07069597205351723,-0.0038031297926740953,0.9698499769931556,10,10,"Zhou 2020 5XFAD (m, sn)  [AD vs WT]"
Zhou2020_5XFAD_snRNA,OPC,Glycolysis,AD,WT,0.056025559123168624,0.07955692636406404,-0.02353136724089542,0.06402210128302689,10,10,"Zhou 2020 5XFAD (m, sn)  [AD vs WT]"
Zhou2020_5XFAD_snRNA,OPC,Pyruvate to lactate,AD,WT,-0.025975482328476636,-0.01654536168101876,-0.009430120647457876,0.16197241048012612,10,10,"Zhou 2020 5XFAD (m, sn)  [AD vs WT]"
Zhou2020_5XFAD_snRNA,OPC,Pentose phosphate,AD,WT,0.018098476511693086,0.01942498331165143,-0.0013265067999583442,0.3447042220069576,10,10,"Zhou 2020 5XFAD (m, sn)  [AD vs WT]"
Zhou2020_5XFAD_snRNA,OPC,TCA cycle,AD,WT,-0.04955872094049083,-0.037205582764456714,-0.012353138176034117,0.18587673236587576,10,10,"Zhou 2020 5XFAD (m, sn)  [AD vs WT]"
Zhou2020_5XFAD_snRNA,OPC,OXPHOS,AD,WT,0.06081361611737181,0.06777860076893308,-0.006964984651561271,0.6775849579524755,10,10,"Zhou 2020 5XFAD (m, sn)  [AD vs WT]"
Zhou2020_5XFAD_snRNA,OPC,Beta-oxidation,AD,WT,0.0038386156613177845,-0.0004724514499580921,0.0043110671112758766,0.24132159301718004,10,10,"Zhou 2020 5XFAD (m, sn)  [AD vs WT]"
Zhou2020_5XFAD_snRNA,OPC,Lipid synthesis,AD,WT,0.09808376767051538,0.12677409130447387,-0.028690323633958487,0.03763531378731424,10,10,"Zhou 2020 5XFAD (m, sn)  [AD vs WT]"
Zhou2020_5XFAD_snRNA,OPC,Cholesterol synthesis,AD,WT,-0.04623586103048253,-0.04605033192361392,-0.00018552910686860796,0.9698499769931556,10,10,"Zhou 2020 5XFAD (m, sn)  [AD vs WT]"
Zhou2020_5XFAD_snRNA,OPC,Lipid transport / storage,AD,WT,0.27147928232267066,0.2964391058187283,-0.02495982349605763,0.27303633975118835,10,10,"Zhou 2020 5XFAD (m, sn)  [AD vs WT]"
Zhou2020_5XFAD_snRNA,OPC,Myelin lipids,AD,WT,0.14100818585471037,0.16318206668079177,-0.022173880826081405,0.4273553138978077,10,10,"Zhou 2020 5XFAD (m, sn)  [AD vs WT]"
Zhou2020_5XFAD_snRNA,Microglia,Ketone synthesis,AD,WT,-0.05442597729471488,-0.04860778545526815,-0.005818191839446728,0.30952380952380953,6,6,"Zhou 2020 5XFAD (m, sn)  [AD vs WT]"
Zhou2020_5XFAD_snRNA,Microglia,Ketone utilisation,AD,WT,0.016122547151321002,-0.001783256031302202,0.017905803182623203,0.17965367965367965,6,6,"Zhou 2020 5XFAD (m, sn)  [AD vs WT]"
Zhou2020_5XFAD_snRNA,Microglia,Glycolysis,AD,WT,0.12103284806794824,0.12359636896063157,-0.0025635208926833297,0.8181818181818182,6,6,"Zhou 2020 5XFAD (m, sn)  [AD vs WT]"
Zhou2020_5XFAD_snRNA,Microglia,Pyruvate to lactate,AD,WT,0.04449308085174212,0.03072194780342895,0.013771133048313167,0.06493506493506493,6,6,"Zhou 2020 5XFAD (m, sn)  [AD vs WT]"
Zhou2020_5XFAD_snRNA,Microglia,Pentose phosphate,AD,WT,-0.016914369440918536,-0.030577130587087605,0.013662761146169069,0.24025974025974026,6,6,"Zhou 2020 5XFAD (m, sn)  [AD vs WT]"
Zhou2020_5XFAD_snRNA,Microglia,TCA cycle,AD,WT,0.0002438509097278894,0.028568759634878028,-0.028324908725150137,0.06493506493506493,6,6,"Zhou 2020 5XFAD (m, sn)  [AD vs WT]"
Zhou2020_5XFAD_snRNA,Microglia,OXPHOS,AD,WT,0.002016202813319027,0.040554552342037864,-0.03853834952871884,0.06493506493506493,6,6,"Zhou 2020 5XFAD (m, sn)  [AD vs WT]"
Zhou2020_5XFAD_snRNA,Microglia,Beta-oxidation,AD,WT,-0.019313046710954306,-0.022897639728633765,0.003584593017679459,0.3939393939393939,6,6,"Zhou 2020 5XFAD (m, sn)  [AD vs WT]"
Zhou2020_5XFAD_snRNA,Microglia,Lipid synthesis,AD,WT,-0.00015611405506575868,-0.02977136769378402,0.02961525363871826,0.06493506493506493,6,6,"Zhou 2020 5XFAD (m, sn)  [AD vs WT]"
Zhou2020_5XFAD_snRNA,Microglia,Cholesterol synthesis,AD,WT,-0.1176211846062273,-0.12524088154312754,0.007619696936900247,0.30952380952380953,6,6,"Zhou 2020 5XFAD (m, sn)  [AD vs WT]"
Zhou2020_5XFAD_snRNA,Microglia,Lipid transport / storage,AD,WT,0.14157227855559204,0.05030771565537596,0.09126456290021609,0.008658008658008658,6,6,"Zhou 2020 5XFAD (m, sn)  [AD vs WT]"
Zhou2020_5XFAD_snRNA,Microglia,Myelin lipids,AD,WT,-0.08354211408824831,-0.08265361771131848,-0.0008884963769298371,0.8181818181818182,6,6,"Zhou 2020 5XFAD (m, sn)  [AD vs WT]"
Zhou2020_5XFAD_snRNA,Astrocyte,Ketone synthesis,AD,WT,-0.0005677825588463695,-0.004786346239574411,0.0042185636807280415,0.5707503880581739,10,10,"Zhou 2020 5XFAD (m, sn)  [AD vs WT]"
Zhou2020_5XFAD_snRNA,Astrocyte,Ketone utilisation,AD,WT,0.08987790896082525,0.08441030318933426,0.005467605771490983,0.7913367801006604,10,10,"Zhou 2020 5XFAD (m, sn)  [AD vs WT]"
Zhou2020_5XFAD_snRNA,Astrocyte,Glycolysis,AD,WT,0.20874720033043173,0.217448653249713,-0.00870145291928126,0.6231762238821174,10,10,"Zhou 2020 5XFAD (m, sn)  [AD vs WT]"
Zhou2020_5XFAD_snRNA,Astrocyte,Pyruvate to lactate,AD,WT,0.04625673301390362,0.04767936208357094,-0.0014226290696673152,1.0,10,10,"Zhou 2020 5XFAD (m, sn)  [AD vs WT]"
Zhou2020_5XFAD_snRNA,Astrocyte,Pentose phosphate,AD,WT,0.07448438068687457,0.08085064326173994,-0.006366262574865361,0.6775849579524755,10,10,"Zhou 2020 5XFAD (m, sn)  [AD vs WT]"
Zhou2020_5XFAD_snRNA,Astrocyte,TCA cycle,AD,WT,0.057511515940861416,0.07044706820387397,-0.012935552263012559,0.18587673236587576,10,10,"Zhou 2020 5XFAD (m, sn)  [AD vs WT]"
Zhou2020_5XFAD_snRNA,Astrocyte,OXPHOS,AD,WT,0.1344293270353675,0.1285420722494054,0.005887254785962109,0.7913367801006604,10,10,"Zhou 2020 5XFAD (m, sn)  [AD vs WT]"
Zhou2020_5XFAD_snRNA,Astrocyte,Beta-oxidation,AD,WT,0.03711871086161313,0.03316721367770885,0.003951497183904279,0.7337299956962472,10,10,"Zhou 2020 5XFAD (m, sn)  [AD vs WT]"
Zhou2020_5XFAD_snRNA,Astrocyte,Lipid synthesis,AD,WT,0.28020059405445447,0.25785906950659504,0.022341524547859426,0.14046504815835495,10,10,"Zhou 2020 5XFAD (m, sn)  [AD vs WT]"
Zhou2020_5XFAD_snRNA,Astrocyte,Cholesterol synthesis,AD,WT,0.17387311271326095,0.19448860442167454,-0.02061549170841359,0.6775849579524755,10,10,"Zhou 2020 5XFAD (m, sn)  [AD vs WT]"
Zhou2020_5XFAD_snRNA,Astrocyte,Lipid transport / storage,AD,WT,0.39877920740562617,0.3792360301288088,0.01954317727681737,0.3846730627355087,10,10,"Zhou 2020 5XFAD (m, sn)  [AD vs WT]"
Zhou2020_5XFAD_snRNA,Astrocyte,Myelin lipids,AD,WT,0.001437670616498015,-0.004707997493045996,0.006145668109544011,0.5205228832757727,10,10,"Zhou 2020 5XFAD (m, sn)  [AD vs WT]"
Zhou2020_5XFAD_snRNA,Neuron,Ketone synthesis,AD,WT,-0.028194840781747804,-0.025835495191199424,-0.00235934559054838,0.9097218891455553,10,10,"Zhou 2020 5XFAD (m, sn)  [AD vs WT]"
Zhou2020_5XFAD_snRNA,Neuron,Ketone utilisation,AD,WT,-0.08329577659589216,-0.09957101541895592,0.016275238823063767,0.21229383619233155,10,10,"Zhou 2020 5XFAD (m, sn)  [AD vs WT]"
Zhou2020_5XFAD_snRNA,Neuron,Glycolysis,AD,WT,0.16299863223807137,0.17485625927826698,-0.011857627040195606,0.3846730627355087,10,10,"Zhou 2020 5XFAD (m, sn)  [AD vs WT]"
Zhou2020_5XFAD_snRNA,Neuron,Pyruvate to lactate,AD,WT,0.003539634970830577,0.013442503939747791,-0.009902868968917214,0.03763531378731424,10,10,"Zhou 2020 5XFAD (m, sn)  [AD vs WT]"
Zhou2020_5XFAD_snRNA,Neuron,Pentose phosphate,AD,WT,-0.056928942295736994,-0.054045821686181064,-0.0028831206095559295,0.6775849579524755,10,10,"Zhou 2020 5XFAD (m, sn)  [AD vs WT]"
Zhou2020_5XFAD_snRNA,Neuron,TCA cycle,AD,WT,-0.01075009841852534,-0.008678852373772179,-0.002071246044753162,0.9698499769931556,10,10,"Zhou 2020 5XFAD (m, sn)  [AD vs WT]"
Zhou2020_5XFAD_snRNA,Neuron,OXPHOS,AD,WT,0.057141450154902775,0.056702054838404015,0.0004393953164987599,0.7913367801006604,10,10,"Zhou 2020 5XFAD (m, sn)  [AD vs WT]"
Zhou2020_5XFAD_snRNA,Neuron,Beta-oxidation,AD,WT,-0.018105388536651907,-0.019636215321511146,0.0015308267848592391,0.7913367801006604,10,10,"Zhou 2020 5XFAD (m, sn)  [AD vs WT]"
Zhou2020_5XFAD_snRNA,Neuron,Lipid synthesis,AD,WT,-0.05787989654991551,-0.07765724566911086,0.019777349119195355,0.06402210128302689,10,10,"Zhou 2020 5XFAD (m, sn)  [AD vs WT]"
Zhou2020_5XFAD_snRNA,Neuron,Cholesterol synthesis,AD,WT,0.004031246619480041,-0.03988929948862893,0.04392054610810897,0.00579535854433471,10,10,"Zhou 2020 5XFAD (m, sn)  [AD vs WT]"
Zhou2020_5XFAD_snRNA,Neuron,Lipid transport / storage,AD,WT,-0.024604622426801673,-0.04880140791808135,0.02419678549127968,0.5707503880581739,10,10,"Zhou 2020 5XFAD (m, sn)  [AD vs WT]"
Zhou2020_5XFAD_snRNA,Neuron,Myelin lipids,AD,WT,-0.08262484160489902,-0.07836067733271798,-0.0042641642721810424,0.3846730627355087,10,10,"Zhou 2020 5XFAD (m, sn)  [AD vs WT]"
Zhou2020_5XFAD_snRNA,Vascular/Fibroblast,Ketone synthesis,AD,WT,-0.02226693074938361,-0.013943345868297338,-0.008323584881086274,0.6775849579524755,10,10,"Zhou 2020 5XFAD (m, sn)  [AD vs WT]"
Zhou2020_5XFAD_snRNA,Vascular/Fibroblast,Ketone utilisation,AD,WT,-0.060899359551583744,-0.06810018255123129,0.007200822999647548,0.6231762238821174,10,10,"Zhou 2020 5XFAD (m, sn)  [AD vs WT]"
Zhou2020_5XFAD_snRNA,Vascular/Fibroblast,Glycolysis,AD,WT,0.16281073533482415,0.1686615601813577,-0.005850824846533542,0.3074894566186813,10,10,"Zhou 2020 5XFAD (m, sn)  [AD vs WT]"
Zhou2020_5XFAD_snRNA,Vascular/Fibroblast,Pyruvate to lactate,AD,WT,0.06298028871177137,0.05894846206915601,0.004031826642615366,0.9097218891455553,10,10,"Zhou 2020 5XFAD (m, sn)  [AD vs WT]"
Zhou2020_5XFAD_snRNA,Vascular/Fibroblast,Pentose phosphate,AD,WT,0.011403554306046459,0.03088244793455615,-0.019478893628509693,0.18587673236587576,10,10,"Zhou 2020 5XFAD (m, sn)  [AD vs WT]"
Zhou2020_5XFAD_snRNA,Vascular/Fibroblast,TCA cycle,AD,WT,0.023338278146612663,0.04015173743250177,-0.016813459285889107,0.18587673236587576,10,10,"Zhou 2020 5XFAD (m, sn)  [AD vs WT]"
Zhou2020_5XFAD_snRNA,Vascular/Fibroblast,OXPHOS,AD,WT,0.1968435173415049,0.2084165158876073,-0.011572998546102387,0.6231762238821174,10,10,"Zhou 2020 5XFAD (m, sn)  [AD vs WT]"
Zhou2020_5XFAD_snRNA,Vascular/Fibroblast,Beta-oxidation,AD,WT,0.030668296184273813,0.024512650743261616,0.006155645441012197,0.6775849579524755,10,10,"Zhou 2020 5XFAD (m, sn)  [AD vs WT]"
Zhou2020_5XFAD_snRNA,Vascular/Fibroblast,Lipid synthesis,AD,WT,0.027919701302742156,0.03367037922362029,-0.005750677920878133,0.5707503880581739,10,10,"Zhou 2020 5XFAD (m, sn)  [AD vs WT]"
Zhou2020_5XFAD_snRNA,Vascular/Fibroblast,Cholesterol synthesis,AD,WT,-0.053766062908744805,-0.048627155523502004,-0.005138907385242801,0.6231762238821174,10,10,"Zhou 2020 5XFAD (m, sn)  [AD vs WT]"
Zhou2020_5XFAD_snRNA,Vascular/Fibroblast,Lipid transport / storage,AD,WT,0.38128227711381335,0.37762542417073625,0.0036568529430771046,0.6775849579524755,10,10,"Zhou 2020 5XFAD (m, sn)  [AD vs WT]"
Zhou2020_5XFAD_snRNA,Vascular/Fibroblast,Myelin lipids,AD,WT,-0.006747866743100693,-0.006604384875690014,-0.00014348186741067886,0.8501067391385259,10,10,"Zhou 2020 5XFAD (m, sn)  [AD vs WT]"
