,cell_type,gene,pathway,mean_EAE,mean_CONTROL,log2FC,MWU_p,n_EAE,n_CONTROL
0,Oligodendrocytes,Bdh1,Ketone body synthesis,0.4384293258190155,0.3780956566333771,0.21306922549024548,0.005046157137182622,92,15
1,Oligodendrocytes,Acss1,Ketone body utilisation,0.14774936437606812,0.13655218482017517,0.11290444863607696,0.144808116808833,92,15
2,Oligodendrocytes,Acss2,Ketone body utilisation,1.1006563901901245,1.3498857021331787,-0.294231300691583,0.00019975854738606355,92,15
3,Oligodendrocytes,Hcar2,Ketone / SCFA receptors,0.007938283495604992,0.0023216328117996454,1.4281052032989479,0.00010965407329256953,92,15
4,Oligodendrocytes,Ffar3,Ketone / SCFA receptors,0.0009626409155316651,0.002058224519714713,-0.639898084425902,0.0004188987817926315,92,15
5,Oligodendrocytes,Ffar2,Ketone / SCFA receptors,0.004144611768424511,0.0034897897858172655,0.1964143112320221,0.7396078070578717,92,15
6,Oligodendrocytes,Slc16a1,Monocarboxylate transporters,0.9519290328025818,1.0030827522277832,-0.07543749312053584,0.16840086018758238,92,15
7,Oligodendrocytes,Slc16a3,Monocarboxylate transporters,0.06462424993515015,0.051559071987867355,0.32028922534177756,0.020857410615333596,92,15
8,Oligodendrocytes,Slc2a1,Glucose transporters,0.8378865718841553,0.9195346236228943,-0.13399623282090622,0.004511854985053822,92,15
9,Oligodendrocytes,Slc2a3,Glucose transporters,0.15671496093273163,0.12863057851791382,0.28291344624500186,0.006289610541754891,92,15
10,Oligodendrocytes,Slc2a4,Glucose transporters,0.18789544701576233,0.18317176401615143,0.03653603455994501,0.8964802215924664,92,15
11,Oligodendrocytes,Hk1,Glycolysis,0.5548376441001892,0.4768279194831848,0.2181723914359904,0.0013372712084441475,92,15
12,Oligodendrocytes,Hk2,Glycolysis,0.08461447805166245,0.037413664162158966,1.1562352031226377,9.565770810705531e-09,92,15
13,Oligodendrocytes,Gpi1,Glycolysis,1.0116403102874756,1.0524581670761108,-0.057011205707283394,0.34381468721763875,92,15
14,Oligodendrocytes,Pfkl,Glycolysis,0.45517346262931824,0.34227970242500305,0.410197966366561,0.00047406913079439325,92,15
15,Oligodendrocytes,Pfkp,Glycolysis,0.6974824666976929,0.6351529955863953,0.1348501243770127,0.2677886569456204,92,15
16,Oligodendrocytes,Pfkfb2,Glycolysis,0.3208765685558319,0.32599008083343506,-0.02273931489188248,0.8190147998588244,92,15
17,Oligodendrocytes,Aldoa,Glycolysis,2.9784913063049316,2.926797389984131,0.025250318488737235,0.15237331721376918,92,15
18,Oligodendrocytes,Aldoc,Glycolysis,2.618095874786377,2.4376423358917236,0.10299069163113472,0.033081314169442405,92,15
19,Oligodendrocytes,Tpi1,Glycolysis,1.1119171380996704,1.1070278882980347,0.0063519877830558995,0.7365023798654196,92,15
20,Oligodendrocytes,Pgk1,Glycolysis,1.333730936050415,1.3665958642959595,-0.03509302193173396,0.3530400288049943,92,15
21,Oligodendrocytes,Eno1,Glycolysis,0.22296692430973053,0.21589180827140808,0.046310123891499695,0.7096093354830761,92,15
22,Oligodendrocytes,Eno2,Glycolysis,1.3610655069351196,1.201820731163025,0.1793744509912209,0.04121458925625912,92,15
23,Oligodendrocytes,Pkm,Glycolysis,1.4575306177139282,1.2755762338638306,0.19223597747367524,0.015596127630947781,92,15
24,Oligodendrocytes,Ldha,Glycolysis,0.24000029265880585,0.19889076054096222,0.2698231098018114,0.0996503039230547,92,15
25,Oligodendrocytes,Ldhb,Glycolysis,2.2763991355895996,2.331132650375366,-0.034262691052799873,0.24889619398579765,92,15
26,Oligodendrocytes,Pdk1,Pyruvate fate,0.06995875388383865,0.07040438801050186,-0.009032060348212622,0.9249369135642705,92,15
27,Oligodendrocytes,Pdk4,Pyruvate fate,0.4253252148628235,0.30664199590682983,0.47070192791620413,0.002458538952786233,92,15
28,Oligodendrocytes,Mpc1,Pyruvate fate,1.031945824623108,1.1169755458831787,-0.11412404112690824,0.022392898810336525,92,15
29,Oligodendrocytes,Mpc2,Pyruvate fate,0.5910490155220032,0.7065182328224182,-0.25705070583811357,0.0011430446659036124,92,15
30,Oligodendrocytes,Pcx,Pyruvate fate,0.7889224290847778,0.9569321870803833,-0.2782125432190759,1.419681673644063e-07,92,15
31,Oligodendrocytes,G6pdx,Pentose phosphate pathway,0.05996095761656761,0.03502606600522995,0.7588444457181756,2.5362184427511724e-07,92,15
32,Oligodendrocytes,Pygb,Glycogen,0.6758849024772644,0.6584228277206421,0.03770670806174931,0.2309560540853307,92,15
33,Oligodendrocytes,Agl,Glycogen,0.38493624329566956,0.3589625954627991,0.10051553321918398,0.13517306354143865,92,15
34,Oligodendrocytes,Cs,TCA cycle,1.0085030794143677,0.92806077003479,0.11980043975714352,0.08573542482417018,92,15
35,Oligodendrocytes,Idh2,TCA cycle,0.24001477658748627,0.24486950039863586,-0.028771182077369117,0.6962948499132544,92,15
36,Oligodendrocytes,Ogdh,TCA cycle,1.030263900756836,1.068513035774231,-0.05254050085170054,0.36242041033514405,92,15
37,Oligodendrocytes,Sdha,TCA cycle,1.5852601528167725,1.7529963254928589,-0.14501632740647624,0.006640755169700176,92,15
38,Oligodendrocytes,Sdhb,TCA cycle,1.2220630645751953,1.263980746269226,-0.04861663124116342,0.30422644223797346,92,15
39,Oligodendrocytes,Fh1,TCA cycle,0.45361003279685974,0.47274693846702576,-0.059487096700080226,0.3865463417773155,92,15
40,Oligodendrocytes,Got2,Anaplerosis / amino acids,0.5430539846420288,0.5404658913612366,0.006879351542014832,0.8681560951582288,92,15
41,Oligodendrocytes,Glud1,Anaplerosis / amino acids,0.9914200901985168,1.1962350606918335,-0.270683587442868,0.0025325484862129617,92,15
42,Oligodendrocytes,Idh1,Anaplerosis / amino acids,0.6660017967224121,0.7406367659568787,-0.15302211836358934,0.006120383457639132,92,15
43,Oligodendrocytes,Ndufs1,Oxidative phosphorylation,1.114437460899353,1.1106572151184082,0.0048976337987715,0.6184817448490438,92,15
44,Oligodendrocytes,Atp5o,Oxidative phosphorylation,1.7762807607650757,1.8827033042907715,-0.08390014392082974,0.06650791455922059,92,15
45,Oligodendrocytes,Ppargc1a,Mitochondrial biogenesis / dynamics,0.13237781822681427,0.17275004088878632,-0.38149456233201523,0.013774256783548102,92,15
46,Oligodendrocytes,Tfam,Mitochondrial biogenesis / dynamics,0.17741759121418,0.19485551118850708,-0.13453185907722542,0.022392898810336525,92,15
47,Oligodendrocytes,Nrf1,Mitochondrial biogenesis / dynamics,0.2002769112586975,0.20766887068748474,-0.05203370638854443,0.847021479321977,92,15
48,Oligodendrocytes,Opa1,Mitochondrial biogenesis / dynamics,0.5110737085342407,0.5667161345481873,-0.14881825521717718,0.030926733685747183,92,15
49,Oligodendrocytes,Mfn2,Mitochondrial biogenesis / dynamics,0.6328631043434143,0.6037050485610962,0.06793967079603698,0.07200399353165338,92,15
50,Oligodendrocytes,Dnm1l,Mitochondrial biogenesis / dynamics,0.7823097109794617,0.7761507630348206,0.011388343305244016,0.7365023798654196,92,15
51,Oligodendrocytes,Pink1,Mitochondrial biogenesis / dynamics,1.6003142595291138,1.8376431465148926,-0.19938503512589087,0.00032601619468868904,92,15
52,Oligodendrocytes,Prkn,Mitochondrial biogenesis / dynamics,0.19730055332183838,0.20923207700252533,-0.08429410792644323,0.3816443225066718,92,15
53,Oligodendrocytes,Cd36,Fatty acid uptake / activation,0.020205680280923843,0.0036719937343150377,2.1823405210067146,2.5206629292439985e-05,92,15
54,Oligodendrocytes,Fabp7,Fatty acid uptake / activation,0.3977404832839966,0.23153048753738403,0.7780302033146723,1.8304961622888068e-05,92,15
55,Oligodendrocytes,Acsl1,Fatty acid uptake / activation,0.6579384803771973,0.7751816511154175,-0.23625054926240882,5.4980789704596196e-05,92,15
56,Oligodendrocytes,Acsl6,Fatty acid uptake / activation,0.7742353677749634,0.8323671817779541,-0.1043178965799158,0.11739684389399785,92,15
57,Oligodendrocytes,Cpt1a,Fatty acid beta-oxidation,0.2232438325881958,0.192580446600914,0.2121350724800339,0.009385244962662563,92,15
58,Oligodendrocytes,Cpt1c,Fatty acid beta-oxidation,0.403899222612381,0.38644665479660034,0.06356518506696704,0.2716824159236526,92,15
59,Oligodendrocytes,Cpt2,Fatty acid beta-oxidation,0.24216054379940033,0.19083251059055328,0.34206191018269894,3.4571335610853356e-05,92,15
60,Oligodendrocytes,Slc25a20,Fatty acid beta-oxidation,0.20751821994781494,0.145521879196167,0.5090573399168966,5.0928667943429385e-05,92,15
61,Oligodendrocytes,Hadhb,Fatty acid beta-oxidation,0.5163628458976746,0.5602334141731262,-0.11742445383518522,0.05205708740808148,92,15
62,Oligodendrocytes,Echs1,Fatty acid beta-oxidation,1.1043702363967896,1.194696068763733,-0.11332104914449784,0.003296260841295261,92,15
63,Oligodendrocytes,Acaa2,Fatty acid beta-oxidation,0.13191404938697815,0.14040213823318481,-0.08931032665953162,0.36242041033514405,92,15
64,Oligodendrocytes,Decr1,Fatty acid beta-oxidation,0.20459619164466858,0.20341935753822327,0.008281721973736967,0.8120475895243606,92,15
65,Oligodendrocytes,Acox1,Fatty acid beta-oxidation,1.4435983896255493,1.319623589515686,0.12944914594089701,7.7299991919221e-05,92,15
66,Oligodendrocytes,Ehhadh,Fatty acid beta-oxidation,0.07457596063613892,0.06833387911319733,0.124366932746562,0.36716859976270144,92,15
67,Oligodendrocytes,Acly,Lipid synthesis,1.5441734790802002,1.694990873336792,-0.13435958543770532,0.015215652333008868,92,15
68,Oligodendrocytes,Acaca,Lipid synthesis,1.2132494449615479,1.1844143867492676,0.03467335494660543,0.5627507570190539,92,15
69,Oligodendrocytes,Fasn,Lipid synthesis,2.1183483600616455,2.1512818336486816,-0.022246261175121608,0.13284347687541,92,15
70,Oligodendrocytes,Elovl1,Lipid synthesis,0.8768100142478943,0.9411890506744385,-0.10210783744891012,0.020857410615333596,92,15
71,Oligodendrocytes,Srebf1,Lipid synthesis,0.5122395753860474,0.45179483294487,0.18077492448539326,0.02347033932982364,92,15
72,Oligodendrocytes,Mlxipl,Lipid synthesis,0.015180310234427452,0.014769635163247585,0.037089986464219106,0.6896722329178524,92,15
73,Oligodendrocytes,Hmgcr,Cholesterol synthesis,0.9976183176040649,1.223393201828003,-0.29406166445143667,0.0014679816225122602,92,15
74,Oligodendrocytes,Lss,Cholesterol synthesis,0.5842642784118652,0.6627171635627747,-0.18148035594688872,0.016788236098832728,92,15
75,Oligodendrocytes,Srebf2,Cholesterol synthesis,1.5773496627807617,1.685576319694519,-0.09568075256581739,0.030926733685747183,92,15
76,Oligodendrocytes,Ldlr,Cholesterol / lipid transport,0.5431696176528931,0.6780734658241272,-0.31951125185788853,0.008448873375250724,92,15
77,Oligodendrocytes,Abca1,Cholesterol / lipid transport,0.35082975029945374,0.1977268010377884,0.8240910275766652,0.000304260580205124,92,15
78,Oligodendrocytes,Apod,Cholesterol / lipid transport,4.0988688468933105,3.8295462131500244,0.09802763268480416,0.0005987398038184202,92,15
79,Oligodendrocytes,Lpl,Cholesterol / lipid transport,0.05329623818397522,0.029559174552559853,0.8292466723690771,0.00025567202488444837,92,15
80,Oligodendrocytes,Nr1h2,Cholesterol / lipid transport,0.2387761026620865,0.22615988552570343,0.0779797895509074,0.45913307723737573,92,15
81,Oligodendrocytes,Nr1h3,Cholesterol / lipid transport,0.04002230614423752,0.02658046968281269,0.5727615723480995,0.0003739638148684379,92,15
82,Oligodendrocytes,Plin2,Cholesterol / lipid transport,0.20645830035209656,0.10878825187683105,0.9180976962335576,4.63349780441791e-06,92,15
83,Oligodendrocytes,Plin4,Cholesterol / lipid transport,1.4398998022079468,0.7913426756858826,0.8627736031851627,0.0002383562640528178,92,15
84,Oligodendrocytes,Ugt8a,Myelin lipid synthesis,3.3226397037506104,3.6547110080718994,-0.13738803022126453,5.4980789704596196e-05,92,15
85,Oligodendrocytes,Cers2,Myelin lipid synthesis,2.4639034271240234,2.6633076667785645,-0.11222956629413051,0.0008304102541277978,92,15
86,Oligodendrocytes,Hif1a,Nutrient sensing / regulators,0.7371577620506287,0.731076180934906,0.011935402525895013,0.9606390394759105,92,15
87,Oligodendrocytes,Epas1,Nutrient sensing / regulators,0.7416195273399353,0.8147612810134888,-0.13552378155350575,0.08738381548732026,92,15
88,Oligodendrocytes,Prkaa1,Nutrient sensing / regulators,0.5336090922355652,0.5281188488006592,0.014892562292733069,0.45913307723737573,92,15
89,Oligodendrocytes,Prkaa2,Nutrient sensing / regulators,0.1294906884431839,0.13095475733280182,-0.01609650212531826,0.6830733016840909,92,15
90,Oligodendrocytes,Mtor,Nutrient sensing / regulators,0.5519589781761169,0.5771679282188416,-0.06431612609730204,0.2309560540853307,92,15
91,Oligodendrocytes,Rptor,Nutrient sensing / regulators,0.331037700176239,0.3296409547328949,0.0060816224985640426,0.5328734264225474,92,15
92,Oligodendrocytes,Tsc2,Nutrient sensing / regulators,0.8697490692138672,0.8451974987983704,0.04126260428205274,0.05539790942669604,92,15
93,Oligodendrocytes,Ddit4,Nutrient sensing / regulators,1.345611333847046,1.4128016233444214,-0.07024619099655623,0.7568882818318389,92,15
94,Oligodendrocytes,Txnip,Nutrient sensing / regulators,0.26652517914772034,0.24700456857681274,0.10930798538941269,0.2917312977130474,92,15
95,Oligodendrocytes,Sirt1,Nutrient sensing / regulators,0.14091192185878754,0.14346304535865784,-0.025704694943824005,0.8190147998588244,92,15
96,Oligodendrocytes,Sirt3,Nutrient sensing / regulators,0.14918957650661469,0.14789408445358276,0.012498253120292221,0.8259963294508014,92,15
97,Oligodendrocytes,Ppara,Nutrient sensing / regulators,0.02513018436729908,0.024346651509404182,0.04392213541207981,0.9892611590546484,92,15
98,Oligodendrocytes,Pparg,Nutrient sensing / regulators,0.00485049607232213,0.0058392854407429695,-0.22528664401035062,0.3189077704691732,92,15
99,Oligodendrocytes,Nfe2l2,Nutrient sensing / regulators,0.6246849298477173,0.5171163082122803,0.27216036139641436,0.00016709194763033902,92,15
100,Neurons,Bdh1,Ketone body synthesis,0.5833265781402588,0.5561167597770691,0.06879519454332934,0.10150969588810763,92,15
101,Neurons,Acss1,Ketone body utilisation,0.1382678747177124,0.13452382385730743,0.03931601954709789,0.34381468721763875,92,15
102,Neurons,Acss2,Ketone body utilisation,0.8635290265083313,0.9227011203765869,-0.09551171490315367,0.16292345405552522,92,15
103,Neurons,Hcar2,Ketone / SCFA receptors,0.010419262573122978,0.00496454956009984,0.9369843926248577,0.002766971625294131,92,15
104,Neurons,Ffar3,Ketone / SCFA receptors,0.0016009833198040724,0.001732765231281519,-0.07130437765525,0.663339145369954,92,15
105,Neurons,Ffar2,Ketone / SCFA receptors,0.003345037577673793,0.002679537981748581,0.23984402731185792,0.7095278298068141,92,15
106,Neurons,Slc16a1,Monocarboxylate transporters,0.5277988314628601,0.39281314611434937,0.42520771727117096,0.0001345243023750771,92,15
107,Neurons,Slc16a3,Monocarboxylate transporters,0.03210604935884476,0.016590241342782974,0.9123195829063956,0.0008304102541277978,92,15
108,Neurons,Slc2a1,Glucose transporters,0.2713354229927063,0.26768484711647034,0.01946968694630951,0.6440016271853495,92,15
109,Neurons,Slc2a3,Glucose transporters,0.9539800882339478,0.9038898944854736,0.07772839450444044,0.04211401967817298,92,15
110,Neurons,Slc2a4,Glucose transporters,0.06349162012338638,0.04588356986641884,0.46002928719814135,0.06650791455922059,92,15
111,Neurons,Hk1,Glycolysis,1.218898892402649,1.1475006341934204,0.08700992600541911,0.079391499053565,92,15
112,Neurons,Hk2,Glycolysis,0.06902939826250076,0.02334347367286682,1.5244256439927477,1.419681673644063e-07,92,15
113,Neurons,Gpi1,Glycolysis,1.4218254089355469,1.4897773265838623,-0.06730613870798081,0.0692111542257303,92,15
114,Neurons,Pfkl,Glycolysis,0.8046196699142456,0.6915543675422668,0.21817157706023318,0.0004902591887734326,92,15
115,Neurons,Pfkp,Glycolysis,2.0140933990478516,2.0391128063201904,-0.017802218172309314,0.4429660546271361,92,15
116,Neurons,Pfkfb2,Glycolysis,0.42879319190979004,0.43970245122909546,-0.03616229094531491,0.6058898041887388,92,15
117,Neurons,Aldoa,Glycolysis,3.9699106216430664,4.160519123077393,-0.06764037800313477,0.00438654877398238,92,15
118,Neurons,Aldoc,Glycolysis,2.8886048793792725,2.9942190647125244,-0.051789288821525115,0.188661471350558,92,15
119,Neurons,Tpi1,Glycolysis,2.120359182357788,2.409358263015747,-0.18425868254776664,3.8863389767839264e-05,92,15
120,Neurons,Pgk1,Glycolysis,2.1268346309661865,2.391124725341797,-0.16890658040076442,0.00027416212249157027,92,15
121,Neurons,Eno1,Glycolysis,0.439057320356369,0.46182000637054443,-0.07275977283318352,0.3530400288049943,92,15
122,Neurons,Eno2,Glycolysis,3.8216185569763184,3.850477695465088,-0.010850823571106458,0.3964649840178176,92,15
123,Neurons,Pkm,Glycolysis,2.456092119216919,2.4106268882751465,0.02694522720340804,0.2525981154476208,92,15
124,Neurons,Ldha,Glycolysis,0.6110369563102722,0.6342334151268005,-0.05366803538088979,0.5627507570190539,92,15
125,Neurons,Ldhb,Glycolysis,3.12161922454834,3.276315212249756,-0.06975778165226136,0.0030210590655570012,92,15
126,Neurons,Pdk1,Pyruvate fate,0.11766757071018219,0.11559189110994339,0.025458277848656,0.7297472834888805,92,15
127,Neurons,Pdk4,Pyruvate fate,0.07180234789848328,0.0673474594950676,0.09109726531748416,0.4867984224683819,92,15
128,Neurons,Mpc1,Pyruvate fate,0.9346817135810852,1.040015459060669,-0.15390172916254177,0.0078023823807828975,92,15
129,Neurons,Mpc2,Pyruvate fate,0.9641813039779663,1.1760607957839966,-0.2863169629814256,0.00027416212249157027,92,15
130,Neurons,Pcx,Pyruvate fate,0.6843088865280151,0.7633277773857117,-0.15743706726437418,0.005334207652950577,92,15
131,Neurons,G6pdx,Pentose phosphate pathway,0.04500053822994232,0.04258356988430023,0.07786637061716496,0.4116278128898847,92,15
132,Neurons,Pygb,Glycogen,1.1011074781417847,1.1489795446395874,-0.06134327613292949,0.22748114818599985,92,15
133,Neurons,Agl,Glycogen,0.56394362449646,0.5688740015029907,-0.012536067557593027,0.9964202902803297,92,15
134,Neurons,Cs,TCA cycle,1.2777512073516846,1.2415592670440674,0.041420935652215836,0.8540549156093734,92,15
135,Neurons,Idh2,TCA cycle,0.4978580176830292,0.48381659388542175,0.04119018281063092,0.2917312977130474,92,15
136,Neurons,Ogdh,TCA cycle,1.7389053106307983,1.9600895643234253,-0.1726466322600483,0.00045837892236734234,92,15
137,Neurons,Sdha,TCA cycle,2.133084774017334,2.3501455783843994,-0.13974638397082206,0.0023865134555738536,92,15
138,Neurons,Sdhb,TCA cycle,1.6789636611938477,1.74677312374115,-0.05708789571661871,0.2835955047551819,92,15
139,Neurons,Fh1,TCA cycle,0.8981157541275024,1.0039316415786743,-0.16051859983737757,0.003806072071191505,92,15
140,Neurons,Got2,Anaplerosis / amino acids,1.138026237487793,1.1872190237045288,-0.06099981183590197,0.21395448383471194,92,15
141,Neurons,Glud1,Anaplerosis / amino acids,1.2941495180130005,1.60245680809021,-0.3080668339195631,0.000386940873165611,92,15
142,Neurons,Idh1,Anaplerosis / amino acids,0.5184870362281799,0.5871320366859436,-0.17905233182125369,0.008674781515269198,92,15
143,Neurons,Ndufs1,Oxidative phosphorylation,1.6797606945037842,1.7486191987991333,-0.05792662715021311,0.053151459346571436,92,15
144,Neurons,Atp5o,Oxidative phosphorylation,2.4122960567474365,2.672546863555908,-0.1477500529899181,2.954487962528875e-05,92,15
145,Neurons,Ppargc1a,Mitochondrial biogenesis / dynamics,0.3910213112831116,0.4844866991043091,-0.3084996855485903,0.004640395397814821,92,15
146,Neurons,Tfam,Mitochondrial biogenesis / dynamics,0.33240973949432373,0.3506105840206146,-0.07668224983944676,0.0841122550630477,92,15
147,Neurons,Nrf1,Mitochondrial biogenesis / dynamics,0.2922073304653168,0.29913780093193054,-0.03370385828795881,0.9964202902803297,92,15
148,Neurons,Opa1,Mitochondrial biogenesis / dynamics,0.6266705989837646,0.7188313007354736,-0.19765120441745146,0.004264405223697518,92,15
149,Neurons,Mfn2,Mitochondrial biogenesis / dynamics,1.2437163591384888,1.2506992816925049,-0.008070974920395529,0.7568882818318389,92,15
150,Neurons,Dnm1l,Mitochondrial biogenesis / dynamics,1.552405834197998,1.602538824081421,-0.04582449453610962,0.3577108661642998,92,15
151,Neurons,Pink1,Mitochondrial biogenesis / dynamics,1.937098741531372,2.1361711025238037,-0.14106034068120918,0.0005419761528536557,92,15
152,Neurons,Prkn,Mitochondrial biogenesis / dynamics,0.3278726637363434,0.28194916248321533,0.21698622761683167,0.02036638710581534,92,15
153,Neurons,Cd36,Fatty acid uptake / activation,0.0224827378988266,0.006645830348134041,1.6188555309646315,0.00011624296113375153,92,15
154,Neurons,Fabp7,Fatty acid uptake / activation,0.4677659869194031,0.35157310962677,0.4109454473395276,0.007200570301894058,92,15
155,Neurons,Acsl1,Fatty acid uptake / activation,0.2901437282562256,0.2775968313217163,0.0635526916955574,0.12383483096067993,92,15
156,Neurons,Acsl6,Fatty acid uptake / activation,1.737302541732788,1.8582786321640015,-0.0970637923329376,0.014843373913736198,92,15
157,Neurons,Cpt1a,Fatty acid beta-oxidation,0.1835455447435379,0.1908617913722992,-0.05609052350406971,0.7297472834888805,92,15
158,Neurons,Cpt1c,Fatty acid beta-oxidation,0.7736942172050476,0.7188512086868286,0.10592823437267646,0.06136211645338021,92,15
159,Neurons,Cpt2,Fatty acid beta-oxidation,0.10512911528348923,0.12008674442768097,-0.19022044230073537,0.21395448383471194,92,15
160,Neurons,Slc25a20,Fatty acid beta-oxidation,0.325033962726593,0.2909533381462097,0.1592844500419789,0.017203009800962992,92,15
161,Neurons,Hadhb,Fatty acid beta-oxidation,0.4861288368701935,0.5559660792350769,-0.1932860763215761,0.0032020877649128433,92,15
162,Neurons,Echs1,Fatty acid beta-oxidation,0.8024687767028809,0.854049563407898,-0.08976608805468833,0.04587957431290994,92,15
163,Neurons,Acaa2,Fatty acid beta-oxidation,0.16235151886940002,0.19292496144771576,-0.24751864558244394,0.016382267468060964,92,15
164,Neurons,Decr1,Fatty acid beta-oxidation,0.2692790627479553,0.29727041721343994,-0.14217113931570152,0.1549607911854991,92,15
165,Neurons,Acox1,Fatty acid beta-oxidation,1.6209099292755127,1.6243176460266113,-0.0030279971134225684,0.7029407025756242,92,15
166,Neurons,Ehhadh,Fatty acid beta-oxidation,0.025869881734251976,0.02684049680829048,-0.05119498457864605,0.8822993445561652,92,15
167,Neurons,Acly,Lipid synthesis,1.7601678371429443,1.8233662843704224,-0.05086301069483444,0.0996503039230547,92,15
168,Neurons,Acaca,Lipid synthesis,0.5920665860176086,0.649384617805481,-0.13309904559832994,0.06784846166150343,92,15
169,Neurons,Fasn,Lipid synthesis,1.718337059020996,1.8872467279434204,-0.13519488827291423,0.000386940873165611,92,15
170,Neurons,Elovl1,Lipid synthesis,0.15189389884471893,0.14175420999526978,0.098997544769661,0.33474474452499126,92,15
171,Neurons,Srebf1,Lipid synthesis,0.24486638605594635,0.20567651093006134,0.2505000746762503,0.0017653893888950908,92,15
172,Neurons,Mlxipl,Lipid synthesis,0.032185155898332596,0.02593047544360161,0.30129835168909425,0.02459249043554976,92,15
173,Neurons,Hmgcr,Cholesterol synthesis,1.1251193284988403,1.2700992822647095,-0.1747170101520875,0.001379598052526009,92,15
174,Neurons,Lss,Cholesterol synthesis,0.38483214378356934,0.41059213876724243,-0.09324208792014088,0.026976871042769177,92,15
175,Neurons,Srebf2,Cholesterol synthesis,1.5099008083343506,1.433606505393982,0.07475387173041645,0.24160656032954253,92,15
176,Neurons,Ldlr,Cholesterol / lipid transport,0.22693271934986115,0.2610684931278229,-0.20133588193945984,0.028893743405383,92,15
177,Neurons,Abca1,Cholesterol / lipid transport,0.1496647447347641,0.09597860276699066,0.6356034953541385,0.0006188588396356592,92,15
178,Neurons,Apod,Cholesterol / lipid transport,0.9621995687484741,0.7524347305297852,0.3543522084862566,0.007200570301894058,92,15
179,Neurons,Lpl,Cholesterol / lipid transport,0.038992490619421005,0.02293662540614605,0.7405093559566466,0.0005792309280883407,92,15
180,Neurons,Nr1h2,Cholesterol / lipid transport,0.23657718300819397,0.21221640706062317,0.15607782773423656,0.19169674810024684,92,15
181,Neurons,Nr1h3,Cholesterol / lipid transport,0.05247459560632706,0.05061362311244011,0.05110176047784384,0.6764985008897477,92,15
182,Neurons,Plin2,Cholesterol / lipid transport,0.21166616678237915,0.14152184128761292,0.5774075047669204,9.905863463172123e-06,92,15
183,Neurons,Plin4,Cholesterol / lipid transport,0.13840559124946594,0.08156836777925491,0.7556273344138171,0.002054516119758414,92,15
184,Neurons,Ugt8a,Myelin lipid synthesis,0.6095113158226013,0.7571011781692505,-0.3123723713038385,0.013433312218630561,92,15
185,Neurons,Cers2,Myelin lipid synthesis,0.3960246741771698,0.3988323509693146,-0.010166536829199138,0.7981582447931944,92,15
186,Neurons,Hif1a,Nutrient sensing / regulators,0.9274815320968628,0.9509669542312622,-0.03603827930582367,0.3484079530990708,92,15
187,Neurons,Epas1,Nutrient sensing / regulators,0.7552169561386108,0.8907278776168823,-0.23780332185592307,0.0013372712084441475,92,15
188,Neurons,Prkaa1,Nutrient sensing / regulators,0.5018062591552734,0.5192331671714783,-0.04915577124198737,0.2756147692880684,92,15
189,Neurons,Prkaa2,Nutrient sensing / regulators,0.3753106892108917,0.37343090772628784,0.0072247417870972925,1.0,92,15
190,Neurons,Mtor,Nutrient sensing / regulators,0.7906423807144165,0.800984263420105,-0.01872507892921465,0.7029407025756242,92,15
191,Neurons,Rptor,Nutrient sensing / regulators,0.6998454332351685,0.7200685143470764,-0.041040045103359866,0.8329916444809674,92,15
192,Neurons,Tsc2,Nutrient sensing / regulators,1.104304552078247,1.1554017066955566,-0.06519870319030631,0.144808116808833,92,15
193,Neurons,Ddit4,Nutrient sensing / regulators,0.7409250140190125,0.7578309774398804,-0.032505192722629875,0.9606390394759105,92,15
194,Neurons,Txnip,Nutrient sensing / regulators,0.18814986944198608,0.12161437422037125,0.6254016628898899,0.0009146781652022411,92,15
195,Neurons,Sirt1,Nutrient sensing / regulators,0.11965182423591614,0.1258310228586197,-0.07205794270764342,0.20419721946408087,92,15
196,Neurons,Sirt3,Nutrient sensing / regulators,0.2898893654346466,0.2632623612880707,0.13849959668808404,0.07200399353165338,92,15
197,Neurons,Ppara,Nutrient sensing / regulators,0.019841844215989113,0.02648146077990532,-0.3989757509052084,0.005955268119703251,92,15
198,Neurons,Pparg,Nutrient sensing / regulators,0.013679754920303822,0.01358295138925314,0.009545151576824491,0.875222737869217,92,15
199,Neurons,Nfe2l2,Nutrient sensing / regulators,0.157525897026062,0.11180518567562103,0.4908851501989084,0.0010068124343180337,92,15
200,Endothelial cells,Bdh1,Ketone body synthesis,0.2985226511955261,0.3702295124530792,-0.3096462981763054,0.0013372712084441475,92,15
201,Endothelial cells,Acss1,Ketone body utilisation,0.1660645455121994,0.16646389663219452,-0.0034445032558847867,0.9964202902803297,92,15
202,Endothelial cells,Acss2,Ketone body utilisation,0.26457732915878296,0.40696635842323303,-0.6193181929074753,1.077973128564594e-06,92,15
203,Endothelial cells,Hcar2,Ketone / SCFA receptors,0.015776291489601135,0.0020708341617137194,2.4497213259464115,2.363663907210859e-06,92,15
204,Endothelial cells,Ffar3,Ketone / SCFA receptors,0.0003817204269580543,8.617908315500244e-05,0.34720374852455943,0.6504659833411182,92,15
205,Endothelial cells,Ffar2,Ketone / SCFA receptors,0.011984242126345634,0.00630810996517539,0.8291915607216175,0.17238802062470648,92,15
206,Endothelial cells,Slc16a1,Monocarboxylate transporters,1.1148154735565186,0.8654641509056091,0.3648864975347732,0.014122820553948874,92,15
207,Endothelial cells,Slc16a3,Monocarboxylate transporters,0.21207787096500397,0.06471442431211472,1.6970987890463463,2.927002216630794e-07,92,15
208,Endothelial cells,Slc2a1,Glucose transporters,3.53619122505188,3.5369513034820557,-0.0003099757726991929,0.8681560951582288,92,15
209,Endothelial cells,Slc2a3,Glucose transporters,0.1206650510430336,0.1352396011352539,-0.16323131094370857,0.24160656032954253,92,15
210,Endothelial cells,Slc2a4,Glucose transporters,0.13810701668262482,0.11465300619602203,0.2663924257708192,0.21395448383471194,92,15
211,Endothelial cells,Hk1,Glycolysis,0.8348011374473572,0.8274867534637451,0.012681091413778281,0.4323713289437958,92,15
212,Endothelial cells,Hk2,Glycolysis,0.210753932595253,0.06583806127309799,1.6636469710362207,1.2454247590950353e-08,92,15
213,Endothelial cells,Gpi1,Glycolysis,1.051621437072754,1.0666542053222656,-0.020457777453282342,0.9392036806797724,92,15
214,Endothelial cells,Pfkl,Glycolysis,0.8477563261985779,0.6872304081916809,0.3024587862099742,1.2690199886143321e-05,92,15
215,Endothelial cells,Pfkp,Glycolysis,0.8661197423934937,0.907880961894989,-0.06786012189870054,0.08905768415972021,92,15
216,Endothelial cells,Pfkfb2,Glycolysis,0.2035367637872696,0.23023894429206848,-0.17702421199707805,0.09423472650875486,92,15
217,Endothelial cells,Aldoa,Glycolysis,2.7189955711364746,2.704585075378418,0.007663695743951529,0.4323713289437958,92,15
218,Endothelial cells,Aldoc,Glycolysis,2.314093589782715,2.7386181354522705,-0.24290429870222072,0.0002383562640528178,92,15
219,Endothelial cells,Tpi1,Glycolysis,1.1497200727462769,1.272018313407898,-0.14571625145272274,0.018501739543047103,92,15
220,Endothelial cells,Pgk1,Glycolysis,1.1727207899093628,1.2149300575256348,-0.050970990424446846,0.3484079530990708,92,15
221,Endothelial cells,Eno1,Glycolysis,0.2681918740272522,0.3076412081718445,-0.19729583529491188,0.05655047670842799,92,15
222,Endothelial cells,Eno2,Glycolysis,0.9959186315536499,1.3251640796661377,-0.4117116221065148,2.8401426418619576e-05,92,15
223,Endothelial cells,Pkm,Glycolysis,1.5610984563827515,1.463862657546997,0.09271998001171952,0.1856617866167577,92,15
224,Endothelial cells,Ldha,Glycolysis,1.0099987983703613,0.9361475110054016,0.10943322530809145,0.5507032799404722,92,15
225,Endothelial cells,Ldhb,Glycolysis,1.6389213800430298,1.972291350364685,-0.26697732941814384,8.385009805086556e-06,92,15
226,Endothelial cells,Pdk1,Pyruvate fate,0.13960491120815277,0.11525306850671768,0.2743781906373295,0.02292612148840475,92,15
227,Endothelial cells,Pdk4,Pyruvate fate,0.13389544188976288,0.12612169981002808,0.08563127956649734,0.7637221534232842,92,15
228,Endothelial cells,Mpc1,Pyruvate fate,0.641852855682373,0.7899515628814697,-0.29910079514087146,0.00032601619468868904,92,15
229,Endothelial cells,Mpc2,Pyruvate fate,0.39284083247184753,0.5256676077842712,-0.41928003641290773,0.00022214547748567156,92,15
230,Endothelial cells,Pcx,Pyruvate fate,0.3656720817089081,0.4711556136608124,-0.36477199935883015,8.330955737394069e-05,92,15
231,Endothelial cells,G6pdx,Pentose phosphate pathway,0.03242909535765648,0.029970748350024223,0.11019807050124705,0.556711134771527,92,15
232,Endothelial cells,Pygb,Glycogen,0.7459219098091125,0.8420248627662659,-0.17461776214314653,0.028242149928309274,92,15
233,Endothelial cells,Agl,Glycogen,0.3864618241786957,0.4232881963253021,-0.13099037189229473,0.025760831156545018,92,15
234,Endothelial cells,Cs,TCA cycle,1.0842926502227783,1.1450120210647583,-0.07853805803221531,0.026976871042769177,92,15
235,Endothelial cells,Idh2,TCA cycle,0.33506232500076294,0.3703811764717102,-0.14417187860337702,0.10531130362407622,92,15
236,Endothelial cells,Ogdh,TCA cycle,1.0916993618011475,1.2349815368652344,-0.1777606705050574,0.016382267468060964,92,15
237,Endothelial cells,Sdha,TCA cycle,1.3981703519821167,1.6909582614898682,-0.2741223549984004,0.0010393848808469832,92,15
238,Endothelial cells,Sdhb,TCA cycle,1.1629047393798828,1.2851452827453613,-0.14408063378417615,0.0034922149525574496,92,15
239,Endothelial cells,Fh1,TCA cycle,0.41911032795906067,0.49451127648353577,-0.23814963622371504,0.013774256783548102,92,15
240,Endothelial cells,Got2,Anaplerosis / amino acids,0.3828473389148712,0.4729628264904022,-0.30424126473534774,0.0017653893888950908,92,15
241,Endothelial cells,Glud1,Anaplerosis / amino acids,1.2389329671859741,1.5926849842071533,-0.362104358892493,0.0001927798861285835,92,15
242,Endothelial cells,Idh1,Anaplerosis / amino acids,0.5196435451507568,0.5187916159629822,0.002362615826554364,0.6184817448490438,92,15
243,Endothelial cells,Ndufs1,Oxidative phosphorylation,0.8262987732887268,0.9351835250854492,-0.178382933853778,0.0013372712084441475,92,15
244,Endothelial cells,Atp5o,Oxidative phosphorylation,1.7030150890350342,1.906928539276123,-0.16306902610263896,0.005483730628858261,92,15
245,Endothelial cells,Ppargc1a,Mitochondrial biogenesis / dynamics,0.13118189573287964,0.2322656661272049,-0.8194493838247027,1.3221489666560828e-05,92,15
246,Endothelial cells,Tfam,Mitochondrial biogenesis / dynamics,0.1668650209903717,0.1781919151544571,-0.09420390798311055,0.27958577984312394,92,15
247,Endothelial cells,Nrf1,Mitochondrial biogenesis / dynamics,0.22224992513656616,0.22831983864307404,-0.038701477461230926,0.9677912570534436,92,15
248,Endothelial cells,Opa1,Mitochondrial biogenesis / dynamics,0.3745768666267395,0.4758285582065582,-0.3443624402329619,0.00088574614320853,92,15
249,Endothelial cells,Mfn2,Mitochondrial biogenesis / dynamics,0.6107378005981445,0.6722320318222046,-0.13819039446707237,0.005794177594669238,92,15
250,Endothelial cells,Dnm1l,Mitochondrial biogenesis / dynamics,0.68008953332901,0.7449279427528381,-0.1311918100223145,0.037777860383742076,92,15
251,Endothelial cells,Pink1,Mitochondrial biogenesis / dynamics,1.6631889343261719,1.989812970161438,-0.2585384602867665,0.00047406913079439325,92,15
252,Endothelial cells,Prkn,Mitochondrial biogenesis / dynamics,0.038578636944293976,0.05060671269893646,-0.3828368071653185,0.015215652333008868,92,15
253,Endothelial cells,Cd36,Fatty acid uptake / activation,0.06985242664813995,0.10411956161260605,-0.5691419937736839,0.08573542482417018,92,15
254,Endothelial cells,Fabp7,Fatty acid uptake / activation,0.5566006898880005,0.3954087495803833,0.4922435399630753,0.0025325484862129617,92,15
255,Endothelial cells,Acsl1,Fatty acid uptake / activation,0.2587602734565735,0.2911962866783142,-0.16975703553765137,0.04121458925625912,92,15
256,Endothelial cells,Acsl6,Fatty acid uptake / activation,0.9090524911880493,1.215244174003601,-0.41841122783224893,3.594935296117131e-05,92,15
257,Endothelial cells,Cpt1a,Fatty acid beta-oxidation,0.8105237483978271,0.7649462819099426,0.0833900991542761,0.054264985346124,92,15
258,Endothelial cells,Cpt1c,Fatty acid beta-oxidation,0.1283033937215805,0.12414300441741943,0.04718249528911152,0.8120475895243606,92,15
259,Endothelial cells,Cpt2,Fatty acid beta-oxidation,0.26024746894836426,0.23322053253650665,0.15754950721595534,0.04992483537164137,92,15
260,Endothelial cells,Slc25a20,Fatty acid beta-oxidation,0.4605281352996826,0.36870601773262024,0.32004007237197923,5.291798831491732e-05,92,15
261,Endothelial cells,Hadhb,Fatty acid beta-oxidation,0.6060468554496765,0.7433700561523438,-0.2942121446542651,0.00011205340487044292,92,15
262,Endothelial cells,Echs1,Fatty acid beta-oxidation,0.8349208831787109,0.8684511780738831,-0.05673861574337185,0.5507032799404722,92,15
263,Endothelial cells,Acaa2,Fatty acid beta-oxidation,0.38115108013153076,0.4385437071323395,-0.20186352243868244,0.0338274946191274,92,15
264,Endothelial cells,Decr1,Fatty acid beta-oxidation,0.3292500972747803,0.3288857638835907,0.001592466220954748,0.7912371605618341,92,15
265,Endothelial cells,Acox1,Fatty acid beta-oxidation,1.493158221244812,1.3967829942703247,0.0961925280831966,0.0030210590655570012,92,15
266,Endothelial cells,Ehhadh,Fatty acid beta-oxidation,0.04255083203315735,0.05136604234576225,-0.26593129313949343,0.02292612148840475,92,15
267,Endothelial cells,Acly,Lipid synthesis,1.1628425121307373,1.225067377090454,-0.07514241276558369,0.04033148382818644,92,15
268,Endothelial cells,Acaca,Lipid synthesis,0.3568878173828125,0.4495683014392853,-0.3322383853031585,0.0019340146836859158,92,15
269,Endothelial cells,Fasn,Lipid synthesis,0.6774003505706787,0.8922036290168762,-0.39685219730055393,8.041228896530703e-06,92,15
270,Endothelial cells,Elovl1,Lipid synthesis,0.3613201081752777,0.32736000418663025,0.14198646455004302,0.05772293337104647,92,15
271,Endothelial cells,Srebf1,Lipid synthesis,0.3440566956996918,0.29608583450317383,0.2159536112666776,0.006120383457639132,92,15
272,Endothelial cells,Mlxipl,Lipid synthesis,0.03573022037744522,0.029161877930164337,0.28424129604700105,0.054264985346124,92,15
273,Endothelial cells,Hmgcr,Cholesterol synthesis,0.4998144507408142,0.5900853276252747,-0.23909021826001622,0.00293409060858217,92,15
274,Endothelial cells,Lss,Cholesterol synthesis,0.15121959149837494,0.20361699163913727,-0.42677189959963613,0.00012506913984774125,92,15
275,Endothelial cells,Srebf2,Cholesterol synthesis,0.8165667057037354,0.9544903039932251,-0.22490478760289365,0.000361394494534296,92,15
276,Endothelial cells,Ldlr,Cholesterol / lipid transport,0.1788913458585739,0.21674276888370514,-0.27549902486077044,0.029558237645117474,92,15
277,Endothelial cells,Abca1,Cholesterol / lipid transport,0.9266310930252075,0.5353747010231018,0.7903099863027541,6.796132755837089e-06,92,15
278,Endothelial cells,Apod,Cholesterol / lipid transport,2.1697373390197754,1.8397114276885986,0.23792169924923434,0.00438654877398238,92,15
279,Endothelial cells,Lpl,Cholesterol / lipid transport,0.1794135421514511,0.10055410116910934,0.8290591311094955,2.8766508952014725e-06,92,15
280,Endothelial cells,Nr1h2,Cholesterol / lipid transport,0.38551923632621765,0.3878796398639679,-0.008783487058662871,0.9606390394759105,92,15
281,Endothelial cells,Nr1h3,Cholesterol / lipid transport,0.22813981771469116,0.16713353991508484,0.4466206305501628,0.00020697404001634014,92,15
282,Endothelial cells,Plin2,Cholesterol / lipid transport,0.6553678512573242,0.4678284525871277,0.4854444500220883,3.073200226840033e-05,92,15
283,Endothelial cells,Plin4,Cholesterol / lipid transport,0.14252576231956482,0.11166776716709137,0.3492348807185784,0.12827768734325687,92,15
284,Endothelial cells,Ugt8a,Myelin lipid synthesis,0.3435051441192627,0.5252205729484558,-0.6111421274620846,2.6239506613020907e-05,92,15
285,Endothelial cells,Cers2,Myelin lipid synthesis,0.7640941739082336,0.7426728010177612,0.040969328986361006,0.45370765455085205,92,15
286,Endothelial cells,Hif1a,Nutrient sensing / regulators,1.4239037036895752,1.2293717861175537,0.21177009782079864,0.04587957431290994,92,15
287,Endothelial cells,Epas1,Nutrient sensing / regulators,3.9576516151428223,4.009936332702637,-0.018929958601429358,0.4323713289437958,92,15
288,Endothelial cells,Prkaa1,Nutrient sensing / regulators,0.48761889338493347,0.5202957391738892,-0.09339241882223355,0.14729719949502537,92,15
289,Endothelial cells,Prkaa2,Nutrient sensing / regulators,0.06209578365087509,0.0889521911740303,-0.5116148240307014,0.00031496258108577966,92,15
290,Endothelial cells,Mtor,Nutrient sensing / regulators,0.4351285398006439,0.4735683798789978,-0.12186257610855711,0.10725402511292136,92,15
291,Endothelial cells,Rptor,Nutrient sensing / regulators,0.37597912549972534,0.39144882559776306,-0.05801990301577504,0.6896722329178524,92,15
292,Endothelial cells,Tsc2,Nutrient sensing / regulators,0.6439724564552307,0.6904507279396057,-0.10038889852037965,0.22748114818599985,92,15
293,Endothelial cells,Ddit4,Nutrient sensing / regulators,1.7633929252624512,1.3255836963653564,0.41145618027743447,0.008448873375250724,92,15
294,Endothelial cells,Txnip,Nutrient sensing / regulators,1.5722038745880127,1.5063914060592651,0.06165157184313064,0.5688218258276292,92,15
295,Endothelial cells,Sirt1,Nutrient sensing / regulators,0.1537528783082962,0.1684700846672058,-0.13106438434834133,0.19476779189976756,92,15
296,Endothelial cells,Sirt3,Nutrient sensing / regulators,0.11297374963760376,0.1317976862192154,-0.22052842828656782,0.02459249043554976,92,15
297,Endothelial cells,Ppara,Nutrient sensing / regulators,0.048055507242679596,0.06896938383579254,-0.5123086765864394,0.002117315412373028,92,15
298,Endothelial cells,Pparg,Nutrient sensing / regulators,0.013936025090515614,0.016952399164438248,-0.26538040295239224,0.8119182685114911,92,15
299,Endothelial cells,Nfe2l2,Nutrient sensing / regulators,0.89176344871521,0.7355073094367981,0.2775781186373934,4.537734346436845e-05,92,15
300,Microglia,Bdh1,Ketone body synthesis,0.13881385326385498,0.20750144124031067,-0.5765500408999102,7.393657727643923e-06,92,15
301,Microglia,Acss1,Ketone body utilisation,0.3156135380268097,0.39021071791648865,-0.3052229512827698,0.005794177594669238,92,15
302,Microglia,Acss2,Ketone body utilisation,0.1466003805398941,0.2286776602268219,-0.6379140977777497,0.000361394494534296,92,15
303,Microglia,Hcar2,Ketone / SCFA receptors,0.22524993121623993,0.050452038645744324,2.1366172073987735,1.1095127300988392e-07,92,15
304,Microglia,Ffar3,Ketone / SCFA receptors,0.0011681586038321257,0.0,1.116470295710571,0.07332518618394206,92,15
305,Microglia,Ffar2,Ketone / SCFA receptors,0.024124549701809883,0.008043333888053894,1.474171104229478,0.001122350036460418,92,15
306,Microglia,Slc16a1,Monocarboxylate transporters,0.41585445404052734,0.31839507818222046,0.38420166910525677,0.0014679816225122602,92,15
307,Microglia,Slc16a3,Monocarboxylate transporters,0.656267523765564,0.33682093024253845,0.9602219864154063,7.8261333972884e-07,92,15
308,Microglia,Slc2a1,Glucose transporters,0.5076718330383301,0.46357277035713196,0.13083061221513562,0.3258304543982823,92,15
309,Microglia,Slc2a3,Glucose transporters,0.09713201224803925,0.07802736014127731,0.3123716269958473,0.07636571780506078,92,15
310,Microglia,Slc2a4,Glucose transporters,0.16829557716846466,0.20341700315475464,-0.27197091941531776,0.09248288309451495,92,15
311,Microglia,Hk1,Glycolysis,0.3994736969470978,0.363141804933548,0.1372071123065969,0.08738381548732026,92,15
312,Microglia,Hk2,Glycolysis,1.2447192668914795,1.1888781785964966,0.06616510582368006,0.49811167135687706,92,15
313,Microglia,Gpi1,Glycolysis,0.8793225288391113,0.7829276323318481,0.16731170987929317,0.008448873375250724,92,15
314,Microglia,Pfkl,Glycolysis,0.79661625623703,0.4136997163295746,0.9436277532539864,2.210223448427174e-08,92,15
315,Microglia,Pfkp,Glycolysis,0.5722813010215759,0.31379276514053345,0.8648408388897659,1.4576974775216765e-08,92,15
316,Microglia,Pfkfb2,Glycolysis,0.2087533175945282,0.20385560393333435,0.034086270402639667,0.9534899884220661,92,15
317,Microglia,Aldoa,Glycolysis,2.4405205249786377,1.8520458936691284,0.39788129376464154,4.6954429753878885e-07,92,15
318,Microglia,Aldoc,Glycolysis,1.2232545614242554,1.7025260925292969,-0.47662047367800797,9.50266706606302e-06,92,15
319,Microglia,Tpi1,Glycolysis,0.94534832239151,0.6464818716049194,0.547531493674611,1.5566564020886395e-05,92,15
320,Microglia,Pgk1,Glycolysis,0.904516875743866,0.6204444169998169,0.5431161682820415,3.8863389767839264e-05,92,15
321,Microglia,Eno1,Glycolysis,0.2270648181438446,0.1372515857219696,0.7221478820056986,6.904887009348642e-05,92,15
322,Microglia,Eno2,Glycolysis,0.463758647441864,0.46104007959365845,0.008463705197881928,0.9749460664662738,92,15
323,Microglia,Pkm,Glycolysis,1.30486261844635,0.7353357076644897,0.8265675580570789,2.3274435577150377e-08,92,15
324,Microglia,Ldha,Glycolysis,0.7185032963752747,0.3860792815685272,0.8943722072332231,9.66776544252958e-05,92,15
325,Microglia,Ldhb,Glycolysis,1.4899011850357056,1.7407574653625488,-0.22435910598813066,0.003806072071191505,92,15
326,Microglia,Pdk1,Pyruvate fate,0.22077368199825287,0.19114205241203308,0.20691486694550407,0.03023583350834511,92,15
327,Microglia,Pdk4,Pyruvate fate,0.07738365978002548,0.08200749009847641,-0.08268858767993609,0.7534778395409724,92,15
328,Microglia,Mpc1,Pyruvate fate,0.5124939680099487,0.6361156702041626,-0.3112079923739146,0.002054516119758414,92,15
329,Microglia,Mpc2,Pyruvate fate,0.2329607456922531,0.2672053575515747,-0.19707156373449997,0.2917312977130474,92,15
330,Microglia,Pcx,Pyruvate fate,0.18893370032310486,0.2865391969680786,-0.5982627272503526,9.66776544252958e-05,92,15
331,Microglia,G6pdx,Pentose phosphate pathway,0.04071619361639023,0.03282791003584862,0.30239347856638893,0.1327903167896536,92,15
332,Microglia,Pygb,Glycogen,0.46386006474494934,0.5219227075576782,-0.16980122762247798,0.04033148382818644,92,15
333,Microglia,Agl,Glycogen,0.34626007080078125,0.29686370491981506,0.22136419401622756,0.02347033932982364,92,15
334,Microglia,Cs,TCA cycle,0.7636953592300415,0.6330052018165588,0.27039044142537705,0.00020697404001634014,92,15
335,Microglia,Idh2,TCA cycle,0.4516756534576416,0.5250712633132935,-0.216780529599875,0.018059601770698472,92,15
336,Microglia,Ogdh,TCA cycle,0.7267841100692749,0.62960284948349,0.20677886363337655,0.008448873375250724,92,15
337,Microglia,Sdha,TCA cycle,1.0546643733978271,1.1144931316375732,-0.07953039797048128,0.34381468721763875,92,15
338,Microglia,Sdhb,TCA cycle,1.0696096420288086,0.8649370670318604,0.30609846653509537,4.836455023670287e-06,92,15
339,Microglia,Fh1,TCA cycle,0.3010963499546051,0.28203728795051575,0.09401662359577702,0.5627507570190539,92,15
340,Microglia,Got2,Anaplerosis / amino acids,0.27637332677841187,0.23680371046066284,0.2220578338756278,0.05655047670842799,92,15
341,Microglia,Glud1,Anaplerosis / amino acids,0.8438084721565247,1.0041307210922241,-0.2506869336708395,0.008228241106092968,92,15
342,Microglia,Idh1,Anaplerosis / amino acids,0.5515217185020447,0.4600469768047333,0.26111741839809544,0.004264405223697518,92,15
343,Microglia,Ndufs1,Oxidative phosphorylation,0.612417459487915,0.5828393697738647,0.07129773139985415,0.34381468721763875,92,15
344,Microglia,Atp5o,Oxidative phosphorylation,1.1827312707901,1.0797955989837646,0.13124789418092336,0.05539790942669604,92,15
345,Microglia,Ppargc1a,Mitochondrial biogenesis / dynamics,0.044833239167928696,0.07223577797412872,-0.6761543737353501,0.0022482253632024564,92,15
346,Microglia,Tfam,Mitochondrial biogenesis / dynamics,0.14875642955303192,0.16006651520729065,-0.10503865314962645,0.5328734264225474,92,15
347,Microglia,Nrf1,Mitochondrial biogenesis / dynamics,0.22428850829601288,0.2535827159881592,-0.17636075052132386,0.09075728778826549,92,15
348,Microglia,Opa1,Mitochondrial biogenesis / dynamics,0.3400373160839081,0.40995845198631287,-0.26906293775954293,0.024025734337870516,92,15
349,Microglia,Mfn2,Mitochondrial biogenesis / dynamics,0.3676944077014923,0.3245236277580261,0.1796632704760427,0.04121458925625912,92,15
350,Microglia,Dnm1l,Mitochondrial biogenesis / dynamics,0.539009153842926,0.5109315514564514,0.07703293749490084,0.36716859976270144,92,15
351,Microglia,Pink1,Mitochondrial biogenesis / dynamics,1.0545357465744019,1.3180063962936401,-0.32147612315637614,0.0011796683896307262,92,15
352,Microglia,Prkn,Mitochondrial biogenesis / dynamics,0.04406517371535301,0.06768094748258591,-0.6078969901182283,0.005637026428135596,92,15
353,Microglia,Cd36,Fatty acid uptake / activation,0.31995266675949097,0.2070314586162567,0.6255588383358939,0.1978747740523732,92,15
354,Microglia,Fabp7,Fatty acid uptake / activation,0.47833943367004395,0.36358514428138733,0.3947918533816355,0.019414511937813232,92,15
355,Microglia,Acsl1,Fatty acid uptake / activation,0.34201955795288086,0.3418474793434143,0.0007239215423096367,0.9320675689945737,92,15
356,Microglia,Acsl6,Fatty acid uptake / activation,0.30911925435066223,0.5077711939811707,-0.7141938880312247,1.7692472692232857e-06,92,15
357,Microglia,Cpt1a,Fatty acid beta-oxidation,0.38693705201148987,0.2324569672346115,0.7326659301148567,1.5566564020886395e-05,92,15
358,Microglia,Cpt1c,Fatty acid beta-oxidation,0.10615536570549011,0.07126829028129578,0.5682694248138797,0.008228241106092968,92,15
359,Microglia,Cpt2,Fatty acid beta-oxidation,0.13373100757598877,0.11339164525270462,0.23610023028503244,0.043962769126043556,92,15
360,Microglia,Slc25a20,Fatty acid beta-oxidation,0.2399195432662964,0.13260821998119354,0.8505426594859293,3.0052161096083403e-06,92,15
361,Microglia,Hadhb,Fatty acid beta-oxidation,0.36638426780700684,0.4001958668231964,-0.1270168947433242,0.470092195390436,92,15
362,Microglia,Echs1,Fatty acid beta-oxidation,0.9123202562332153,0.6613380312919617,0.46355313089182093,1.5650538689097732e-07,92,15
363,Microglia,Acaa2,Fatty acid beta-oxidation,0.2233908325433731,0.1937597692012787,0.204318039978171,0.11122456135710289,92,15
364,Microglia,Decr1,Fatty acid beta-oxidation,0.22576820850372314,0.19482232630252838,0.21167313716559247,0.0692111542257303,92,15
365,Microglia,Acox1,Fatty acid beta-oxidation,0.871375560760498,0.7549372315406799,0.20668290729958436,0.0010729301175216592,92,15
366,Microglia,Ehhadh,Fatty acid beta-oxidation,0.03809404373168945,0.032575320452451706,0.21954764974429247,0.07782586993210125,92,15
367,Microglia,Acly,Lipid synthesis,1.3924741744995117,1.3174654245376587,0.07982652653370226,0.3964649840178176,92,15
368,Microglia,Acaca,Lipid synthesis,0.32657065987586975,0.3351112902164459,-0.03713286236485594,0.5507032799404722,92,15
369,Microglia,Fasn,Lipid synthesis,0.4678494930267334,0.545577347278595,-0.2213007964621291,0.026976871042769177,92,15
370,Microglia,Elovl1,Lipid synthesis,0.4138239920139313,0.4082091748714447,0.01966084507125144,0.5627507570190539,92,15
371,Microglia,Srebf1,Lipid synthesis,0.27933579683303833,0.2344755232334137,0.2515788726670533,0.04786630055767485,92,15
372,Microglia,Mlxipl,Lipid synthesis,0.6760655045509338,1.2345763444900513,-0.8678168323418175,1.0067886559339462e-07,92,15
373,Microglia,Hmgcr,Cholesterol synthesis,0.40846413373947144,0.4014514982700348,0.0249221608926309,0.847021479321977,92,15
374,Microglia,Lss,Cholesterol synthesis,0.13988329470157623,0.16473622620105743,-0.23438842403303914,0.05891552661221885,92,15
375,Microglia,Srebf2,Cholesterol synthesis,0.6327543258666992,0.8300049901008606,-0.39093345059285106,0.00017950433921836817,92,15
376,Microglia,Ldlr,Cholesterol / lipid transport,0.23069491982460022,0.2937721908092499,-0.34737401331654644,0.03234926681358636,92,15
377,Microglia,Abca1,Cholesterol / lipid transport,1.405194640159607,0.6478725671768188,1.11578922200784,2.3042326620254684e-07,92,15
378,Microglia,Apod,Cholesterol / lipid transport,2.411179304122925,1.8904592990875244,0.3508374183996901,0.00028387029063683104,92,15
379,Microglia,Lpl,Cholesterol / lipid transport,0.42559948563575745,0.25808995962142944,0.7194291175873022,0.003806072071191505,92,15
380,Microglia,Nr1h2,Cholesterol / lipid transport,0.35158294439315796,0.30830666422843933,0.1889247707643273,0.018501739543047103,92,15
381,Microglia,Nr1h3,Cholesterol / lipid transport,0.17418172955513,0.0630171000957489,1.452323087028827,3.71084656234808e-07,92,15
382,Microglia,Plin2,Cholesterol / lipid transport,0.8247619271278381,0.29445841908454895,1.4827707935606003,3.264461646612501e-09,92,15
383,Microglia,Plin4,Cholesterol / lipid transport,0.10679017752408981,0.10262306779623032,0.05688051639865044,0.9320675689945737,92,15
384,Microglia,Ugt8a,Myelin lipid synthesis,0.31888964772224426,0.663253664970398,-1.054159978029132,2.7906891358670573e-07,92,15
385,Microglia,Cers2,Myelin lipid synthesis,0.8015637397766113,0.8536846041679382,-0.09077615875810795,0.27958577984312394,92,15
386,Microglia,Hif1a,Nutrient sensing / regulators,1.1696765422821045,0.6420227289199829,0.8644008760188674,1.8919215244099415e-08,92,15
387,Microglia,Epas1,Nutrient sensing / regulators,0.7526991367340088,0.7699922919273376,-0.03272769647115228,0.7432779027488974,92,15
388,Microglia,Prkaa1,Nutrient sensing / regulators,0.41254231333732605,0.3676984906196594,0.16559344208730264,0.06650791455922059,92,15
389,Microglia,Prkaa2,Nutrient sensing / regulators,0.035475973039865494,0.03558679297566414,-0.0043764971717982805,0.9178082721217072,92,15
390,Microglia,Mtor,Nutrient sensing / regulators,0.3753686249256134,0.3921014666557312,-0.0627553802041822,0.9249369135642705,92,15
391,Microglia,Rptor,Nutrient sensing / regulators,0.4987313151359558,0.7084416747093201,-0.505531455080368,5.156097339736083e-07,92,15
392,Microglia,Tsc2,Nutrient sensing / regulators,0.4483870267868042,0.45337870717048645,-0.015936753286356947,0.6962948499132544,92,15
393,Microglia,Ddit4,Nutrient sensing / regulators,0.4445017874240875,0.47650206089019775,-0.10007573972637725,0.9892611590546484,92,15
394,Microglia,Txnip,Nutrient sensing / regulators,1.69266939163208,1.9646188020706177,-0.2148312783509592,0.0003374320540178592,92,15
395,Microglia,Sirt1,Nutrient sensing / regulators,0.11703193932771683,0.11414051055908203,0.03578178967052066,0.8259963294508014,92,15
396,Microglia,Sirt3,Nutrient sensing / regulators,0.08496585488319397,0.0743156298995018,0.19081445215139584,0.08251404900047532,92,15
397,Microglia,Ppara,Nutrient sensing / regulators,0.0258428193628788,0.029653068631887436,-0.19149529807772178,0.5626703842860538,92,15
398,Microglia,Pparg,Nutrient sensing / regulators,0.019727244973182678,0.007887101732194424,1.2217434606928714,0.0023912667432674207,92,15
399,Microglia,Nfe2l2,Nutrient sensing / regulators,1.2413829565048218,0.8924248814582825,0.4756916048344959,4.4802633856320907e-07,92,15
400,Astrocytes,Bdh1,Ketone body synthesis,1.243127703666687,1.2599536180496216,-0.019380630945983513,0.9892611590546484,92,15
401,Astrocytes,Acss1,Ketone body utilisation,1.0331172943115234,0.9716984033584595,0.08833537720394126,0.06136211645338021,92,15
402,Astrocytes,Acss2,Ketone body utilisation,1.145582914352417,1.5529998540878296,-0.4386456820967464,8.981469905046381e-07,92,15
403,Astrocytes,Hcar2,Ketone / SCFA receptors,0.009045104496181011,0.002164832316339016,1.666291604204753,0.0024619405187532185,92,15
404,Astrocytes,Ffar3,Ketone / SCFA receptors,0.0006040057633072138,0.0006378215621225536,-0.030098860857713954,0.5373041318935206,92,15
405,Astrocytes,Ffar2,Ketone / SCFA receptors,0.0022997730411589146,0.0028024434577673674,-0.20455999615136958,0.5905122258880967,92,15
406,Astrocytes,Slc16a1,Monocarboxylate transporters,1.2337448596954346,0.7047922611236572,0.8068974462738321,2.1498535570592825e-05,92,15
407,Astrocytes,Slc16a3,Monocarboxylate transporters,0.024299437180161476,0.008964796550571918,1.3441930353576652,0.00045057123048566347,92,15
408,Astrocytes,Slc2a1,Glucose transporters,1.7136226892471313,1.6678485870361328,0.03903807316383141,0.260116643164524,92,15
409,Astrocytes,Slc2a3,Glucose transporters,0.24975375831127167,0.2782630920410156,-0.15535359261194576,0.22064348968990632,92,15
410,Astrocytes,Slc2a4,Glucose transporters,0.3211662471294403,0.26724180579185486,0.26427125254823947,0.10150969588810763,92,15
411,Astrocytes,Hk1,Glycolysis,1.1703583002090454,1.0949559211730957,0.09599266627051214,0.03695780570945351,92,15
412,Astrocytes,Hk2,Glycolysis,0.11336246877908707,0.05512697622179985,1.0268474264148477,1.6179628794151314e-06,92,15
413,Astrocytes,Gpi1,Glycolysis,1.5460678339004517,1.634527564048767,-0.08021961814232885,0.12827768734325687,92,15
414,Astrocytes,Pfkl,Glycolysis,1.0025166273117065,0.6908100843429565,0.5366165721946371,6.163590850766966e-05,92,15
415,Astrocytes,Pfkp,Glycolysis,2.3534414768218994,2.327946186065674,0.015707558516996477,0.9964202902803297,92,15
416,Astrocytes,Pfkfb2,Glycolysis,0.5184668898582458,0.6018571257591248,-0.2147843342845582,0.015215652333008868,92,15
417,Astrocytes,Aldoa,Glycolysis,3.4544551372528076,3.3829398155212402,0.030171838651155417,0.06650791455922059,92,15
418,Astrocytes,Aldoc,Glycolysis,4.633671760559082,4.529351711273193,0.0328441096480433,0.029558237645117474,92,15
419,Astrocytes,Tpi1,Glycolysis,1.942254900932312,2.0855681896209717,-0.10265691428861877,0.11122456135710289,92,15
420,Astrocytes,Pgk1,Glycolysis,2.065816879272461,2.054877519607544,0.007656253630225642,0.8610999705387978,92,15
421,Astrocytes,Eno1,Glycolysis,0.6622380614280701,0.7058414816856384,-0.0918599067944299,0.30422644223797346,92,15
422,Astrocytes,Eno2,Glycolysis,1.7942721843719482,1.9428982734680176,-0.11475013279199724,0.12827768734325687,92,15
423,Astrocytes,Pkm,Glycolysis,2.11407732963562,2.035688638687134,0.054484967523811795,0.3000224901397376,92,15
424,Astrocytes,Ldha,Glycolysis,0.7742222547531128,0.6994388699531555,0.14635084113090677,0.33474474452499126,92,15
425,Astrocytes,Ldhb,Glycolysis,3.3588249683380127,3.449910879135132,-0.038591139113863825,0.11122456135710289,92,15
426,Astrocytes,Pdk1,Pyruvate fate,0.08731026947498322,0.07546920329332352,0.20770237336346653,0.14729719949502537,92,15
427,Astrocytes,Pdk4,Pyruvate fate,0.3231351971626282,0.2876848876476288,0.16710010242492382,0.33474474452499126,92,15
428,Astrocytes,Mpc1,Pyruvate fate,1.1133402585983276,1.166139841079712,-0.06678760803336542,0.4483185845486881,92,15
429,Astrocytes,Mpc2,Pyruvate fate,0.6937492489814758,0.8762503862380981,-0.33649630793655033,0.005188376388010386,92,15
430,Astrocytes,Pcx,Pyruvate fate,0.8007896542549133,0.9248297810554504,-0.207523168315317,0.0007533929035967718,92,15
431,Astrocytes,G6pdx,Pentose phosphate pathway,0.05386871472001076,0.04059687629342079,0.3995085879629332,0.036152503448074275,92,15
432,Astrocytes,Pygb,Glycogen,1.8497285842895508,1.826977252960205,0.017845216678258884,0.33474474452499126,92,15
433,Astrocytes,Agl,Glycogen,1.182605504989624,1.287030816078186,-0.12197879859412789,0.02292612148840475,92,15
434,Astrocytes,Cs,TCA cycle,1.8606048822402954,1.8332327604293823,0.021370173835108124,0.556711134771527,92,15
435,Astrocytes,Idh2,TCA cycle,0.4400773346424103,0.46892690658569336,-0.09140474694324159,0.49811167135687706,92,15
436,Astrocytes,Ogdh,TCA cycle,1.2899141311645508,1.3917078971862793,-0.10949966382256146,0.3767806343630259,92,15
437,Astrocytes,Sdha,TCA cycle,1.8080689907073975,1.9808838367462158,-0.13162497730761635,0.10922502745873773,92,15
438,Astrocytes,Sdhb,TCA cycle,1.657310962677002,1.764499306678772,-0.09036169146915342,0.04121458925625912,92,15
439,Astrocytes,Fh1,TCA cycle,0.7199962735176086,0.8158595561981201,-0.18009625223317394,0.01988547768277828,92,15
440,Astrocytes,Got2,Anaplerosis / amino acids,0.4864758253097534,0.5614622831344604,-0.2064256820742768,0.13992678860270813,92,15
441,Astrocytes,Glud1,Anaplerosis / amino acids,2.1524229049682617,2.571120262145996,-0.25632642459074995,0.00026476579543975847,92,15
442,Astrocytes,Idh1,Anaplerosis / amino acids,0.9618754386901855,1.002121090888977,-0.059074687524622305,0.8329916444809674,92,15
443,Astrocytes,Ndufs1,Oxidative phosphorylation,1.3296536207199097,1.41709566116333,-0.09181978083153361,0.1423513882878648,92,15
444,Astrocytes,Atp5o,Oxidative phosphorylation,2.2786006927490234,2.4229302406311035,-0.0885670432310855,0.10922502745873773,92,15
445,Astrocytes,Ppargc1a,Mitochondrial biogenesis / dynamics,0.6523424983024597,0.8660330176353455,-0.40824744750339975,0.0008304102541277978,92,15
446,Astrocytes,Tfam,Mitochondrial biogenesis / dynamics,0.1875842809677124,0.20844241976737976,-0.15134424217346054,0.16840086018758238,92,15
447,Astrocytes,Nrf1,Mitochondrial biogenesis / dynamics,0.26184535026550293,0.3131101727485657,-0.2570564529013168,0.006289610541754891,92,15
448,Astrocytes,Opa1,Mitochondrial biogenesis / dynamics,0.4569006860256195,0.5760581493377686,-0.3336819780903402,0.003916254573719209,92,15
449,Astrocytes,Mfn2,Mitochondrial biogenesis / dynamics,0.7313855886459351,0.8019660711288452,-0.1327356256736622,0.06784846166150343,92,15
450,Astrocytes,Dnm1l,Mitochondrial biogenesis / dynamics,0.9869668483734131,1.067283034324646,-0.11275939238871438,0.09248288309451495,92,15
451,Astrocytes,Pink1,Mitochondrial biogenesis / dynamics,1.6288756132125854,1.809226155281067,-0.15140808054996502,0.04888647308543596,92,15
452,Astrocytes,Prkn,Mitochondrial biogenesis / dynamics,0.14569419622421265,0.15401288866996765,-0.07957638083151423,0.8400002078539769,92,15
453,Astrocytes,Cd36,Fatty acid uptake / activation,0.02178599312901497,0.004081128630787134,2.164926359782233,0.0003676267923921754,92,15
454,Astrocytes,Fabp7,Fatty acid uptake / activation,1.1255948543548584,0.8584269285202026,0.3905219002359801,0.002054516119758414,92,15
455,Astrocytes,Acsl1,Fatty acid uptake / activation,0.11544819176197052,0.11521529406309128,0.0028882956536287435,0.7843324956811378,92,15
456,Astrocytes,Acsl6,Fatty acid uptake / activation,3.195945978164673,3.4250030517578125,-0.09983207078747149,0.002054516119758414,92,15
457,Astrocytes,Cpt1a,Fatty acid beta-oxidation,0.9555268287658691,0.9499870538711548,0.008379732709313518,0.5211512695541882,92,15
458,Astrocytes,Cpt1c,Fatty acid beta-oxidation,0.45905742049217224,0.3642871081829071,0.33278309885850943,0.0025325484862129617,92,15
459,Astrocytes,Cpt2,Fatty acid beta-oxidation,0.34651046991348267,0.2968807816505432,0.22232139614251903,0.014122820553948874,92,15
460,Astrocytes,Slc25a20,Fatty acid beta-oxidation,0.6089485883712769,0.5349448919296265,0.18660298081489451,0.007200570301894058,92,15
461,Astrocytes,Hadhb,Fatty acid beta-oxidation,1.1562514305114746,1.2220215797424316,-0.07974751389815231,0.20419721946408087,92,15
462,Astrocytes,Echs1,Fatty acid beta-oxidation,1.3225494623184204,1.3631916046142578,-0.04363417849572071,0.5153403743326099,92,15
463,Astrocytes,Acaa2,Fatty acid beta-oxidation,0.49309784173965454,0.5344753861427307,-0.11602350706458074,0.33026813110740316,92,15
464,Astrocytes,Decr1,Fatty acid beta-oxidation,0.5169872641563416,0.47102126479148865,0.13406477137558137,0.27958577984312394,92,15
465,Astrocytes,Acox1,Fatty acid beta-oxidation,1.6976734399795532,1.5249017477035522,0.1547464589875171,8.330955737394069e-05,92,15
466,Astrocytes,Ehhadh,Fatty acid beta-oxidation,0.10955583304166794,0.11021199077367783,-0.008537201223372475,0.9749460664662738,92,15
467,Astrocytes,Acly,Lipid synthesis,1.4264194965362549,1.729299545288086,-0.2776124324622856,2.0219271230272434e-06,92,15
468,Astrocytes,Acaca,Lipid synthesis,0.7566166520118713,0.8571567535400391,-0.17977315806337918,0.05655047670842799,92,15
469,Astrocytes,Fasn,Lipid synthesis,2.147740602493286,2.228682041168213,-0.05334666240905864,0.1856617866167577,92,15
470,Astrocytes,Elovl1,Lipid synthesis,0.3191119134426117,0.24479803442955017,0.38110299095866923,0.02347033932982364,92,15
471,Astrocytes,Srebf1,Lipid synthesis,1.5617740154266357,1.1787680387496948,0.40560594227029867,3.324358239443124e-05,92,15
472,Astrocytes,Mlxipl,Lipid synthesis,0.03097507171332836,0.03886391222476959,-0.3181357077372041,0.06389224252341584,92,15
473,Astrocytes,Hmgcr,Cholesterol synthesis,1.3840968608856201,1.8495142459869385,-0.41793937354232563,2.23761403371622e-05,92,15
474,Astrocytes,Lss,Cholesterol synthesis,0.4043416976928711,0.4852561354637146,-0.2625778600523634,0.0007057915060826829,92,15
475,Astrocytes,Srebf2,Cholesterol synthesis,1.514809489250183,1.5554606914520264,-0.03818069851993681,0.30422644223797346,92,15
476,Astrocytes,Ldlr,Cholesterol / lipid transport,0.42524996399879456,0.6202656626701355,-0.5435106064959325,8.975879846480869e-05,92,15
477,Astrocytes,Abca1,Cholesterol / lipid transport,1.0065122842788696,0.7307167649269104,0.46144021014028724,0.000524197548091939,92,15
478,Astrocytes,Apod,Cholesterol / lipid transport,0.8714108467102051,0.6854314208030701,0.34589211469742154,0.013433312218630561,92,15
479,Astrocytes,Lpl,Cholesterol / lipid transport,0.12495382130146027,0.057320769876241684,1.110813223010321,0.0009146781652022411,92,15
480,Astrocytes,Nr1h2,Cholesterol / lipid transport,0.27683576941490173,0.26363405585289,0.07023361367370634,0.4483185845486881,92,15
481,Astrocytes,Nr1h3,Cholesterol / lipid transport,0.20704762637615204,0.14360494911670685,0.5247968992153232,2.1498535570592825e-05,92,15
482,Astrocytes,Plin2,Cholesterol / lipid transport,0.8453555107116699,0.5022224187850952,0.7500675967769873,9.50266706606302e-06,92,15
483,Astrocytes,Plin4,Cholesterol / lipid transport,0.4399082362651825,0.2300993651151657,0.9319651306886374,0.00045837892236734234,92,15
484,Astrocytes,Ugt8a,Myelin lipid synthesis,0.4769829511642456,0.594039261341095,-0.3160257015025022,0.010963674697245771,92,15
485,Astrocytes,Cers2,Myelin lipid synthesis,0.7000935673713684,0.6177160143852234,0.18032962189938617,0.04786630055767485,92,15
486,Astrocytes,Hif1a,Nutrient sensing / regulators,1.9655559062957764,1.8129605054855347,0.11652815548128519,0.03946447689895955,92,15
487,Astrocytes,Epas1,Nutrient sensing / regulators,1.777970552444458,1.815021276473999,-0.029738475653982292,0.45370765455085205,92,15
488,Astrocytes,Prkaa1,Nutrient sensing / regulators,0.38866734504699707,0.4118184745311737,-0.08326450031271465,0.7365023798654196,92,15
489,Astrocytes,Prkaa2,Nutrient sensing / regulators,0.30908137559890747,0.34234219789505005,-0.14700030416079998,0.06784846166150343,92,15
490,Astrocytes,Mtor,Nutrient sensing / regulators,0.5635092258453369,0.6373435854911804,-0.17733599766057298,0.01068523958978812,92,15
491,Astrocytes,Rptor,Nutrient sensing / regulators,0.4615976810455322,0.4556105434894562,0.018793861022856333,0.41675756604242087,92,15
492,Astrocytes,Tsc2,Nutrient sensing / regulators,0.7594791650772095,0.7620239853858948,-0.004819685542190806,0.5507032799404722,92,15
493,Astrocytes,Ddit4,Nutrient sensing / regulators,1.475538969039917,1.4491198062896729,0.026047334767027395,0.5387841219624019,92,15
494,Astrocytes,Txnip,Nutrient sensing / regulators,0.40012475848197937,0.22232955694198608,0.8448768160553753,1.37739587714537e-05,92,15
495,Astrocytes,Sirt1,Nutrient sensing / regulators,0.09394178539514542,0.119221992790699,-0.34058575413342623,0.005483730628858261,92,15
496,Astrocytes,Sirt3,Nutrient sensing / regulators,0.2803446352481842,0.3011249601840973,-0.10280692388565439,0.09248288309451495,92,15
497,Astrocytes,Ppara,Nutrient sensing / regulators,0.13734202086925507,0.17525427043437958,-0.3494187764898084,0.00024687177725333343,92,15
498,Astrocytes,Pparg,Nutrient sensing / regulators,0.008892705664038658,0.006882478017359972,0.32771591183598825,0.681577147501349,92,15
499,Astrocytes,Nfe2l2,Nutrient sensing / regulators,0.7919296622276306,0.6442546248435974,0.29732431878831633,0.00029389984155869916,92,15
500,DA Oligodendrocytes,Bdh1,Ketone body synthesis,0.32719317078590393,0.2839168310165405,0.2040043696815139,0.04587957431290994,92,15
501,DA Oligodendrocytes,Acss1,Ketone body utilisation,0.11838165670633316,0.12477055937051773,-0.07521307284695332,0.9606390394759105,92,15
502,DA Oligodendrocytes,Acss2,Ketone body utilisation,0.7014972567558289,0.7262932658195496,-0.05004462647072748,0.3767806343630259,92,15
503,DA Oligodendrocytes,Hcar2,Ketone / SCFA receptors,0.03684287518262863,0.008954163640737534,1.9266496948719365,2.470414881613946e-06,92,15
504,DA Oligodendrocytes,Ffar3,Ketone / SCFA receptors,0.0008788440027274191,0.0012845643796026707,-0.2820738114546502,0.35569344373947875,92,15
505,DA Oligodendrocytes,Ffar2,Ketone / SCFA receptors,0.008166463114321232,0.0034082152415066957,1.0561705077624037,0.0025637789713993447,92,15
506,DA Oligodendrocytes,Slc16a1,Monocarboxylate transporters,0.8719835877418518,0.5735980868339539,0.6034013418468602,1.4348405239680761e-05,92,15
507,DA Oligodendrocytes,Slc16a3,Monocarboxylate transporters,0.15869711339473724,0.08702456951141357,0.8593600639041974,1.758025094958752e-05,92,15
508,DA Oligodendrocytes,Slc2a1,Glucose transporters,0.5677712559700012,0.5806596279144287,-0.03232661520676751,0.7029407025756242,92,15
509,DA Oligodendrocytes,Slc2a3,Glucose transporters,0.05419425293803215,0.027367612347006798,0.9602733286686291,0.00013442237992759642,92,15
510,DA Oligodendrocytes,Slc2a4,Glucose transporters,0.3756152093410492,0.48647308349609375,-0.3722312972935313,0.037777860383742076,92,15
511,DA Oligodendrocytes,Hk1,Glycolysis,0.4154525399208069,0.31728988885879517,0.3878107639665226,0.00011624296113375153,92,15
512,DA Oligodendrocytes,Hk2,Glycolysis,0.285304993391037,0.22056502103805542,0.36982269443338284,0.025170793460063203,92,15
513,DA Oligodendrocytes,Gpi1,Glycolysis,0.7962016463279724,0.7140242457389832,0.15695252650821787,0.033081314169442405,92,15
514,DA Oligodendrocytes,Pfkl,Glycolysis,0.482210248708725,0.25880739092826843,0.895208581253828,6.506395429949102e-07,92,15
515,DA Oligodendrocytes,Pfkp,Glycolysis,0.44501471519470215,0.27628740668296814,0.6857092129624218,5.402473271096374e-07,92,15
516,DA Oligodendrocytes,Pfkfb2,Glycolysis,0.24965518712997437,0.21170231699943542,0.2368683410863285,0.10339661137252167,92,15
517,DA Oligodendrocytes,Aldoa,Glycolysis,2.442392349243164,1.9833472967147827,0.30022099827494536,2.635172081076438e-06,92,15
518,DA Oligodendrocytes,Aldoc,Glycolysis,1.935734510421753,1.9769304990768433,-0.030365531916322446,0.5211512695541882,92,15
519,DA Oligodendrocytes,Tpi1,Glycolysis,0.8284509181976318,0.5478746294975281,0.595679958388941,9.50266706606302e-06,92,15
520,DA Oligodendrocytes,Pgk1,Glycolysis,1.016807198524475,0.7498552799224854,0.4388575258820523,4.537734346436845e-05,92,15
521,DA Oligodendrocytes,Eno1,Glycolysis,0.1548158973455429,0.09963217377662659,0.6307508015369813,0.0014679816225122602,92,15
522,DA Oligodendrocytes,Eno2,Glycolysis,0.5289670825004578,0.3153609037399292,0.7443314324407914,1.6212016781480295e-05,92,15
523,DA Oligodendrocytes,Pkm,Glycolysis,1.09412682056427,0.7112799882888794,0.6205815869759075,3.57678677965571e-06,92,15
524,DA Oligodendrocytes,Ldha,Glycolysis,0.3402691185474396,0.14697851240634918,1.2055221699412872,2.3287775221073904e-05,92,15
525,DA Oligodendrocytes,Ldhb,Glycolysis,1.484022855758667,1.5788241624832153,-0.08927885706561861,0.3530400288049943,92,15
526,DA Oligodendrocytes,Pdk1,Pyruvate fate,0.08915188908576965,0.05656607821583748,0.6471387932761129,0.021347585064561907,92,15
527,DA Oligodendrocytes,Pdk4,Pyruvate fate,0.3011864423751831,0.17151950299739838,0.8086794702932933,0.00010032305159821261,92,15
528,DA Oligodendrocytes,Mpc1,Pyruvate fate,0.771562933921814,0.6799013614654541,0.18220664363939165,0.06389224252341584,92,15
529,DA Oligodendrocytes,Mpc2,Pyruvate fate,0.33687472343444824,0.30526724457740784,0.141697347560582,0.188661471350558,92,15
530,DA Oligodendrocytes,Pcx,Pyruvate fate,0.4672936499118805,0.5224012136459351,-0.1605037945207199,0.19476779189976756,92,15
531,DA Oligodendrocytes,G6pdx,Pentose phosphate pathway,0.038206763565540314,0.021472927182912827,0.8029145021918748,0.0062531292761981135,92,15
532,DA Oligodendrocytes,Pygb,Glycogen,0.4823881685733795,0.5353423953056335,-0.14997213394514355,0.1826975152198399,92,15
533,DA Oligodendrocytes,Agl,Glycogen,0.2661685645580292,0.21830852329730988,0.2847883856015221,0.013433312218630561,92,15
534,DA Oligodendrocytes,Cs,TCA cycle,0.7238072752952576,0.5857011675834656,0.30497157349871223,0.002608590585960268,92,15
535,DA Oligodendrocytes,Idh2,TCA cycle,0.3122248947620392,0.2853582203388214,0.12937786219832023,0.4756254803765738,92,15
536,DA Oligodendrocytes,Ogdh,TCA cycle,0.6458380818367004,0.5054623484611511,0.35294959844693896,0.0008039613344976861,92,15
537,DA Oligodendrocytes,Sdha,TCA cycle,1.127617597579956,1.1663575172424316,-0.048689721786432015,0.5627507570190539,92,15
538,DA Oligodendrocytes,Sdhb,TCA cycle,1.0005147457122803,0.7804526090621948,0.3579533734759871,1.4945655247042343e-05,92,15
539,DA Oligodendrocytes,Fh1,TCA cycle,0.2729390263557434,0.23133434355258942,0.23765238389028331,0.149818859399285,92,15
540,DA Oligodendrocytes,Got2,Anaplerosis / amino acids,0.30449366569519043,0.24827022850513458,0.29343188118943336,0.0130998471620151,92,15
541,DA Oligodendrocytes,Glud1,Anaplerosis / amino acids,0.7580503225326538,0.7972815036773682,-0.07270204923722222,0.3865463417773155,92,15
542,DA Oligodendrocytes,Idh1,Anaplerosis / amino acids,0.5139769315719604,0.46286794543266296,0.1507936527313859,0.16292345405552522,92,15
543,DA Oligodendrocytes,Ndufs1,Oxidative phosphorylation,0.7311693429946899,0.6300210356712341,0.21448926756152692,0.004907471603164991,92,15
544,DA Oligodendrocytes,Atp5o,Oxidative phosphorylation,1.294083833694458,1.1161198616027832,0.21326150145104109,0.0030210590655570012,92,15
545,DA Oligodendrocytes,Ppargc1a,Mitochondrial biogenesis / dynamics,0.0520801842212677,0.0682310089468956,-0.38324499584083493,0.22403232417461183,92,15
546,DA Oligodendrocytes,Tfam,Mitochondrial biogenesis / dynamics,0.13273876905441284,0.08543236553668976,0.629774192297183,6.163590850766966e-05,92,15
547,DA Oligodendrocytes,Nrf1,Mitochondrial biogenesis / dynamics,0.1466246098279953,0.11445116996765137,0.3546504533065113,0.01805931945470468,92,15
548,DA Oligodendrocytes,Opa1,Mitochondrial biogenesis / dynamics,0.35273247957229614,0.32625436782836914,0.11224624499976711,0.34381468721763875,92,15
549,DA Oligodendrocytes,Mfn2,Mitochondrial biogenesis / dynamics,0.38987278938293457,0.28786876797676086,0.43628492439523775,1.6882929710823358e-05,92,15
550,DA Oligodendrocytes,Dnm1l,Mitochondrial biogenesis / dynamics,0.46634453535079956,0.3556579649448395,0.3899453321900054,0.00014465001072751455,92,15
551,DA Oligodendrocytes,Pink1,Mitochondrial biogenesis / dynamics,1.4014571905136108,1.685843825340271,-0.26636967563248315,0.001379598052526009,92,15
552,DA Oligodendrocytes,Prkn,Mitochondrial biogenesis / dynamics,0.1189834326505661,0.10763547569513321,0.1433399092944952,0.21395448383471194,92,15
553,DA Oligodendrocytes,Cd36,Fatty acid uptake / activation,0.07360214740037918,0.021093111485242844,1.755620543539712,2.200189956468608e-05,92,15
554,DA Oligodendrocytes,Fabp7,Fatty acid uptake / activation,0.6890661716461182,0.38485100865364075,0.8386908339604187,0.00018603082623854208,92,15
555,DA Oligodendrocytes,Acsl1,Fatty acid uptake / activation,0.4318118393421173,0.475811630487442,-0.13967946286882804,0.08094054939984197,92,15
556,DA Oligodendrocytes,Acsl6,Fatty acid uptake / activation,0.4798180162906647,0.6437824964523315,-0.42332162540297047,0.0005419761528536557,92,15
557,DA Oligodendrocytes,Cpt1a,Fatty acid beta-oxidation,0.21549567580223083,0.14641572535037994,0.554447779466221,0.0002383562640528178,92,15
558,DA Oligodendrocytes,Cpt1c,Fatty acid beta-oxidation,0.2741769850254059,0.20651453733444214,0.4071474050855035,0.002117315412373028,92,15
559,DA Oligodendrocytes,Cpt2,Fatty acid beta-oxidation,0.15256397426128387,0.09258131682872772,0.71454736814404,1.6882929710823358e-05,92,15
560,DA Oligodendrocytes,Slc25a20,Fatty acid beta-oxidation,0.15688680112361908,0.08427409082651138,0.8887111978005947,0.00013451920487976893,92,15
561,DA Oligodendrocytes,Hadhb,Fatty acid beta-oxidation,0.37395045161247253,0.349474161863327,0.09739187329827365,0.24889619398579765,92,15
562,DA Oligodendrocytes,Echs1,Fatty acid beta-oxidation,0.9010513424873352,0.742405116558075,0.2790609326578168,0.0011074744157010088,92,15
563,DA Oligodendrocytes,Acaa2,Fatty acid beta-oxidation,0.11078818887472153,0.13072510063648224,-0.23676251548664703,0.23801864259676353,92,15
564,DA Oligodendrocytes,Decr1,Fatty acid beta-oxidation,0.1878320276737213,0.1282077580690384,0.5474107830902037,0.0012961453340484192,92,15
565,DA Oligodendrocytes,Acox1,Fatty acid beta-oxidation,1.2090967893600464,0.8702932596206665,0.47389215826939746,2.521850525969057e-06,92,15
566,DA Oligodendrocytes,Ehhadh,Fatty acid beta-oxidation,0.050218239426612854,0.035697273910045624,0.48098476750323205,0.05538595957182474,92,15
567,DA Oligodendrocytes,Acly,Lipid synthesis,1.1835646629333496,1.1127289533615112,0.08895878571843457,0.4867984224683819,92,15
568,DA Oligodendrocytes,Acaca,Lipid synthesis,0.8332206010818481,0.617160975933075,0.4324463592789535,2.423468353545085e-05,92,15
569,DA Oligodendrocytes,Fasn,Lipid synthesis,1.6052916049957275,1.3243272304534912,0.2773852095690349,0.00018603082623854208,92,15
570,DA Oligodendrocytes,Elovl1,Lipid synthesis,0.5523418188095093,0.4262274503707886,0.373166613021924,0.0014679816225122602,92,15
571,DA Oligodendrocytes,Srebf1,Lipid synthesis,0.40201491117477417,0.24822576344013214,0.6933800050184316,4.200071275836112e-05,92,15
572,DA Oligodendrocytes,Mlxipl,Lipid synthesis,0.0996183305978775,0.22848458588123322,-1.189504094777202,1.9840647057947367e-05,92,15
573,DA Oligodendrocytes,Hmgcr,Cholesterol synthesis,0.6401340961456299,0.5754980444908142,0.15331042051473837,0.8540549156093734,92,15
574,DA Oligodendrocytes,Lss,Cholesterol synthesis,0.41954854130744934,0.4288099408149719,-0.03142651895125717,0.3865463417773155,92,15
575,DA Oligodendrocytes,Srebf2,Cholesterol synthesis,1.1867297887802124,0.9843575358390808,0.26948745217619585,0.011539955770824476,92,15
576,DA Oligodendrocytes,Ldlr,Cholesterol / lipid transport,0.4204487204551697,0.3858013153076172,0.12376440203865127,0.6375806331402072,92,15
577,DA Oligodendrocytes,Abca1,Cholesterol / lipid transport,0.5364982485771179,0.19626125693321228,1.4461524221422646,3.594935296117131e-05,92,15
578,DA Oligodendrocytes,Apod,Cholesterol / lipid transport,3.794722557067871,3.082763433456421,0.2996824492829193,1.5566564020886395e-05,92,15
579,DA Oligodendrocytes,Lpl,Cholesterol / lipid transport,0.18184742331504822,0.10884629189968109,0.7351541270948343,0.07636571780506078,92,15
580,DA Oligodendrocytes,Nr1h2,Cholesterol / lipid transport,0.23880234360694885,0.1937570571899414,0.3001701518586137,0.10150969588810763,92,15
581,DA Oligodendrocytes,Nr1h3,Cholesterol / lipid transport,0.05510496720671654,0.02547471970319748,1.0835130942982303,0.00013447333392574198,92,15
582,DA Oligodendrocytes,Plin2,Cholesterol / lipid transport,0.35586103796958923,0.1265769600868225,1.4839945893776052,1.2921949359300848e-06,92,15
583,DA Oligodendrocytes,Plin4,Cholesterol / lipid transport,1.6269629001617432,0.5481560826301575,1.5677796629105507,3.0697341798767256e-07,92,15
584,DA Oligodendrocytes,Ugt8a,Myelin lipid synthesis,2.6420154571533203,2.605332374572754,0.02016378587019077,0.7029407025756242,92,15
585,DA Oligodendrocytes,Cers2,Myelin lipid synthesis,1.8992316722869873,1.5841232538223267,0.26158029584068765,0.0006188588396356592,92,15
586,DA Oligodendrocytes,Hif1a,Nutrient sensing / regulators,0.6880102157592773,0.38643068075180054,0.8305871676008014,6.506395429949102e-07,92,15
587,DA Oligodendrocytes,Epas1,Nutrient sensing / regulators,0.6203767657279968,0.6034260392189026,0.03990248334603993,0.7981582447931944,92,15
588,DA Oligodendrocytes,Prkaa1,Nutrient sensing / regulators,0.40632686018943787,0.2961062490940094,0.4552080025501669,0.00014997798781947615,92,15
589,DA Oligodendrocytes,Prkaa2,Nutrient sensing / regulators,0.07520482689142227,0.06223704293370247,0.269112475864929,0.10530277765341213,92,15
590,DA Oligodendrocytes,Mtor,Nutrient sensing / regulators,0.3670525848865509,0.28429660201072693,0.367449339622307,0.000304260580205124,92,15
591,DA Oligodendrocytes,Rptor,Nutrient sensing / regulators,0.25451257824897766,0.2569102942943573,-0.01347504515682046,0.8681560951582288,92,15
592,DA Oligodendrocytes,Tsc2,Nutrient sensing / regulators,0.6041765809059143,0.4517236351966858,0.41872553242569643,0.0006830532486766677,92,15
593,DA Oligodendrocytes,Ddit4,Nutrient sensing / regulators,0.9718406796455383,0.7514075636863708,0.3706892049638664,0.0010729301175216592,92,15
594,DA Oligodendrocytes,Txnip,Nutrient sensing / regulators,0.4829801917076111,0.44355809688568115,0.12257603286827654,0.3000224901397376,92,15
595,DA Oligodendrocytes,Sirt1,Nutrient sensing / regulators,0.11528065800666809,0.10553321987390518,0.12630776944945044,0.4952692526714966,92,15
596,DA Oligodendrocytes,Sirt3,Nutrient sensing / regulators,0.08508646488189697,0.06840630620718002,0.31071967381891824,0.13990738067609065,92,15
597,DA Oligodendrocytes,Ppara,Nutrient sensing / regulators,0.01584562100470066,0.01805698312819004,-0.17794613362696374,0.9964131148627186,92,15
598,DA Oligodendrocytes,Pparg,Nutrient sensing / regulators,0.007209443487226963,0.006315264385193586,0.16637441938970265,0.01762762307917085,92,15
599,DA Oligodendrocytes,Nfe2l2,Nutrient sensing / regulators,0.6061190962791443,0.36704307794570923,0.7221049145719614,1.287410335143179e-07,92,15
600,DA astrocytes,Bdh1,Ketone body synthesis,0.9676952958106995,1.0956670045852661,-0.17901068701011258,0.11531022152610228,92,15
601,DA astrocytes,Acss1,Ketone body utilisation,0.4278144836425781,0.4736171066761017,-0.14641046558184373,0.03234926681358636,92,15
602,DA astrocytes,Acss2,Ketone body utilisation,0.8679859042167664,1.1438441276550293,-0.39774650602580136,9.115177179967968e-06,92,15
603,DA astrocytes,Hcar2,Ketone / SCFA receptors,0.01667887158691883,0.0017269611125811934,2.6966601606571237,3.5517253898012736e-06,92,15
604,DA astrocytes,Ffar3,Ketone / SCFA receptors,0.0013001937186345458,0.0,1.201755367754219,0.05577697027094424,92,15
605,DA astrocytes,Ffar2,Ketone / SCFA receptors,0.007219358813017607,0.0023524228017777205,1.293821743848382,0.005253871934829292,92,15
606,DA astrocytes,Slc16a1,Monocarboxylate transporters,2.8205161094665527,2.141899824142456,0.39690617791539107,1.3519821073799597e-07,92,15
607,DA astrocytes,Slc16a3,Monocarboxylate transporters,0.14861975610256195,0.026175087317824364,2.460944108266987,6.210042240669113e-07,92,15
608,DA astrocytes,Slc2a1,Glucose transporters,1.4171197414398193,1.7907683849334717,-0.33740480354238334,2.0653758642108227e-05,92,15
609,DA astrocytes,Slc2a3,Glucose transporters,0.20385387539863586,0.12505987286567688,0.7004860729372847,0.0008304102541277978,92,15
610,DA astrocytes,Slc2a4,Glucose transporters,0.9988797307014465,1.159003496170044,-0.2143026758976529,0.03023583350834511,92,15
611,DA astrocytes,Hk1,Glycolysis,1.1037452220916748,1.1462794542312622,-0.05450315409143413,0.36242041033514405,92,15
612,DA astrocytes,Hk2,Glycolysis,0.39225560426712036,0.11339122802019119,1.7814909008715378,1.4576974775216765e-08,92,15
613,DA astrocytes,Gpi1,Glycolysis,1.3243972063064575,1.3526287078857422,-0.030407287113534496,0.9606390394759105,92,15
614,DA astrocytes,Pfkl,Glycolysis,1.1692306995391846,0.6220869421958923,0.9092875827634992,1.5650538689097732e-07,92,15
615,DA astrocytes,Pfkp,Glycolysis,1.7681044340133667,1.449359655380249,0.28660851657241854,0.0012961453340484192,92,15
616,DA astrocytes,Pfkfb2,Glycolysis,0.6207515001296997,1.0344810485839844,-0.7358911611184619,1.4906548266286664e-07,92,15
617,DA astrocytes,Aldoa,Glycolysis,3.391603469848633,3.0105743408203125,0.1718749442367799,8.647738982893011e-05,92,15
618,DA astrocytes,Aldoc,Glycolysis,3.4012839794158936,3.8306851387023926,-0.17147545140754028,0.003296260841295261,92,15
619,DA astrocytes,Tpi1,Glycolysis,1.582300066947937,1.1000523567199707,0.524051627993742,1.2690199886143321e-05,92,15
620,DA astrocytes,Pgk1,Glycolysis,1.8593363761901855,1.2363438606262207,0.5883170211988468,8.194348558317597e-07,92,15
621,DA astrocytes,Eno1,Glycolysis,0.5009504556655884,0.30904775857925415,0.6950545120770261,6.163590850766966e-05,92,15
622,DA astrocytes,Eno2,Glycolysis,0.5407904982566833,0.47742760181427,0.1794344672390232,0.1549607911854991,92,15
623,DA astrocytes,Pkm,Glycolysis,1.4586269855499268,1.1761550903320312,0.3102953206413436,0.000524197548091939,92,15
624,DA astrocytes,Ldha,Glycolysis,0.9083290100097656,0.4589610695838928,0.9832906205907394,2.3042326620254684e-07,92,15
625,DA astrocytes,Ldhb,Glycolysis,2.6482951641082764,2.847496271133423,-0.10459193097139576,0.07200399353165338,92,15
626,DA astrocytes,Pdk1,Pyruvate fate,0.14275367558002472,0.11534338444471359,0.3052096661371013,0.015596127630947781,92,15
627,DA astrocytes,Pdk4,Pyruvate fate,0.28906288743019104,0.3432149589061737,-0.24694407606326696,0.0841122550630477,92,15
628,DA astrocytes,Mpc1,Pyruvate fate,0.9525557160377502,0.8872905969619751,0.10228551772755512,0.11122456135710289,92,15
629,DA astrocytes,Mpc2,Pyruvate fate,0.43065497279167175,0.5638130903244019,-0.3878949165926691,0.00023011693603635473,92,15
630,DA astrocytes,Pcx,Pyruvate fate,0.762992799282074,0.9695653915405273,-0.3452663765795903,3.4571335610853356e-05,92,15
631,DA astrocytes,G6pdx,Pentose phosphate pathway,0.0480932779610157,0.034226905554533005,0.4788477493573762,0.017626745429683954,92,15
632,DA astrocytes,Pygb,Glycogen,1.558506727218628,2.00213623046875,-0.3611707640858579,4.438713574939365e-06,92,15
633,DA astrocytes,Agl,Glycogen,0.7437238097190857,0.9058816432952881,-0.28420879458595816,0.00026476579543975847,92,15
634,DA astrocytes,Cs,TCA cycle,1.3254461288452148,1.126956582069397,0.23385454857968047,0.001379598052526009,92,15
635,DA astrocytes,Idh2,TCA cycle,0.9098755121231079,0.7593860626220703,0.26052180813673226,0.079391499053565,92,15
636,DA astrocytes,Ogdh,TCA cycle,0.8689555525779724,0.7272011041641235,0.2566047649165088,0.0012961453340484192,92,15
637,DA astrocytes,Sdha,TCA cycle,1.3968502283096313,1.528635025024414,-0.12997767067676488,0.2309560540853307,92,15
638,DA astrocytes,Sdhb,TCA cycle,1.5190892219543457,1.4485076665878296,0.06859304146614159,0.3767806343630259,92,15
639,DA astrocytes,Fh1,TCA cycle,0.504249632358551,0.522375226020813,-0.05084926915874705,0.5996371685855291,92,15
640,DA astrocytes,Got2,Anaplerosis / amino acids,0.32144659757614136,0.2883220314979553,0.1563840596443175,0.0960130741031492,92,15
641,DA astrocytes,Glud1,Anaplerosis / amino acids,1.5263441801071167,1.8258508443832397,-0.25833364448098656,0.007596949155676132,92,15
642,DA astrocytes,Idh1,Anaplerosis / amino acids,0.7312910556793213,0.7158586382865906,0.030728521471401447,0.5211512695541882,92,15
643,DA astrocytes,Ndufs1,Oxidative phosphorylation,0.9608252048492432,0.992508053779602,-0.04675692973186971,0.5934139143554689,92,15
644,DA astrocytes,Atp5o,Oxidative phosphorylation,1.76681649684906,1.6556402444839478,0.09370818632159614,0.10922502745873773,92,15
645,DA astrocytes,Ppargc1a,Mitochondrial biogenesis / dynamics,0.32147902250289917,0.5837768316268921,-0.8586808388246049,4.6954429753878885e-07,92,15
646,DA astrocytes,Tfam,Mitochondrial biogenesis / dynamics,0.144795224070549,0.13641922175884247,0.08535964312261234,0.7297472834888805,92,15
647,DA astrocytes,Nrf1,Mitochondrial biogenesis / dynamics,0.19309382140636444,0.21726009249687195,-0.16929417317463333,0.14729719949502537,92,15
648,DA astrocytes,Opa1,Mitochondrial biogenesis / dynamics,0.3192102909088135,0.3550090491771698,-0.15289423875463345,0.07636571780506078,92,15
649,DA astrocytes,Mfn2,Mitochondrial biogenesis / dynamics,0.42605283856391907,0.4484112560749054,-0.07362167586048815,0.12604101176801358,92,15
650,DA astrocytes,Dnm1l,Mitochondrial biogenesis / dynamics,0.7504120469093323,0.7270691394805908,0.04552878668990467,0.21395448383471194,92,15
651,DA astrocytes,Pink1,Mitochondrial biogenesis / dynamics,1.0310572385787964,1.256872296333313,-0.28546247631934324,0.0005419761528536557,92,15
652,DA astrocytes,Prkn,Mitochondrial biogenesis / dynamics,0.18068929016590118,0.2201138585805893,-0.2833160695005447,0.019414511937813232,92,15
653,DA astrocytes,Cd36,Fatty acid uptake / activation,0.03602997586131096,0.02010449208319187,0.8111435003479938,0.037700446818308087,92,15
654,DA astrocytes,Fabp7,Fatty acid uptake / activation,2.0318777561187744,1.402116060256958,0.5348891156432156,1.2690199886143321e-05,92,15
655,DA astrocytes,Acsl1,Fatty acid uptake / activation,0.14689244329929352,0.19438831508159637,-0.40179585308764587,0.006289610541754891,92,15
656,DA astrocytes,Acsl6,Fatty acid uptake / activation,2.433271646499634,3.4491231441497803,-0.5031576854599875,1.3833056307642304e-08,92,15
657,DA astrocytes,Cpt1a,Fatty acid beta-oxidation,0.6946104168891907,0.6406410336494446,0.11651313074314278,0.01068523958978812,92,15
658,DA astrocytes,Cpt1c,Fatty acid beta-oxidation,0.563468337059021,0.4239492416381836,0.40960212980166055,0.0015615572450621814,92,15
659,DA astrocytes,Cpt2,Fatty acid beta-oxidation,0.2914668321609497,0.22353105247020721,0.38135803962613857,0.0007292314875764261,92,15
660,DA astrocytes,Slc25a20,Fatty acid beta-oxidation,0.4304180443286896,0.3022732734680176,0.5084681560505647,8.385009805086556e-06,92,15
661,DA astrocytes,Hadhb,Fatty acid beta-oxidation,0.7326529026031494,0.7394142150878906,-0.013234920288502655,0.9892611590546484,92,15
662,DA astrocytes,Echs1,Fatty acid beta-oxidation,1.2197719812393188,1.0494582653045654,0.2167749105073406,0.0003374320540178592,92,15
663,DA astrocytes,Acaa2,Fatty acid beta-oxidation,0.2780841886997223,0.26961424946784973,0.04446258405455796,0.6764985008897477,92,15
664,DA astrocytes,Decr1,Fatty acid beta-oxidation,0.43473073840141296,0.3303917944431305,0.3948990104410023,0.0018200342165601141,92,15
665,DA astrocytes,Acox1,Fatty acid beta-oxidation,1.9677070379257202,1.680610179901123,0.22740513262801249,5.933708479380333e-05,92,15
666,DA astrocytes,Ehhadh,Fatty acid beta-oxidation,0.07670583575963974,0.08656210452318192,-0.1722836795305672,0.2835955047551819,92,15
667,DA astrocytes,Acly,Lipid synthesis,1.1611018180847168,1.2474651336669922,-0.10341905449849975,0.04888647308543596,92,15
668,DA astrocytes,Acaca,Lipid synthesis,0.6535777449607849,0.7949992418289185,-0.2822025037189604,0.0023164244502639304,92,15
669,DA astrocytes,Fasn,Lipid synthesis,1.8656104803085327,2.0130414962768555,-0.10967250728551259,0.05098162665043172,92,15
670,DA astrocytes,Elovl1,Lipid synthesis,0.43768513202667236,0.3643336296081543,0.26397124873015193,0.024025734337870516,92,15
671,DA astrocytes,Srebf1,Lipid synthesis,1.251433253288269,1.0426486730575562,0.2630975846380791,0.0017122565499830807,92,15
672,DA astrocytes,Mlxipl,Lipid synthesis,0.0395551472902298,0.052336666733026505,-0.3952426326774911,0.028893743405383,92,15
673,DA astrocytes,Hmgcr,Cholesterol synthesis,0.9252110123634338,1.186651587486267,-0.35869885003639557,0.0017122565499830807,92,15
674,DA astrocytes,Lss,Cholesterol synthesis,0.2800934314727783,0.3732014298439026,-0.41276532966166984,0.00017950433921836817,92,15
675,DA astrocytes,Srebf2,Cholesterol synthesis,1.204332709312439,1.4727476835250854,-0.2900581154164603,3.324358239443124e-05,92,15
676,DA astrocytes,Ldlr,Cholesterol / lipid transport,0.3705451488494873,0.5700243711471558,-0.6200147880855404,0.0001395006445550726,92,15
677,DA astrocytes,Abca1,Cholesterol / lipid transport,1.6211669445037842,1.1502615213394165,0.4947067071659923,0.005334207652950577,92,15
678,DA astrocytes,Apod,Cholesterol / lipid transport,1.7521883249282837,1.5018872022628784,0.22224424337035967,0.008674781515269198,92,15
679,DA astrocytes,Lpl,Cholesterol / lipid transport,0.4683910012245178,0.6094245314598083,-0.3790227577291892,0.010963674697245771,92,15
680,DA astrocytes,Nr1h2,Cholesterol / lipid transport,0.23870791494846344,0.2525767982006073,-0.08114520131865006,0.6896722329178524,92,15
681,DA astrocytes,Nr1h3,Cholesterol / lipid transport,0.2805934250354767,0.23326376080513,0.26547985346364233,0.006463037799834643,92,15
682,DA astrocytes,Plin2,Cholesterol / lipid transport,1.143027663230896,0.6713163256645203,0.7669098500564007,2.0928131364251997e-07,92,15
683,DA astrocytes,Plin4,Cholesterol / lipid transport,1.0545170307159424,1.2087122201919556,-0.19671402727414264,0.12165890435775817,92,15
684,DA astrocytes,Ugt8a,Myelin lipid synthesis,0.4972737729549408,0.8572121262550354,-0.7843956474429455,3.9003148790638265e-06,92,15
685,DA astrocytes,Cers2,Myelin lipid synthesis,0.9424786567687988,0.907514214515686,0.05448079487885383,0.2716824159236526,92,15
686,DA astrocytes,Hif1a,Nutrient sensing / regulators,1.5883041620254517,0.971581757068634,0.7085038189976232,1.2258268080101347e-07,92,15
687,DA astrocytes,Epas1,Nutrient sensing / regulators,1.0011413097381592,0.9724969267845154,0.041837624479761124,0.6896722329178524,92,15
688,DA astrocytes,Prkaa1,Nutrient sensing / regulators,0.4780789315700531,0.4548018276691437,0.0718566600209916,0.2106653769075998,92,15
689,DA astrocytes,Prkaa2,Nutrient sensing / regulators,0.32682743668556213,0.3489859402179718,-0.09436036447985317,0.3000224901397376,92,15
690,DA astrocytes,Mtor,Nutrient sensing / regulators,0.42057833075523376,0.49971044063568115,-0.2481758243481927,0.00014997798781947615,92,15
691,DA astrocytes,Rptor,Nutrient sensing / regulators,0.3780166804790497,0.3697318732738495,0.03188518798796272,0.4756254803765738,92,15
692,DA astrocytes,Tsc2,Nutrient sensing / regulators,0.6489654779434204,0.6462284922599792,0.0060879739232636105,0.5387841219624019,92,15
693,DA astrocytes,Ddit4,Nutrient sensing / regulators,0.8137283325195312,0.7868781685829163,0.0483465197192841,0.36242041033514405,92,15
694,DA astrocytes,Txnip,Nutrient sensing / regulators,1.5708619356155396,0.7862606644630432,0.9975612033678266,5.156097339736083e-07,92,15
695,DA astrocytes,Sirt1,Nutrient sensing / regulators,0.1089518666267395,0.1109607145190239,-0.026120502456867315,0.8190147998588244,92,15
696,DA astrocytes,Sirt3,Nutrient sensing / regulators,0.17303594946861267,0.20586469769477844,-0.2493021194620073,0.029558237645117474,92,15
697,DA astrocytes,Ppara,Nutrient sensing / regulators,0.0654975175857544,0.08758937567472458,-0.4138332055015862,0.03946447689895955,92,15
698,DA astrocytes,Pparg,Nutrient sensing / regulators,0.045399345457553864,0.07122854143381119,-0.6384645834232634,0.0016103343196101924,92,15
699,DA astrocytes,Nfe2l2,Nutrient sensing / regulators,1.0520631074905396,0.6773135662078857,0.6345676441538084,2.4175386957247983e-07,92,15
700,T cells,Bdh1,Ketone body synthesis,0.25024843215942383,0.4384115934371948,-0.8064583407214937,,85,2
701,T cells,Acss1,Ketone body utilisation,0.22894100844860077,0.202215313911438,0.1782546591582175,,85,2
702,T cells,Acss2,Ketone body utilisation,0.2341696172952652,0.423861563205719,-0.8532911469630885,,85,2
703,T cells,Hcar2,Ketone / SCFA receptors,0.04695020988583565,0.04446527734398842,0.07677197667318138,,85,2
704,T cells,Ffar3,Ketone / SCFA receptors,0.0003531498368829489,0.0,0.43632160055549246,,85,2
705,T cells,Ffar2,Ketone / SCFA receptors,0.05592912808060646,0.0,5.831095098649127,,85,2
706,T cells,Slc16a1,Monocarboxylate transporters,0.5737066864967346,0.6280148029327393,-0.13026813471070778,,85,2
707,T cells,Slc16a3,Monocarboxylate transporters,0.6377258896827698,0.18907448649406433,1.7486320354335305,,85,2
708,T cells,Slc2a1,Glucose transporters,0.5957251787185669,0.7538028359413147,-0.3390331909831172,,85,2
709,T cells,Slc2a3,Glucose transporters,0.4908159673213959,0.18222250044345856,1.4245218913647957,,85,2
710,T cells,Slc2a4,Glucose transporters,0.16568803787231445,0.175760418176651,-0.0846446742127431,,85,2
711,T cells,Hk1,Glycolysis,0.7506567239761353,0.8906122446060181,-0.24634248518433832,,85,2
712,T cells,Hk2,Glycolysis,0.6031852960586548,0.17230594158172607,1.8016699575247312,,85,2
713,T cells,Gpi1,Glycolysis,1.1128672361373901,0.9697768688201904,0.19836564727401426,,85,2
714,T cells,Pfkl,Glycolysis,0.8057218790054321,0.6997356414794922,0.20320110579981046,,85,2
715,T cells,Pfkp,Glycolysis,1.3922549486160278,0.8957034349441528,0.6357564483448965,,85,2
716,T cells,Pfkfb2,Glycolysis,0.1528695821762085,0.11642791330814362,0.38993267326026165,,85,2
717,T cells,Aldoa,Glycolysis,2.864046812057495,2.912210464477539,-0.024051221144300985,,85,2
718,T cells,Aldoc,Glycolysis,1.0116324424743652,1.3516209125518799,-0.4176469533954409,,85,2
719,T cells,Tpi1,Glycolysis,1.1828804016113281,0.8249430656433105,0.5194091023290297,,85,2
720,T cells,Pgk1,Glycolysis,1.3336119651794434,0.642170250415802,1.0531477613095268,,85,2
721,T cells,Eno1,Glycolysis,0.3300785422325134,0.230173721909523,0.5181960977934696,,85,2
722,T cells,Eno2,Glycolysis,0.413540780544281,0.3635134696960449,0.18554190738426574,,85,2
723,T cells,Pkm,Glycolysis,1.6797044277191162,1.008017659187317,0.736114607641554,,85,2
724,T cells,Ldha,Glycolysis,1.2159819602966309,1.0506739616394043,0.21062027086601526,,85,2
725,T cells,Ldhb,Glycolysis,0.9805544018745422,1.4669628143310547,-0.5806752877962205,,85,2
726,T cells,Pdk1,Pyruvate fate,0.2395849972963333,0.5481531620025635,-1.1906619014533033,,85,2
727,T cells,Pdk4,Pyruvate fate,0.07746846973896027,0.07021178305149078,0.1399970892547329,,85,2
728,T cells,Mpc1,Pyruvate fate,0.4594053030014038,0.2895222306251526,0.6642558884906135,,85,2
729,T cells,Mpc2,Pyruvate fate,0.26090866327285767,0.24553541839122772,0.08726885558695456,,85,2
730,T cells,Pcx,Pyruvate fate,0.18910233676433563,0.2381281703710556,-0.3310078301046525,,85,2
731,T cells,G6pdx,Pentose phosphate pathway,0.042161665856838226,0.0,5.4316786426840915,,85,2
732,T cells,Pygb,Glycogen,0.5386170744895935,0.6317929029464722,-0.22979742086824922,,85,2
733,T cells,Agl,Glycogen,0.22590920329093933,0.20157751441001892,0.1636410774397636,,85,2
734,T cells,Cs,TCA cycle,0.9912609457969666,1.1200370788574219,-0.17604251974999793,,85,2
735,T cells,Idh2,TCA cycle,0.3669995069503784,0.6302841305732727,-0.778585651271896,,85,2
736,T cells,Ogdh,TCA cycle,0.9063448905944824,0.9869149923324585,-0.12273586939017413,,85,2
737,T cells,Sdha,TCA cycle,1.21381676197052,1.36296546459198,-0.16706839601803256,,85,2
738,T cells,Sdhb,TCA cycle,1.1808373928070068,1.11589515209198,0.08153779098610246,,85,2
739,T cells,Fh1,TCA cycle,0.33800017833709717,0.3229321241378784,0.06559448596155884,,85,2
740,T cells,Got2,Anaplerosis / amino acids,0.383236825466156,0.3545331358909607,0.11201176819517855,,85,2
741,T cells,Glud1,Anaplerosis / amino acids,0.8981668949127197,1.056929588317871,-0.23458278526342052,,85,2
742,T cells,Idh1,Anaplerosis / amino acids,0.4603498578071594,0.5953944325447083,-0.37040557782065525,,85,2
743,T cells,Ndufs1,Oxidative phosphorylation,0.7193678617477417,0.5903080701828003,0.2848238515991827,,85,2
744,T cells,Atp5o,Oxidative phosphorylation,1.4685275554656982,1.5380158424377441,-0.06665567110032322,,85,2
745,T cells,Ppargc1a,Mitochondrial biogenesis / dynamics,0.038952481001615524,0.11374722421169281,-1.5221022539062317,,85,2
746,T cells,Tfam,Mitochondrial biogenesis / dynamics,0.2232775241136551,0.2296118438243866,-0.040181560671752714,,85,2
747,T cells,Nrf1,Mitochondrial biogenesis / dynamics,0.3079904317855835,0.4118049740791321,-0.417898190320762,,85,2
748,T cells,Opa1,Mitochondrial biogenesis / dynamics,0.34586820006370544,0.4289790391921997,-0.3098787480787442,,85,2
749,T cells,Mfn2,Mitochondrial biogenesis / dynamics,0.4313664138317108,0.5701208710670471,-0.4015416484137735,,85,2
750,T cells,Dnm1l,Mitochondrial biogenesis / dynamics,0.6145082712173462,0.565334677696228,0.12012337246039191,,85,2
751,T cells,Pink1,Mitochondrial biogenesis / dynamics,1.0546671152114868,1.1275849342346191,-0.0963600162878247,,85,2
752,T cells,Prkn,Mitochondrial biogenesis / dynamics,0.026366133242845535,0.0,4.774319695265451,,85,2
753,T cells,Cd36,Fatty acid uptake / activation,0.10370852798223495,0.0751180574297905,0.46006829839038504,,85,2
754,T cells,Fabp7,Fatty acid uptake / activation,0.6198520660400391,0.39874598383903503,0.6351660108896937,,85,2
755,T cells,Acsl1,Fatty acid uptake / activation,0.26931384205818176,0.243839830160141,0.14279711787578905,,85,2
756,T cells,Acsl6,Fatty acid uptake / activation,0.27808281779289246,0.3730281591415405,-0.42245358399199695,,85,2
757,T cells,Cpt1a,Fatty acid beta-oxidation,0.45076191425323486,0.24569253623485565,0.8728485825067646,,85,2
758,T cells,Cpt1c,Fatty acid beta-oxidation,0.12399224936962128,0.08059974014759064,0.615202174656773,,85,2
759,T cells,Cpt2,Fatty acid beta-oxidation,0.13824541866779327,0.1797604262828827,-0.3764490023549354,,85,2
760,T cells,Slc25a20,Fatty acid beta-oxidation,0.3699124753475189,0.48277467489242554,-0.3832564551275473,,85,2
761,T cells,Hadhb,Fatty acid beta-oxidation,0.49690955877304077,0.6686131954193115,-0.4274442457086559,,85,2
762,T cells,Echs1,Fatty acid beta-oxidation,0.8002434372901917,0.8691712617874146,-0.11905873616389281,,85,2
763,T cells,Acaa2,Fatty acid beta-oxidation,0.32349613308906555,0.2478303611278534,0.3830387590431784,,85,2
764,T cells,Decr1,Fatty acid beta-oxidation,0.2344631850719452,0.23758947849273682,-0.019028912817466232,,85,2
765,T cells,Acox1,Fatty acid beta-oxidation,0.8716186285018921,0.8799679279327393,-0.01373822565343484,,85,2
766,T cells,Ehhadh,Fatty acid beta-oxidation,0.04805198684334755,0.11281630396842957,-1.214323756874275,,85,2
767,T cells,Acly,Lipid synthesis,1.2991929054260254,1.1894128322601318,0.12726370372010645,,85,2
768,T cells,Acaca,Lipid synthesis,0.32792332768440247,0.3794969618320465,-0.21013360456243443,,85,2
769,T cells,Fasn,Lipid synthesis,0.6662642359733582,0.8100485801696777,-0.28153015118754204,,85,2
770,T cells,Elovl1,Lipid synthesis,0.3882579505443573,0.24250832200050354,0.6767554286018506,,85,2
771,T cells,Srebf1,Lipid synthesis,0.3686363101005554,0.5452111959457397,-0.5633524035178632,,85,2
772,T cells,Mlxipl,Lipid synthesis,0.054649997502565384,0.0832318589091301,-0.5979843824038164,,85,2
773,T cells,Hmgcr,Cholesterol synthesis,0.5752037763595581,0.6491836309432983,-0.17426811936876896,,85,2
774,T cells,Lss,Cholesterol synthesis,0.1698179543018341,0.1939815729856491,-0.19087816499395768,,85,2
775,T cells,Srebf2,Cholesterol synthesis,0.9466099739074707,1.0137557983398438,-0.09876729504270523,,85,2
776,T cells,Ldlr,Cholesterol / lipid transport,0.14820793271064758,0.2225073277950287,-0.582997892433817,,85,2
777,T cells,Abca1,Cholesterol / lipid transport,0.7833266258239746,0.4359531104564667,0.8439761048691276,,85,2
778,T cells,Apod,Cholesterol / lipid transport,2.4593505859375,3.1538009643554688,-0.3586850827566462,,85,2
779,T cells,Lpl,Cholesterol / lipid transport,0.31917065382003784,0.3027518391609192,0.07594793547511451,,85,2
780,T cells,Nr1h2,Cholesterol / lipid transport,0.39634960889816284,0.496842622756958,-0.32528082741029685,,85,2
781,T cells,Nr1h3,Cholesterol / lipid transport,0.15368036925792694,0.10046212375164032,0.608348849956105,,85,2
782,T cells,Plin2,Cholesterol / lipid transport,0.7454786896705627,0.5864941477775574,0.3455265945789556,,85,2
783,T cells,Plin4,Cholesterol / lipid transport,0.11581020057201385,0.243177592754364,-1.0637645512213578,,85,2
784,T cells,Ugt8a,Myelin lipid synthesis,0.2705417275428772,0.29674363136291504,-0.13289673709862743,,85,2
785,T cells,Cers2,Myelin lipid synthesis,0.7688588500022888,0.548068106174469,0.48760884709617164,,85,2
786,T cells,Hif1a,Nutrient sensing / regulators,1.729844570159912,1.1493266820907593,0.5894325451621184,,85,2
787,T cells,Epas1,Nutrient sensing / regulators,0.9307346343994141,1.6047546863555908,-0.7852604797064688,,85,2
788,T cells,Prkaa1,Nutrient sensing / regulators,0.47707048058509827,0.1985587477684021,1.2604098047816195,,85,2
789,T cells,Prkaa2,Nutrient sensing / regulators,0.03285594284534454,0.0,5.0813371919365915,,85,2
790,T cells,Mtor,Nutrient sensing / regulators,0.3650963008403778,0.4530339539051056,-0.3105769940026476,,85,2
791,T cells,Rptor,Nutrient sensing / regulators,0.3829326033592224,0.6032571792602539,-0.6543096306372336,,85,2
792,T cells,Tsc2,Nutrient sensing / regulators,0.44421759247779846,0.449642151594162,-0.017471663920666316,,85,2
793,T cells,Ddit4,Nutrient sensing / regulators,1.4374053478240967,1.0668166875839233,0.4298062893631988,,85,2
794,T cells,Txnip,Nutrient sensing / regulators,2.0733554363250732,1.959160566329956,0.08169128063128439,,85,2
795,T cells,Sirt1,Nutrient sensing / regulators,0.17680083215236664,0.24411073327064514,-0.46317158409116216,,85,2
796,T cells,Sirt3,Nutrient sensing / regulators,0.07612045854330063,0.03166303038597107,1.2394549831982182,,85,2
797,T cells,Ppara,Nutrient sensing / regulators,0.02116159349679947,0.12934626638889313,-2.5562157341159333,,85,2
798,T cells,Pparg,Nutrient sensing / regulators,0.021739548072218895,0.04006918519735336,-0.8528527426153679,,85,2
799,T cells,Nfe2l2,Nutrient sensing / regulators,0.8844364881515503,0.5507169365882874,0.6824605580500094,,85,2
800,Fibroblasts,Bdh1,Ketone body synthesis,0.1787802278995514,0.28094011545181274,-0.6491544013314651,0.001107349597480178,92,15
801,Fibroblasts,Acss1,Ketone body utilisation,0.04842621460556984,0.06962070614099503,-0.5148148274238689,0.05298487221088677,92,15
802,Fibroblasts,Acss2,Ketone body utilisation,0.13773907721042633,0.2064322680234909,-0.5802661422868405,0.003202012996737342,92,15
803,Fibroblasts,Hcar2,Ketone / SCFA receptors,0.006710632238537073,0.0019289231859147549,1.3964788022304857,0.025408512409150884,92,15
804,Fibroblasts,Ffar3,Ketone / SCFA receptors,0.00014194312097970396,0.0,0.19149079332412064,0.5791660630731646,92,15
805,Fibroblasts,Ffar2,Ketone / SCFA receptors,0.00857881736010313,0.006385653745383024,0.37512191831448555,0.3124972399313567,92,15
806,Fibroblasts,Slc16a1,Monocarboxylate transporters,0.6181842684745789,0.6057952642440796,0.029158991540624055,0.5934139143554689,92,15
807,Fibroblasts,Slc16a3,Monocarboxylate transporters,0.16620077192783356,0.08711325377225876,0.9241505609167049,0.02238960922513838,92,15
808,Fibroblasts,Slc2a1,Glucose transporters,0.35771140456199646,0.4232845604419708,-0.24220856661519877,0.4065357122781613,92,15
809,Fibroblasts,Slc2a3,Glucose transporters,0.04640894755721092,0.04527129605412483,0.03504185747555515,0.5933053062952791,92,15
810,Fibroblasts,Slc2a4,Glucose transporters,0.15466076135635376,0.1534898430109024,0.010893327901615185,0.6896722329178524,92,15
811,Fibroblasts,Hk1,Glycolysis,0.5284963846206665,0.592767596244812,-0.16527752950192423,0.3530400288049943,92,15
812,Fibroblasts,Hk2,Glycolysis,0.2863597571849823,0.22057075798511505,0.37509054325676333,0.0705962465638543,92,15
813,Fibroblasts,Gpi1,Glycolysis,0.6553778648376465,0.7157347798347473,-0.1269127761757841,0.31275116779773326,92,15
814,Fibroblasts,Pfkl,Glycolysis,0.3861343562602997,0.3693181872367859,0.06406893981395602,0.7432779027488974,92,15
815,Fibroblasts,Pfkp,Glycolysis,0.787147581577301,0.6814632415771484,0.20771445879304332,0.04888647308543596,92,15
816,Fibroblasts,Pfkfb2,Glycolysis,0.25800853967666626,0.35753121972084045,-0.4690990842707405,0.018501739543047103,92,15
817,Fibroblasts,Aldoa,Glycolysis,1.8941617012023926,2.0690629482269287,-0.12735369012292125,0.24889619398579765,92,15
818,Fibroblasts,Aldoc,Glycolysis,0.5029467940330505,0.9267942905426025,-0.8805335440344413,7.44512174874537e-05,92,15
819,Fibroblasts,Tpi1,Glycolysis,0.6547236442565918,0.7549629807472229,-0.20522767100622438,0.144808116808833,92,15
820,Fibroblasts,Pgk1,Glycolysis,0.5712122917175293,0.5605924129486084,0.027027043466216004,0.8329916444809674,92,15
821,Fibroblasts,Eno1,Glycolysis,0.13810428977012634,0.1574978232383728,-0.18829611581621558,0.30421459853247224,92,15
822,Fibroblasts,Eno2,Glycolysis,0.6151156425476074,0.8072811365127563,-0.391656014081019,0.0010393848808469832,92,15
823,Fibroblasts,Pkm,Glycolysis,0.9400562644004822,0.8965765833854675,0.06824594380772016,0.4065357122781613,92,15
824,Fibroblasts,Ldha,Glycolysis,0.5073326826095581,0.3793083727359772,0.4186032888417873,0.012773723789980039,92,15
825,Fibroblasts,Ldhb,Glycolysis,1.0117202997207642,1.3145909309387207,-0.3774751926651605,0.024025734337870516,92,15
826,Fibroblasts,Pdk1,Pyruvate fate,0.19987863302230835,0.1984851211309433,0.010042971137102478,0.9249332474106797,92,15
827,Fibroblasts,Pdk4,Pyruvate fate,0.10413527488708496,0.09731338918209076,0.09678698822644156,0.8752057613971942,92,15
828,Fibroblasts,Mpc1,Pyruvate fate,0.3331289291381836,0.4071429669857025,-0.28866969965382966,0.02346999934946585,92,15
829,Fibroblasts,Mpc2,Pyruvate fate,0.17686086893081665,0.21047069132328033,-0.2497085885923319,0.2172804738246995,92,15
830,Fibroblasts,Pcx,Pyruvate fate,0.20584096014499664,0.3476082682609558,-0.7530848807214711,0.0009146781652022411,92,15
831,Fibroblasts,G6pdx,Pentose phosphate pathway,0.026784813031554222,0.02333788014948368,0.19109301866388012,0.7488671484298122,92,15
832,Fibroblasts,Pygb,Glycogen,0.5879871249198914,0.7193378210067749,-0.2904375567953588,0.025760831156545018,92,15
833,Fibroblasts,Agl,Glycogen,0.2478715181350708,0.28958091139793396,-0.2235388018483199,0.24160656032954253,92,15
834,Fibroblasts,Cs,TCA cycle,0.6604584455490112,0.6886696219444275,-0.06025489572649912,0.5810569860136827,92,15
835,Fibroblasts,Idh2,TCA cycle,0.48834654688835144,0.5611070990562439,-0.1999885161793812,0.17401534138678176,92,15
836,Fibroblasts,Ogdh,TCA cycle,0.6591537594795227,0.8176416754722595,-0.31043002506348993,0.05205708740808148,92,15
837,Fibroblasts,Sdha,TCA cycle,0.9601097106933594,1.188955545425415,-0.3081346488970763,0.03536310302086369,92,15
838,Fibroblasts,Sdhb,TCA cycle,0.7834545373916626,0.9696401953697205,-0.3072467660031876,0.03163114268441994,92,15
839,Fibroblasts,Fh1,TCA cycle,0.2717383801937103,0.3377157747745514,-0.31255744507146327,0.0841122550630477,92,15
840,Fibroblasts,Got2,Anaplerosis / amino acids,0.2836330831050873,0.30774468183517456,-0.11731092923529464,0.5627507570190539,92,15
841,Fibroblasts,Glud1,Anaplerosis / amino acids,0.6129239201545715,0.7685320377349854,-0.32592150888697946,0.02036638710581534,92,15
842,Fibroblasts,Idh1,Anaplerosis / amino acids,0.4531720280647278,0.5029600262641907,-0.15007044991692514,0.3000224901397376,92,15
843,Fibroblasts,Ndufs1,Oxidative phosphorylation,0.6577473282814026,0.7111155390739441,-0.11238612852289884,0.5996371685855291,92,15
844,Fibroblasts,Atp5o,Oxidative phosphorylation,0.9756534695625305,1.0956214666366577,-0.16714695060446946,0.13517306354143865,92,15
845,Fibroblasts,Ppargc1a,Mitochondrial biogenesis / dynamics,0.10815461724996567,0.12583482265472412,-0.2165777357910089,0.4167347418761186,92,15
846,Fibroblasts,Tfam,Mitochondrial biogenesis / dynamics,0.0987362340092659,0.0965101569890976,0.03256522587792487,0.8120457826775392,92,15
847,Fibroblasts,Nrf1,Mitochondrial biogenesis / dynamics,0.1486586034297943,0.14710673689842224,0.015037951814433403,0.9463445466062241,92,15
848,Fibroblasts,Opa1,Mitochondrial biogenesis / dynamics,0.24378123879432678,0.295474648475647,-0.27641575808849733,0.027603258195503123,92,15
849,Fibroblasts,Mfn2,Mitochondrial biogenesis / dynamics,0.42963993549346924,0.49126243591308594,-0.1929455386958994,0.16840086018758238,92,15
850,Fibroblasts,Dnm1l,Mitochondrial biogenesis / dynamics,0.5057497620582581,0.5645172595977783,-0.15829754968546947,0.20419721946408087,92,15
851,Fibroblasts,Pink1,Mitochondrial biogenesis / dynamics,0.6924152970314026,0.9117410778999329,-0.39648599794883205,0.002458538952786233,92,15
852,Fibroblasts,Prkn,Mitochondrial biogenesis / dynamics,0.07730167359113693,0.10986915230751038,-0.5017429643056597,0.014840925525201812,92,15
853,Fibroblasts,Cd36,Fatty acid uptake / activation,0.03698105737566948,0.06261947005987167,-0.7441882844739397,0.003774878486939194,92,15
854,Fibroblasts,Fabp7,Fatty acid uptake / activation,0.1872136890888214,0.3208111822605133,-0.7738428960975318,0.00867150687218991,92,15
855,Fibroblasts,Acsl1,Fatty acid uptake / activation,0.588040828704834,0.7284517288208008,-0.3084448752177151,0.17401534138678176,92,15
856,Fibroblasts,Acsl6,Fatty acid uptake / activation,0.15057983994483948,0.32804378867149353,-1.1182017000739428,5.985366645952477e-06,92,15
857,Fibroblasts,Cpt1a,Fatty acid beta-oxidation,0.40275898575782776,0.39604291319847107,0.024199422521195692,0.5328734264225474,92,15
858,Fibroblasts,Cpt1c,Fatty acid beta-oxidation,0.3236834704875946,0.3056040406227112,0.08265722956267339,0.42192483409202575,92,15
859,Fibroblasts,Cpt2,Fatty acid beta-oxidation,0.18672512471675873,0.20682524144649506,-0.1467491374164963,0.3964649840178176,92,15
860,Fibroblasts,Slc25a20,Fatty acid beta-oxidation,0.33411362767219543,0.31353622674942017,0.09142416686289595,0.41675756604242087,92,15
861,Fibroblasts,Hadhb,Fatty acid beta-oxidation,0.3033358156681061,0.3388688266277313,-0.1593139144251615,0.2756147692880684,92,15
862,Fibroblasts,Echs1,Fatty acid beta-oxidation,0.49228614568710327,0.5350545048713684,-0.11995492955133169,0.6699482697080874,92,15
863,Fibroblasts,Acaa2,Fatty acid beta-oxidation,0.32173699140548706,0.3855198919773102,-0.26018371751652297,0.2010178620452009,92,15
864,Fibroblasts,Decr1,Fatty acid beta-oxidation,0.23038950562477112,0.2370080053806305,-0.0406866649442312,0.8050952288684939,92,15
865,Fibroblasts,Acox1,Fatty acid beta-oxidation,0.7579911351203918,0.8127333521842957,-0.10047308779045509,0.481194297091768,92,15
866,Fibroblasts,Ehhadh,Fatty acid beta-oxidation,0.044584695249795914,0.061587411910295486,-0.45732298909054836,0.05146900155026831,92,15
867,Fibroblasts,Acly,Lipid synthesis,0.7403613924980164,0.7306441068649292,0.019034936626711223,0.8610999705387978,92,15
868,Fibroblasts,Acaca,Lipid synthesis,0.3257014751434326,0.38355904817581177,-0.23523216883076997,0.11122456135710289,92,15
869,Fibroblasts,Fasn,Lipid synthesis,0.487690269947052,0.6432451605796814,-0.3986894148006025,0.00031496258108577966,92,15
870,Fibroblasts,Elovl1,Lipid synthesis,0.32276251912117004,0.30647364258766174,0.07447323512708046,0.4065357122781613,92,15
871,Fibroblasts,Srebf1,Lipid synthesis,0.35043373703956604,0.3476739823818207,0.01137397823432494,0.9320675689945737,92,15
872,Fibroblasts,Mlxipl,Lipid synthesis,0.0650656446814537,0.0842699185013771,-0.36813663826356735,0.0519880669807518,92,15
873,Fibroblasts,Hmgcr,Cholesterol synthesis,0.2919806241989136,0.3683743178844452,-0.3342783036065187,0.04211401967817298,92,15
874,Fibroblasts,Lss,Cholesterol synthesis,0.109349824488163,0.15739305317401886,-0.5214247278651599,0.006289610541754891,92,15
875,Fibroblasts,Srebf2,Cholesterol synthesis,0.8183341026306152,1.0270472764968872,-0.3273828412550672,0.006822854114635661,92,15
876,Fibroblasts,Ldlr,Cholesterol / lipid transport,0.26916733384132385,0.3821099102497101,-0.5039050979964074,0.0018198455805445769,92,15
877,Fibroblasts,Abca1,Cholesterol / lipid transport,0.7956119775772095,0.5501655340194702,0.5313914967651681,0.0004284415847743919,92,15
878,Fibroblasts,Apod,Cholesterol / lipid transport,3.8624277114868164,3.090808868408203,0.3214302674763398,0.00011205340487044292,92,15
879,Fibroblasts,Lpl,Cholesterol / lipid transport,0.09720612317323685,0.09370777010917664,0.052330186122969385,0.41675642489625275,92,15
880,Fibroblasts,Nr1h2,Cholesterol / lipid transport,0.4049938917160034,0.43083545565605164,-0.08902367820094836,0.777444765784612,92,15
881,Fibroblasts,Nr1h3,Cholesterol / lipid transport,0.22157801687717438,0.21069742739200592,0.07230737320438176,0.6699482697080874,92,15
882,Fibroblasts,Plin2,Cholesterol / lipid transport,0.314741849899292,0.2412165105342865,0.3824482860894485,0.009633348868729984,92,15
883,Fibroblasts,Plin4,Cholesterol / lipid transport,0.3374907374382019,0.4597019553184509,-0.4447173650622629,0.08573465765661,92,15
884,Fibroblasts,Ugt8a,Myelin lipid synthesis,0.15306484699249268,0.28006845712661743,-0.8673838371469114,0.0004431600054546402,92,15
885,Fibroblasts,Cers2,Myelin lipid synthesis,0.746410608291626,0.8632339835166931,-0.20952092127772798,0.0692111542257303,92,15
886,Fibroblasts,Hif1a,Nutrient sensing / regulators,0.5398645401000977,0.4624168574810028,0.222956789969738,0.06261661214890511,92,15
887,Fibroblasts,Epas1,Nutrient sensing / regulators,1.1022335290908813,1.1614688634872437,-0.0754538659010027,0.39148659648630313,92,15
888,Fibroblasts,Prkaa1,Nutrient sensing / regulators,0.31312087178230286,0.34005317091941833,-0.11867686988606509,0.6962941431167262,92,15
889,Fibroblasts,Prkaa2,Nutrient sensing / regulators,0.2230975180864334,0.27450254559516907,-0.2979389782337998,0.06389224252341584,92,15
890,Fibroblasts,Mtor,Nutrient sensing / regulators,0.32571837306022644,0.3722588121891022,-0.19212873380209874,0.053151459346571436,92,15
891,Fibroblasts,Rptor,Nutrient sensing / regulators,0.2533668875694275,0.25441059470176697,-0.005907492034277989,0.45370765455085205,92,15
892,Fibroblasts,Tsc2,Nutrient sensing / regulators,0.4449233114719391,0.4724964201450348,-0.08655789708939725,0.24523237569486,92,15
893,Fibroblasts,Ddit4,Nutrient sensing / regulators,0.6621926426887512,0.6212434768676758,0.09194880082894027,0.4429660546271361,92,15
894,Fibroblasts,Txnip,Nutrient sensing / regulators,1.4329688549041748,1.4330805540084839,-0.00011237445452589867,0.8540549156093734,92,15
895,Fibroblasts,Sirt1,Nutrient sensing / regulators,0.1390075981616974,0.15729375183582306,-0.17709918676950254,0.2139432644661975,92,15
896,Fibroblasts,Sirt3,Nutrient sensing / regulators,0.08480910956859589,0.09184613823890686,-0.11371109161572092,0.360019622725553,92,15
897,Fibroblasts,Ppara,Nutrient sensing / regulators,0.06844816356897354,0.0964791402220726,-0.4891569811197279,0.0968435647358134,92,15
898,Fibroblasts,Pparg,Nutrient sensing / regulators,0.009432916529476643,0.014963578432798386,-0.6136415649832982,0.4767045573297761,92,15
899,Fibroblasts,Nfe2l2,Nutrient sensing / regulators,0.6554721593856812,0.6084200143814087,0.10729694719035242,0.30422644223797346,92,15
900,Schwann cells,Bdh1,Ketone body synthesis,0.10702159255743027,0.10940775275230408,-0.031521757525454525,0.19250767414881031,85,15
901,Schwann cells,Acss1,Ketone body utilisation,0.1792241483926773,0.16460971534252167,0.12200502237971163,0.30165031586426316,85,15
902,Schwann cells,Acss2,Ketone body utilisation,0.3582381010055542,0.5861340761184692,-0.7087496190429775,3.311562215379188e-05,85,15
903,Schwann cells,Hcar2,Ketone / SCFA receptors,0.004697148688137531,0.0006605853559449315,1.7785481782700927,0.017716145770923137,85,15
904,Schwann cells,Ffar3,Ketone / SCFA receptors,0.0008807392441667616,0.0004640052211470902,0.36137914092503676,0.755705474216603,85,15
905,Schwann cells,Ffar2,Ketone / SCFA receptors,0.010859298519790173,0.011180304922163486,-0.03853157350533179,0.6661990770305349,85,15
906,Schwann cells,Slc16a1,Monocarboxylate transporters,0.542328417301178,0.5657758116722107,-0.060953684394787266,0.7943712781742429,85,15
907,Schwann cells,Slc16a3,Monocarboxylate transporters,0.07426448166370392,0.024178065359592438,1.5798017649662448,0.0003264005633952528,85,15
908,Schwann cells,Slc2a1,Glucose transporters,0.37672051787376404,0.4560246169567108,-0.27495272255111824,0.02159138421223346,85,15
909,Schwann cells,Slc2a3,Glucose transporters,0.13458764553070068,0.10864222049713135,0.30642227770445485,0.0652149521626507,85,15
910,Schwann cells,Slc2a4,Glucose transporters,0.4314473271369934,0.35730570554733276,0.27133340384330074,0.1704480465293079,85,15
911,Schwann cells,Hk1,Glycolysis,0.4967287480831146,0.5260396003723145,-0.08255164888115257,0.32480367384327,85,15
912,Schwann cells,Hk2,Glycolysis,0.15627245604991913,0.09144145995378494,0.7666540761437134,0.0012632304389262085,85,15
913,Schwann cells,Gpi1,Glycolysis,0.44985947012901306,0.40302711725234985,0.1582256990085537,0.07257250745307096,85,15
914,Schwann cells,Pfkl,Glycolysis,0.21792304515838623,0.1908760815858841,0.19024894645209997,0.15872322287760832,85,15
915,Schwann cells,Pfkp,Glycolysis,0.3368130922317505,0.2549953758716583,0.40010749150033237,0.006873369466452068,85,15
916,Schwann cells,Pfkfb2,Glycolysis,0.20937852561473846,0.20465965569019318,0.03272864132251367,0.8018255165128876,85,15
917,Schwann cells,Aldoa,Glycolysis,2.0234835147857666,2.1715774536132812,-0.10185371554257804,0.069552130654661,85,15
918,Schwann cells,Aldoc,Glycolysis,0.244964599609375,0.363838791847229,-0.5688084426434928,0.004538809082388962,85,15
919,Schwann cells,Tpi1,Glycolysis,0.5742602348327637,0.6139096617698669,-0.09615972873358088,0.6710231139489868,85,15
920,Schwann cells,Pgk1,Glycolysis,0.4715858995914459,0.39276787638664246,0.2632311638113598,0.020515343982745963,85,15
921,Schwann cells,Eno1,Glycolysis,0.08688438683748245,0.09045720845460892,-0.0574899993519543,0.8772493399660953,85,15
922,Schwann cells,Eno2,Glycolysis,0.5071268677711487,0.44876840710639954,0.17600642419934961,0.08228305466322769,85,15
923,Schwann cells,Pkm,Glycolysis,0.5154159665107727,0.43961888551712036,0.22900227426275876,0.07104916141184582,85,15
924,Schwann cells,Ldha,Glycolysis,0.29153481125831604,0.21237798035144806,0.45519700952702735,0.02159138421223346,85,15
925,Schwann cells,Ldhb,Glycolysis,2.0414931774139404,2.5210368633270264,-0.30425810364593,1.3228314710995948e-06,85,15
926,Schwann cells,Pdk1,Pyruvate fate,0.06176429241895676,0.05275189131498337,0.22362850259323228,0.18916052900792946,85,15
927,Schwann cells,Pdk4,Pyruvate fate,0.30779826641082764,0.29583418369293213,0.05700740976774477,0.9307672881116182,85,15
928,Schwann cells,Mpc1,Pyruvate fate,0.4115253686904907,0.5103549361228943,-0.30984218447295614,0.005938020283621817,85,15
929,Schwann cells,Mpc2,Pyruvate fate,0.22500242292881012,0.2688257396221161,-0.25568973900109676,0.016665153052341425,85,15
930,Schwann cells,Pcx,Pyruvate fate,0.2984521985054016,0.4764227569103241,-0.6729416115215638,4.0207800187106995e-07,85,15
931,Schwann cells,G6pdx,Pentose phosphate pathway,0.016943790018558502,0.012585576623678207,0.40140884262166815,0.4576314789200384,85,15
932,Schwann cells,Pygb,Glycogen,0.3126847445964813,0.39576348662376404,-0.33896389497725976,0.0032373838124751054,85,15
933,Schwann cells,Agl,Glycogen,0.2379722148180008,0.2576197683811188,-0.11398966959145719,0.22386566816649223,85,15
934,Schwann cells,Cs,TCA cycle,0.6321374177932739,0.5815657377243042,0.12009780477297986,0.08751944766327258,85,15
935,Schwann cells,Idh2,TCA cycle,0.3317609131336212,0.32172009348869324,0.04420257413765925,0.5367006994993048,85,15
936,Schwann cells,Ogdh,TCA cycle,0.49345630407333374,0.5578680038452148,-0.1766645473365169,0.0893235085144442,85,15
937,Schwann cells,Sdha,TCA cycle,0.9252452254295349,1.0786515474319458,-0.22109965852099153,0.023297501681940284,85,15
938,Schwann cells,Sdhb,TCA cycle,0.7025126814842224,0.7586864829063416,-0.11082772196984444,0.20258092941351646,85,15
939,Schwann cells,Fh1,TCA cycle,0.2695840299129486,0.3121187388896942,-0.21063315771591118,0.045691872946778296,85,15
940,Schwann cells,Got2,Anaplerosis / amino acids,0.30077415704727173,0.34220412373542786,-0.1855976240368424,0.1007855058447993,85,15
941,Schwann cells,Glud1,Anaplerosis / amino acids,0.44064509868621826,0.5181905627250671,-0.23337665909260008,0.04070768613514751,85,15
942,Schwann cells,Idh1,Anaplerosis / amino acids,0.3681812584400177,0.4044109880924225,-0.1350558754047958,0.2927044163549455,85,15
943,Schwann cells,Ndufs1,Oxidative phosphorylation,0.5251640677452087,0.5361502766609192,-0.02981303362095844,0.5624564434423713,85,15
944,Schwann cells,Atp5o,Oxidative phosphorylation,0.9513152837753296,1.0206685066223145,-0.10141597947448029,0.34908373173011176,85,15
945,Schwann cells,Ppargc1a,Mitochondrial biogenesis / dynamics,0.07981671392917633,0.1166301816701889,-0.5415326790970625,0.02639248597841538,85,15
946,Schwann cells,Tfam,Mitochondrial biogenesis / dynamics,0.11741787195205688,0.12614578008651733,-0.10259674748138538,0.46316257951376616,85,15
947,Schwann cells,Nrf1,Mitochondrial biogenesis / dynamics,0.18468481302261353,0.18777185678482056,-0.02378787179945766,0.72457899757347,85,15
948,Schwann cells,Opa1,Mitochondrial biogenesis / dynamics,0.3215009272098541,0.39184248447418213,-0.2846476518901104,0.04674808814507536,85,15
949,Schwann cells,Mfn2,Mitochondrial biogenesis / dynamics,0.3256789445877075,0.3912281394004822,-0.2638195698307783,0.020515343982745963,85,15
950,Schwann cells,Dnm1l,Mitochondrial biogenesis / dynamics,0.37891536951065063,0.3485461473464966,0.1201951436780007,0.20258092941351646,85,15
951,Schwann cells,Pink1,Mitochondrial biogenesis / dynamics,1.040111780166626,1.2702014446258545,-0.28806769574589697,0.008895652123929215,85,15
952,Schwann cells,Prkn,Mitochondrial biogenesis / dynamics,0.09930697083473206,0.1348493993282318,-0.4375863170012047,0.011122706173041433,85,15
953,Schwann cells,Cd36,Fatty acid uptake / activation,0.020305296406149864,0.04268449544906616,-1.0359092047088307,0.0035434923811801552,85,15
954,Schwann cells,Fabp7,Fatty acid uptake / activation,0.14847545325756073,0.2756286859512329,-0.8880421837893394,0.0037198215428234606,85,15
955,Schwann cells,Acsl1,Fatty acid uptake / activation,0.24760371446609497,0.3575386703014374,-0.5282808773373175,0.00024422024865681743,85,15
956,Schwann cells,Acsl6,Fatty acid uptake / activation,0.07817105203866959,0.12095692753791809,-0.6233267826804361,0.007279661942999514,85,15
957,Schwann cells,Cpt1a,Fatty acid beta-oxidation,0.36290764808654785,0.3844643831253052,-0.08302518942161939,0.5430836448275458,85,15
958,Schwann cells,Cpt1c,Fatty acid beta-oxidation,0.16194786131381989,0.14113683998584747,0.19712988637929083,0.39560809597857194,85,15
959,Schwann cells,Cpt2,Fatty acid beta-oxidation,0.10891852527856827,0.11327560245990753,-0.05608287135021093,0.8242837307965696,85,15
960,Schwann cells,Slc25a20,Fatty acid beta-oxidation,0.19404850900173187,0.17651385068893433,0.13590137341534195,0.1449383971771389,85,15
961,Schwann cells,Hadhb,Fatty acid beta-oxidation,0.4171057343482971,0.4167931377887726,0.0010790337019959582,0.7721235216141921,85,15
962,Schwann cells,Echs1,Fatty acid beta-oxidation,0.7112036347389221,0.7978938817977905,-0.16571408213116715,0.05352564041774039,85,15
963,Schwann cells,Acaa2,Fatty acid beta-oxidation,0.3881608843803406,0.49082323908805847,-0.3377731969748942,0.0032373838124751054,85,15
964,Schwann cells,Decr1,Fatty acid beta-oxidation,0.23745465278625488,0.26670658588409424,-0.16693769811128728,0.4064345017941522,85,15
965,Schwann cells,Acox1,Fatty acid beta-oxidation,0.7484377026557922,0.753947913646698,-0.01056855308236478,0.9922979176054624,85,15
966,Schwann cells,Ehhadh,Fatty acid beta-oxidation,0.06898162513971329,0.08665801584720612,-0.32490985583042176,0.08654912056393095,85,15
967,Schwann cells,Acly,Lipid synthesis,0.9217775464057922,1.174890160560608,-0.34969849987687385,0.00022642142982965956,85,15
968,Schwann cells,Acaca,Lipid synthesis,0.6904489994049072,0.862473726272583,-0.32052943664371425,0.01207816154883783,85,15
969,Schwann cells,Fasn,Lipid synthesis,1.2519434690475464,1.6875747442245483,-0.4304847173304146,1.0730945178022132e-05,85,15
970,Schwann cells,Elovl1,Lipid synthesis,0.9006081819534302,1.23501718044281,-0.4551262836996136,2.7121797523353876e-06,85,15
971,Schwann cells,Srebf1,Lipid synthesis,0.5520238280296326,0.5869072079658508,-0.08824682307567033,0.5954670611307022,85,15
972,Schwann cells,Mlxipl,Lipid synthesis,0.021617010235786438,0.03226539120078087,-0.5566137692094145,0.6627341378345961,85,15
973,Schwann cells,Hmgcr,Cholesterol synthesis,0.9005575776100159,1.3885197639465332,-0.6240948181260401,2.0709953855178634e-05,85,15
974,Schwann cells,Lss,Cholesterol synthesis,0.26964402198791504,0.38597455620765686,-0.5158421894736459,0.011751972623740862,85,15
975,Schwann cells,Srebf2,Cholesterol synthesis,1.2959452867507935,1.7026973962783813,-0.39355149377097093,2.0400782779892045e-06,85,15
976,Schwann cells,Ldlr,Cholesterol / lipid transport,0.5952019095420837,0.9089832305908203,-0.6100389631298888,9.622265584959814e-05,85,15
977,Schwann cells,Abca1,Cholesterol / lipid transport,0.8110970854759216,0.43069666624069214,0.9116342589241572,2.5870454662995345e-06,85,15
978,Schwann cells,Apod,Cholesterol / lipid transport,3.2698781490325928,2.6534078121185303,0.30128797791627054,0.0030410617618494974,85,15
979,Schwann cells,Lpl,Cholesterol / lipid transport,0.11879058927297592,0.08819710463285446,0.42544578905083047,0.10381649837539243,85,15
980,Schwann cells,Nr1h2,Cholesterol / lipid transport,0.36804401874542236,0.3964722454547882,-0.10706121594932932,0.15033802672206972,85,15
981,Schwann cells,Nr1h3,Cholesterol / lipid transport,0.3072356879711151,0.2659672498703003,0.2073711382562106,0.1272047247961547,85,15
982,Schwann cells,Plin2,Cholesterol / lipid transport,0.2869102656841278,0.2114897519350052,0.438225966440786,0.008169131373560594,85,15
983,Schwann cells,Plin4,Cholesterol / lipid transport,0.6823133230209351,0.28239908814430237,1.2697121399907614,0.0038976284546326594,85,15
984,Schwann cells,Ugt8a,Myelin lipid synthesis,1.7325063943862915,2.485647439956665,-0.5205088166914732,1.9834194260621976e-05,85,15
985,Schwann cells,Cers2,Myelin lipid synthesis,1.1531460285186768,1.5426898002624512,-0.4195571038171816,2.1397169102663916e-06,85,15
986,Schwann cells,Hif1a,Nutrient sensing / regulators,0.5979905724525452,0.6241034269332886,-0.06156161512945138,0.6224951140206156,85,15
987,Schwann cells,Epas1,Nutrient sensing / regulators,0.3373657166957855,0.40675193071365356,-0.26910830652543277,0.06110484085680313,85,15
988,Schwann cells,Prkaa1,Nutrient sensing / regulators,0.21780218183994293,0.20448562502861023,0.09058965226251581,0.5115520280573369,85,15
989,Schwann cells,Prkaa2,Nutrient sensing / regulators,0.040115565061569214,0.04540218785405159,-0.17450817340209107,0.19082018627033326,85,15
990,Schwann cells,Mtor,Nutrient sensing / regulators,0.3094692826271057,0.3193027079105377,-0.04498545764282191,0.6500418172027819,85,15
991,Schwann cells,Rptor,Nutrient sensing / regulators,0.28076356649398804,0.34671738743782043,-0.3034301344522498,0.01710886421880665,85,15
992,Schwann cells,Tsc2,Nutrient sensing / regulators,0.4888225197792053,0.5741936564445496,-0.23178866113446497,0.018027477439628615,85,15
993,Schwann cells,Ddit4,Nutrient sensing / regulators,1.0771890878677368,1.0461680889129639,0.042117174724104714,0.4230030619129964,85,15
994,Schwann cells,Txnip,Nutrient sensing / regulators,1.3831593990325928,1.1913930177688599,0.21515025995114517,0.025753592765476625,85,15
995,Schwann cells,Sirt1,Nutrient sensing / regulators,0.2175971120595932,0.23532778024673462,-0.11251488623493426,0.374486081617738,85,15
996,Schwann cells,Sirt3,Nutrient sensing / regulators,0.09767551720142365,0.09515273571014404,0.03736427063622985,0.8658458452285765,85,15
997,Schwann cells,Ppara,Nutrient sensing / regulators,0.07316213846206665,0.0927351787686348,-0.3379077476712372,0.03976584049591807,85,15
998,Schwann cells,Pparg,Nutrient sensing / regulators,0.006199759431183338,0.00992702879011631,-0.6018805585972996,0.5477275488878383,85,15
999,Schwann cells,Nfe2l2,Nutrient sensing / regulators,0.7106643915176392,0.6589840054512024,0.108765990270508,0.22021132260663334,85,15
1000,Macrophages,Bdh1,Ketone body synthesis,0.0961405411362648,,,,61,0
1001,Macrophages,Acss1,Ketone body utilisation,0.12973202764987946,,,,61,0
1002,Macrophages,Acss2,Ketone body utilisation,0.11947984248399734,,,,61,0
1003,Macrophages,Hcar2,Ketone / SCFA receptors,0.09779666364192963,,,,61,0
1004,Macrophages,Ffar3,Ketone / SCFA receptors,0.0011643075849860907,,,,61,0
1005,Macrophages,Ffar2,Ketone / SCFA receptors,0.05465376004576683,,,,61,0
1006,Macrophages,Slc16a1,Monocarboxylate transporters,0.4865149259567261,,,,61,0
1007,Macrophages,Slc16a3,Monocarboxylate transporters,1.661207914352417,,,,61,0
1008,Macrophages,Slc2a1,Glucose transporters,0.9835118055343628,,,,61,0
1009,Macrophages,Slc2a3,Glucose transporters,0.05204232037067413,,,,61,0
1010,Macrophages,Slc2a4,Glucose transporters,0.10972008854150772,,,,61,0
1011,Macrophages,Hk1,Glycolysis,0.49847617745399475,,,,61,0
1012,Macrophages,Hk2,Glycolysis,1.5397995710372925,,,,61,0
1013,Macrophages,Gpi1,Glycolysis,1.2892059087753296,,,,61,0
1014,Macrophages,Pfkl,Glycolysis,1.3395191431045532,,,,61,0
1015,Macrophages,Pfkp,Glycolysis,1.2653106451034546,,,,61,0
1016,Macrophages,Pfkfb2,Glycolysis,0.14856158196926117,,,,61,0
1017,Macrophages,Aldoa,Glycolysis,3.588796615600586,,,,61,0
1018,Macrophages,Aldoc,Glycolysis,0.8642587661743164,,,,61,0
1019,Macrophages,Tpi1,Glycolysis,1.984824776649475,,,,61,0
1020,Macrophages,Pgk1,Glycolysis,1.815101146697998,,,,61,0
1021,Macrophages,Eno1,Glycolysis,0.5181400775909424,,,,61,0
1022,Macrophages,Eno2,Glycolysis,0.4609971344470978,,,,61,0
1023,Macrophages,Pkm,Glycolysis,2.1036086082458496,,,,61,0
1024,Macrophages,Ldha,Glycolysis,1.6234010457992554,,,,61,0
1025,Macrophages,Ldhb,Glycolysis,0.8737600445747375,,,,61,0
1026,Macrophages,Pdk1,Pyruvate fate,0.2858341634273529,,,,61,0
1027,Macrophages,Pdk4,Pyruvate fate,0.03518735617399216,,,,61,0
1028,Macrophages,Mpc1,Pyruvate fate,0.5031542181968689,,,,61,0
1029,Macrophages,Mpc2,Pyruvate fate,0.20327328145503998,,,,61,0
1030,Macrophages,Pcx,Pyruvate fate,0.11265763640403748,,,,61,0
1031,Macrophages,G6pdx,Pentose phosphate pathway,0.07100307196378708,,,,61,0
1032,Macrophages,Pygb,Glycogen,0.3277270793914795,,,,61,0
1033,Macrophages,Agl,Glycogen,0.42127084732055664,,,,61,0
1034,Macrophages,Cs,TCA cycle,0.8225772976875305,,,,61,0
1035,Macrophages,Idh2,TCA cycle,0.38317611813545227,,,,61,0
1036,Macrophages,Ogdh,TCA cycle,0.8660329580307007,,,,61,0
1037,Macrophages,Sdha,TCA cycle,1.0368916988372803,,,,61,0
1038,Macrophages,Sdhb,TCA cycle,1.2919260263442993,,,,61,0
1039,Macrophages,Fh1,TCA cycle,0.3138135075569153,,,,61,0
1040,Macrophages,Got2,Anaplerosis / amino acids,0.30053579807281494,,,,61,0
1041,Macrophages,Glud1,Anaplerosis / amino acids,0.9007167220115662,,,,61,0
1042,Macrophages,Idh1,Anaplerosis / amino acids,0.8486711978912354,,,,61,0
1043,Macrophages,Ndufs1,Oxidative phosphorylation,0.6278552412986755,,,,61,0
1044,Macrophages,Atp5o,Oxidative phosphorylation,1.4406198263168335,,,,61,0
1045,Macrophages,Ppargc1a,Mitochondrial biogenesis / dynamics,0.027340451255440712,,,,61,0
1046,Macrophages,Tfam,Mitochondrial biogenesis / dynamics,0.14882223308086395,,,,61,0
1047,Macrophages,Nrf1,Mitochondrial biogenesis / dynamics,0.24868924915790558,,,,61,0
1048,Macrophages,Opa1,Mitochondrial biogenesis / dynamics,0.2948249876499176,,,,61,0
1049,Macrophages,Mfn2,Mitochondrial biogenesis / dynamics,0.32769715785980225,,,,61,0
1050,Macrophages,Dnm1l,Mitochondrial biogenesis / dynamics,0.535741925239563,,,,61,0
1051,Macrophages,Pink1,Mitochondrial biogenesis / dynamics,0.7523214221000671,,,,61,0
1052,Macrophages,Prkn,Mitochondrial biogenesis / dynamics,0.014617635868489742,,,,61,0
1053,Macrophages,Cd36,Fatty acid uptake / activation,0.14546909928321838,,,,61,0
1054,Macrophages,Fabp7,Fatty acid uptake / activation,0.6056970953941345,,,,61,0
1055,Macrophages,Acsl1,Fatty acid uptake / activation,0.6935133934020996,,,,61,0
1056,Macrophages,Acsl6,Fatty acid uptake / activation,0.1821763962507248,,,,61,0
1057,Macrophages,Cpt1a,Fatty acid beta-oxidation,0.5696634650230408,,,,61,0
1058,Macrophages,Cpt1c,Fatty acid beta-oxidation,0.05667577311396599,,,,61,0
1059,Macrophages,Cpt2,Fatty acid beta-oxidation,0.12707628309726715,,,,61,0
1060,Macrophages,Slc25a20,Fatty acid beta-oxidation,0.304731160402298,,,,61,0
1061,Macrophages,Hadhb,Fatty acid beta-oxidation,0.38064321875572205,,,,61,0
1062,Macrophages,Echs1,Fatty acid beta-oxidation,1.0567620992660522,,,,61,0
1063,Macrophages,Acaa2,Fatty acid beta-oxidation,0.24728165566921234,,,,61,0
1064,Macrophages,Decr1,Fatty acid beta-oxidation,0.1811947375535965,,,,61,0
1065,Macrophages,Acox1,Fatty acid beta-oxidation,0.9121063351631165,,,,61,0
1066,Macrophages,Ehhadh,Fatty acid beta-oxidation,0.02074899896979332,,,,61,0
1067,Macrophages,Acly,Lipid synthesis,1.4638969898223877,,,,61,0
1068,Macrophages,Acaca,Lipid synthesis,0.26641565561294556,,,,61,0
1069,Macrophages,Fasn,Lipid synthesis,0.354679137468338,,,,61,0
1070,Macrophages,Elovl1,Lipid synthesis,0.49369823932647705,,,,61,0
1071,Macrophages,Srebf1,Lipid synthesis,0.28577783703804016,,,,61,0
1072,Macrophages,Mlxipl,Lipid synthesis,0.05887698009610176,,,,61,0
1073,Macrophages,Hmgcr,Cholesterol synthesis,0.6208493113517761,,,,61,0
1074,Macrophages,Lss,Cholesterol synthesis,0.1442726105451584,,,,61,0
1075,Macrophages,Srebf2,Cholesterol synthesis,0.6642202734947205,,,,61,0
1076,Macrophages,Ldlr,Cholesterol / lipid transport,0.3809860944747925,,,,61,0
1077,Macrophages,Abca1,Cholesterol / lipid transport,1.4679670333862305,,,,61,0
1078,Macrophages,Apod,Cholesterol / lipid transport,1.7293471097946167,,,,61,0
1079,Macrophages,Lpl,Cholesterol / lipid transport,0.3997005820274353,,,,61,0
1080,Macrophages,Nr1h2,Cholesterol / lipid transport,0.3112402558326721,,,,61,0
1081,Macrophages,Nr1h3,Cholesterol / lipid transport,0.44064730405807495,,,,61,0
1082,Macrophages,Plin2,Cholesterol / lipid transport,1.7895628213882446,,,,61,0
1083,Macrophages,Plin4,Cholesterol / lipid transport,0.05875096097588539,,,,61,0
1084,Macrophages,Ugt8a,Myelin lipid synthesis,0.20123378932476044,,,,61,0
1085,Macrophages,Cers2,Myelin lipid synthesis,0.8587486147880554,,,,61,0
1086,Macrophages,Hif1a,Nutrient sensing / regulators,2.1040170192718506,,,,61,0
1087,Macrophages,Epas1,Nutrient sensing / regulators,0.5094589591026306,,,,61,0
1088,Macrophages,Prkaa1,Nutrient sensing / regulators,0.42197462916374207,,,,61,0
1089,Macrophages,Prkaa2,Nutrient sensing / regulators,0.01676979660987854,,,,61,0
1090,Macrophages,Mtor,Nutrient sensing / regulators,0.3389332890510559,,,,61,0
1091,Macrophages,Rptor,Nutrient sensing / regulators,0.3021061420440674,,,,61,0
1092,Macrophages,Tsc2,Nutrient sensing / regulators,0.4219650626182556,,,,61,0
1093,Macrophages,Ddit4,Nutrient sensing / regulators,0.34460505843162537,,,,61,0
1094,Macrophages,Txnip,Nutrient sensing / regulators,1.8740203380584717,,,,61,0
1095,Macrophages,Sirt1,Nutrient sensing / regulators,0.12052667140960693,,,,61,0
1096,Macrophages,Sirt3,Nutrient sensing / regulators,0.058222442865371704,,,,61,0
1097,Macrophages,Ppara,Nutrient sensing / regulators,0.010683560743927956,,,,61,0
1098,Macrophages,Pparg,Nutrient sensing / regulators,0.026465101167559624,,,,61,0
1099,Macrophages,Nfe2l2,Nutrient sensing / regulators,1.6596843004226685,,,,61,0
1100,Activated Mic_Mac 2,Bdh1,Ketone body synthesis,0.12156935036182404,0.24614517390727997,-1.0117604702921152,,70,1
1101,Activated Mic_Mac 2,Acss1,Ketone body utilisation,0.428158700466156,0.559523344039917,-0.3852632111287366,,70,1
1102,Activated Mic_Mac 2,Acss2,Ketone body utilisation,0.1470738649368286,0.2544820010662079,-0.7869046284289316,,70,1
1103,Activated Mic_Mac 2,Hcar2,Ketone / SCFA receptors,0.319921612739563,0.23663051426410675,0.4335008471265457,,70,1
1104,Activated Mic_Mac 2,Ffar3,Ketone / SCFA receptors,0.0008783995290286839,0.0,0.9095039518335652,,70,1
1105,Activated Mic_Mac 2,Ffar2,Ketone / SCFA receptors,0.009875987656414509,0.0,3.4430745139923458,,70,1
1106,Activated Mic_Mac 2,Slc16a1,Monocarboxylate transporters,0.6225947737693787,0.8115188479423523,-0.381792442381308,,70,1
1107,Activated Mic_Mac 2,Slc16a3,Monocarboxylate transporters,1.268242597579956,0.5804795026779175,1.1261676037839967,,70,1
1108,Activated Mic_Mac 2,Slc2a1,Glucose transporters,0.7213800549507141,0.6698324084281921,0.10680567199714532,,70,1
1109,Activated Mic_Mac 2,Slc2a3,Glucose transporters,0.10054738074541092,0.11036212742328644,-0.13310564923608853,,70,1
1110,Activated Mic_Mac 2,Slc2a4,Glucose transporters,0.21752095222473145,0.10278297960758209,1.0742017535018114,,70,1
1111,Activated Mic_Mac 2,Hk1,Glycolysis,0.34962528944015503,0.7699098587036133,-1.136632121241722,,70,1
1112,Activated Mic_Mac 2,Hk2,Glycolysis,1.6303702592849731,0.5800243616104126,1.489413695993411,,70,1
1113,Activated Mic_Mac 2,Gpi1,Glycolysis,1.2087303400039673,1.0069658756256104,0.26323869570300656,,70,1
1114,Activated Mic_Mac 2,Pfkl,Glycolysis,1.3035520315170288,0.7551113963127136,0.786883782131867,,70,1
1115,Activated Mic_Mac 2,Pfkp,Glycolysis,0.49616503715515137,0.3830069303512573,0.3725924950917576,,70,1
1116,Activated Mic_Mac 2,Pfkfb2,Glycolysis,0.2529025077819824,0.37602725625038147,-0.5703941788434717,,70,1
1117,Activated Mic_Mac 2,Aldoa,Glycolysis,3.441352367401123,3.4028518199920654,0.01622654914935086,,70,1
1118,Activated Mic_Mac 2,Aldoc,Glycolysis,0.9331405758857727,1.6002353429794312,-0.7774737867791891,,70,1
1119,Activated Mic_Mac 2,Tpi1,Glycolysis,1.6528997421264648,1.1239720582962036,0.5559826136404753,,70,1
1120,Activated Mic_Mac 2,Pgk1,Glycolysis,1.460188627243042,0.6877133250236511,1.0851669347856197,,70,1
1121,Activated Mic_Mac 2,Eno1,Glycolysis,0.33843836188316345,0.12837688624858856,1.391569724847375,,70,1
1122,Activated Mic_Mac 2,Eno2,Glycolysis,0.418146014213562,0.0,8.711309100252349,,70,1
1123,Activated Mic_Mac 2,Pkm,Glycolysis,1.9973610639572144,1.6714996099472046,0.2568113984716671,,70,1
1124,Activated Mic_Mac 2,Ldha,Glycolysis,0.9893008470535278,0.4144209325313568,1.253292959712289,,70,1
1125,Activated Mic_Mac 2,Ldhb,Glycolysis,1.9375767707824707,2.665048837661743,-0.4597053392039818,,70,1
1126,Activated Mic_Mac 2,Pdk1,Pyruvate fate,0.3045794665813446,0.0,8.255403794481767,,70,1
1127,Activated Mic_Mac 2,Pdk4,Pyruvate fate,0.060312289744615555,0.10278297960758209,-0.7593216722480423,,70,1
1128,Activated Mic_Mac 2,Mpc1,Pyruvate fate,0.6523299217224121,0.4963602125644684,0.39352061437008995,,70,1
1129,Activated Mic_Mac 2,Mpc2,Pyruvate fate,0.24229079484939575,0.11886222660541534,1.0213046561879322,,70,1
1130,Activated Mic_Mac 2,Pcx,Pyruvate fate,0.198458731174469,0.22766044735908508,-0.1971165586926257,,70,1
1131,Activated Mic_Mac 2,G6pdx,Pentose phosphate pathway,0.04988153278827667,0.0,5.669070226844873,,70,1
1132,Activated Mic_Mac 2,Pygb,Glycogen,0.458252489566803,0.5852931141853333,-0.3523345707887293,,70,1
1133,Activated Mic_Mac 2,Agl,Glycogen,0.4274667501449585,0.38811036944389343,0.13900382537640435,,70,1
1134,Activated Mic_Mac 2,Cs,TCA cycle,0.8012778162956238,0.6732823252677917,0.2507491247022734,,70,1
1135,Activated Mic_Mac 2,Idh2,TCA cycle,0.42914432287216187,0.38663148880004883,0.1501350257333361,,70,1
1136,Activated Mic_Mac 2,Ogdh,TCA cycle,0.8675817847251892,1.1712424755096436,-0.43253741553897496,,70,1
1137,Activated Mic_Mac 2,Sdha,TCA cycle,1.1450560092926025,1.1518938541412354,-0.008582139263764218,,70,1
1138,Activated Mic_Mac 2,Sdhb,TCA cycle,1.4115594625473022,1.1688281297683716,0.27201501417551255,,70,1
1139,Activated Mic_Mac 2,Fh1,TCA cycle,0.2929457128047943,0.38408374786376953,-0.3896225003296792,,70,1
1140,Activated Mic_Mac 2,Got2,Anaplerosis / amino acids,0.28131869435310364,0.4859985411167145,-0.7865927873116497,,70,1
1141,Activated Mic_Mac 2,Glud1,Anaplerosis / amino acids,0.8437313437461853,1.4094403982162476,-0.7395812141098099,,70,1
1142,Activated Mic_Mac 2,Idh1,Anaplerosis / amino acids,0.7188919186592102,0.5032035112380981,0.5137741579972535,,70,1
1143,Activated Mic_Mac 2,Ndufs1,Oxidative phosphorylation,0.6731024980545044,0.6227542757987976,0.11199017144098854,,70,1
1144,Activated Mic_Mac 2,Atp5o,Oxidative phosphorylation,1.3602426052093506,1.3584816455841064,0.0018675380811289373,,70,1
1145,Activated Mic_Mac 2,Ppargc1a,Mitochondrial biogenesis / dynamics,0.03246647119522095,0.0,5.0646445318529425,,70,1
1146,Activated Mic_Mac 2,Tfam,Mitochondrial biogenesis / dynamics,0.17043951153755188,0.0,7.421555834406282,,70,1
1147,Activated Mic_Mac 2,Nrf1,Mitochondrial biogenesis / dynamics,0.23709599673748016,0.21084554493427277,0.16853057438618763,,70,1
1148,Activated Mic_Mac 2,Opa1,Mitochondrial biogenesis / dynamics,0.34173884987831116,0.36822476983070374,-0.10738960852177039,,70,1
1149,Activated Mic_Mac 2,Mfn2,Mitochondrial biogenesis / dynamics,0.38929009437561035,0.2537282109260559,0.6155881017415429,,70,1
1150,Activated Mic_Mac 2,Dnm1l,Mitochondrial biogenesis / dynamics,0.575098991394043,0.2852577567100525,1.009001945655187,,70,1
1151,Activated Mic_Mac 2,Pink1,Mitochondrial biogenesis / dynamics,1.1044589281082153,1.7934291362762451,-0.6988795261832109,,70,1
1152,Activated Mic_Mac 2,Prkn,Mitochondrial biogenesis / dynamics,0.043165624141693115,0.0,5.464851994464636,,70,1
1153,Activated Mic_Mac 2,Cd36,Fatty acid uptake / activation,0.5197557806968689,0.24208807945251465,1.0991278008662548,,70,1
1154,Activated Mic_Mac 2,Fabp7,Fatty acid uptake / activation,0.9716537594795227,0.8486307263374329,0.19509039167487893,,70,1
1155,Activated Mic_Mac 2,Acsl1,Fatty acid uptake / activation,0.39579927921295166,0.4100239872932434,-0.050813186745079585,,70,1
1156,Activated Mic_Mac 2,Acsl6,Fatty acid uptake / activation,0.2635272741317749,0.6000658869743347,-1.184106664013274,,70,1
1157,Activated Mic_Mac 2,Cpt1a,Fatty acid beta-oxidation,0.5568656325340271,0.5968023538589478,-0.09975090117019324,,70,1
1158,Activated Mic_Mac 2,Cpt1c,Fatty acid beta-oxidation,0.07684465497732162,0.0,6.282526078283613,,70,1
1159,Activated Mic_Mac 2,Cpt2,Fatty acid beta-oxidation,0.14111100137233734,0.12652862071990967,0.1561971821176269,,70,1
1160,Activated Mic_Mac 2,Slc25a20,Fatty acid beta-oxidation,0.28947752714157104,0.3683725893497467,-0.34665025628114116,,70,1
1161,Activated Mic_Mac 2,Hadhb,Fatty acid beta-oxidation,0.3755348324775696,0.34461963176727295,0.1235981645821865,,70,1
1162,Activated Mic_Mac 2,Echs1,Fatty acid beta-oxidation,1.4958746433258057,1.316697359085083,0.18393434833437405,,70,1
1163,Activated Mic_Mac 2,Acaa2,Fatty acid beta-oxidation,0.25220781564712524,0.1027236208319664,1.2875774619996803,,70,1
1164,Activated Mic_Mac 2,Decr1,Fatty acid beta-oxidation,0.2598487138748169,0.23232927918434143,0.1608459657150443,,70,1
1165,Activated Mic_Mac 2,Acox1,Fatty acid beta-oxidation,1.1311719417572021,1.2267329692840576,-0.11690373469041121,,70,1
1166,Activated Mic_Mac 2,Ehhadh,Fatty acid beta-oxidation,0.04158051684498787,0.0,5.412121556306867,,70,1
1167,Activated Mic_Mac 2,Acly,Lipid synthesis,1.522054672241211,1.4572503566741943,0.06272930334998673,,70,1
1168,Activated Mic_Mac 2,Acaca,Lipid synthesis,0.5220034718513489,0.9309309720993042,-0.8334025752263992,,70,1
1169,Activated Mic_Mac 2,Fasn,Lipid synthesis,0.4464879333972931,0.6288219690322876,-0.49309530114519756,,70,1
1170,Activated Mic_Mac 2,Elovl1,Lipid synthesis,0.5225078463554382,0.34487107396125793,0.5979767978236491,,70,1
1171,Activated Mic_Mac 2,Srebf1,Lipid synthesis,0.2834490239620209,0.2660757601261139,0.09092108818886267,,70,1
1172,Activated Mic_Mac 2,Mlxipl,Lipid synthesis,0.6728155612945557,0.569257915019989,0.24073918098848887,,70,1
1173,Activated Mic_Mac 2,Hmgcr,Cholesterol synthesis,0.37497881054878235,0.25058871507644653,0.5795841445547951,,70,1
1174,Activated Mic_Mac 2,Lss,Cholesterol synthesis,0.1507890522480011,0.2602691054344177,-0.7834687984064718,,70,1
1175,Activated Mic_Mac 2,Srebf2,Cholesterol synthesis,0.484565794467926,0.4034128189086914,0.26383806705675483,,70,1
1176,Activated Mic_Mac 2,Ldlr,Cholesterol / lipid transport,0.13757996261119843,0.0,7.114574861887227,,70,1
1177,Activated Mic_Mac 2,Abca1,Cholesterol / lipid transport,2.2680249214172363,2.211411237716675,0.036452879465446175,,70,1
1178,Activated Mic_Mac 2,Apod,Cholesterol / lipid transport,2.038907289505005,1.8924791812896729,0.10746402657620868,,70,1
1179,Activated Mic_Mac 2,Lpl,Cholesterol / lipid transport,1.451608657836914,1.4690520763397217,-0.017221179242330048,,70,1
1180,Activated Mic_Mac 2,Nr1h2,Cholesterol / lipid transport,0.34905511140823364,0.43363699316978455,-0.31222889893569467,,70,1
1181,Activated Mic_Mac 2,Nr1h3,Cholesterol / lipid transport,0.1634109616279602,0.11346706002950668,0.5223739933599447,,70,1
1182,Activated Mic_Mac 2,Plin2,Cholesterol / lipid transport,1.5751043558120728,1.4042471647262573,0.16553915648772177,,70,1
1183,Activated Mic_Mac 2,Plin4,Cholesterol / lipid transport,0.11182866990566254,0.11886222660541534,-0.08724337438258138,,70,1
1184,Activated Mic_Mac 2,Ugt8a,Myelin lipid synthesis,0.3430110514163971,0.22882874310016632,0.5818956752939027,,70,1
1185,Activated Mic_Mac 2,Cers2,Myelin lipid synthesis,0.8805341720581055,0.9887986183166504,-0.16711853261640633,,70,1
1186,Activated Mic_Mac 2,Hif1a,Nutrient sensing / regulators,1.9488112926483154,1.0103408098220825,0.9470652530477165,,70,1
1187,Activated Mic_Mac 2,Epas1,Nutrient sensing / regulators,0.46495071053504944,0.437356561422348,0.08807250823747863,,70,1
1188,Activated Mic_Mac 2,Prkaa1,Nutrient sensing / regulators,0.46498408913612366,0.24882344901561737,0.8993717973564849,,70,1
1189,Activated Mic_Mac 2,Prkaa2,Nutrient sensing / regulators,0.028440149500966072,0.0,4.879713092496782,,70,1
1190,Activated Mic_Mac 2,Mtor,Nutrient sensing / regulators,0.39129340648651123,0.3992805480957031,-0.029078421319202952,,70,1
1191,Activated Mic_Mac 2,Rptor,Nutrient sensing / regulators,0.42081543803215027,0.6370517611503601,-0.5970615682425267,,70,1
1192,Activated Mic_Mac 2,Tsc2,Nutrient sensing / regulators,0.5354141592979431,0.7000259160995483,-0.3861204605336734,,70,1
1193,Activated Mic_Mac 2,Ddit4,Nutrient sensing / regulators,0.22161823511123657,0.3915116786956787,-0.8181638086378005,,70,1
1194,Activated Mic_Mac 2,Txnip,Nutrient sensing / regulators,1.2625839710235596,1.0353487730026245,0.28601193166360855,,70,1
1195,Activated Mic_Mac 2,Sirt1,Nutrient sensing / regulators,0.12537123262882233,0.28623706102371216,-1.184573822977663,,70,1
1196,Activated Mic_Mac 2,Sirt3,Nutrient sensing / regulators,0.08905235677957535,0.0,6.492692128594848,,70,1
1197,Activated Mic_Mac 2,Ppara,Nutrient sensing / regulators,0.011514848098158836,0.0,3.6455688749776964,,70,1
1198,Activated Mic_Mac 2,Pparg,Nutrient sensing / regulators,0.017979823052883148,0.0,4.24639463719802,,70,1
1199,Activated Mic_Mac 2,Nfe2l2,Nutrient sensing / regulators,1.7702579498291016,1.9446414709091187,-0.1354715566232164,,70,1
1200,OPCs,Bdh1,Ketone body synthesis,0.5688377618789673,0.5367870330810547,0.08351625910668624,0.2172804738246995,92,15
1201,OPCs,Acss1,Ketone body utilisation,0.46666964888572693,0.5241094827651978,-0.16712844613811112,0.04888647308543596,92,15
1202,OPCs,Acss2,Ketone body utilisation,0.45698651671409607,0.6572672724723816,-0.5233683465834247,0.00012971555759417285,92,15
1203,OPCs,Hcar2,Ketone / SCFA receptors,0.017773836851119995,0.0027555411215871572,2.321630826869763,0.00019699083756055823,92,15
1204,OPCs,Ffar3,Ketone / SCFA receptors,0.0016508192056789994,0.0,1.4064382771591961,0.16271845097978987,92,15
1205,OPCs,Ffar2,Ketone / SCFA receptors,0.005009141284972429,0.0022478557657450438,0.887671277246188,0.15832414043441156,92,15
1206,OPCs,Slc16a1,Monocarboxylate transporters,0.5514020323753357,0.4150061309337616,0.4091138371195439,0.00029389984155869916,92,15
1207,OPCs,Slc16a3,Monocarboxylate transporters,0.08580860495567322,0.04394616559147835,0.9496400147458822,0.004028966825873502,92,15
1208,OPCs,Slc2a1,Glucose transporters,0.31612247228622437,0.32760322093963623,-0.051306506597339825,0.7432779027488974,92,15
1209,OPCs,Slc2a3,Glucose transporters,0.33235472440719604,0.3838127553462982,-0.2070984471709792,0.005046157137182622,92,15
1210,OPCs,Slc2a4,Glucose transporters,0.22576014697551727,0.19961565732955933,0.17673290186251792,0.21395448383471194,92,15
1211,OPCs,Hk1,Glycolysis,0.7076119780540466,0.7524139881134033,-0.08844696672712771,0.22404366983730117,92,15
1212,OPCs,Hk2,Glycolysis,0.1617916375398636,0.04688183590769768,1.765476216618632,4.6954429753878885e-07,92,15
1213,OPCs,Gpi1,Glycolysis,0.8258410096168518,0.884517252445221,-0.09891046988551426,0.19476779189976756,92,15
1214,OPCs,Pfkl,Glycolysis,0.5257172584533691,0.48797720670700073,0.10726151507457155,0.30422644223797346,92,15
1215,OPCs,Pfkp,Glycolysis,0.9152272343635559,0.9401610493659973,-0.038736167984702606,0.6764985008897477,92,15
1216,OPCs,Pfkfb2,Glycolysis,0.3698308765888214,0.3792698085308075,-0.036262028479452875,0.6311867235124156,92,15
1217,OPCs,Aldoa,Glycolysis,2.400991439819336,2.551842212677002,-0.08787336010031195,0.04033148382818644,92,15
1218,OPCs,Aldoc,Glycolysis,2.2972280979156494,2.671520948410034,-0.217679264671528,0.00029389984155869916,92,15
1219,OPCs,Tpi1,Glycolysis,1.0707377195358276,1.1639589071273804,-0.12032717982768315,0.17687448001016748,92,15
1220,OPCs,Pgk1,Glycolysis,1.2428014278411865,1.235347867012024,0.008671451868757774,0.8400002078539769,92,15
1221,OPCs,Eno1,Glycolysis,0.3238598704338074,0.3479602634906769,-0.10324522421806723,0.11739684389399785,92,15
1222,OPCs,Eno2,Glycolysis,1.045021653175354,1.337827444076538,-0.3560573132477955,5.0479111387576895e-06,92,15
1223,OPCs,Pkm,Glycolysis,1.464066505432129,1.41631281375885,0.047807946787047896,0.33474474452499126,92,15
1224,OPCs,Ldha,Glycolysis,0.5442447066307068,0.40510353446006775,0.42505627530408724,0.012773723789980039,92,15
1225,OPCs,Ldhb,Glycolysis,1.8776901960372925,2.242743968963623,-0.2561808812164854,9.50266706606302e-06,92,15
1226,OPCs,Pdk1,Pyruvate fate,0.07794515043497086,0.06261937320232391,0.31138448662981505,0.14235041098907256,92,15
1227,OPCs,Pdk4,Pyruvate fate,0.08971395343542099,0.0911826640367508,-0.023170981269400103,0.770574482517497,92,15
1228,OPCs,Mpc1,Pyruvate fate,0.686987578868866,0.8208971619606018,-0.2565753728975385,0.009633348868729984,92,15
1229,OPCs,Mpc2,Pyruvate fate,0.5388343930244446,0.7130655646324158,-0.4035396525394137,0.0005792309280883407,92,15
1230,OPCs,Pcx,Pyruvate fate,0.3968619108200073,0.49698904156684875,-0.32384620590010804,0.002181870576355462,92,15
1231,OPCs,G6pdx,Pentose phosphate pathway,0.03376534581184387,0.036141809076070786,-0.09539414659123951,0.6027287466389504,92,15
1232,OPCs,Pygb,Glycogen,0.5733828544616699,0.6520473957061768,-0.18517501608349687,0.019414511937813232,92,15
1233,OPCs,Agl,Glycogen,0.5248032212257385,0.5693487524986267,-0.11732137688311502,0.17976847492152292,92,15
1234,OPCs,Cs,TCA cycle,0.9447665214538574,0.8939935564994812,0.07960677797824448,0.06261661214890511,92,15
1235,OPCs,Idh2,TCA cycle,0.48655393719673157,0.4768899977207184,0.02888325822670096,0.49811167135687706,92,15
1236,OPCs,Ogdh,TCA cycle,0.8573973178863525,0.9872565865516663,-0.20324009706409785,0.03163114268441994,92,15
1237,OPCs,Sdha,TCA cycle,1.357692003250122,1.582473635673523,-0.22087439307123305,0.0047722428721649005,92,15
1238,OPCs,Sdhb,TCA cycle,1.3226248025894165,1.2945982217788696,0.030875837655451027,0.3000224901397376,92,15
1239,OPCs,Fh1,TCA cycle,0.47950392961502075,0.5195062160491943,-0.11536716317710509,0.12165890435775817,92,15
1240,OPCs,Got2,Anaplerosis / amino acids,0.4570472538471222,0.46422672271728516,-0.022437528136073085,0.8540549156093734,92,15
1241,OPCs,Glud1,Anaplerosis / amino acids,0.9871001839637756,1.2574025392532349,-0.34886425709639773,0.0009751871140578941,92,15
1242,OPCs,Idh1,Anaplerosis / amino acids,0.7490859627723694,0.8102017641067505,-0.11300484619577361,0.19169674810024684,92,15
1243,OPCs,Ndufs1,Oxidative phosphorylation,0.9765177369117737,1.0106393098831177,-0.04950021762660674,0.4429660546271361,92,15
1244,OPCs,Atp5o,Oxidative phosphorylation,1.7492396831512451,1.9091579914093018,-0.12613946755807207,0.03536310302086369,92,15
1245,OPCs,Ppargc1a,Mitochondrial biogenesis / dynamics,0.16605576872825623,0.2493247091770172,-0.5834709020017665,0.003916254573719209,92,15
1246,OPCs,Tfam,Mitochondrial biogenesis / dynamics,0.2217053323984146,0.2516940236091614,-0.18225544188371148,0.0996503039230547,92,15
1247,OPCs,Nrf1,Mitochondrial biogenesis / dynamics,0.2983461022377014,0.28204500675201416,0.0807830121024481,0.4756254803765738,92,15
1248,OPCs,Opa1,Mitochondrial biogenesis / dynamics,0.41361457109451294,0.4827035963535309,-0.22235244531752887,0.053151459346571436,92,15
1249,OPCs,Mfn2,Mitochondrial biogenesis / dynamics,0.546764075756073,0.5672398209571838,-0.05294528360027093,0.6311867235124156,92,15
1250,OPCs,Dnm1l,Mitochondrial biogenesis / dynamics,0.7891640663146973,0.8984347581863403,-0.1868663978090536,0.012454806144012745,92,15
1251,OPCs,Pink1,Mitochondrial biogenesis / dynamics,1.3364732265472412,1.5473624467849731,-0.2112332107304276,0.0026867147831602742,92,15
1252,OPCs,Prkn,Mitochondrial biogenesis / dynamics,0.19853810966014862,0.24256183207035065,-0.2876237578406031,0.0130998471620151,92,15
1253,OPCs,Cd36,Fatty acid uptake / activation,0.04346282407641411,0.005143160466104746,2.855546611017066,3.644964940988795e-06,92,15
1254,OPCs,Fabp7,Fatty acid uptake / activation,1.6492589712142944,1.2468116283416748,0.40329228187295074,8.025161621811503e-05,92,15
1255,OPCs,Acsl1,Fatty acid uptake / activation,0.172360360622406,0.2096398025751114,-0.28100401468614133,0.006640755169700176,92,15
1256,OPCs,Acsl6,Fatty acid uptake / activation,0.9087149500846863,1.2181358337402344,-0.4223724097519134,6.51497414727126e-06,92,15
1257,OPCs,Cpt1a,Fatty acid beta-oxidation,0.396171897649765,0.42782965302467346,-0.11064112282497202,0.260116643164524,92,15
1258,OPCs,Cpt1c,Fatty acid beta-oxidation,0.732784628868103,0.7112866640090942,0.042898704428197584,0.5153403743326099,92,15
1259,OPCs,Cpt2,Fatty acid beta-oxidation,0.125055193901062,0.12463905662298203,0.004770547862756308,0.9392036806797724,92,15
1260,OPCs,Slc25a20,Fatty acid beta-oxidation,0.3694016933441162,0.34000447392463684,0.11930002679532721,0.20419721946408087,92,15
1261,OPCs,Hadhb,Fatty acid beta-oxidation,0.49483832716941833,0.6241180896759033,-0.3342589590856641,0.0040293264397877355,92,15
1262,OPCs,Echs1,Fatty acid beta-oxidation,0.8464134335517883,0.872021496295929,-0.042951178498746155,0.8822993445561652,92,15
1263,OPCs,Acaa2,Fatty acid beta-oxidation,0.10562432557344437,0.12365851551294327,-0.22544482158100704,0.22748114818599985,92,15
1264,OPCs,Decr1,Fatty acid beta-oxidation,0.3409220278263092,0.3767625093460083,-0.14381216075417017,0.22404366983730117,92,15
1265,OPCs,Acox1,Fatty acid beta-oxidation,1.6881178617477417,1.6522876024246216,0.030932284080805263,0.2172804738246995,92,15
1266,OPCs,Ehhadh,Fatty acid beta-oxidation,0.04261768236756325,0.052367933094501495,-0.29106002357675137,0.2106542023003829,92,15
1267,OPCs,Acly,Lipid synthesis,1.5884251594543457,1.6762624979019165,-0.07760340723883874,0.06784846166150343,92,15
1268,OPCs,Acaca,Lipid synthesis,0.7252591848373413,0.8285064101219177,-0.19176862576964634,0.10339661137252167,92,15
1269,OPCs,Fasn,Lipid synthesis,1.7355421781539917,1.875064492225647,-0.11149197110889716,0.008228241106092968,92,15
1270,OPCs,Elovl1,Lipid synthesis,0.2464526891708374,0.24913524091243744,-0.015555608787411032,0.5749240135944249,92,15
1271,OPCs,Srebf1,Lipid synthesis,0.48171183466911316,0.4974404275417328,-0.046258889480442184,0.45913307723737573,92,15
1272,OPCs,Mlxipl,Lipid synthesis,0.031746119260787964,0.03214041143655777,-0.017267570517634532,0.7704181270678425,92,15
1273,OPCs,Hmgcr,Cholesterol synthesis,1.126119613647461,1.3329792022705078,-0.24309554682111967,0.003698713743601017,92,15
1274,OPCs,Lss,Cholesterol synthesis,0.532630205154419,0.5673626661300659,-0.09097146188359032,0.20419721946408087,92,15
1275,OPCs,Srebf2,Cholesterol synthesis,1.406112551689148,1.5342943668365479,-0.12577756355181843,0.022392898810336525,92,15
1276,OPCs,Ldlr,Cholesterol / lipid transport,0.3127010762691498,0.4083448350429535,-0.383926213175904,0.0018200342165601141,92,15
1277,OPCs,Abca1,Cholesterol / lipid transport,0.48066195845603943,0.4450507164001465,0.11081322942126838,0.36716859976270144,92,15
1278,OPCs,Apod,Cholesterol / lipid transport,1.5515190362930298,1.1165944337844849,0.47421421774637995,0.00012971555759417285,92,15
1279,OPCs,Lpl,Cholesterol / lipid transport,0.14706741273403168,0.07364261895418167,0.988182650065896,0.00022214547748567156,92,15
1280,OPCs,Nr1h2,Cholesterol / lipid transport,0.2363334596157074,0.21281078457832336,0.15058088393446326,0.20419721946408087,92,15
1281,OPCs,Nr1h3,Cholesterol / lipid transport,0.06271953880786896,0.0540180467069149,0.21183090400585058,0.35536942728861676,92,15
1282,OPCs,Plin2,Cholesterol / lipid transport,0.38008785247802734,0.24863377213478088,0.6103104967791427,0.0010393848808469832,92,15
1283,OPCs,Plin4,Cholesterol / lipid transport,0.2203107476234436,0.11502024531364441,0.9316969402744808,0.0004141671199016198,92,15
1284,OPCs,Ugt8a,Myelin lipid synthesis,1.4958338737487793,1.7892687320709229,-0.25826204989888746,0.00023011693603635473,92,15
1285,OPCs,Cers2,Myelin lipid synthesis,0.8629891872406006,0.9779866933822632,-0.18027599322912546,0.006640755169700176,92,15
1286,OPCs,Hif1a,Nutrient sensing / regulators,0.9548930525779724,0.96291184425354,-0.012051993700971899,0.8259963294508014,92,15
1287,OPCs,Epas1,Nutrient sensing / regulators,1.9143857955932617,2.3768503665924072,-0.3120229240129476,3.7351942738416476e-06,92,15
1288,OPCs,Prkaa1,Nutrient sensing / regulators,0.41987958550453186,0.4141206443309784,0.019876854099282183,0.6248202966690499,92,15
1289,OPCs,Prkaa2,Nutrient sensing / regulators,0.2079492062330246,0.22218933701515198,-0.09511582523257049,0.31275116779773326,92,15
1290,OPCs,Mtor,Nutrient sensing / regulators,0.5295190215110779,0.5542650818824768,-0.0657721949731129,0.5688218258276292,92,15
1291,OPCs,Rptor,Nutrient sensing / regulators,0.46855026483535767,0.5271193981170654,-0.1695845283171203,0.07343465047558723,92,15
1292,OPCs,Tsc2,Nutrient sensing / regulators,0.910086452960968,0.9438372254371643,-0.05247784848049756,0.481194297091768,92,15
1293,OPCs,Ddit4,Nutrient sensing / regulators,0.934909462928772,1.0582401752471924,-0.17858886767355597,0.03023583350834511,92,15
1294,OPCs,Txnip,Nutrient sensing / regulators,0.3386008143424988,0.19593845307826996,0.7860950872487702,0.0012961453340484192,92,15
1295,OPCs,Sirt1,Nutrient sensing / regulators,0.12683984637260437,0.11463416367769241,0.14476988004064653,0.22064348968990632,92,15
1296,OPCs,Sirt3,Nutrient sensing / regulators,0.12117576599121094,0.13309746980667114,-0.1343238665639236,0.5810569860136827,92,15
1297,OPCs,Ppara,Nutrient sensing / regulators,0.047371357679367065,0.0805208683013916,-0.75301638644997,0.0003042502005464287,92,15
1298,OPCs,Pparg,Nutrient sensing / regulators,0.007476711180061102,0.005899354349821806,0.2970432731697578,0.6125013026541948,92,15
1299,OPCs,Nfe2l2,Nutrient sensing / regulators,0.30736321210861206,0.20536838471889496,0.5794086919572005,0.0006396054484468374,92,15
1300,Stromal cells,Bdh1,Ketone body synthesis,0.19492916762828827,0.27479493618011475,-0.4932637829880573,0.0032020877649128433,92,15
1301,Stromal cells,Acss1,Ketone body utilisation,0.08832761645317078,0.10681561380624771,-0.2713879517911269,0.13516923814738002,92,15
1302,Stromal cells,Acss2,Ketone body utilisation,0.18421036005020142,0.2827475965023041,-0.6154433716303236,3.073200226840033e-05,92,15
1303,Stromal cells,Hcar2,Ketone / SCFA receptors,0.01422339677810669,0.0008622746681794524,3.0311525237667114,0.001266529643915677,92,15
1304,Stromal cells,Ffar3,Ketone / SCFA receptors,0.00015926103515084833,0.0,0.21320545997241713,0.5791660630731646,92,15
1305,Stromal cells,Ffar2,Ketone / SCFA receptors,0.013235519640147686,0.004817408509552479,1.2910466351962686,0.06637806568126302,92,15
1306,Stromal cells,Slc16a1,Monocarboxylate transporters,0.49127089977264404,0.29523658752441406,0.7327026225528436,0.00026476579543975847,92,15
1307,Stromal cells,Slc16a3,Monocarboxylate transporters,0.32700398564338684,0.08969763666391373,1.8545764818219772,3.1682738775632294e-08,92,15
1308,Stromal cells,Slc2a1,Glucose transporters,0.43066343665122986,0.5955905914306641,-0.4668343289005347,0.01068523958978812,92,15
1309,Stromal cells,Slc2a3,Glucose transporters,0.06918925791978836,0.05187278985977173,0.40872479760777297,0.13987244444115493,92,15
1310,Stromal cells,Slc2a4,Glucose transporters,0.17512571811676025,0.16566406190395355,0.07966254212171173,0.8329916444809674,92,15
1311,Stromal cells,Hk1,Glycolysis,0.4626722037792206,0.46590566635131836,-0.01002585456048152,0.8120475895243606,92,15
1312,Stromal cells,Hk2,Glycolysis,0.39887237548828125,0.18397802114486694,1.1121857567059377,4.0724192310548735e-06,92,15
1313,Stromal cells,Gpi1,Glycolysis,0.6631837487220764,0.6218193769454956,0.09276859359050893,0.24160656032954253,92,15
1314,Stromal cells,Pfkl,Glycolysis,0.5012109875679016,0.30397042632102966,0.7196242447753138,1.5566564020886395e-05,92,15
1315,Stromal cells,Pfkp,Glycolysis,0.572812020778656,0.43933069705963135,0.38199076810169447,0.006120383457639132,92,15
1316,Stromal cells,Pfkfb2,Glycolysis,0.23990438878536224,0.26654836535453796,-0.15133903773477564,0.149818859399285,92,15
1317,Stromal cells,Aldoa,Glycolysis,2.11165452003479,2.084656000137329,0.018555639241762574,0.5153403743326099,92,15
1318,Stromal cells,Aldoc,Glycolysis,0.9237223267555237,1.5098339319229126,-0.7082529638317894,4.836455023670287e-06,92,15
1319,Stromal cells,Tpi1,Glycolysis,0.7534722089767456,0.670293927192688,0.16852316873710455,0.12827768734325687,92,15
1320,Stromal cells,Pgk1,Glycolysis,0.726707935333252,0.5897678136825562,0.30076831566856294,0.06784846166150343,92,15
1321,Stromal cells,Eno1,Glycolysis,0.16069400310516357,0.1367742270231247,0.23096014023088562,0.188661471350558,92,15
1322,Stromal cells,Eno2,Glycolysis,0.6452875137329102,0.786380410194397,-0.28488470005807226,0.0047722428721649005,92,15
1323,Stromal cells,Pkm,Glycolysis,1.03375244140625,0.8752202391624451,0.23992020857993768,0.04121458925625912,92,15
1324,Stromal cells,Ldha,Glycolysis,0.7050950527191162,0.5002135634422302,0.49443695225269874,0.03946447689895955,92,15
1325,Stromal cells,Ldhb,Glycolysis,0.9065044522285461,1.1980843544006348,-0.40195652837532136,0.0004284415847743919,92,15
1326,Stromal cells,Pdk1,Pyruvate fate,0.19796228408813477,0.22821860015392303,-0.20422914274992365,0.11531022152610228,92,15
1327,Stromal cells,Pdk4,Pyruvate fate,0.12613113224506378,0.09283696860074997,0.4380890519760692,0.03023583350834511,92,15
1328,Stromal cells,Mpc1,Pyruvate fate,0.3815150558948517,0.46223393082618713,-0.27622439752504896,0.019414511937813232,92,15
1329,Stromal cells,Mpc2,Pyruvate fate,0.255853533744812,0.29806095361709595,-0.21949363757673065,0.23446851223348086,92,15
1330,Stromal cells,Pcx,Pyruvate fate,0.2627427875995636,0.3046876788139343,-0.21292676154942325,0.40148139480001066,92,15
1331,Stromal cells,G6pdx,Pentose phosphate pathway,0.03136289119720459,0.029714738950133324,0.07540937764681067,0.8433368734547672,92,15
1332,Stromal cells,Pygb,Glycogen,0.5539179444313049,0.6934226155281067,-0.3235394770489464,0.006289610541754891,92,15
1333,Stromal cells,Agl,Glycogen,0.34593120217323303,0.3314000964164734,0.06172879846668095,0.509563300356779,92,15
1334,Stromal cells,Cs,TCA cycle,0.7067633867263794,0.645216703414917,0.13124908982681827,0.07488847317862708,92,15
1335,Stromal cells,Idh2,TCA cycle,0.6461572051048279,0.7529562711715698,-0.22036464173368986,0.05205708740808148,92,15
1336,Stromal cells,Ogdh,TCA cycle,0.6401919722557068,0.6541574597358704,-0.031085320853801956,0.777444765784612,92,15
1337,Stromal cells,Sdha,TCA cycle,0.9391752481460571,1.1430777311325073,-0.2831834707626733,0.00438654877398238,92,15
1338,Stromal cells,Sdhb,TCA cycle,0.8725939989089966,0.8210289478302002,0.08777374635301578,0.1826975152198399,92,15
1339,Stromal cells,Fh1,TCA cycle,0.3010278642177582,0.316227525472641,-0.07083630292092298,0.5269957134413585,92,15
1340,Stromal cells,Got2,Anaplerosis / amino acids,0.27421799302101135,0.26031458377838135,0.0747871500171361,0.30422644223797346,92,15
1341,Stromal cells,Glud1,Anaplerosis / amino acids,0.6651226878166199,0.8429087996482849,-0.3412991765499066,0.0047722428721649005,92,15
1342,Stromal cells,Idh1,Anaplerosis / amino acids,0.5188860893249512,0.4313420057296753,0.2660225400880283,0.04121458925625912,92,15
1343,Stromal cells,Ndufs1,Oxidative phosphorylation,0.627124011516571,0.6202517151832581,0.01587149105470381,0.556711134771527,92,15
1344,Stromal cells,Atp5o,Oxidative phosphorylation,1.0769420862197876,1.1531271934509277,-0.09852255894600054,0.16564512325164726,92,15
1345,Stromal cells,Ppargc1a,Mitochondrial biogenesis / dynamics,0.04560969024896622,0.05636347830295563,-0.2995025809447657,0.3037949676689017,92,15
1346,Stromal cells,Tfam,Mitochondrial biogenesis / dynamics,0.13532507419586182,0.11767925322055817,0.19998318673465806,0.17401534138678176,92,15
1347,Stromal cells,Nrf1,Mitochondrial biogenesis / dynamics,0.20503494143486023,0.19340766966342926,0.08380388812315752,0.509563300356779,92,15
1348,Stromal cells,Opa1,Mitochondrial biogenesis / dynamics,0.27645501494407654,0.32694193720817566,-0.2411865256905661,0.03695780570945351,92,15
1349,Stromal cells,Mfn2,Mitochondrial biogenesis / dynamics,0.3789723515510559,0.4051869809627533,-0.09624955377576451,0.24523237569486,92,15
1350,Stromal cells,Dnm1l,Mitochondrial biogenesis / dynamics,0.5417100787162781,0.6068379878997803,-0.16350514008676903,0.09781818152398888,92,15
1351,Stromal cells,Pink1,Mitochondrial biogenesis / dynamics,0.9211065769195557,1.12950599193573,-0.2939632268685954,0.012142960122147023,92,15
1352,Stromal cells,Prkn,Mitochondrial biogenesis / dynamics,0.06788944453001022,0.08380258083343506,-0.2998252262885911,0.23440433359371682,92,15
1353,Stromal cells,Cd36,Fatty acid uptake / activation,0.05036763474345207,0.10719599574804306,-1.0747155566163578,0.00017243164555539065,92,15
1354,Stromal cells,Fabp7,Fatty acid uptake / activation,0.4415700435638428,0.44657114148139954,-0.016211215036465037,0.481194297091768,92,15
1355,Stromal cells,Acsl1,Fatty acid uptake / activation,0.3617763817310333,0.5707607269287109,-0.6563309942037804,0.00031496258108577966,92,15
1356,Stromal cells,Acsl6,Fatty acid uptake / activation,0.2629455626010895,0.44483259320259094,-0.7562616787328859,3.073200226840033e-05,92,15
1357,Stromal cells,Cpt1a,Fatty acid beta-oxidation,0.3967473804950714,0.39990073442459106,-0.0113926312032264,0.9392036806797724,92,15
1358,Stromal cells,Cpt1c,Fatty acid beta-oxidation,0.4355050325393677,0.37038904428482056,0.23306702960884199,0.043962769126043556,92,15
1359,Stromal cells,Cpt2,Fatty acid beta-oxidation,0.1719876229763031,0.1977498084306717,-0.200284651092644,0.12604101176801358,92,15
1360,Stromal cells,Slc25a20,Fatty acid beta-oxidation,0.34447386860847473,0.30490463972091675,0.1754946016139389,0.15237331721376918,92,15
1361,Stromal cells,Hadhb,Fatty acid beta-oxidation,0.3604640066623688,0.4439490735530853,-0.29978822677519923,0.02459249043554976,92,15
1362,Stromal cells,Echs1,Fatty acid beta-oxidation,0.6502336263656616,0.5913657546043396,0.13668695584690566,0.1978747740523732,92,15
1363,Stromal cells,Acaa2,Fatty acid beta-oxidation,0.2691074311733246,0.33277493715286255,-0.3053422964497257,0.02187049121687458,92,15
1364,Stromal cells,Decr1,Fatty acid beta-oxidation,0.30374571681022644,0.2961887717247009,0.03622633442219255,0.8120475895243606,92,15
1365,Stromal cells,Acox1,Fatty acid beta-oxidation,0.9017689824104309,0.9086939692497253,-0.011024438074965752,0.9892611590546484,92,15
1366,Stromal cells,Ehhadh,Fatty acid beta-oxidation,0.049669813364744186,0.06328415870666504,-0.3433367487622496,0.16286576714580892,92,15
1367,Stromal cells,Acly,Lipid synthesis,0.8154609799385071,0.7984882593154907,0.03030709105549793,0.5934139143554689,92,15
1368,Stromal cells,Acaca,Lipid synthesis,0.3570762574672699,0.40485963225364685,-0.18071399057428483,0.11531022152610228,92,15
1369,Stromal cells,Fasn,Lipid synthesis,0.5631604194641113,0.7295517325401306,-0.37288098572852757,0.00028387029063683104,92,15
1370,Stromal cells,Elovl1,Lipid synthesis,0.2931410074234009,0.23519505560398102,0.3165291660204803,0.02292612148840475,92,15
1371,Stromal cells,Srebf1,Lipid synthesis,0.4562934935092926,0.53468918800354,-0.22827578569756155,0.04587957431290994,92,15
1372,Stromal cells,Mlxipl,Lipid synthesis,0.05754993110895157,0.15706269443035126,-1.4327575281897396,2.6817044973345536e-08,92,15
1373,Stromal cells,Hmgcr,Cholesterol synthesis,0.3308548927307129,0.40670841932296753,-0.29698520441256127,0.03946447689895955,92,15
1374,Stromal cells,Lss,Cholesterol synthesis,0.1085980013012886,0.13809379935264587,-0.34383661893237694,0.03946447689895955,92,15
1375,Stromal cells,Srebf2,Cholesterol synthesis,0.7075671553611755,1.0119428634643555,-0.5155763010840312,3.4248317046951164e-06,92,15
1376,Stromal cells,Ldlr,Cholesterol / lipid transport,0.2181524783372879,0.36703285574913025,-0.7478995731152521,0.00012506913984774125,92,15
1377,Stromal cells,Abca1,Cholesterol / lipid transport,1.2324368953704834,0.6873098611831665,0.8415538226924597,6.244963798337589e-06,92,15
1378,Stromal cells,Apod,Cholesterol / lipid transport,4.231107234954834,3.9699654579162598,0.09188637214165861,0.0841122550630477,92,15
1379,Stromal cells,Lpl,Cholesterol / lipid transport,0.45152708888053894,0.35137370228767395,0.3608978967602338,0.02135872055790334,92,15
1380,Stromal cells,Nr1h2,Cholesterol / lipid transport,0.3740440309047699,0.34109920263290405,0.1326452393124847,0.24523237569486,92,15
1381,Stromal cells,Nr1h3,Cholesterol / lipid transport,0.3407527208328247,0.31164252758026123,0.12843878772631545,0.10150969588810763,92,15
1382,Stromal cells,Plin2,Cholesterol / lipid transport,0.6025842428207397,0.326463907957077,0.8822192372396437,5.985680544790297e-06,92,15
1383,Stromal cells,Plin4,Cholesterol / lipid transport,0.19170916080474854,0.1992352455854416,-0.055270786408029654,0.470092195390436,92,15
1384,Stromal cells,Ugt8a,Myelin lipid synthesis,0.19101020693778992,0.3362487852573395,-0.8126302425000965,0.00032601619468868904,92,15
1385,Stromal cells,Cers2,Myelin lipid synthesis,0.7457552552223206,0.8226037621498108,-0.1413149346825602,0.03536310302086369,92,15
1386,Stromal cells,Hif1a,Nutrient sensing / regulators,1.043952465057373,0.6426990628242493,0.6989790420154327,8.385009805086556e-06,92,15
1387,Stromal cells,Epas1,Nutrient sensing / regulators,1.1335856914520264,1.4119305610656738,-0.3165249906515687,0.0010729301175216592,92,15
1388,Stromal cells,Prkaa1,Nutrient sensing / regulators,0.3723975121974945,0.37695732712745667,-0.017511042202360022,0.8822993445561652,92,15
1389,Stromal cells,Prkaa2,Nutrient sensing / regulators,0.09932930767536163,0.15518835186958313,-0.6385437648766633,0.00010409386261514404,92,15
1390,Stromal cells,Mtor,Nutrient sensing / regulators,0.3642425537109375,0.3391796946525574,0.1025578317395228,0.3484079530990708,92,15
1391,Stromal cells,Rptor,Nutrient sensing / regulators,0.2863982617855072,0.3220854699611664,-0.16886453386083083,0.42192483409202575,92,15
1392,Stromal cells,Tsc2,Nutrient sensing / regulators,0.5444086194038391,0.5287781953811646,0.041949033701315454,0.5328734264225474,92,15
1393,Stromal cells,Ddit4,Nutrient sensing / regulators,0.7017254829406738,0.6395067572593689,0.13374742508982795,0.24523237569486,92,15
1394,Stromal cells,Txnip,Nutrient sensing / regulators,1.8897298574447632,2.386712074279785,-0.336685628115415,0.00025567202488444837,92,15
1395,Stromal cells,Sirt1,Nutrient sensing / regulators,0.1480301320552826,0.19528256356716156,-0.39732796376813073,0.04992483537164137,92,15
1396,Stromal cells,Sirt3,Nutrient sensing / regulators,0.07888329029083252,0.10019523650407791,-0.34117571872157804,0.42192483409202575,92,15
1397,Stromal cells,Ppara,Nutrient sensing / regulators,0.11796838045120239,0.1454944908618927,-0.3002682276417569,0.07939076317963235,92,15
1398,Stromal cells,Pparg,Nutrient sensing / regulators,0.016808021813631058,0.01154089905321598,0.5058864867846616,0.27779485946810445,92,15
1399,Stromal cells,Nfe2l2,Nutrient sensing / regulators,0.8062210083007812,0.6333695650100708,0.3476401648566675,0.0006188588396356592,92,15
1400,Vascular cells,Bdh1,Ketone body synthesis,0.2864070236682892,0.3361072540283203,-0.2301123533439333,0.025170793460063203,92,15
1401,Vascular cells,Acss1,Ketone body utilisation,0.20653481781482697,0.20691196620464325,-0.0026193981133987615,0.847021479321977,92,15
1402,Vascular cells,Acss2,Ketone body utilisation,0.29634755849838257,0.42905446887016296,-0.5323691671191091,0.00011624296113375153,92,15
1403,Vascular cells,Hcar2,Ketone / SCFA receptors,0.012422836385667324,0.002649818081408739,1.878793097929912,0.011286382656659759,92,15
1404,Vascular cells,Ffar3,Ketone / SCFA receptors,0.0009140796028077602,0.0007681893184781075,0.11437807883126222,0.9916483547894868,92,15
1405,Vascular cells,Ffar2,Ketone / SCFA receptors,0.02471250481903553,0.018113400787115097,0.4278856638074316,0.32455377239595473,92,15
1406,Vascular cells,Slc16a1,Monocarboxylate transporters,0.47627267241477966,0.3476719260215759,0.45294352572899954,0.004640395397814821,92,15
1407,Vascular cells,Slc16a3,Monocarboxylate transporters,0.11932932585477829,0.07231640070676804,0.7147804222392978,0.0032020877649128433,92,15
1408,Vascular cells,Slc2a1,Glucose transporters,1.8106634616851807,1.7365076541900635,0.06029564897655178,0.31275116779773326,92,15
1409,Vascular cells,Slc2a3,Glucose transporters,0.20731453597545624,0.1716611385345459,0.270820105851773,0.054264985346124,92,15
1410,Vascular cells,Slc2a4,Glucose transporters,0.3665321171283722,0.3462029993534088,0.08209091595142466,0.5447275065918334,92,15
1411,Vascular cells,Hk1,Glycolysis,0.7609724998474121,0.782404363155365,-0.04001823264875658,0.45370765455085205,92,15
1412,Vascular cells,Hk2,Glycolysis,0.15381038188934326,0.06707552075386047,1.1852942061645606,7.088876345237726e-06,92,15
1413,Vascular cells,Gpi1,Glycolysis,0.9234275221824646,1.0145518779754639,-0.13563182180140743,0.10150969588810763,92,15
1414,Vascular cells,Pfkl,Glycolysis,0.6724482774734497,0.6090121865272522,0.14272908289943861,0.08738381548732026,92,15
1415,Vascular cells,Pfkp,Glycolysis,0.926613450050354,0.9748893976211548,-0.07319391060102282,0.30422644223797346,92,15
1416,Vascular cells,Pfkfb2,Glycolysis,0.19317929446697235,0.21846814453601837,-0.17662217704957045,0.21395448383471194,92,15
1417,Vascular cells,Aldoa,Glycolysis,2.8878014087677,3.0131025314331055,-0.06125746531481059,0.08251404900047532,92,15
1418,Vascular cells,Aldoc,Glycolysis,2.28078556060791,2.4797251224517822,-0.12059867049945065,0.0841122550630477,92,15
1419,Vascular cells,Tpi1,Glycolysis,1.0506585836410522,1.1945608854293823,-0.18502118695918768,0.011539955770824476,92,15
1420,Vascular cells,Pgk1,Glycolysis,1.0746158361434937,1.1169109344482422,-0.05564235011713059,0.5627507570190539,92,15
1421,Vascular cells,Eno1,Glycolysis,0.2326936274766922,0.24730843305587769,-0.08751486495689538,0.3484079530990708,92,15
1422,Vascular cells,Eno2,Glycolysis,0.9486750960350037,1.189490795135498,-0.32605053930793093,0.0012173737513342226,92,15
1423,Vascular cells,Pkm,Glycolysis,1.4398722648620605,1.3690218925476074,0.0727434972389202,0.26393342398202446,92,15
1424,Vascular cells,Ldha,Glycolysis,0.8532878160476685,0.8255216479301453,0.04766960013466382,0.847021479321977,92,15
1425,Vascular cells,Ldhb,Glycolysis,1.6440714597702026,1.859558343887329,-0.1775853774681092,0.006120383457639132,92,15
1426,Vascular cells,Pdk1,Pyruvate fate,0.13141317665576935,0.10468778759241104,0.32523801384400336,0.07200399353165338,92,15
1427,Vascular cells,Pdk4,Pyruvate fate,0.1613997519016266,0.14308495819568634,0.17262969584402177,0.16840086018758238,92,15
1428,Vascular cells,Mpc1,Pyruvate fate,0.6371890902519226,0.7426007390022278,-0.22054425786160983,0.043962769126043556,92,15
1429,Vascular cells,Mpc2,Pyruvate fate,0.4058590829372406,0.49816247820854187,-0.2949802930736196,0.020857410615333596,92,15
1430,Vascular cells,Pcx,Pyruvate fate,0.3310490846633911,0.39689508080482483,-0.26099154144592396,0.04033148382818644,92,15
1431,Vascular cells,G6pdx,Pentose phosphate pathway,0.028214668855071068,0.028324009850621223,-0.005389458695814817,0.8468866081481162,92,15
1432,Vascular cells,Pygb,Glycogen,0.8142246007919312,0.936154305934906,-0.2010890245936328,0.02135872055790334,92,15
1433,Vascular cells,Agl,Glycogen,0.4590913653373718,0.47346433997154236,-0.044379279288496054,0.30422644223797346,92,15
1434,Vascular cells,Cs,TCA cycle,1.0392742156982422,1.1189706325531006,-0.10649703087519106,0.04786630055767485,92,15
1435,Vascular cells,Idh2,TCA cycle,0.5961570739746094,0.6862071752548218,-0.20263463745322513,0.027603258195503123,92,15
1436,Vascular cells,Ogdh,TCA cycle,1.1222971677780151,1.26353120803833,-0.17086299990019224,0.08251404900047532,92,15
1437,Vascular cells,Sdha,TCA cycle,1.4023759365081787,1.6405632495880127,-0.2261688081136545,0.01988547768277828,92,15
1438,Vascular cells,Sdhb,TCA cycle,1.1166107654571533,1.2395776510238647,-0.15059421736125578,0.018501739543047103,92,15
1439,Vascular cells,Fh1,TCA cycle,0.4391407072544098,0.5291116833686829,-0.2683315288519359,0.027603258195503123,92,15
1440,Vascular cells,Got2,Anaplerosis / amino acids,0.38537710905075073,0.46537214517593384,-0.27147199973920755,0.012142960122147023,92,15
1441,Vascular cells,Glud1,Anaplerosis / amino acids,1.2315336465835571,1.4910813570022583,-0.27569917104918346,0.011248538436679174,92,15
1442,Vascular cells,Idh1,Anaplerosis / amino acids,0.5169381499290466,0.5620138645172119,-0.12039062246577743,0.1549607911854991,92,15
1443,Vascular cells,Ndufs1,Oxidative phosphorylation,0.8718265295028687,0.9469611644744873,-0.11913300389154148,0.06261661214890511,92,15
1444,Vascular cells,Atp5o,Oxidative phosphorylation,1.6853502988815308,1.9231693744659424,-0.1903315447727227,0.0030210590655570012,92,15
1445,Vascular cells,Ppargc1a,Mitochondrial biogenesis / dynamics,0.12384917587041855,0.18476246297359467,-0.5732727076755428,0.012142749046496436,92,15
1446,Vascular cells,Tfam,Mitochondrial biogenesis / dynamics,0.18919096887111664,0.2096807211637497,-0.14760956085494484,0.3964649840178176,92,15
1447,Vascular cells,Nrf1,Mitochondrial biogenesis / dynamics,0.23197516798973083,0.2854096591472626,-0.2979039569763781,0.04121458925625912,92,15
1448,Vascular cells,Opa1,Mitochondrial biogenesis / dynamics,0.34770986437797546,0.4226752519607544,-0.28093168341655866,0.07636571780506078,92,15
1449,Vascular cells,Mfn2,Mitochondrial biogenesis / dynamics,0.6682047843933105,0.7228068709373474,-0.11315704318272475,0.11325287650508845,92,15
1450,Vascular cells,Dnm1l,Mitochondrial biogenesis / dynamics,0.6545372605323792,0.7460349798202515,-0.1884980135010181,0.08905768415972021,92,15
1451,Vascular cells,Pink1,Mitochondrial biogenesis / dynamics,1.6381678581237793,1.8474615812301636,-0.1733614581637604,0.017626745429683954,92,15
1452,Vascular cells,Prkn,Mitochondrial biogenesis / dynamics,0.053054675459861755,0.06628314405679703,-0.31582571321172076,0.10722391594214475,92,15
1453,Vascular cells,Cd36,Fatty acid uptake / activation,0.06045255810022354,0.06498359888792038,-0.10263440049378399,0.6026852086008896,92,15
1454,Vascular cells,Fabp7,Fatty acid uptake / activation,0.4807276129722595,0.33692651987075806,0.5115080475304036,0.0006830532486766677,92,15
1455,Vascular cells,Acsl1,Fatty acid uptake / activation,0.4141152799129486,0.4545074999332428,-0.13396277135048162,0.2716824159236526,92,15
1456,Vascular cells,Acsl6,Fatty acid uptake / activation,0.827839732170105,0.9986533522605896,-0.2703347379189274,0.017203009800962992,92,15
1457,Vascular cells,Cpt1a,Fatty acid beta-oxidation,0.5366433262825012,0.48482513427734375,0.14621227310188975,0.06012850460485851,92,15
1458,Vascular cells,Cpt1c,Fatty acid beta-oxidation,0.25344187021255493,0.2328547090291977,0.12172361588531282,0.39148659648630313,92,15
1459,Vascular cells,Cpt2,Fatty acid beta-oxidation,0.1635834276676178,0.15614159405231476,0.06675397399737852,0.6248202966690499,92,15
1460,Vascular cells,Slc25a20,Fatty acid beta-oxidation,0.33666810393333435,0.2712787687778473,0.3105214179637819,0.006120383457639132,92,15
1461,Vascular cells,Hadhb,Fatty acid beta-oxidation,0.6368339657783508,0.7429383397102356,-0.22200212484663,0.009887283313459198,92,15
1462,Vascular cells,Echs1,Fatty acid beta-oxidation,0.7666187882423401,0.8368269801139832,-0.1262623199450222,0.08738381548732026,92,15
1463,Vascular cells,Acaa2,Fatty acid beta-oxidation,0.4484268128871918,0.5298492908477783,-0.24021613667494654,0.024025734337870516,92,15
1464,Vascular cells,Decr1,Fatty acid beta-oxidation,0.359839528799057,0.40803566575050354,-0.1808692542333435,0.17119086665108352,92,15
1465,Vascular cells,Acox1,Fatty acid beta-oxidation,1.1715072393417358,1.0992447137832642,0.09177239011291362,0.08251404900047532,92,15
1466,Vascular cells,Ehhadh,Fatty acid beta-oxidation,0.04985267296433449,0.06659457087516785,-0.4105837670910502,0.045868940586893614,92,15
1467,Vascular cells,Acly,Lipid synthesis,1.03810453414917,1.1619433164596558,-0.16243998249292813,0.002181870576355462,92,15
1468,Vascular cells,Acaca,Lipid synthesis,0.3620281517505646,0.4055866301059723,-0.1634813461887458,0.16023564785427802,92,15
1469,Vascular cells,Fasn,Lipid synthesis,0.7227301597595215,0.8981007933616638,-0.31303096380176826,0.0011430446659036124,92,15
1470,Vascular cells,Elovl1,Lipid synthesis,0.28855353593826294,0.28632739186286926,0.011134578403147086,0.9677912570534436,92,15
1471,Vascular cells,Srebf1,Lipid synthesis,0.3915978670120239,0.34617531299591064,0.17738797063609468,0.10725402511292136,92,15
1472,Vascular cells,Mlxipl,Lipid synthesis,0.02294192835688591,0.0235274787992239,-0.034859589567279,0.6953504315134666,92,15
1473,Vascular cells,Hmgcr,Cholesterol synthesis,0.48104575276374817,0.5879464745521545,-0.28896643847649156,0.005794177594669238,92,15
1474,Vascular cells,Lss,Cholesterol synthesis,0.1745394468307495,0.20102524757385254,-0.20274033510603773,0.10150969588810763,92,15
1475,Vascular cells,Srebf2,Cholesterol synthesis,0.9980288743972778,1.1918833255767822,-0.25585466056331846,0.00293409060858217,92,15
1476,Vascular cells,Ldlr,Cholesterol / lipid transport,0.38209134340286255,0.5442941188812256,-0.5093461697586222,0.0008576644383556377,92,15
1477,Vascular cells,Abca1,Cholesterol / lipid transport,0.4422658383846283,0.2418537139892578,0.8680846313253686,7.170193046821806e-05,92,15
1478,Vascular cells,Apod,Cholesterol / lipid transport,2.446685791015625,2.2712175846099854,0.10731737934955457,0.11739684389399785,92,15
1479,Vascular cells,Lpl,Cholesterol / lipid transport,0.1743500679731369,0.12584157288074493,0.4672103172423396,0.02135872055790334,92,15
1480,Vascular cells,Nr1h2,Cholesterol / lipid transport,0.39107373356819153,0.4287496507167816,-0.13237147338540278,0.2917312977130474,92,15
1481,Vascular cells,Nr1h3,Cholesterol / lipid transport,0.5494753122329712,0.4209117293357849,0.3837366674360458,7.170193046821806e-05,92,15
1482,Vascular cells,Plin2,Cholesterol / lipid transport,0.644781231880188,0.4990202784538269,0.369058908056541,0.0006396054484468374,92,15
1483,Vascular cells,Plin4,Cholesterol / lipid transport,0.41310518980026245,0.41658079624176025,-0.01205808310147239,0.8893853587166117,92,15
1484,Vascular cells,Ugt8a,Myelin lipid synthesis,0.3246304988861084,0.4754023551940918,-0.5489447152545908,0.00017319359311035795,92,15
1485,Vascular cells,Cers2,Myelin lipid synthesis,0.7612525820732117,0.7954932451248169,-0.06339299437506449,0.4867984224683819,92,15
1486,Vascular cells,Hif1a,Nutrient sensing / regulators,1.0742465257644653,0.9920863509178162,0.11467639614310478,0.2917312977130474,92,15
1487,Vascular cells,Epas1,Nutrient sensing / regulators,4.0986714363098145,4.156113147735596,-0.020073724427289993,0.17976847492152292,92,15
1488,Vascular cells,Prkaa1,Nutrient sensing / regulators,0.5241762399673462,0.5501200556755066,-0.06956498161610569,0.45913307723737573,92,15
1489,Vascular cells,Prkaa2,Nutrient sensing / regulators,0.19063358008861542,0.23668019473552704,-0.3106713046066991,0.018501739543047103,92,15
1490,Vascular cells,Mtor,Nutrient sensing / regulators,0.4799768924713135,0.48932185769081116,-0.02776149148384748,0.875222737869217,92,15
1491,Vascular cells,Rptor,Nutrient sensing / regulators,0.3725908398628235,0.35158923268318176,0.08347066326961942,0.3816443225066718,92,15
1492,Vascular cells,Tsc2,Nutrient sensing / regulators,0.648341953754425,0.7025829553604126,-0.11574210884979776,0.16023564785427802,92,15
1493,Vascular cells,Ddit4,Nutrient sensing / regulators,1.1336203813552856,0.9440132975578308,0.26380314952859163,0.05772293337104647,92,15
1494,Vascular cells,Txnip,Nutrient sensing / regulators,1.448854684829712,1.505478024482727,-0.05527131808481597,0.5810569860136827,92,15
1495,Vascular cells,Sirt1,Nutrient sensing / regulators,0.16113139688968658,0.19905588030815125,-0.3032395378235723,0.026976871042769177,92,15
1496,Vascular cells,Sirt3,Nutrient sensing / regulators,0.10739580541849136,0.11785315722227097,-0.13287129767744593,0.4065357122781613,92,15
1497,Vascular cells,Ppara,Nutrient sensing / regulators,0.09572518616914749,0.09615809470415115,-0.006442598162269296,0.7671454883279352,92,15
1498,Vascular cells,Pparg,Nutrient sensing / regulators,0.010571067221462727,0.013549613766372204,-0.33045892282056655,0.10093471025757243,92,15
1499,Vascular cells,Nfe2l2,Nutrient sensing / regulators,0.742124617099762,0.6650404334068298,0.15799439966123668,0.03861334353385373,92,15
1500,Activate Mic_Mac 1,Bdh1,Ketone body synthesis,0.4713956117630005,0.5513051152229309,-0.22546992598697305,0.04324559162552888,91,15
1501,Activate Mic_Mac 1,Acss1,Ketone body utilisation,0.46460896730422974,0.5505737662315369,-0.2444349976859033,0.005699269734135417,91,15
1502,Activate Mic_Mac 1,Acss2,Ketone body utilisation,0.43917980790138245,0.6028756499290466,-0.4561585334958411,0.0005722875954838601,91,15
1503,Activate Mic_Mac 1,Hcar2,Ketone / SCFA receptors,0.20388999581336975,0.031596723943948746,2.6520506612095174,1.3797189882156792e-07,91,15
1504,Activate Mic_Mac 1,Ffar3,Ketone / SCFA receptors,0.0012078010477125645,0.002852725563570857,-0.803269252017922,0.6194464615360533,91,15
1505,Activate Mic_Mac 1,Ffar2,Ketone / SCFA receptors,0.005369151476770639,0.0,2.6711011838167154,0.019551030256849213,91,15
1506,Activate Mic_Mac 1,Slc16a1,Monocarboxylate transporters,0.4793255925178528,0.29882344603538513,0.6798994740400072,4.507035937315288e-06,91,15
1507,Activate Mic_Mac 1,Slc16a3,Monocarboxylate transporters,0.2910052537918091,0.2293376624584198,0.34224400131838933,0.019831793461632084,91,15
1508,Activate Mic_Mac 1,Slc2a1,Glucose transporters,0.5859406590461731,0.5533545613288879,0.08240564193811163,0.4410257716516255,91,15
1509,Activate Mic_Mac 1,Slc2a3,Glucose transporters,0.32146722078323364,0.272482693195343,0.2377029783027264,0.0593803985807864,91,15
1510,Activate Mic_Mac 1,Slc2a4,Glucose transporters,0.10642490535974503,0.09634976089000702,0.14207916559041633,0.5257348326326576,91,15
1511,Activate Mic_Mac 1,Hk1,Glycolysis,0.8503662943840027,0.8844701051712036,-0.05666362528996155,0.6181074558646618,91,15
1512,Activate Mic_Mac 1,Hk2,Glycolysis,1.1702969074249268,1.1259063482284546,0.05573920022320651,0.35993425354703246,91,15
1513,Activate Mic_Mac 1,Gpi1,Glycolysis,1.1955339908599854,1.2953721284866333,-0.11561852749631708,0.1371366552551142,91,15
1514,Activate Mic_Mac 1,Pfkl,Glycolysis,0.8187410831451416,0.619042694568634,0.40280074433076396,0.0003551881258454398,91,15
1515,Activate Mic_Mac 1,Pfkp,Glycolysis,1.29403817653656,1.3067799806594849,-0.014125216097907912,0.9061980840036985,91,15
1516,Activate Mic_Mac 1,Pfkfb2,Glycolysis,0.26069411635398865,0.2709807753562927,-0.055623191100393085,0.5865407978856263,91,15
1517,Activate Mic_Mac 1,Aldoa,Glycolysis,3.217609167098999,3.24586820602417,-0.012611422971421003,0.9927678650228301,91,15
1518,Activate Mic_Mac 1,Aldoc,Glycolysis,3.4384336471557617,3.5862348079681396,-0.06070115847435544,0.04815376623607607,91,15
1519,Activate Mic_Mac 1,Tpi1,Glycolysis,1.6212379932403564,1.8164445161819458,-0.16392583336875796,0.012678597446219608,91,15
1520,Activate Mic_Mac 1,Pgk1,Glycolysis,1.6206135749816895,1.719979166984558,-0.08579956201620312,0.2109826274232104,91,15
1521,Activate Mic_Mac 1,Eno1,Glycolysis,0.3761895000934601,0.44201910495758057,-0.2320793996047521,0.0593803985807864,91,15
1522,Activate Mic_Mac 1,Eno2,Glycolysis,2.3633294105529785,2.3736016750335693,-0.00625447720936036,0.4966187043135203,91,15
1523,Activate Mic_Mac 1,Pkm,Glycolysis,2.075578212738037,1.8836205005645752,0.1399341685092804,0.010584611123952549,91,15
1524,Activate Mic_Mac 1,Ldha,Glycolysis,0.7206218242645264,0.6142188310623169,0.23014330816304965,0.21430896968389967,91,15
1525,Activate Mic_Mac 1,Ldhb,Glycolysis,2.9341399669647217,3.051295518875122,-0.05646534634404678,0.2572005461213325,91,15
1526,Activate Mic_Mac 1,Pdk1,Pyruvate fate,0.1798446625471115,0.16835469007492065,0.09470307779924358,0.567966800106924,91,15
1527,Activate Mic_Mac 1,Pdk4,Pyruvate fate,0.11134456843137741,0.12668417394161224,-0.1846493428951572,0.56796582501429,91,15
1528,Activate Mic_Mac 1,Mpc1,Pyruvate fate,0.9099962711334229,1.0497337579727173,-0.20588010182800895,0.09356432471020142,91,15
1529,Activate Mic_Mac 1,Mpc2,Pyruvate fate,0.5598354339599609,0.7661534547805786,-0.45193768823447455,0.0009381215508600921,91,15
1530,Activate Mic_Mac 1,Pcx,Pyruvate fate,0.5093132853507996,0.6582928895950317,-0.369536321204937,0.0004673485945925755,91,15
1531,Activate Mic_Mac 1,G6pdx,Pentose phosphate pathway,0.04940849170088768,0.051964934915304184,-0.07137076164584709,1.0,91,15
1532,Activate Mic_Mac 1,Pygb,Glycogen,1.1123548746109009,1.189458966255188,-0.09660437780926928,0.18873925815432802,91,15
1533,Activate Mic_Mac 1,Agl,Glycogen,0.5873400568962097,0.5978508591651917,-0.02554648679925329,0.85614370451643,91,15
1534,Activate Mic_Mac 1,Cs,TCA cycle,1.2811673879623413,1.4125938415527344,-0.14078304056075053,0.022360143516269103,91,15
1535,Activate Mic_Mac 1,Idh2,TCA cycle,0.3919376730918884,0.5956016778945923,-0.6024675416219839,0.00016276899113968767,91,15
1536,Activate Mic_Mac 1,Ogdh,TCA cycle,1.410050392150879,1.4962773323059082,-0.08557195736488697,0.42507073647471816,91,15
1537,Activate Mic_Mac 1,Sdha,TCA cycle,1.7856780290603638,2.1276867389678955,-0.2526839812198555,0.0011744836163150778,91,15
1538,Activate Mic_Mac 1,Sdhb,TCA cycle,1.4752439260482788,1.5293757915496826,-0.05195483379772237,0.7034266351388114,91,15
1539,Activate Mic_Mac 1,Fh1,TCA cycle,0.5866413712501526,0.6370211839675903,-0.11866835763771838,0.26879583992128286,91,15
1540,Activate Mic_Mac 1,Got2,Anaplerosis / amino acids,0.6514659523963928,0.6594164967536926,-0.017473538687973203,0.8066615867800683,91,15
1541,Activate Mic_Mac 1,Glud1,Anaplerosis / amino acids,1.5098114013671875,1.9822819232940674,-0.3925661948183303,0.00016878374418808148,91,15
1542,Activate Mic_Mac 1,Idh1,Anaplerosis / amino acids,0.5540446639060974,0.6841894388198853,-0.3038990461810929,0.000851008129104884,91,15
1543,Activate Mic_Mac 1,Ndufs1,Oxidative phosphorylation,1.1468182802200317,1.2533618211746216,-0.12805929799316174,0.09180493518533356,91,15
1544,Activate Mic_Mac 1,Atp5o,Oxidative phosphorylation,2.119298219680786,2.3098323345184326,-0.12414539302747037,0.012678597446219608,91,15
1545,Activate Mic_Mac 1,Ppargc1a,Mitochondrial biogenesis / dynamics,0.2654583752155304,0.3943631052970886,-0.5692680671338703,0.0016591738271294612,91,15
1546,Activate Mic_Mac 1,Tfam,Mitochondrial biogenesis / dynamics,0.2175603210926056,0.26194173097610474,-0.26671161923821135,0.13475711839937876,91,15
1547,Activate Mic_Mac 1,Nrf1,Mitochondrial biogenesis / dynamics,0.2499440759420395,0.2996639609336853,-0.2607860610510157,0.049189590483902874,91,15
1548,Activate Mic_Mac 1,Opa1,Mitochondrial biogenesis / dynamics,0.5288828015327454,0.6383563876152039,-0.2709470345694929,0.01935721345128744,91,15
1549,Activate Mic_Mac 1,Mfn2,Mitochondrial biogenesis / dynamics,0.8168128132820129,0.7841917872428894,0.05872558388421585,0.6438824634399307,91,15
1550,Activate Mic_Mac 1,Dnm1l,Mitochondrial biogenesis / dynamics,0.9004549980163574,1.0378577709197998,-0.20467077261470795,0.009283250566863441,91,15
1551,Activate Mic_Mac 1,Pink1,Mitochondrial biogenesis / dynamics,1.905659794807434,2.1139943599700928,-0.14960636950868098,0.012678597446219608,91,15
1552,Activate Mic_Mac 1,Prkn,Mitochondrial biogenesis / dynamics,0.08133859187364578,0.08622420579195023,-0.08315977982307633,0.6933013787622473,91,15
1553,Activate Mic_Mac 1,Cd36,Fatty acid uptake / activation,0.2927199900150299,0.19548551738262177,0.580018478266142,0.5990768799376579,91,15
1554,Activate Mic_Mac 1,Fabp7,Fatty acid uptake / activation,0.5701852440834045,0.5439976453781128,0.06770871262822321,0.6309388425995843,91,15
1555,Activate Mic_Mac 1,Acsl1,Fatty acid uptake / activation,0.24237680435180664,0.2822800278663635,-0.21903721589344105,0.14697995757854396,91,15
1556,Activate Mic_Mac 1,Acsl6,Fatty acid uptake / activation,1.4417226314544678,1.745328426361084,-0.2755309442458737,5.4929677336130965e-05,91,15
1557,Activate Mic_Mac 1,Cpt1a,Fatty acid beta-oxidation,0.37340348958969116,0.4003715515136719,-0.10034448324435276,0.4908963659594685,91,15
1558,Activate Mic_Mac 1,Cpt1c,Fatty acid beta-oxidation,0.20586122572422028,0.17751938104629517,0.21258254066306823,0.07713935543278751,91,15
1559,Activate Mic_Mac 1,Cpt2,Fatty acid beta-oxidation,0.15158909559249878,0.17533820867538452,-0.20869324216357832,0.25719934756031504,91,15
1560,Activate Mic_Mac 1,Slc25a20,Fatty acid beta-oxidation,0.29231196641921997,0.26764509081840515,0.1267344560807783,0.35519761957969653,91,15
1561,Activate Mic_Mac 1,Hadhb,Fatty acid beta-oxidation,0.7226178646087646,0.8501335978507996,-0.23415757622960856,0.017130225054724186,91,15
1562,Activate Mic_Mac 1,Echs1,Fatty acid beta-oxidation,1.0780993700027466,1.0316394567489624,0.06349109395928847,0.5198591478841953,91,15
1563,Activate Mic_Mac 1,Acaa2,Fatty acid beta-oxidation,0.26695671677589417,0.3167962431907654,-0.24610209002741892,0.16549301128817928,91,15
1564,Activate Mic_Mac 1,Decr1,Fatty acid beta-oxidation,0.3128087818622589,0.3190370500087738,-0.028353206178304467,0.7856775090251962,91,15
1565,Activate Mic_Mac 1,Acox1,Fatty acid beta-oxidation,1.3529431819915771,1.3195841312408447,0.035990982651032725,0.567966800106924,91,15
1566,Activate Mic_Mac 1,Ehhadh,Fatty acid beta-oxidation,0.04279858618974686,0.04388650879263878,-0.03539758924605913,0.9493718706153462,91,15
1567,Activate Mic_Mac 1,Acly,Lipid synthesis,1.6967613697052002,1.7767367362976074,-0.06640799844630337,0.22451449474819773,91,15
1568,Activate Mic_Mac 1,Acaca,Lipid synthesis,0.4578082263469696,0.5012204051017761,-0.13042938733239484,0.17975471519735398,91,15
1569,Activate Mic_Mac 1,Fasn,Lipid synthesis,1.1883792877197266,1.480675458908081,-0.31702062185818586,0.00034309075230783647,91,15
1570,Activate Mic_Mac 1,Elovl1,Lipid synthesis,0.372213214635849,0.405386745929718,-0.12285328054474892,0.35050051438610097,91,15
1571,Activate Mic_Mac 1,Srebf1,Lipid synthesis,0.3999910056591034,0.3174133896827698,0.33266887269330864,0.028926486490330684,91,15
1572,Activate Mic_Mac 1,Mlxipl,Lipid synthesis,0.6225661635398865,1.0346524715423584,-0.7319254160718643,3.034243233540184e-07,91,15
1573,Activate Mic_Mac 1,Hmgcr,Cholesterol synthesis,0.6395282745361328,0.7334791421890259,-0.19745926539132408,0.03169549750977118,91,15
1574,Activate Mic_Mac 1,Lss,Cholesterol synthesis,0.21721485257148743,0.2684977650642395,-0.30452400823598713,0.0023222292192180563,91,15
1575,Activate Mic_Mac 1,Srebf2,Cholesterol synthesis,0.8706216216087341,0.8897806406021118,-0.03136821961396972,0.6569350098600062,91,15
1576,Activate Mic_Mac 1,Ldlr,Cholesterol / lipid transport,0.1768682450056076,0.18077677488327026,-0.03135891432791297,0.7996506052783366,91,15
1577,Activate Mic_Mac 1,Abca1,Cholesterol / lipid transport,0.8691829442977905,0.6843917965888977,0.3443898157049587,0.02289815986750023,91,15
1578,Activate Mic_Mac 1,Apod,Cholesterol / lipid transport,1.2120805978775024,1.2204859256744385,-0.009961833282035678,0.5557425621807136,91,15
1579,Activate Mic_Mac 1,Lpl,Cholesterol / lipid transport,0.22230206429958344,0.10854770988225937,1.0274372633082844,0.0023932029430989775,91,15
1580,Activate Mic_Mac 1,Nr1h2,Cholesterol / lipid transport,0.3447999954223633,0.38337674736976624,-0.15258321393773938,0.1371366552551142,91,15
1581,Activate Mic_Mac 1,Nr1h3,Cholesterol / lipid transport,0.08593983948230743,0.06660380214452744,0.3629130437242715,0.02182650447280806,91,15
1582,Activate Mic_Mac 1,Plin2,Cholesterol / lipid transport,0.5594876408576965,0.3183681070804596,0.8114623122427203,9.401682932659106e-07,91,15
1583,Activate Mic_Mac 1,Plin4,Cholesterol / lipid transport,0.1419392228126526,0.11334202438592911,0.3220461111776122,0.1724758111005843,91,15
1584,Activate Mic_Mac 1,Ugt8a,Myelin lipid synthesis,0.5846276879310608,0.8893792629241943,-0.6044362279614677,6.928491412414618e-06,91,15
1585,Activate Mic_Mac 1,Cers2,Myelin lipid synthesis,0.7634074687957764,0.8425976037979126,-0.14221312270113257,0.09716420657520841,91,15
1586,Activate Mic_Mac 1,Hif1a,Nutrient sensing / regulators,1.156846284866333,1.095154047012329,0.07899317413587563,0.30571177378691383,91,15
1587,Activate Mic_Mac 1,Epas1,Nutrient sensing / regulators,1.3050247430801392,1.6136146783828735,-0.306007682853242,0.0009381215508600921,91,15
1588,Activate Mic_Mac 1,Prkaa1,Nutrient sensing / regulators,0.4509652554988861,0.5862400531768799,-0.3777385009360419,0.0015113703796228411,91,15
1589,Activate Mic_Mac 1,Prkaa2,Nutrient sensing / regulators,0.12148988991975784,0.15654321014881134,-0.363084901066518,0.03791975999050628,91,15
1590,Activate Mic_Mac 1,Mtor,Nutrient sensing / regulators,0.5312763452529907,0.5751573443412781,-0.11428740162676293,0.26489151145322987,91,15
1591,Activate Mic_Mac 1,Rptor,Nutrient sensing / regulators,0.6599305272102356,0.897647500038147,-0.44325668794623124,5.932802900993447e-05,91,15
1592,Activate Mic_Mac 1,Tsc2,Nutrient sensing / regulators,0.6806460022926331,0.7403222322463989,-0.1210780763336755,0.23506270145461272,91,15
1593,Activate Mic_Mac 1,Ddit4,Nutrient sensing / regulators,0.6287215352058411,0.7935217618942261,-0.33537272997477546,0.11898385674589737,91,15
1594,Activate Mic_Mac 1,Txnip,Nutrient sensing / regulators,1.2284597158432007,1.618858814239502,-0.39784360956096637,1.6267958827823445e-06,91,15
1595,Activate Mic_Mac 1,Sirt1,Nutrient sensing / regulators,0.09288608282804489,0.12595796585083008,-0.4353676968596746,0.018421241549074673,91,15
1596,Activate Mic_Mac 1,Sirt3,Nutrient sensing / regulators,0.19153395295143127,0.23726122081279755,-0.307431274423716,0.11268358518762991,91,15
1597,Activate Mic_Mac 1,Ppara,Nutrient sensing / regulators,0.03316076472401619,0.0417015515267849,-0.32194821843155264,0.23171060545954858,91,15
1598,Activate Mic_Mac 1,Pparg,Nutrient sensing / regulators,0.015007794834673405,0.009778913110494614,0.5705628704813499,0.1576281305421412,91,15
1599,Activate Mic_Mac 1,Nfe2l2,Nutrient sensing / regulators,1.0170010328292847,0.8526679277420044,0.2539921416961864,0.014757083446010559,91,15
1600,Efflux Mic_Mac,Bdh1,Ketone body synthesis,0.06093129888176918,0.04872637614607811,0.31665740665123066,,71,2
1601,Efflux Mic_Mac,Acss1,Ketone body utilisation,0.08277544379234314,0.24254345893859863,-1.5395799068653737,,71,2
1602,Efflux Mic_Mac,Acss2,Ketone body utilisation,0.052160512655973434,0.10531154274940491,-0.9998713231365448,,71,2
1603,Efflux Mic_Mac,Hcar2,Ketone / SCFA receptors,0.01360070239752531,0.0,3.867965869544131,,71,2
1604,Efflux Mic_Mac,Ffar3,Ketone / SCFA receptors,0.0003076432622037828,0.0,0.3869690132780687,,71,2
1605,Efflux Mic_Mac,Ffar2,Ketone / SCFA receptors,0.018808474764227867,0.0,4.3080458930956365,,71,2
1606,Efflux Mic_Mac,Slc16a1,Monocarboxylate transporters,0.31513336300849915,0.1883852183818817,0.7392095654464834,,71,2
1607,Efflux Mic_Mac,Slc16a3,Monocarboxylate transporters,0.39075928926467896,0.066799096763134,2.5306295251528126,,71,2
1608,Efflux Mic_Mac,Slc2a1,Glucose transporters,0.23264825344085693,0.3371949791908264,-0.5335169889389735,,71,2
1609,Efflux Mic_Mac,Slc2a3,Glucose transporters,0.0638754740357399,0.0,6.019601269961158,,71,2
1610,Efflux Mic_Mac,Slc2a4,Glucose transporters,0.6103798151016235,1.1406840085983276,-0.9010225746524541,,71,2
1611,Efflux Mic_Mac,Hk1,Glycolysis,0.1911938488483429,0.1094113141298294,0.799674147146442,,71,2
1612,Efflux Mic_Mac,Hk2,Glycolysis,0.2582796514034271,0.1950715333223343,0.40312889327560436,,71,2
1613,Efflux Mic_Mac,Gpi1,Glycolysis,0.252615749835968,0.0537995807826519,2.210407579607039,,71,2
1614,Efflux Mic_Mac,Pfkl,Glycolysis,0.4416942298412323,0.05416504666209221,3.0044842191799295,,71,2
1615,Efflux Mic_Mac,Pfkp,Glycolysis,0.35527560114860535,0.25192898511886597,0.49426131042007787,,71,2
1616,Efflux Mic_Mac,Pfkfb2,Glycolysis,0.07579070329666138,0.12255502492189407,-0.6861501194916737,,71,2
1617,Efflux Mic_Mac,Aldoa,Glycolysis,1.0392217636108398,0.6407363414764404,0.6968385372023809,,71,2
1618,Efflux Mic_Mac,Aldoc,Glycolysis,0.48730704188346863,0.4017516076564789,0.2778982355294327,,71,2
1619,Efflux Mic_Mac,Tpi1,Glycolysis,0.3507959246635437,0.18496760725975037,0.9196874225903523,,71,2
1620,Efflux Mic_Mac,Pgk1,Glycolysis,0.36256298422813416,0.18799550831317902,0.9438533729604087,,71,2
1621,Efflux Mic_Mac,Eno1,Glycolysis,0.0702957734465599,0.0,6.15574464829672,,71,2
1622,Efflux Mic_Mac,Eno2,Glycolysis,0.3649410605430603,0.3462679982185364,0.07556183465888715,,71,2
1623,Efflux Mic_Mac,Pkm,Glycolysis,0.6354361176490784,0.04312000423669815,3.8505108761285363,,71,2
1624,Efflux Mic_Mac,Ldha,Glycolysis,0.14990127086639404,0.17833024263381958,-0.24901385182339206,,71,2
1625,Efflux Mic_Mac,Ldhb,Glycolysis,0.3672754764556885,0.37421461939811707,-0.026930709274016803,,71,2
1626,Efflux Mic_Mac,Pdk1,Pyruvate fate,0.05956263467669487,0.0,5.920356063624514,,71,2
1627,Efflux Mic_Mac,Pdk4,Pyruvate fate,0.02660224586725235,0.0,4.786713752098337,,71,2
1628,Efflux Mic_Mac,Mpc1,Pyruvate fate,0.15746694803237915,0.3310178518295288,-1.0670788498864783,,71,2
1629,Efflux Mic_Mac,Mpc2,Pyruvate fate,0.08717791736125946,0.0,6.462345497809893,,71,2
1630,Efflux Mic_Mac,Pcx,Pyruvate fate,0.05408192053437233,0.11755453050136566,-1.105900028005589,,71,2
1631,Efflux Mic_Mac,G6pdx,Pentose phosphate pathway,0.018544785678386688,0.0,4.288711859487758,,71,2
1632,Efflux Mic_Mac,Pygb,Glycogen,0.21159888803958893,0.05858747288584709,1.8350530821940652,,71,2
1633,Efflux Mic_Mac,Agl,Glycogen,0.12457267194986343,0.06580354273319244,0.9105260094529248,,71,2
1634,Efflux Mic_Mac,Cs,TCA cycle,0.3441181182861328,0.32673078775405884,0.07457900631044595,,71,2
1635,Efflux Mic_Mac,Idh2,TCA cycle,0.12323018163442612,0.10288628190755844,0.25801055767435793,,71,2
1636,Efflux Mic_Mac,Ogdh,TCA cycle,0.15124864876270294,0.28801244497299194,-0.9247021930161802,,71,2
1637,Efflux Mic_Mac,Sdha,TCA cycle,0.30288639664649963,0.16250744462013245,0.8941757703994717,,71,2
1638,Efflux Mic_Mac,Sdhb,TCA cycle,0.38246631622314453,0.28950828313827515,0.4005205574393734,,71,2
1639,Efflux Mic_Mac,Fh1,TCA cycle,0.07083091139793396,0.18533436954021454,-1.375217079395673,,71,2
1640,Efflux Mic_Mac,Got2,Anaplerosis / amino acids,0.13538247346878052,0.0,7.091514445102188,,71,2
1641,Efflux Mic_Mac,Glud1,Anaplerosis / amino acids,0.2712666094303131,0.29295092821121216,-0.11055527130434384,,71,2
1642,Efflux Mic_Mac,Idh1,Anaplerosis / amino acids,0.15094886720180511,0.0,7.247442109199394,,71,2
1643,Efflux Mic_Mac,Ndufs1,Oxidative phosphorylation,0.2030477374792099,0.2155582457780838,-0.08584839241301709,,71,2
1644,Efflux Mic_Mac,Atp5o,Oxidative phosphorylation,0.31373894214630127,0.1227819174528122,1.3463551166279262,,71,2
1645,Efflux Mic_Mac,Ppargc1a,Mitochondrial biogenesis / dynamics,0.02067616395652294,0.04312000423669815,-1.025323464775262,,71,2
1646,Efflux Mic_Mac,Tfam,Mitochondrial biogenesis / dynamics,0.057986073195934296,0.0,5.882302464567211,,71,2
1647,Efflux Mic_Mac,Nrf1,Mitochondrial biogenesis / dynamics,0.05231574550271034,0.056287240236997604,-0.10365217822449499,,71,2
1648,Efflux Mic_Mac,Opa1,Mitochondrial biogenesis / dynamics,0.11776266247034073,0.10385608673095703,0.17967073168822337,,71,2
1649,Efflux Mic_Mac,Mfn2,Mitochondrial biogenesis / dynamics,0.1073715016245842,0.0,6.759841611869346,,71,2
1650,Efflux Mic_Mac,Dnm1l,Mitochondrial biogenesis / dynamics,0.21205799281597137,0.06760209798812866,1.634921572206679,,71,2
1651,Efflux Mic_Mac,Pink1,Mitochondrial biogenesis / dynamics,0.4130973219871521,0.4176391661167145,-0.015737417707172227,,71,2
1652,Efflux Mic_Mac,Prkn,Mitochondrial biogenesis / dynamics,0.026510730385780334,0.0,4.781922537338846,,71,2
1653,Efflux Mic_Mac,Cd36,Fatty acid uptake / activation,0.07173067331314087,0.2933805584907532,-2.01704655853518,,71,2
1654,Efflux Mic_Mac,Fabp7,Fatty acid uptake / activation,0.18165507912635803,0.10526768863201141,0.7814188686450015,,71,2
1655,Efflux Mic_Mac,Acsl1,Fatty acid uptake / activation,0.20160745084285736,0.18467757105827332,0.1258876745973612,,71,2
1656,Efflux Mic_Mac,Acsl6,Fatty acid uptake / activation,0.10772038251161575,0.0632229596376419,0.7594613805006706,,71,2
1657,Efflux Mic_Mac,Cpt1a,Fatty acid beta-oxidation,0.14884451031684875,0.09829595685005188,0.5936593502838712,,71,2
1658,Efflux Mic_Mac,Cpt1c,Fatty acid beta-oxidation,0.06469038873910904,0.0537995807826519,0.26151744648153785,,71,2
1659,Efflux Mic_Mac,Cpt2,Fatty acid beta-oxidation,0.049840085208415985,0.04312000423669815,0.2045335188475413,,71,2
1660,Efflux Mic_Mac,Slc25a20,Fatty acid beta-oxidation,0.11832945048809052,0.19472363591194153,-0.7138678448703706,,71,2
1661,Efflux Mic_Mac,Hadhb,Fatty acid beta-oxidation,0.1406579315662384,0.11293010413646698,0.31426237627950276,,71,2
1662,Efflux Mic_Mac,Echs1,Fatty acid beta-oxidation,0.2925369441509247,0.17271244525909424,0.7568409737788444,,71,2
1663,Efflux Mic_Mac,Acaa2,Fatty acid beta-oxidation,0.06842916458845139,0.2649955153465271,-1.9377882049397508,,71,2
1664,Efflux Mic_Mac,Decr1,Fatty acid beta-oxidation,0.0340987890958786,0.0,5.133349353465471,,71,2
1665,Efflux Mic_Mac,Acox1,Fatty acid beta-oxidation,0.3665481209754944,0.22261708974838257,0.7169026969817142,,71,2
1666,Efflux Mic_Mac,Ehhadh,Fatty acid beta-oxidation,0.01540657039731741,0.0,4.036201786640038,,71,2
1667,Efflux Mic_Mac,Acly,Lipid synthesis,0.49211621284484863,0.30184194445610046,0.7033626505840284,,71,2
1668,Efflux Mic_Mac,Acaca,Lipid synthesis,0.12758739292621613,0.23095786571502686,-0.8511135652805392,,71,2
1669,Efflux Mic_Mac,Fasn,Lipid synthesis,0.16665251553058624,0.7076311111450195,-2.0795606756056335,,71,2
1670,Efflux Mic_Mac,Elovl1,Lipid synthesis,0.07257610559463501,0.18259276449680328,-1.3191999812150619,,71,2
1671,Efflux Mic_Mac,Srebf1,Lipid synthesis,0.12387305498123169,0.12233226001262665,0.017911992052747742,,71,2
1672,Efflux Mic_Mac,Mlxipl,Lipid synthesis,0.028507309034466743,0.05150950700044632,-0.8315062926796085,,71,2
1673,Efflux Mic_Mac,Hmgcr,Cholesterol synthesis,0.11249540746212006,0.1158117949962616,-0.04155203605573978,,71,2
1674,Efflux Mic_Mac,Lss,Cholesterol synthesis,0.07634545117616653,0.11606695502996445,-0.5979455460366404,,71,2
1675,Efflux Mic_Mac,Srebf2,Cholesterol synthesis,0.3432750105857849,0.04872637614607811,2.791478263398942,,71,2
1676,Efflux Mic_Mac,Ldlr,Cholesterol / lipid transport,0.06701010465621948,0.0,6.087677206756217,,71,2
1677,Efflux Mic_Mac,Abca1,Cholesterol / lipid transport,1.3218461275100708,0.2978332042694092,2.1462328937526896,,71,2
1678,Efflux Mic_Mac,Apod,Cholesterol / lipid transport,1.9521125555038452,1.2344821691513062,0.6607009029729762,,71,2
1679,Efflux Mic_Mac,Lpl,Cholesterol / lipid transport,0.2095760852098465,0.5186798572540283,-1.303281540263609,,71,2
1680,Efflux Mic_Mac,Nr1h2,Cholesterol / lipid transport,0.22685278952121735,0.06381934881210327,1.8136056008313177,,71,2
1681,Efflux Mic_Mac,Nr1h3,Cholesterol / lipid transport,0.09716204553842545,0.0,6.617093407635065,,71,2
1682,Efflux Mic_Mac,Plin2,Cholesterol / lipid transport,0.3493981957435608,0.204086571931839,0.7727623120130125,,71,2
1683,Efflux Mic_Mac,Plin4,Cholesterol / lipid transport,0.08560636639595032,0.26454663276672363,-1.6164202497781268,,71,2
1684,Efflux Mic_Mac,Ugt8a,Myelin lipid synthesis,0.18476387858390808,0.18497923016548157,-0.0016715128604988033,,71,2
1685,Efflux Mic_Mac,Cers2,Myelin lipid synthesis,0.2292720377445221,0.24397099018096924,-0.08927168001843262,,71,2
1686,Efflux Mic_Mac,Hif1a,Nutrient sensing / regulators,0.36602696776390076,0.17468440532684326,1.0628999349602344,,71,2
1687,Efflux Mic_Mac,Epas1,Nutrient sensing / regulators,0.31428027153015137,0.19249331951141357,0.7043511398861694,,71,2
1688,Efflux Mic_Mac,Prkaa1,Nutrient sensing / regulators,0.20018917322158813,0.1760939210653305,0.1840379792357733,,71,2
1689,Efflux Mic_Mac,Prkaa2,Nutrient sensing / regulators,0.012993093580007553,0.0,3.8066430423186186,,71,2
1690,Efflux Mic_Mac,Mtor,Nutrient sensing / regulators,0.12003691494464874,0.10567454993724823,0.1822310971492347,,71,2
1691,Efflux Mic_Mac,Rptor,Nutrient sensing / regulators,0.07069101929664612,0.06846077740192413,0.04559384706570042,,71,2
1692,Efflux Mic_Mac,Tsc2,Nutrient sensing / regulators,0.10267229378223419,0.04849203675985336,1.0667620680551786,,71,2
1693,Efflux Mic_Mac,Ddit4,Nutrient sensing / regulators,0.12571799755096436,0.12461864948272705,0.012570778438837913,,71,2
1694,Efflux Mic_Mac,Txnip,Nutrient sensing / regulators,0.626642107963562,0.4955524206161499,0.3379961148291044,,71,2
1695,Efflux Mic_Mac,Sirt1,Nutrient sensing / regulators,0.04909990355372429,0.0,5.646735921008492,,71,2
1696,Efflux Mic_Mac,Sirt3,Nutrient sensing / regulators,0.030969679355621338,0.06706102192401886,-1.0901245387935108,,71,2
1697,Efflux Mic_Mac,Ppara,Nutrient sensing / regulators,0.005724303424358368,0.0,2.7493848255468,,71,2
1698,Efflux Mic_Mac,Pparg,Nutrient sensing / regulators,0.011177844367921352,0.06580354273319244,-2.455665833276304,,71,2
1699,Efflux Mic_Mac,Nfe2l2,Nutrient sensing / regulators,0.30783969163894653,0.0,8.270714367415822,,71,2
1700,Foamy Mic_Mac,Bdh1,Ketone body synthesis,0.07933368533849716,,,,37,0
1701,Foamy Mic_Mac,Acss1,Ketone body utilisation,0.19166582822799683,,,,37,0
1702,Foamy Mic_Mac,Acss2,Ketone body utilisation,0.12726683914661407,,,,37,0
1703,Foamy Mic_Mac,Hcar2,Ketone / SCFA receptors,0.040823765099048615,,,,37,0
1704,Foamy Mic_Mac,Ffar3,Ketone / SCFA receptors,0.0007391235558316112,,,,37,0
1705,Foamy Mic_Mac,Ffar2,Ketone / SCFA receptors,0.010323403403162956,,,,37,0
1706,Foamy Mic_Mac,Slc16a1,Monocarboxylate transporters,0.5827733874320984,,,,37,0
1707,Foamy Mic_Mac,Slc16a3,Monocarboxylate transporters,1.4353057146072388,,,,37,0
1708,Foamy Mic_Mac,Slc2a1,Glucose transporters,0.7790578603744507,,,,37,0
1709,Foamy Mic_Mac,Slc2a3,Glucose transporters,0.04513174295425415,,,,37,0
1710,Foamy Mic_Mac,Slc2a4,Glucose transporters,0.1438160091638565,,,,37,0
1711,Foamy Mic_Mac,Hk1,Glycolysis,0.45343348383903503,,,,37,0
1712,Foamy Mic_Mac,Hk2,Glycolysis,1.5176159143447876,,,,37,0
1713,Foamy Mic_Mac,Gpi1,Glycolysis,1.3201708793640137,,,,37,0
1714,Foamy Mic_Mac,Pfkl,Glycolysis,1.7854059934616089,,,,37,0
1715,Foamy Mic_Mac,Pfkp,Glycolysis,0.8547539114952087,,,,37,0
1716,Foamy Mic_Mac,Pfkfb2,Glycolysis,0.2380114644765854,,,,37,0
1717,Foamy Mic_Mac,Aldoa,Glycolysis,3.8353939056396484,,,,37,0
1718,Foamy Mic_Mac,Aldoc,Glycolysis,0.5758180022239685,,,,37,0
1719,Foamy Mic_Mac,Tpi1,Glycolysis,2.0999093055725098,,,,37,0
1720,Foamy Mic_Mac,Pgk1,Glycolysis,1.7196241617202759,,,,37,0
1721,Foamy Mic_Mac,Eno1,Glycolysis,0.5139085650444031,,,,37,0
1722,Foamy Mic_Mac,Eno2,Glycolysis,0.6806799173355103,,,,37,0
1723,Foamy Mic_Mac,Pkm,Glycolysis,2.38922381401062,,,,37,0
1724,Foamy Mic_Mac,Ldha,Glycolysis,1.4258867502212524,,,,37,0
1725,Foamy Mic_Mac,Ldhb,Glycolysis,1.1287721395492554,,,,37,0
1726,Foamy Mic_Mac,Pdk1,Pyruvate fate,0.31016257405281067,,,,37,0
1727,Foamy Mic_Mac,Pdk4,Pyruvate fate,0.026288732886314392,,,,37,0
1728,Foamy Mic_Mac,Mpc1,Pyruvate fate,0.8151955604553223,,,,37,0
1729,Foamy Mic_Mac,Mpc2,Pyruvate fate,0.2495674192905426,,,,37,0
1730,Foamy Mic_Mac,Pcx,Pyruvate fate,0.08853007107973099,,,,37,0
1731,Foamy Mic_Mac,G6pdx,Pentose phosphate pathway,0.07768040895462036,,,,37,0
1732,Foamy Mic_Mac,Pygb,Glycogen,0.3529806137084961,,,,37,0
1733,Foamy Mic_Mac,Agl,Glycogen,0.5595722794532776,,,,37,0
1734,Foamy Mic_Mac,Cs,TCA cycle,0.9907286167144775,,,,37,0
1735,Foamy Mic_Mac,Idh2,TCA cycle,0.6303989887237549,,,,37,0
1736,Foamy Mic_Mac,Ogdh,TCA cycle,1.0100328922271729,,,,37,0
1737,Foamy Mic_Mac,Sdha,TCA cycle,1.2587721347808838,,,,37,0
1738,Foamy Mic_Mac,Sdhb,TCA cycle,1.629862666130066,,,,37,0
1739,Foamy Mic_Mac,Fh1,TCA cycle,0.3464215397834778,,,,37,0
1740,Foamy Mic_Mac,Got2,Anaplerosis / amino acids,0.35289716720581055,,,,37,0
1741,Foamy Mic_Mac,Glud1,Anaplerosis / amino acids,0.9053919911384583,,,,37,0
1742,Foamy Mic_Mac,Idh1,Anaplerosis / amino acids,1.632058024406433,,,,37,0
1743,Foamy Mic_Mac,Ndufs1,Oxidative phosphorylation,0.8088576197624207,,,,37,0
1744,Foamy Mic_Mac,Atp5o,Oxidative phosphorylation,1.669838786125183,,,,37,0
1745,Foamy Mic_Mac,Ppargc1a,Mitochondrial biogenesis / dynamics,0.008435448631644249,,,,37,0
1746,Foamy Mic_Mac,Tfam,Mitochondrial biogenesis / dynamics,0.18305936455726624,,,,37,0
1747,Foamy Mic_Mac,Nrf1,Mitochondrial biogenesis / dynamics,0.2298000454902649,,,,37,0
1748,Foamy Mic_Mac,Opa1,Mitochondrial biogenesis / dynamics,0.3945522606372833,,,,37,0
1749,Foamy Mic_Mac,Mfn2,Mitochondrial biogenesis / dynamics,0.44384095072746277,,,,37,0
1750,Foamy Mic_Mac,Dnm1l,Mitochondrial biogenesis / dynamics,0.631004810333252,,,,37,0
1751,Foamy Mic_Mac,Pink1,Mitochondrial biogenesis / dynamics,0.8335965871810913,,,,37,0
1752,Foamy Mic_Mac,Prkn,Mitochondrial biogenesis / dynamics,0.02055707946419716,,,,37,0
1753,Foamy Mic_Mac,Cd36,Fatty acid uptake / activation,0.43865329027175903,,,,37,0
1754,Foamy Mic_Mac,Fabp7,Fatty acid uptake / activation,0.6305923461914062,,,,37,0
1755,Foamy Mic_Mac,Acsl1,Fatty acid uptake / activation,0.7059654593467712,,,,37,0
1756,Foamy Mic_Mac,Acsl6,Fatty acid uptake / activation,0.11151959747076035,,,,37,0
1757,Foamy Mic_Mac,Cpt1a,Fatty acid beta-oxidation,0.99448561668396,,,,37,0
1758,Foamy Mic_Mac,Cpt1c,Fatty acid beta-oxidation,0.0639876127243042,,,,37,0
1759,Foamy Mic_Mac,Cpt2,Fatty acid beta-oxidation,0.17657706141471863,,,,37,0
1760,Foamy Mic_Mac,Slc25a20,Fatty acid beta-oxidation,0.4462658762931824,,,,37,0
1761,Foamy Mic_Mac,Hadhb,Fatty acid beta-oxidation,0.3964010775089264,,,,37,0
1762,Foamy Mic_Mac,Echs1,Fatty acid beta-oxidation,1.6148011684417725,,,,37,0
1763,Foamy Mic_Mac,Acaa2,Fatty acid beta-oxidation,0.4198461174964905,,,,37,0
1764,Foamy Mic_Mac,Decr1,Fatty acid beta-oxidation,0.2601655423641205,,,,37,0
1765,Foamy Mic_Mac,Acox1,Fatty acid beta-oxidation,1.0787391662597656,,,,37,0
1766,Foamy Mic_Mac,Ehhadh,Fatty acid beta-oxidation,0.02756759338080883,,,,37,0
1767,Foamy Mic_Mac,Acly,Lipid synthesis,1.4018932580947876,,,,37,0
1768,Foamy Mic_Mac,Acaca,Lipid synthesis,0.27740544080734253,,,,37,0
1769,Foamy Mic_Mac,Fasn,Lipid synthesis,0.2782214283943176,,,,37,0
1770,Foamy Mic_Mac,Elovl1,Lipid synthesis,0.6348300576210022,,,,37,0
1771,Foamy Mic_Mac,Srebf1,Lipid synthesis,0.4154229164123535,,,,37,0
1772,Foamy Mic_Mac,Mlxipl,Lipid synthesis,0.0450599230825901,,,,37,0
1773,Foamy Mic_Mac,Hmgcr,Cholesterol synthesis,0.42480388283729553,,,,37,0
1774,Foamy Mic_Mac,Lss,Cholesterol synthesis,0.12581728398799896,,,,37,0
1775,Foamy Mic_Mac,Srebf2,Cholesterol synthesis,0.47689685225486755,,,,37,0
1776,Foamy Mic_Mac,Ldlr,Cholesterol / lipid transport,0.1377437710762024,,,,37,0
1777,Foamy Mic_Mac,Abca1,Cholesterol / lipid transport,2.586608648300171,,,,37,0
1778,Foamy Mic_Mac,Apod,Cholesterol / lipid transport,2.0422558784484863,,,,37,0
1779,Foamy Mic_Mac,Lpl,Cholesterol / lipid transport,0.8468899130821228,,,,37,0
1780,Foamy Mic_Mac,Nr1h2,Cholesterol / lipid transport,0.35374903678894043,,,,37,0
1781,Foamy Mic_Mac,Nr1h3,Cholesterol / lipid transport,0.5884031057357788,,,,37,0
1782,Foamy Mic_Mac,Plin2,Cholesterol / lipid transport,3.2076668739318848,,,,37,0
1783,Foamy Mic_Mac,Plin4,Cholesterol / lipid transport,0.059045739471912384,,,,37,0
1784,Foamy Mic_Mac,Ugt8a,Myelin lipid synthesis,0.24211937189102173,,,,37,0
1785,Foamy Mic_Mac,Cers2,Myelin lipid synthesis,1.0981369018554688,,,,37,0
1786,Foamy Mic_Mac,Hif1a,Nutrient sensing / regulators,1.7187575101852417,,,,37,0
1787,Foamy Mic_Mac,Epas1,Nutrient sensing / regulators,0.8441292643547058,,,,37,0
1788,Foamy Mic_Mac,Prkaa1,Nutrient sensing / regulators,0.5371799468994141,,,,37,0
1789,Foamy Mic_Mac,Prkaa2,Nutrient sensing / regulators,0.016717292368412018,,,,37,0
1790,Foamy Mic_Mac,Mtor,Nutrient sensing / regulators,0.3931262493133545,,,,37,0
1791,Foamy Mic_Mac,Rptor,Nutrient sensing / regulators,0.3316227197647095,,,,37,0
1792,Foamy Mic_Mac,Tsc2,Nutrient sensing / regulators,0.5948466062545776,,,,37,0
1793,Foamy Mic_Mac,Ddit4,Nutrient sensing / regulators,0.17433330416679382,,,,37,0
1794,Foamy Mic_Mac,Txnip,Nutrient sensing / regulators,1.6678695678710938,,,,37,0
1795,Foamy Mic_Mac,Sirt1,Nutrient sensing / regulators,0.14256511628627777,,,,37,0
1796,Foamy Mic_Mac,Sirt3,Nutrient sensing / regulators,0.11781065165996552,,,,37,0
1797,Foamy Mic_Mac,Ppara,Nutrient sensing / regulators,0.004562582354992628,,,,37,0
1798,Foamy Mic_Mac,Pparg,Nutrient sensing / regulators,0.10151650756597519,,,,37,0
1799,Foamy Mic_Mac,Nfe2l2,Nutrient sensing / regulators,1.7073373794555664,,,,37,0
1800,APCs,Bdh1,Ketone body synthesis,0.15636056661605835,,,,77,0
1801,APCs,Acss1,Ketone body utilisation,0.3302138149738312,,,,77,0
1802,APCs,Acss2,Ketone body utilisation,0.17623093724250793,,,,77,0
1803,APCs,Hcar2,Ketone / SCFA receptors,0.03762288764119148,,,,77,0
1804,APCs,Ffar3,Ketone / SCFA receptors,0.00011604233441175893,,,,77,0
1805,APCs,Ffar2,Ketone / SCFA receptors,0.3001253306865692,,,,77,0
1806,APCs,Slc16a1,Monocarboxylate transporters,0.5217154622077942,,,,77,0
1807,APCs,Slc16a3,Monocarboxylate transporters,0.4796336889266968,,,,77,0
1808,APCs,Slc2a1,Glucose transporters,0.526257336139679,,,,77,0
1809,APCs,Slc2a3,Glucose transporters,0.22836630046367645,,,,77,0
1810,APCs,Slc2a4,Glucose transporters,0.1678461879491806,,,,77,0
1811,APCs,Hk1,Glycolysis,0.49152103066444397,,,,77,0
1812,APCs,Hk2,Glycolysis,0.8514172434806824,,,,77,0
1813,APCs,Gpi1,Glycolysis,1.1918672323226929,,,,77,0
1814,APCs,Pfkl,Glycolysis,0.7234110236167908,,,,77,0
1815,APCs,Pfkp,Glycolysis,1.4745538234710693,,,,77,0
1816,APCs,Pfkfb2,Glycolysis,0.14424869418144226,,,,77,0
1817,APCs,Aldoa,Glycolysis,2.5919899940490723,,,,77,0
1818,APCs,Aldoc,Glycolysis,1.0833814144134521,,,,77,0
1819,APCs,Tpi1,Glycolysis,1.0714783668518066,,,,77,0
1820,APCs,Pgk1,Glycolysis,1.155630111694336,,,,77,0
1821,APCs,Eno1,Glycolysis,0.27713316679000854,,,,77,0
1822,APCs,Eno2,Glycolysis,0.34391629695892334,,,,77,0
1823,APCs,Pkm,Glycolysis,1.4332021474838257,,,,77,0
1824,APCs,Ldha,Glycolysis,1.0777297019958496,,,,77,0
1825,APCs,Ldhb,Glycolysis,1.0469518899917603,,,,77,0
1826,APCs,Pdk1,Pyruvate fate,0.17960016429424286,,,,77,0
1827,APCs,Pdk4,Pyruvate fate,0.05623623728752136,,,,77,0
1828,APCs,Mpc1,Pyruvate fate,0.5565515756607056,,,,77,0
1829,APCs,Mpc2,Pyruvate fate,0.25070640444755554,,,,77,0
1830,APCs,Pcx,Pyruvate fate,0.17347516119480133,,,,77,0
1831,APCs,G6pdx,Pentose phosphate pathway,0.04287617281079292,,,,77,0
1832,APCs,Pygb,Glycogen,0.45277518033981323,,,,77,0
1833,APCs,Agl,Glycogen,0.32086867094039917,,,,77,0
1834,APCs,Cs,TCA cycle,1.160374402999878,,,,77,0
1835,APCs,Idh2,TCA cycle,0.487637460231781,,,,77,0
1836,APCs,Ogdh,TCA cycle,0.8241270184516907,,,,77,0
1837,APCs,Sdha,TCA cycle,1.1213195323944092,,,,77,0
1838,APCs,Sdhb,TCA cycle,1.1724299192428589,,,,77,0
1839,APCs,Fh1,TCA cycle,0.5491032004356384,,,,77,0
1840,APCs,Got2,Anaplerosis / amino acids,0.43878284096717834,,,,77,0
1841,APCs,Glud1,Anaplerosis / amino acids,1.0007803440093994,,,,77,0
1842,APCs,Idh1,Anaplerosis / amino acids,0.3976356089115143,,,,77,0
1843,APCs,Ndufs1,Oxidative phosphorylation,0.6927664279937744,,,,77,0
1844,APCs,Atp5o,Oxidative phosphorylation,1.383285403251648,,,,77,0
1845,APCs,Ppargc1a,Mitochondrial biogenesis / dynamics,0.03937394917011261,,,,77,0
1846,APCs,Tfam,Mitochondrial biogenesis / dynamics,0.2022363394498825,,,,77,0
1847,APCs,Nrf1,Mitochondrial biogenesis / dynamics,0.27506059408187866,,,,77,0
1848,APCs,Opa1,Mitochondrial biogenesis / dynamics,0.32736748456954956,,,,77,0
1849,APCs,Mfn2,Mitochondrial biogenesis / dynamics,0.3932874798774719,,,,77,0
1850,APCs,Dnm1l,Mitochondrial biogenesis / dynamics,0.5490990281105042,,,,77,0
1851,APCs,Pink1,Mitochondrial biogenesis / dynamics,0.9966840147972107,,,,77,0
1852,APCs,Prkn,Mitochondrial biogenesis / dynamics,0.020878037437796593,,,,77,0
1853,APCs,Cd36,Fatty acid uptake / activation,0.3077792525291443,,,,77,0
1854,APCs,Fabp7,Fatty acid uptake / activation,0.7125712037086487,,,,77,0
1855,APCs,Acsl1,Fatty acid uptake / activation,0.36611244082450867,,,,77,0
1856,APCs,Acsl6,Fatty acid uptake / activation,0.31147727370262146,,,,77,0
1857,APCs,Cpt1a,Fatty acid beta-oxidation,0.4785051643848419,,,,77,0
1858,APCs,Cpt1c,Fatty acid beta-oxidation,0.1114131286740303,,,,77,0
1859,APCs,Cpt2,Fatty acid beta-oxidation,0.12470658868551254,,,,77,0
1860,APCs,Slc25a20,Fatty acid beta-oxidation,0.38817593455314636,,,,77,0
1861,APCs,Hadhb,Fatty acid beta-oxidation,0.4118807911872864,,,,77,0
1862,APCs,Echs1,Fatty acid beta-oxidation,0.7410309314727783,,,,77,0
1863,APCs,Acaa2,Fatty acid beta-oxidation,0.23047959804534912,,,,77,0
1864,APCs,Decr1,Fatty acid beta-oxidation,0.23322893679141998,,,,77,0
1865,APCs,Acox1,Fatty acid beta-oxidation,0.9445592761039734,,,,77,0
1866,APCs,Ehhadh,Fatty acid beta-oxidation,0.024031702429056168,,,,77,0
1867,APCs,Acly,Lipid synthesis,1.3437447547912598,,,,77,0
1868,APCs,Acaca,Lipid synthesis,0.3687218725681305,,,,77,0
1869,APCs,Fasn,Lipid synthesis,0.6640792489051819,,,,77,0
1870,APCs,Elovl1,Lipid synthesis,0.41443756222724915,,,,77,0
1871,APCs,Srebf1,Lipid synthesis,0.31875860691070557,,,,77,0
1872,APCs,Mlxipl,Lipid synthesis,0.04540916904807091,,,,77,0
1873,APCs,Hmgcr,Cholesterol synthesis,0.8534889817237854,,,,77,0
1874,APCs,Lss,Cholesterol synthesis,0.19579868018627167,,,,77,0
1875,APCs,Srebf2,Cholesterol synthesis,1.443242073059082,,,,77,0
1876,APCs,Ldlr,Cholesterol / lipid transport,0.3207645118236542,,,,77,0
1877,APCs,Abca1,Cholesterol / lipid transport,0.4902040660381317,,,,77,0
1878,APCs,Apod,Cholesterol / lipid transport,1.9398460388183594,,,,77,0
1879,APCs,Lpl,Cholesterol / lipid transport,0.34488406777381897,,,,77,0
1880,APCs,Nr1h2,Cholesterol / lipid transport,0.3711743652820587,,,,77,0
1881,APCs,Nr1h3,Cholesterol / lipid transport,0.09771948307752609,,,,77,0
1882,APCs,Plin2,Cholesterol / lipid transport,0.9979240894317627,,,,77,0
1883,APCs,Plin4,Cholesterol / lipid transport,0.08474806696176529,,,,77,0
1884,APCs,Ugt8a,Myelin lipid synthesis,0.26552897691726685,,,,77,0
1885,APCs,Cers2,Myelin lipid synthesis,0.7200498580932617,,,,77,0
1886,APCs,Hif1a,Nutrient sensing / regulators,1.2786965370178223,,,,77,0
1887,APCs,Epas1,Nutrient sensing / regulators,0.6396809220314026,,,,77,0
1888,APCs,Prkaa1,Nutrient sensing / regulators,0.42376217246055603,,,,77,0
1889,APCs,Prkaa2,Nutrient sensing / regulators,0.027153266593813896,,,,77,0
1890,APCs,Mtor,Nutrient sensing / regulators,0.45283281803131104,,,,77,0
1891,APCs,Rptor,Nutrient sensing / regulators,0.4147191643714905,,,,77,0
1892,APCs,Tsc2,Nutrient sensing / regulators,0.4280383586883545,,,,77,0
1893,APCs,Ddit4,Nutrient sensing / regulators,0.7953659892082214,,,,77,0
1894,APCs,Txnip,Nutrient sensing / regulators,2.0288169384002686,,,,77,0
1895,APCs,Sirt1,Nutrient sensing / regulators,0.12080555409193039,,,,77,0
1896,APCs,Sirt3,Nutrient sensing / regulators,0.11395719647407532,,,,77,0
1897,APCs,Ppara,Nutrient sensing / regulators,0.01237329002469778,,,,77,0
1898,APCs,Pparg,Nutrient sensing / regulators,0.009619614109396935,,,,77,0
1899,APCs,Nfe2l2,Nutrient sensing / regulators,0.8662360310554504,,,,77,0
1900,B cells,Bdh1,Ketone body synthesis,0.14678458869457245,,,,57,0
1901,B cells,Acss1,Ketone body utilisation,0.3927933871746063,,,,57,0
1902,B cells,Acss2,Ketone body utilisation,0.11810597032308578,,,,57,0
1903,B cells,Hcar2,Ketone / SCFA receptors,0.027273718267679214,,,,57,0
1904,B cells,Ffar3,Ketone / SCFA receptors,0.0026501561515033245,,,,57,0
1905,B cells,Ffar2,Ketone / SCFA receptors,0.10952454060316086,,,,57,0
1906,B cells,Slc16a1,Monocarboxylate transporters,0.46731168031692505,,,,57,0
1907,B cells,Slc16a3,Monocarboxylate transporters,0.3325694501399994,,,,57,0
1908,B cells,Slc2a1,Glucose transporters,0.5605215430259705,,,,57,0
1909,B cells,Slc2a3,Glucose transporters,0.24337853491306305,,,,57,0
1910,B cells,Slc2a4,Glucose transporters,0.08901763707399368,,,,57,0
1911,B cells,Hk1,Glycolysis,0.543868899345398,,,,57,0
1912,B cells,Hk2,Glycolysis,0.4886530637741089,,,,57,0
1913,B cells,Gpi1,Glycolysis,0.9533687829971313,,,,57,0
1914,B cells,Pfkl,Glycolysis,0.6728731393814087,,,,57,0
1915,B cells,Pfkp,Glycolysis,0.9218435287475586,,,,57,0
1916,B cells,Pfkfb2,Glycolysis,0.19573430716991425,,,,57,0
1917,B cells,Aldoa,Glycolysis,2.545856237411499,,,,57,0
1918,B cells,Aldoc,Glycolysis,0.5135008692741394,,,,57,0
1919,B cells,Tpi1,Glycolysis,0.9324644207954407,,,,57,0
1920,B cells,Pgk1,Glycolysis,0.9406680464744568,,,,57,0
1921,B cells,Eno1,Glycolysis,0.25112438201904297,,,,57,0
1922,B cells,Eno2,Glycolysis,0.373234361410141,,,,57,0
1923,B cells,Pkm,Glycolysis,1.2227985858917236,,,,57,0
1924,B cells,Ldha,Glycolysis,0.8528086543083191,,,,57,0
1925,B cells,Ldhb,Glycolysis,0.5815704464912415,,,,57,0
1926,B cells,Pdk1,Pyruvate fate,0.23419640958309174,,,,57,0
1927,B cells,Pdk4,Pyruvate fate,0.09789147973060608,,,,57,0
1928,B cells,Mpc1,Pyruvate fate,0.4048328995704651,,,,57,0
1929,B cells,Mpc2,Pyruvate fate,0.25254884362220764,,,,57,0
1930,B cells,Pcx,Pyruvate fate,0.13094042241573334,,,,57,0
1931,B cells,G6pdx,Pentose phosphate pathway,0.04863208159804344,,,,57,0
1932,B cells,Pygb,Glycogen,0.45725902915000916,,,,57,0
1933,B cells,Agl,Glycogen,0.25785091519355774,,,,57,0
1934,B cells,Cs,TCA cycle,0.987518310546875,,,,57,0
1935,B cells,Idh2,TCA cycle,0.5092146396636963,,,,57,0
1936,B cells,Ogdh,TCA cycle,0.920702338218689,,,,57,0
1937,B cells,Sdha,TCA cycle,1.1544181108474731,,,,57,0
1938,B cells,Sdhb,TCA cycle,0.9747694730758667,,,,57,0
1939,B cells,Fh1,TCA cycle,0.35461950302124023,,,,57,0
1940,B cells,Got2,Anaplerosis / amino acids,0.3721184730529785,,,,57,0
1941,B cells,Glud1,Anaplerosis / amino acids,0.7604597806930542,,,,57,0
1942,B cells,Idh1,Anaplerosis / amino acids,0.5245683193206787,,,,57,0
1943,B cells,Ndufs1,Oxidative phosphorylation,0.718047559261322,,,,57,0
1944,B cells,Atp5o,Oxidative phosphorylation,1.3442085981369019,,,,57,0
1945,B cells,Ppargc1a,Mitochondrial biogenesis / dynamics,0.03239750489592552,,,,57,0
1946,B cells,Tfam,Mitochondrial biogenesis / dynamics,0.3241170346736908,,,,57,0
1947,B cells,Nrf1,Mitochondrial biogenesis / dynamics,0.32289353013038635,,,,57,0
1948,B cells,Opa1,Mitochondrial biogenesis / dynamics,0.344480037689209,,,,57,0
1949,B cells,Mfn2,Mitochondrial biogenesis / dynamics,0.3956761360168457,,,,57,0
1950,B cells,Dnm1l,Mitochondrial biogenesis / dynamics,0.6545524597167969,,,,57,0
1951,B cells,Pink1,Mitochondrial biogenesis / dynamics,0.8110795021057129,,,,57,0
1952,B cells,Prkn,Mitochondrial biogenesis / dynamics,0.025010209530591965,,,,57,0
1953,B cells,Cd36,Fatty acid uptake / activation,0.14275527000427246,,,,57,0
1954,B cells,Fabp7,Fatty acid uptake / activation,0.30131667852401733,,,,57,0
1955,B cells,Acsl1,Fatty acid uptake / activation,0.34415745735168457,,,,57,0
1956,B cells,Acsl6,Fatty acid uptake / activation,0.11479931324720383,,,,57,0
1957,B cells,Cpt1a,Fatty acid beta-oxidation,0.4796464145183563,,,,57,0
1958,B cells,Cpt1c,Fatty acid beta-oxidation,0.15218950808048248,,,,57,0
1959,B cells,Cpt2,Fatty acid beta-oxidation,0.15962888300418854,,,,57,0
1960,B cells,Slc25a20,Fatty acid beta-oxidation,0.3571055233478546,,,,57,0
1961,B cells,Hadhb,Fatty acid beta-oxidation,0.46760237216949463,,,,57,0
1962,B cells,Echs1,Fatty acid beta-oxidation,0.6822243928909302,,,,57,0
1963,B cells,Acaa2,Fatty acid beta-oxidation,0.28258216381073,,,,57,0
1964,B cells,Decr1,Fatty acid beta-oxidation,0.25774484872817993,,,,57,0
1965,B cells,Acox1,Fatty acid beta-oxidation,0.7990821003913879,,,,57,0
1966,B cells,Ehhadh,Fatty acid beta-oxidation,0.046627774834632874,,,,57,0
1967,B cells,Acly,Lipid synthesis,1.1410545110702515,,,,57,0
1968,B cells,Acaca,Lipid synthesis,0.31166714429855347,,,,57,0
1969,B cells,Fasn,Lipid synthesis,0.552394688129425,,,,57,0
1970,B cells,Elovl1,Lipid synthesis,0.3547396659851074,,,,57,0
1971,B cells,Srebf1,Lipid synthesis,0.36803215742111206,,,,57,0
1972,B cells,Mlxipl,Lipid synthesis,0.034403614699840546,,,,57,0
1973,B cells,Hmgcr,Cholesterol synthesis,0.5180585384368896,,,,57,0
1974,B cells,Lss,Cholesterol synthesis,0.13303984701633453,,,,57,0
1975,B cells,Srebf2,Cholesterol synthesis,1.1161195039749146,,,,57,0
1976,B cells,Ldlr,Cholesterol / lipid transport,0.14288154244422913,,,,57,0
1977,B cells,Abca1,Cholesterol / lipid transport,1.3294403553009033,,,,57,0
1978,B cells,Apod,Cholesterol / lipid transport,2.757916212081909,,,,57,0
1979,B cells,Lpl,Cholesterol / lipid transport,0.21886350214481354,,,,57,0
1980,B cells,Nr1h2,Cholesterol / lipid transport,0.44220319390296936,,,,57,0
1981,B cells,Nr1h3,Cholesterol / lipid transport,0.23212140798568726,,,,57,0
1982,B cells,Plin2,Cholesterol / lipid transport,0.6848858594894409,,,,57,0
1983,B cells,Plin4,Cholesterol / lipid transport,0.10026968270540237,,,,57,0
1984,B cells,Ugt8a,Myelin lipid synthesis,0.1610008180141449,,,,57,0
1985,B cells,Cers2,Myelin lipid synthesis,0.8181118965148926,,,,57,0
1986,B cells,Hif1a,Nutrient sensing / regulators,1.2621254920959473,,,,57,0
1987,B cells,Epas1,Nutrient sensing / regulators,1.0060715675354004,,,,57,0
1988,B cells,Prkaa1,Nutrient sensing / regulators,0.45394089818000793,,,,57,0
1989,B cells,Prkaa2,Nutrient sensing / regulators,0.040803298354148865,,,,57,0
1990,B cells,Mtor,Nutrient sensing / regulators,0.4118443727493286,,,,57,0
1991,B cells,Rptor,Nutrient sensing / regulators,0.37256354093551636,,,,57,0
1992,B cells,Tsc2,Nutrient sensing / regulators,0.5112468600273132,,,,57,0
1993,B cells,Ddit4,Nutrient sensing / regulators,1.0791175365447998,,,,57,0
1994,B cells,Txnip,Nutrient sensing / regulators,2.3340823650360107,,,,57,0
1995,B cells,Sirt1,Nutrient sensing / regulators,0.2197817862033844,,,,57,0
1996,B cells,Sirt3,Nutrient sensing / regulators,0.08022404462099075,,,,57,0
1997,B cells,Ppara,Nutrient sensing / regulators,0.03109644167125225,,,,57,0
1998,B cells,Pparg,Nutrient sensing / regulators,0.015494583174586296,,,,57,0
1999,B cells,Nfe2l2,Nutrient sensing / regulators,0.8706120252609253,,,,57,0
2000,Newly formed oligodendrocytes,Bdh1,Ketone body synthesis,1.144667148590088,1.1215842962265015,0.029364175089458912,0.6018591892473306,86,10
2001,Newly formed oligodendrocytes,Acss1,Ketone body utilisation,0.2185829132795334,0.2918112576007843,-0.41520522521423925,0.04328429596549845,86,10
2002,Newly formed oligodendrocytes,Acss2,Ketone body utilisation,0.6261464953422546,0.8343063592910767,-0.4135029395305902,0.009090179418847415,86,10
2003,Newly formed oligodendrocytes,Hcar2,Ketone / SCFA receptors,0.029921146109700203,0.0,4.950521889445618,0.0010606979962879196,86,10
2004,Newly formed oligodendrocytes,Ffar3,Ketone / SCFA receptors,0.0008922283304855227,0.0,0.9200861856031693,0.35865350243524174,86,10
2005,Newly formed oligodendrocytes,Ffar2,Ketone / SCFA receptors,0.01020691730082035,0.0,3.4863175838747815,0.05298793621755035,86,10
2006,Newly formed oligodendrocytes,Slc16a1,Monocarboxylate transporters,0.4884267747402191,0.30821895599365234,0.6624642648735427,0.002767531338855929,86,10
2007,Newly formed oligodendrocytes,Slc16a3,Monocarboxylate transporters,0.22864313423633575,0.17834459245204926,0.3566594049638428,0.4181268543158846,86,10
2008,Newly formed oligodendrocytes,Slc2a1,Glucose transporters,0.4194967448711395,0.6270609498023987,-0.5788099389920912,0.0008738720744305846,86,10
2009,Newly formed oligodendrocytes,Slc2a3,Glucose transporters,0.13809135556221008,0.18712279200553894,-0.4356418889785409,0.03425619092152762,86,10
2010,Newly formed oligodendrocytes,Slc2a4,Glucose transporters,0.20672154426574707,0.1720760464668274,0.263244784892088,0.32829290892822927,86,10
2011,Newly formed oligodendrocytes,Hk1,Glycolysis,0.4204615354537964,0.397556871175766,0.08061536906774813,0.956957518781501,86,10
2012,Newly formed oligodendrocytes,Hk2,Glycolysis,0.26885753870010376,0.08662810176610947,1.6227324786673512,8.987022756891711e-05,86,10
2013,Newly formed oligodendrocytes,Gpi1,Glycolysis,0.7888835668563843,0.7727838754653931,0.029709342427920754,0.5527185624106947,86,10
2014,Newly formed oligodendrocytes,Pfkl,Glycolysis,0.5826677083969116,0.5489774346351624,0.08577482623925589,0.3224256112502303,86,10
2015,Newly formed oligodendrocytes,Pfkp,Glycolysis,0.7149065136909485,0.8385449647903442,-0.2298363897021224,0.19728348199020818,86,10
2016,Newly formed oligodendrocytes,Pfkfb2,Glycolysis,0.38198724389076233,0.3600288927555084,0.08518204221217757,0.937860291802411,86,10
2017,Newly formed oligodendrocytes,Aldoa,Glycolysis,2.5164315700531006,2.4476265907287598,0.03997977940139123,0.5447238631103006,86,10
2018,Newly formed oligodendrocytes,Aldoc,Glycolysis,1.7167377471923828,1.936139702796936,-0.17341820991268458,0.05129700227759597,86,10
2019,Newly formed oligodendrocytes,Tpi1,Glycolysis,1.0853893756866455,1.0513596534729004,0.045913432929743196,0.49041967554643984,86,10
2020,Newly formed oligodendrocytes,Pgk1,Glycolysis,1.3936991691589355,1.4711413383483887,-0.07796221703462103,0.6528790445698557,86,10
2021,Newly formed oligodendrocytes,Eno1,Glycolysis,0.3226262032985687,0.4053872525691986,-0.32852672447719056,0.1483866750401689,86,10
2022,Newly formed oligodendrocytes,Eno2,Glycolysis,0.8090038895606995,0.9914060831069946,-0.2930017427838466,0.04086107851982801,86,10
2023,Newly formed oligodendrocytes,Pkm,Glycolysis,1.5406436920166016,1.7379658222198486,-0.17376021305400255,0.057300476105703727,86,10
2024,Newly formed oligodendrocytes,Ldha,Glycolysis,0.4952169358730316,0.3264240622520447,0.5998106264807759,0.019659313350111986,86,10
2025,Newly formed oligodendrocytes,Ldhb,Glycolysis,1.3959369659423828,1.4673959016799927,-0.0719740695527809,0.7506102754249109,86,10
2026,Newly formed oligodendrocytes,Pdk1,Pyruvate fate,0.16223806142807007,0.21757996082305908,-0.42118365958798615,0.8150670546929354,86,10
2027,Newly formed oligodendrocytes,Pdk4,Pyruvate fate,0.0854993537068367,0.1076161116361618,-0.3284768634660392,0.4315376483349881,86,10
2028,Newly formed oligodendrocytes,Mpc1,Pyruvate fate,0.739993155002594,0.7859152555465698,-0.08674806187335662,0.5447238631103006,86,10
2029,Newly formed oligodendrocytes,Mpc2,Pyruvate fate,0.6152140498161316,0.8161972165107727,-0.4072527135391571,0.011580121099995656,86,10
2030,Newly formed oligodendrocytes,Pcx,Pyruvate fate,0.36663946509361267,0.5173192620277405,-0.49554936452363313,0.0087765498013584,86,10
2031,Newly formed oligodendrocytes,G6pdx,Pentose phosphate pathway,0.03569570556282997,0.011409414932131767,1.5641761385634125,0.016539089250371602,86,10
2032,Newly formed oligodendrocytes,Pygb,Glycogen,0.47255998849868774,0.46852484345436096,0.012345695895996437,0.7506102754249109,86,10
2033,Newly formed oligodendrocytes,Agl,Glycogen,0.40057170391082764,0.32615378499031067,0.2956886537498148,0.11753922945122784,86,10
2034,Newly formed oligodendrocytes,Cs,TCA cycle,0.8925067186355591,0.7479464411735535,0.2546160254700938,0.12037714068935845,86,10
2035,Newly formed oligodendrocytes,Idh2,TCA cycle,0.3661262094974518,0.3056504726409912,0.25968093890828503,0.18112317063619188,86,10
2036,Newly formed oligodendrocytes,Ogdh,TCA cycle,0.8926246762275696,0.9696947336196899,-0.11934864038595827,0.3715704794136466,86,10
2037,Newly formed oligodendrocytes,Sdha,TCA cycle,1.2857040166854858,1.3717464208602905,-0.09338492431673438,0.23744948097969998,86,10
2038,Newly formed oligodendrocytes,Sdhb,TCA cycle,1.4141948223114014,1.404342532157898,0.010078865244253698,1.0,86,10
2039,Newly formed oligodendrocytes,Fh1,TCA cycle,0.44888466596603394,0.5829914212226868,-0.37639198180275907,0.006838792241417486,86,10
2040,Newly formed oligodendrocytes,Got2,Anaplerosis / amino acids,0.42218005657196045,0.4333658814430237,-0.037639148420321,0.4534894431935731,86,10
2041,Newly formed oligodendrocytes,Glud1,Anaplerosis / amino acids,0.8799801468849182,1.0693691968917847,-0.2809270906604907,0.08743029908392452,86,10
2042,Newly formed oligodendrocytes,Idh1,Anaplerosis / amino acids,1.4950430393218994,1.4704641103744507,0.023899325616523883,0.6528790445698557,86,10
2043,Newly formed oligodendrocytes,Ndufs1,Oxidative phosphorylation,1.1199722290039062,1.1295000314712524,-0.012210495031298903,0.880826106435834,86,10
2044,Newly formed oligodendrocytes,Atp5o,Oxidative phosphorylation,1.6980026960372925,1.7286345958709717,-0.025779143183044546,0.7688746360792709,86,10
2045,Newly formed oligodendrocytes,Ppargc1a,Mitochondrial biogenesis / dynamics,0.07651165872812271,0.08147279173135757,-0.08950491792111481,0.2981803309109422,86,10
2046,Newly formed oligodendrocytes,Tfam,Mitochondrial biogenesis / dynamics,0.15952424705028534,0.15588849782943726,0.03305164565547128,0.8572255144656541,86,10
2047,Newly formed oligodendrocytes,Nrf1,Mitochondrial biogenesis / dynamics,0.2537168562412262,0.30229759216308594,-0.2518396095381405,0.162325612013004,86,10
2048,Newly formed oligodendrocytes,Opa1,Mitochondrial biogenesis / dynamics,0.4489511549472809,0.4596526026725769,-0.03391076799703421,0.6102371243563484,86,10
2049,Newly formed oligodendrocytes,Mfn2,Mitochondrial biogenesis / dynamics,0.4926431477069855,0.5209144949913025,-0.08034496891968548,0.41132002208702867,86,10
2050,Newly formed oligodendrocytes,Dnm1l,Mitochondrial biogenesis / dynamics,0.6740659475326538,0.67329341173172,0.0016519449515625118,0.8057811802391346,86,10
2051,Newly formed oligodendrocytes,Pink1,Mitochondrial biogenesis / dynamics,1.0844742059707642,1.1667641401290894,-0.1054234707107964,0.4462963456936052,86,10
2052,Newly formed oligodendrocytes,Prkn,Mitochondrial biogenesis / dynamics,0.1820453703403473,0.22412867844104767,-0.29854856406501423,0.48287697864349577,86,10
2053,Newly formed oligodendrocytes,Cd36,Fatty acid uptake / activation,0.06185104697942734,0.0,5.973864872300797,0.00014627481006128842,86,10
2054,Newly formed oligodendrocytes,Fabp7,Fatty acid uptake / activation,0.9882029294967651,0.6237581372261047,0.662968725272013,0.0029929916672072343,86,10
2055,Newly formed oligodendrocytes,Acsl1,Fatty acid uptake / activation,0.47976183891296387,0.5015027523040771,-0.06380911340484353,0.6790316524498028,86,10
2056,Newly formed oligodendrocytes,Acsl6,Fatty acid uptake / activation,0.5819395780563354,0.7555969953536987,-0.3761786918765634,0.03855317785576083,86,10
2057,Newly formed oligodendrocytes,Cpt1a,Fatty acid beta-oxidation,0.4037083387374878,0.4691344201564789,-0.21619073400557076,0.14504947185001105,86,10
2058,Newly formed oligodendrocytes,Cpt1c,Fatty acid beta-oxidation,0.6700136661529541,0.5716632604598999,0.22865509976877788,0.13854530499554668,86,10
2059,Newly formed oligodendrocytes,Cpt2,Fatty acid beta-oxidation,0.17968778312206268,0.18173357844352722,-0.01624279832491611,0.9474044155936523,86,10
2060,Newly formed oligodendrocytes,Slc25a20,Fatty acid beta-oxidation,0.3159430921077728,0.3850899934768677,-0.28471333931883747,0.27772708948508285,86,10
2061,Newly formed oligodendrocytes,Hadhb,Fatty acid beta-oxidation,0.5855101943016052,0.5115194916725159,0.19454931144763035,0.26724763710708344,86,10
2062,Newly formed oligodendrocytes,Echs1,Fatty acid beta-oxidation,0.9409770369529724,0.8086366653442383,0.2184172653200556,0.08743029908392452,86,10
2063,Newly formed oligodendrocytes,Acaa2,Fatty acid beta-oxidation,0.09551479667425156,0.06902702897787094,0.46283825892073244,0.200787398094056,86,10
2064,Newly formed oligodendrocytes,Decr1,Fatty acid beta-oxidation,0.2493371069431305,0.2739458978176117,-0.13527560727398902,0.966515641047779,86,10
2065,Newly formed oligodendrocytes,Acox1,Fatty acid beta-oxidation,2.144225835800171,1.952430009841919,0.13511996792426212,0.07890305749932594,86,10
2066,Newly formed oligodendrocytes,Ehhadh,Fatty acid beta-oxidation,0.1450982689857483,0.020569544285535812,2.759871483645968,4.134197610245928e-05,86,10
2067,Newly formed oligodendrocytes,Acly,Lipid synthesis,1.9448086023330688,2.087775707244873,-0.10228777638275467,0.07106504131842518,86,10
2068,Newly formed oligodendrocytes,Acaca,Lipid synthesis,0.642391562461853,0.7017025947570801,-0.12721720939497225,0.3715704794136466,86,10
2069,Newly formed oligodendrocytes,Fasn,Lipid synthesis,2.1303861141204834,2.1507437229156494,-0.013714290033647547,0.8431255573375078,86,10
2070,Newly formed oligodendrocytes,Elovl1,Lipid synthesis,0.609555721282959,0.5726426839828491,0.08997058918322612,0.4045252207411121,86,10
2071,Newly formed oligodendrocytes,Srebf1,Lipid synthesis,0.45876258611679077,0.5021920204162598,-0.13021997492337298,0.6356755461341193,86,10
2072,Newly formed oligodendrocytes,Mlxipl,Lipid synthesis,0.06533445417881012,0.012710648588836193,2.2744615820743324,0.0010409974263235371,86,10
2073,Newly formed oligodendrocytes,Hmgcr,Cholesterol synthesis,1.832897663116455,2.0041823387145996,-0.12882029773787304,0.26724763710708344,86,10
2074,Newly formed oligodendrocytes,Lss,Cholesterol synthesis,0.9344784021377563,0.9805251955986023,-0.06932095630169259,0.7234767343218433,86,10
2075,Newly formed oligodendrocytes,Srebf2,Cholesterol synthesis,1.5173122882843018,1.5484223365783691,-0.029261886413327384,0.732484627451321,86,10
2076,Newly formed oligodendrocytes,Ldlr,Cholesterol / lipid transport,0.5172437429428101,0.6398572325706482,-0.3063722022704869,0.177241092129098,86,10
2077,Newly formed oligodendrocytes,Abca1,Cholesterol / lipid transport,0.429815411567688,0.14976836740970612,1.51473609069577,0.0003678157537190821,86,10
2078,Newly formed oligodendrocytes,Apod,Cholesterol / lipid transport,1.807497262954712,1.2465989589691162,0.5356371605676045,0.0029929916672072343,86,10
2079,Newly formed oligodendrocytes,Lpl,Cholesterol / lipid transport,0.13075926899909973,0.05120536684989929,1.33563442372101,0.021627964414549443,86,10
2080,Newly formed oligodendrocytes,Nr1h2,Cholesterol / lipid transport,0.19066990911960602,0.20614027976989746,-0.1119842608277294,0.9187932536965692,86,10
2081,Newly formed oligodendrocytes,Nr1h3,Cholesterol / lipid transport,0.04505600780248642,0.011632027104496956,1.8663031898785234,0.008058520557831881,86,10
2082,Newly formed oligodendrocytes,Plin2,Cholesterol / lipid transport,0.3155907392501831,0.05325039476156235,2.5449135144112356,1.3308065475331978e-05,86,10
2083,Newly formed oligodendrocytes,Plin4,Cholesterol / lipid transport,0.2564792037010193,0.10959049314260483,1.2192285418503677,0.00201099333292676,86,10
2084,Newly formed oligodendrocytes,Ugt8a,Myelin lipid synthesis,2.7772088050842285,2.7372994422912598,0.020874814913400423,0.7055765042482858,86,10
2085,Newly formed oligodendrocytes,Cers2,Myelin lipid synthesis,1.3875576257705688,1.4039664268493652,-0.016948605245561254,0.8525205508627264,86,10
2086,Newly formed oligodendrocytes,Hif1a,Nutrient sensing / regulators,1.2461165189743042,1.2667865753173828,-0.0237156329085554,0.4045252207411121,86,10
2087,Newly formed oligodendrocytes,Epas1,Nutrient sensing / regulators,0.5732201933860779,0.672913134098053,-0.2309585770612771,0.6186664354309821,86,10
2088,Newly formed oligodendrocytes,Prkaa1,Nutrient sensing / regulators,0.46764054894447327,0.49738162755966187,-0.08876909730363156,0.41818210787205845,86,10
2089,Newly formed oligodendrocytes,Prkaa2,Nutrient sensing / regulators,0.11478152126073837,0.0700974091887474,0.7035361237971115,0.08484626586482581,86,10
2090,Newly formed oligodendrocytes,Mtor,Nutrient sensing / regulators,0.5070664882659912,0.5100812911987305,-0.008535472509351202,0.7688746360792709,86,10
2091,Newly formed oligodendrocytes,Rptor,Nutrient sensing / regulators,0.40573909878730774,0.3886645436286926,0.06187101632772772,0.8150793709997735,86,10
2092,Newly formed oligodendrocytes,Tsc2,Nutrient sensing / regulators,0.7790064215660095,0.7536065578460693,0.04776136348765566,0.8150793709997735,86,10
2093,Newly formed oligodendrocytes,Ddit4,Nutrient sensing / regulators,1.2436914443969727,1.3344489336013794,-0.10153666316958734,0.21893652381545303,86,10
2094,Newly formed oligodendrocytes,Txnip,Nutrient sensing / regulators,0.4786492586135864,0.29583218693733215,0.6923322882527333,0.005699913407181655,86,10
2095,Newly formed oligodendrocytes,Sirt1,Nutrient sensing / regulators,0.12132389843463898,0.15177176892757416,-0.32067167791957313,0.08734013185994056,86,10
2096,Newly formed oligodendrocytes,Sirt3,Nutrient sensing / regulators,0.09490802884101868,0.10600961744785309,-0.15801696498208584,0.9187657924236772,86,10
2097,Newly formed oligodendrocytes,Ppara,Nutrient sensing / regulators,0.03560154512524605,0.0394100621342659,-0.14281001699020837,0.6212143403791774,86,10
2098,Newly formed oligodendrocytes,Pparg,Nutrient sensing / regulators,0.0037523640785366297,0.009531022980809212,-1.1479283158591636,0.914170493309262,86,10
2099,Newly formed oligodendrocytes,Nfe2l2,Nutrient sensing / regulators,0.394581139087677,0.20073501765727997,0.9715121092644301,0.0015118782326408392,86,10
2100,Myeloid cells,Bdh1,Ketone body synthesis,0.1241372674703598,,,,46,0
2101,Myeloid cells,Acss1,Ketone body utilisation,0.07715541124343872,,,,46,0
2102,Myeloid cells,Acss2,Ketone body utilisation,0.16759644448757172,,,,46,0
2103,Myeloid cells,Hcar2,Ketone / SCFA receptors,0.4192807972431183,,,,46,0
2104,Myeloid cells,Ffar3,Ketone / SCFA receptors,0.00031900181784294546,,,,46,0
2105,Myeloid cells,Ffar2,Ketone / SCFA receptors,0.2630145847797394,,,,46,0
2106,Myeloid cells,Slc16a1,Monocarboxylate transporters,0.5086305737495422,,,,46,0
2107,Myeloid cells,Slc16a3,Monocarboxylate transporters,1.7842601537704468,,,,46,0
2108,Myeloid cells,Slc2a1,Glucose transporters,1.1479095220565796,,,,46,0
2109,Myeloid cells,Slc2a3,Glucose transporters,0.47692087292671204,,,,46,0
2110,Myeloid cells,Slc2a4,Glucose transporters,0.17836904525756836,,,,46,0
2111,Myeloid cells,Hk1,Glycolysis,0.6095482110977173,,,,46,0
2112,Myeloid cells,Hk2,Glycolysis,1.0964397192001343,,,,46,0
2113,Myeloid cells,Gpi1,Glycolysis,1.0515313148498535,,,,46,0
2114,Myeloid cells,Pfkl,Glycolysis,0.9014440774917603,,,,46,0
2115,Myeloid cells,Pfkp,Glycolysis,1.2262197732925415,,,,46,0
2116,Myeloid cells,Pfkfb2,Glycolysis,0.1053299680352211,,,,46,0
2117,Myeloid cells,Aldoa,Glycolysis,3.049281358718872,,,,46,0
2118,Myeloid cells,Aldoc,Glycolysis,1.0908147096633911,,,,46,0
2119,Myeloid cells,Tpi1,Glycolysis,1.304378628730774,,,,46,0
2120,Myeloid cells,Pgk1,Glycolysis,1.4738895893096924,,,,46,0
2121,Myeloid cells,Eno1,Glycolysis,0.38649943470954895,,,,46,0
2122,Myeloid cells,Eno2,Glycolysis,0.40453264117240906,,,,46,0
2123,Myeloid cells,Pkm,Glycolysis,2.1251463890075684,,,,46,0
2124,Myeloid cells,Ldha,Glycolysis,1.2888286113739014,,,,46,0
2125,Myeloid cells,Ldhb,Glycolysis,0.800780177116394,,,,46,0
2126,Myeloid cells,Pdk1,Pyruvate fate,0.164388045668602,,,,46,0
2127,Myeloid cells,Pdk4,Pyruvate fate,0.05537232756614685,,,,46,0
2128,Myeloid cells,Mpc1,Pyruvate fate,0.3949239253997803,,,,46,0
2129,Myeloid cells,Mpc2,Pyruvate fate,0.19774575531482697,,,,46,0
2130,Myeloid cells,Pcx,Pyruvate fate,0.14480069279670715,,,,46,0
2131,Myeloid cells,G6pdx,Pentose phosphate pathway,0.0558420792222023,,,,46,0
2132,Myeloid cells,Pygb,Glycogen,0.28593286871910095,,,,46,0
2133,Myeloid cells,Agl,Glycogen,0.27262407541275024,,,,46,0
2134,Myeloid cells,Cs,TCA cycle,0.7397346496582031,,,,46,0
2135,Myeloid cells,Idh2,TCA cycle,0.22437438368797302,,,,46,0
2136,Myeloid cells,Ogdh,TCA cycle,0.6006602644920349,,,,46,0
2137,Myeloid cells,Sdha,TCA cycle,0.8617347478866577,,,,46,0
2138,Myeloid cells,Sdhb,TCA cycle,0.9214271903038025,,,,46,0
2139,Myeloid cells,Fh1,TCA cycle,0.19877900183200836,,,,46,0
2140,Myeloid cells,Got2,Anaplerosis / amino acids,0.316174179315567,,,,46,0
2141,Myeloid cells,Glud1,Anaplerosis / amino acids,0.6373437643051147,,,,46,0
2142,Myeloid cells,Idh1,Anaplerosis / amino acids,0.34509140253067017,,,,46,0
2143,Myeloid cells,Ndufs1,Oxidative phosphorylation,0.4770154654979706,,,,46,0
2144,Myeloid cells,Atp5o,Oxidative phosphorylation,1.0522021055221558,,,,46,0
2145,Myeloid cells,Ppargc1a,Mitochondrial biogenesis / dynamics,0.03279220685362816,,,,46,0
2146,Myeloid cells,Tfam,Mitochondrial biogenesis / dynamics,0.08545877039432526,,,,46,0
2147,Myeloid cells,Nrf1,Mitochondrial biogenesis / dynamics,0.21164259314537048,,,,46,0
2148,Myeloid cells,Opa1,Mitochondrial biogenesis / dynamics,0.1588388979434967,,,,46,0
2149,Myeloid cells,Mfn2,Mitochondrial biogenesis / dynamics,0.31712543964385986,,,,46,0
2150,Myeloid cells,Dnm1l,Mitochondrial biogenesis / dynamics,0.34141483902931213,,,,46,0
2151,Myeloid cells,Pink1,Mitochondrial biogenesis / dynamics,0.927819550037384,,,,46,0
2152,Myeloid cells,Prkn,Mitochondrial biogenesis / dynamics,0.01803976111114025,,,,46,0
2153,Myeloid cells,Cd36,Fatty acid uptake / activation,0.10507053881883621,,,,46,0
2154,Myeloid cells,Fabp7,Fatty acid uptake / activation,0.5421772599220276,,,,46,0
2155,Myeloid cells,Acsl1,Fatty acid uptake / activation,0.48052024841308594,,,,46,0
2156,Myeloid cells,Acsl6,Fatty acid uptake / activation,0.26695582270622253,,,,46,0
2157,Myeloid cells,Cpt1a,Fatty acid beta-oxidation,0.31062406301498413,,,,46,0
2158,Myeloid cells,Cpt1c,Fatty acid beta-oxidation,0.0659978911280632,,,,46,0
2159,Myeloid cells,Cpt2,Fatty acid beta-oxidation,0.09863222390413284,,,,46,0
2160,Myeloid cells,Slc25a20,Fatty acid beta-oxidation,0.29610633850097656,,,,46,0
2161,Myeloid cells,Hadhb,Fatty acid beta-oxidation,0.3129761815071106,,,,46,0
2162,Myeloid cells,Echs1,Fatty acid beta-oxidation,0.564724326133728,,,,46,0
2163,Myeloid cells,Acaa2,Fatty acid beta-oxidation,0.14007525146007538,,,,46,0
2164,Myeloid cells,Decr1,Fatty acid beta-oxidation,0.1294831782579422,,,,46,0
2165,Myeloid cells,Acox1,Fatty acid beta-oxidation,0.7197537422180176,,,,46,0
2166,Myeloid cells,Ehhadh,Fatty acid beta-oxidation,0.008547255769371986,,,,46,0
2167,Myeloid cells,Acly,Lipid synthesis,1.0929348468780518,,,,46,0
2168,Myeloid cells,Acaca,Lipid synthesis,0.20902685821056366,,,,46,0
2169,Myeloid cells,Fasn,Lipid synthesis,0.40320590138435364,,,,46,0
2170,Myeloid cells,Elovl1,Lipid synthesis,0.36743131279945374,,,,46,0
2171,Myeloid cells,Srebf1,Lipid synthesis,0.24089425802230835,,,,46,0
2172,Myeloid cells,Mlxipl,Lipid synthesis,0.03259021416306496,,,,46,0
2173,Myeloid cells,Hmgcr,Cholesterol synthesis,0.4248277544975281,,,,46,0
2174,Myeloid cells,Lss,Cholesterol synthesis,0.09764249622821808,,,,46,0
2175,Myeloid cells,Srebf2,Cholesterol synthesis,0.6877718567848206,,,,46,0
2176,Myeloid cells,Ldlr,Cholesterol / lipid transport,0.23282454907894135,,,,46,0
2177,Myeloid cells,Abca1,Cholesterol / lipid transport,0.8893235325813293,,,,46,0
2178,Myeloid cells,Apod,Cholesterol / lipid transport,2.2289023399353027,,,,46,0
2179,Myeloid cells,Lpl,Cholesterol / lipid transport,0.14758585393428802,,,,46,0
2180,Myeloid cells,Nr1h2,Cholesterol / lipid transport,0.44072362780570984,,,,46,0
2181,Myeloid cells,Nr1h3,Cholesterol / lipid transport,0.13871243596076965,,,,46,0
2182,Myeloid cells,Plin2,Cholesterol / lipid transport,1.0820398330688477,,,,46,0
2183,Myeloid cells,Plin4,Cholesterol / lipid transport,0.12422674894332886,,,,46,0
2184,Myeloid cells,Ugt8a,Myelin lipid synthesis,0.2789326012134552,,,,46,0
2185,Myeloid cells,Cers2,Myelin lipid synthesis,0.654492199420929,,,,46,0
2186,Myeloid cells,Hif1a,Nutrient sensing / regulators,1.5917174816131592,,,,46,0
2187,Myeloid cells,Epas1,Nutrient sensing / regulators,0.6732162833213806,,,,46,0
2188,Myeloid cells,Prkaa1,Nutrient sensing / regulators,0.39899224042892456,,,,46,0
2189,Myeloid cells,Prkaa2,Nutrient sensing / regulators,0.030585231259465218,,,,46,0
2190,Myeloid cells,Mtor,Nutrient sensing / regulators,0.21699710190296173,,,,46,0
2191,Myeloid cells,Rptor,Nutrient sensing / regulators,0.1944282352924347,,,,46,0
2192,Myeloid cells,Tsc2,Nutrient sensing / regulators,0.2830188274383545,,,,46,0
2193,Myeloid cells,Ddit4,Nutrient sensing / regulators,0.6083902716636658,,,,46,0
2194,Myeloid cells,Txnip,Nutrient sensing / regulators,2.4490628242492676,,,,46,0
2195,Myeloid cells,Sirt1,Nutrient sensing / regulators,0.1021052747964859,,,,46,0
2196,Myeloid cells,Sirt3,Nutrient sensing / regulators,0.05016136169433594,,,,46,0
2197,Myeloid cells,Ppara,Nutrient sensing / regulators,0.01494798343628645,,,,46,0
2198,Myeloid cells,Pparg,Nutrient sensing / regulators,0.013620207086205482,,,,46,0
2199,Myeloid cells,Nfe2l2,Nutrient sensing / regulators,1.4333914518356323,,,,46,0
2200,Mic_AST,Bdh1,Ketone body synthesis,0.42557182908058167,0.6510966420173645,-0.612297097719481,,73,1
2201,Mic_AST,Acss1,Ketone body utilisation,0.2991270422935486,0.0747862383723259,1.9855655098629443,,73,1
2202,Mic_AST,Acss2,Ketone body utilisation,0.3450698256492615,0.15558525919914246,1.1441147512695709,,73,1
2203,Mic_AST,Hcar2,Ketone / SCFA receptors,0.125402569770813,0.0,6.981881983653048,,73,1
2204,Mic_AST,Ffar3,Ketone / SCFA receptors,0.0006695800111629069,0.0,0.7394852332285127,,73,1
2205,Mic_AST,Ffar2,Ketone / SCFA receptors,0.010828947648406029,0.0,3.564249826218696,,73,1
2206,Mic_AST,Slc16a1,Monocarboxylate transporters,1.6056216955184937,2.0798840522766113,-0.3731663161035833,,73,1
2207,Mic_AST,Slc16a3,Monocarboxylate transporters,0.6126863956451416,0.2974245846271515,1.0401352101143233,,73,1
2208,Mic_AST,Slc2a1,Glucose transporters,0.7057679891586304,0.6313356161117554,0.1605462178571385,,73,1
2209,Mic_AST,Slc2a3,Glucose transporters,0.10349281132221222,0.07816915959119797,0.4003932523473821,,73,1
2210,Mic_AST,Slc2a4,Glucose transporters,0.43447667360305786,0.4029061198234558,0.10857543729636351,,73,1
2211,Mic_AST,Hk1,Glycolysis,0.7229727506637573,0.5919789671897888,0.28795446361820404,,73,1
2212,Mic_AST,Hk2,Glycolysis,1.026572823524475,0.5331860780715942,0.9438263584030444,,73,1
2213,Mic_AST,Gpi1,Glycolysis,1.154726266860962,1.2899826765060425,-0.1596699047159231,,73,1
2214,Mic_AST,Pfkl,Glycolysis,1.1911661624908447,1.0380206108093262,0.19836105774743157,,73,1
2215,Mic_AST,Pfkp,Glycolysis,0.9901489019393921,1.1204359531402588,-0.17817351106785612,,73,1
2216,Mic_AST,Pfkfb2,Glycolysis,0.24827784299850464,0.13870681822299957,0.8353522234647653,,73,1
2217,Mic_AST,Aldoa,Glycolysis,3.2249932289123535,3.0508744716644287,0.08004778729581785,,73,1
2218,Mic_AST,Aldoc,Glycolysis,2.5225396156311035,3.250091314315796,-0.3654753431052953,,73,1
2219,Mic_AST,Tpi1,Glycolysis,1.49603271484375,0.5820595622062683,1.3603905751601075,,73,1
2220,Mic_AST,Pgk1,Glycolysis,1.637990117073059,0.6857624053955078,1.2549241842710603,,73,1
2221,Mic_AST,Eno1,Glycolysis,0.392984539270401,0.15166476368904114,1.3677719021842276,,73,1
2222,Mic_AST,Eno2,Glycolysis,0.3567431569099426,0.061743054538965225,2.5113964994637152,,73,1
2223,Mic_AST,Pkm,Glycolysis,1.6557377576828003,1.823556661605835,-0.13920069572529392,,73,1
2224,Mic_AST,Ldha,Glycolysis,0.929694414138794,0.6737100481987,0.4640399009732667,,73,1
2225,Mic_AST,Ldhb,Glycolysis,2.2277188301086426,1.992966651916504,0.1605733394933689,,73,1
2226,Mic_AST,Pdk1,Pyruvate fate,0.2590296268463135,0.15965040028095245,0.6947514326628405,,73,1
2227,Mic_AST,Pdk4,Pyruvate fate,0.16771766543388367,0.0,7.3984672274166625,,73,1
2228,Mic_AST,Mpc1,Pyruvate fate,0.7659956812858582,0.5815344452857971,0.3968750954775565,,73,1
2229,Mic_AST,Mpc2,Pyruvate fate,0.27822625637054443,0.3301084637641907,-0.24586928095439975,,73,1
2230,Mic_AST,Pcx,Pyruvate fate,0.501981794834137,0.2946888506412506,0.7664263377113468,,73,1
2231,Mic_AST,G6pdx,Pentose phosphate pathway,0.04521304741501808,0.0,5.53022832279416,,73,1
2232,Mic_AST,Pygb,Glycogen,1.0355437994003296,1.68221914768219,-0.69944194225335,,73,1
2233,Mic_AST,Agl,Glycogen,0.4575972259044647,0.5008522272109985,-0.13003499029695334,,73,1
2234,Mic_AST,Cs,TCA cycle,1.0409810543060303,1.21794593334198,-0.22630509004292326,,73,1
2235,Mic_AST,Idh2,TCA cycle,0.6782822012901306,0.5285664200782776,0.3591994094117303,,73,1
2236,Mic_AST,Ogdh,TCA cycle,0.8988471031188965,0.8882489800453186,0.01709247322376233,,73,1
2237,Mic_AST,Sdha,TCA cycle,1.2670072317123413,0.995174765586853,0.34809220226576126,,73,1
2238,Mic_AST,Sdhb,TCA cycle,1.4025212526321411,1.056354284286499,0.4085920529378287,,73,1
2239,Mic_AST,Fh1,TCA cycle,0.3731415867805481,0.15174999833106995,1.2924119697109897,,73,1
2240,Mic_AST,Got2,Anaplerosis / amino acids,0.28839656710624695,0.37990623712539673,-0.39638810304927585,,73,1
2241,Mic_AST,Glud1,Anaplerosis / amino acids,1.213381052017212,1.447000503540039,-0.2538409184397084,,73,1
2242,Mic_AST,Idh1,Anaplerosis / amino acids,0.6890243291854858,0.6014284491539001,0.19585732834906242,,73,1
2243,Mic_AST,Ndufs1,Oxidative phosphorylation,0.7608664631843567,0.6549564003944397,0.21593822414690336,,73,1
2244,Mic_AST,Atp5o,Oxidative phosphorylation,1.6084604263305664,1.5455329418182373,0.057539540255476994,,73,1
2245,Mic_AST,Ppargc1a,Mitochondrial biogenesis / dynamics,0.08778490126132965,0.10081194341182709,-0.19752055362947538,,73,1
2246,Mic_AST,Tfam,Mitochondrial biogenesis / dynamics,0.14193947613239288,0.17435623705387115,-0.29488433916799545,,73,1
2247,Mic_AST,Nrf1,Mitochondrial biogenesis / dynamics,0.18382969498634338,0.4563874304294586,-1.3072201585628607,,73,1
2248,Mic_AST,Opa1,Mitochondrial biogenesis / dynamics,0.30897170305252075,0.07696376740932465,1.991260807479361,,73,1
2249,Mic_AST,Mfn2,Mitochondrial biogenesis / dynamics,0.4211840033531189,0.4569587707519531,-0.11734580511045939,,73,1
2250,Mic_AST,Dnm1l,Mitochondrial biogenesis / dynamics,0.5763146877288818,0.1723921298980713,1.7353195125755203,,73,1
2251,Mic_AST,Pink1,Mitochondrial biogenesis / dynamics,1.399559497833252,1.5226876735687256,-0.12156393609657576,,73,1
2252,Mic_AST,Prkn,Mitochondrial biogenesis / dynamics,0.058547236025333405,0.08973832428455353,-0.6076774720976953,,73,1
2253,Mic_AST,Cd36,Fatty acid uptake / activation,0.197078675031662,0.0,7.62992975913843,,73,1
2254,Mic_AST,Fabp7,Fatty acid uptake / activation,1.9265130758285522,1.5675694942474365,0.29729119902671947,,73,1
2255,Mic_AST,Acsl1,Fatty acid uptake / activation,0.2837299704551697,0.15558525919914246,0.8626459530724786,,73,1
2256,Mic_AST,Acsl6,Fatty acid uptake / activation,1.0703130960464478,0.5787099003791809,0.8859771462801037,,73,1
2257,Mic_AST,Cpt1a,Fatty acid beta-oxidation,0.4868904948234558,0.6966348886489868,-0.5159148142742996,,73,1
2258,Mic_AST,Cpt1c,Fatty acid beta-oxidation,0.2391175776720047,0.367492139339447,-0.6178928250199902,,73,1
2259,Mic_AST,Cpt2,Fatty acid beta-oxidation,0.15527421236038208,0.14954207837581635,0.05391293670138011,,73,1
2260,Mic_AST,Slc25a20,Fatty acid beta-oxidation,0.3387097120285034,0.5044095516204834,-0.5731504654045931,,73,1
2261,Mic_AST,Hadhb,Fatty acid beta-oxidation,0.58572918176651,0.7557217478752136,-0.36706816001888015,,73,1
2262,Mic_AST,Echs1,Fatty acid beta-oxidation,1.24900221824646,1.016139030456543,0.29741376365893135,,73,1
2263,Mic_AST,Acaa2,Fatty acid beta-oxidation,0.2714695632457733,0.267203688621521,0.022766000921779512,,73,1
2264,Mic_AST,Decr1,Fatty acid beta-oxidation,0.3370387852191925,0.14249107241630554,1.2362278055279063,,73,1
2265,Mic_AST,Acox1,Fatty acid beta-oxidation,1.6394367218017578,1.4916352033615112,0.1362183272430574,,73,1
2266,Mic_AST,Ehhadh,Fatty acid beta-oxidation,0.041753191500902176,0.0,5.417960215252302,,73,1
2267,Mic_AST,Acly,Lipid synthesis,1.2554774284362793,1.1951333284378052,0.0710065444099443,,73,1
2268,Mic_AST,Acaca,Lipid synthesis,0.44161444902420044,0.4719362258911133,-0.09559510506378982,,73,1
2269,Mic_AST,Fasn,Lipid synthesis,0.9964669346809387,1.214469075202942,-0.2851722648714817,,73,1
2270,Mic_AST,Elovl1,Lipid synthesis,0.3595442771911621,0.2587863504886627,0.4728508110050454,,73,1
2271,Mic_AST,Srebf1,Lipid synthesis,0.6294976472854614,0.560646116733551,0.16682958699706654,,73,1
2272,Mic_AST,Mlxipl,Lipid synthesis,0.3589988946914673,0.5748295783996582,-0.6776494200844109,,73,1
2273,Mic_AST,Hmgcr,Cholesterol synthesis,0.4397359788417816,0.3231590688228607,0.4432127387562195,,73,1
2274,Mic_AST,Lss,Cholesterol synthesis,0.1834203451871872,0.08973832428455353,1.0232139001630245,,73,1
2275,Mic_AST,Srebf2,Cholesterol synthesis,0.7192066311836243,0.6069093346595764,0.24455471092619102,,73,1
2276,Mic_AST,Ldlr,Cholesterol / lipid transport,0.1558533012866974,0.1608564853668213,-0.04529927965183125,,73,1
2277,Mic_AST,Abca1,Cholesterol / lipid transport,1.629793405532837,1.2500927448272705,0.3823852861243162,,73,1
2278,Mic_AST,Apod,Cholesterol / lipid transport,2.266658306121826,2.02022123336792,0.1659760284071874,,73,1
2279,Mic_AST,Lpl,Cholesterol / lipid transport,0.5757023096084595,0.2807144820690155,1.0335930700863545,,73,1
2280,Mic_AST,Nr1h2,Cholesterol / lipid transport,0.2697892487049103,0.33451399207115173,-0.30920247302320153,,73,1
2281,Mic_AST,Nr1h3,Cholesterol / lipid transport,0.18968026340007782,0.0,7.575011713192599,,73,1
2282,Mic_AST,Plin2,Cholesterol / lipid transport,1.2366421222686768,0.7233859300613403,0.7727637740067772,,73,1
2283,Mic_AST,Plin4,Cholesterol / lipid transport,0.3457821309566498,0.3712039887905121,-0.1020639553174734,,73,1
2284,Mic_AST,Ugt8a,Myelin lipid synthesis,0.37823745608329773,0.2690069377422333,0.49010498435478556,,73,1
2285,Mic_AST,Cers2,Myelin lipid synthesis,0.7713525295257568,1.1018555164337158,-0.5139123969032835,,73,1
2286,Mic_AST,Hif1a,Nutrient sensing / regulators,1.37433922290802,0.8872316479682922,0.6307796175231007,,73,1
2287,Mic_AST,Epas1,Nutrient sensing / regulators,0.8449309468269348,0.5823741555213928,0.5361184274657917,,73,1
2288,Mic_AST,Prkaa1,Nutrient sensing / regulators,0.4163990020751953,0.3258662223815918,0.35272685132630294,,73,1
2289,Mic_AST,Prkaa2,Nutrient sensing / regulators,0.07318616658449173,0.0,6.213078289003599,,73,1
2290,Mic_AST,Mtor,Nutrient sensing / regulators,0.3376770615577698,0.4940132200717926,-0.5475567779787095,,73,1
2291,Mic_AST,Rptor,Nutrient sensing / regulators,0.3968639075756073,0.6089118123054504,-0.6163256270268267,,73,1
2292,Mic_AST,Tsc2,Nutrient sensing / regulators,0.48044392466545105,0.44148018956184387,0.1217549072577273,,73,1
2293,Mic_AST,Ddit4,Nutrient sensing / regulators,0.4059920907020569,0.47188514471054077,-0.21648906336605991,,73,1
2294,Mic_AST,Txnip,Nutrient sensing / regulators,1.562892198562622,2.2474944591522217,-0.5238182599157637,,73,1
2295,Mic_AST,Sirt1,Nutrient sensing / regulators,0.1109888032078743,0.0,6.8072106866649795,,73,1
2296,Mic_AST,Sirt3,Nutrient sensing / regulators,0.10375654697418213,0.0747862383723259,0.4670326050882277,,73,1
2297,Mic_AST,Ppara,Nutrient sensing / regulators,0.02777562476694584,0.07137291878461838,-1.330602704349096,,73,1
2298,Mic_AST,Pparg,Nutrient sensing / regulators,0.025330999866127968,0.07111815363168716,-1.4536001555457758,,73,1
2299,Mic_AST,Nfe2l2,Nutrient sensing / regulators,1.318037509918213,1.5080803632736206,-0.19418404437455564,,73,1
2300,Proliferating microglia,Bdh1,Ketone body synthesis,0.24402613937854767,,,,59,0
2301,Proliferating microglia,Acss1,Ketone body utilisation,0.4174036383628845,,,,59,0
2302,Proliferating microglia,Acss2,Ketone body utilisation,0.3306674361228943,,,,59,0
2303,Proliferating microglia,Hcar2,Ketone / SCFA receptors,0.4610426127910614,,,,59,0
2304,Proliferating microglia,Ffar3,Ketone / SCFA receptors,0.0008023469126783311,,,,59,0
2305,Proliferating microglia,Ffar2,Ketone / SCFA receptors,0.009430277161300182,,,,59,0
2306,Proliferating microglia,Slc16a1,Monocarboxylate transporters,1.0097955465316772,,,,59,0
2307,Proliferating microglia,Slc16a3,Monocarboxylate transporters,0.9005239605903625,,,,59,0
2308,Proliferating microglia,Slc2a1,Glucose transporters,0.6468111276626587,,,,59,0
2309,Proliferating microglia,Slc2a3,Glucose transporters,0.15997375547885895,,,,59,0
2310,Proliferating microglia,Slc2a4,Glucose transporters,0.39869004487991333,,,,59,0
2311,Proliferating microglia,Hk1,Glycolysis,0.49282535910606384,,,,59,0
2312,Proliferating microglia,Hk2,Glycolysis,1.3040169477462769,,,,59,0
2313,Proliferating microglia,Gpi1,Glycolysis,1.0367448329925537,,,,59,0
2314,Proliferating microglia,Pfkl,Glycolysis,1.0114691257476807,,,,59,0
2315,Proliferating microglia,Pfkp,Glycolysis,0.8040054440498352,,,,59,0
2316,Proliferating microglia,Pfkfb2,Glycolysis,0.24026314914226532,,,,59,0
2317,Proliferating microglia,Aldoa,Glycolysis,2.855550527572632,,,,59,0
2318,Proliferating microglia,Aldoc,Glycolysis,1.6626302003860474,,,,59,0
2319,Proliferating microglia,Tpi1,Glycolysis,1.6563156843185425,,,,59,0
2320,Proliferating microglia,Pgk1,Glycolysis,1.616955041885376,,,,59,0
2321,Proliferating microglia,Eno1,Glycolysis,0.3892650902271271,,,,59,0
2322,Proliferating microglia,Eno2,Glycolysis,0.6641426086425781,,,,59,0
2323,Proliferating microglia,Pkm,Glycolysis,1.9435356855392456,,,,59,0
2324,Proliferating microglia,Ldha,Glycolysis,1.1072627305984497,,,,59,0
2325,Proliferating microglia,Ldhb,Glycolysis,2.3105223178863525,,,,59,0
2326,Proliferating microglia,Pdk1,Pyruvate fate,0.25394704937934875,,,,59,0
2327,Proliferating microglia,Pdk4,Pyruvate fate,0.11106038838624954,,,,59,0
2328,Proliferating microglia,Mpc1,Pyruvate fate,0.7539598941802979,,,,59,0
2329,Proliferating microglia,Mpc2,Pyruvate fate,0.3629459738731384,,,,59,0
2330,Proliferating microglia,Pcx,Pyruvate fate,0.43611884117126465,,,,59,0
2331,Proliferating microglia,G6pdx,Pentose phosphate pathway,0.045279935002326965,,,,59,0
2332,Proliferating microglia,Pygb,Glycogen,0.6774813532829285,,,,59,0
2333,Proliferating microglia,Agl,Glycogen,0.42426368594169617,,,,59,0
2334,Proliferating microglia,Cs,TCA cycle,1.1017391681671143,,,,59,0
2335,Proliferating microglia,Idh2,TCA cycle,0.5878777503967285,,,,59,0
2336,Proliferating microglia,Ogdh,TCA cycle,1.0021476745605469,,,,59,0
2337,Proliferating microglia,Sdha,TCA cycle,1.3635311126708984,,,,59,0
2338,Proliferating microglia,Sdhb,TCA cycle,1.3979535102844238,,,,59,0
2339,Proliferating microglia,Fh1,TCA cycle,0.4811970293521881,,,,59,0
2340,Proliferating microglia,Got2,Anaplerosis / amino acids,0.451824426651001,,,,59,0
2341,Proliferating microglia,Glud1,Anaplerosis / amino acids,1.124026894569397,,,,59,0
2342,Proliferating microglia,Idh1,Anaplerosis / amino acids,0.5556696653366089,,,,59,0
2343,Proliferating microglia,Ndufs1,Oxidative phosphorylation,0.8836823105812073,,,,59,0
2344,Proliferating microglia,Atp5o,Oxidative phosphorylation,1.8589534759521484,,,,59,0
2345,Proliferating microglia,Ppargc1a,Mitochondrial biogenesis / dynamics,0.08805792778730392,,,,59,0
2346,Proliferating microglia,Tfam,Mitochondrial biogenesis / dynamics,0.21930982172489166,,,,59,0
2347,Proliferating microglia,Nrf1,Mitochondrial biogenesis / dynamics,0.39509251713752747,,,,59,0
2348,Proliferating microglia,Opa1,Mitochondrial biogenesis / dynamics,0.41912341117858887,,,,59,0
2349,Proliferating microglia,Mfn2,Mitochondrial biogenesis / dynamics,0.4591743052005768,,,,59,0
2350,Proliferating microglia,Dnm1l,Mitochondrial biogenesis / dynamics,0.8184633851051331,,,,59,0
2351,Proliferating microglia,Pink1,Mitochondrial biogenesis / dynamics,0.9651964902877808,,,,59,0
2352,Proliferating microglia,Prkn,Mitochondrial biogenesis / dynamics,0.045418575406074524,,,,59,0
2353,Proliferating microglia,Cd36,Fatty acid uptake / activation,0.903026819229126,,,,59,0
2354,Proliferating microglia,Fabp7,Fatty acid uptake / activation,1.1319166421890259,,,,59,0
2355,Proliferating microglia,Acsl1,Fatty acid uptake / activation,0.2916903495788574,,,,59,0
2356,Proliferating microglia,Acsl6,Fatty acid uptake / activation,0.6814320683479309,,,,59,0
2357,Proliferating microglia,Cpt1a,Fatty acid beta-oxidation,0.515453577041626,,,,59,0
2358,Proliferating microglia,Cpt1c,Fatty acid beta-oxidation,0.30721697211265564,,,,59,0
2359,Proliferating microglia,Cpt2,Fatty acid beta-oxidation,0.1992848664522171,,,,59,0
2360,Proliferating microglia,Slc25a20,Fatty acid beta-oxidation,0.31372329592704773,,,,59,0
2361,Proliferating microglia,Hadhb,Fatty acid beta-oxidation,0.5103820562362671,,,,59,0
2362,Proliferating microglia,Echs1,Fatty acid beta-oxidation,1.3578739166259766,,,,59,0
2363,Proliferating microglia,Acaa2,Fatty acid beta-oxidation,0.19577229022979736,,,,59,0
2364,Proliferating microglia,Decr1,Fatty acid beta-oxidation,0.3198619782924652,,,,59,0
2365,Proliferating microglia,Acox1,Fatty acid beta-oxidation,1.1925145387649536,,,,59,0
2366,Proliferating microglia,Ehhadh,Fatty acid beta-oxidation,0.058376211673021317,,,,59,0
2367,Proliferating microglia,Acly,Lipid synthesis,1.7382012605667114,,,,59,0
2368,Proliferating microglia,Acaca,Lipid synthesis,0.4856323301792145,,,,59,0
2369,Proliferating microglia,Fasn,Lipid synthesis,0.9187940359115601,,,,59,0
2370,Proliferating microglia,Elovl1,Lipid synthesis,0.6122902631759644,,,,59,0
2371,Proliferating microglia,Srebf1,Lipid synthesis,0.41538941860198975,,,,59,0
2372,Proliferating microglia,Mlxipl,Lipid synthesis,0.7374582886695862,,,,59,0
2373,Proliferating microglia,Hmgcr,Cholesterol synthesis,0.7947177290916443,,,,59,0
2374,Proliferating microglia,Lss,Cholesterol synthesis,0.19925479590892792,,,,59,0
2375,Proliferating microglia,Srebf2,Cholesterol synthesis,0.7193154096603394,,,,59,0
2376,Proliferating microglia,Ldlr,Cholesterol / lipid transport,0.2848735451698303,,,,59,0
2377,Proliferating microglia,Abca1,Cholesterol / lipid transport,1.2154725790023804,,,,59,0
2378,Proliferating microglia,Apod,Cholesterol / lipid transport,1.8689303398132324,,,,59,0
2379,Proliferating microglia,Lpl,Cholesterol / lipid transport,0.7024589776992798,,,,59,0
2380,Proliferating microglia,Nr1h2,Cholesterol / lipid transport,0.26147085428237915,,,,59,0
2381,Proliferating microglia,Nr1h3,Cholesterol / lipid transport,0.0969514548778534,,,,59,0
2382,Proliferating microglia,Plin2,Cholesterol / lipid transport,0.9817357659339905,,,,59,0
2383,Proliferating microglia,Plin4,Cholesterol / lipid transport,0.21933361887931824,,,,59,0
2384,Proliferating microglia,Ugt8a,Myelin lipid synthesis,0.5201162695884705,,,,59,0
2385,Proliferating microglia,Cers2,Myelin lipid synthesis,1.0253993272781372,,,,59,0
2386,Proliferating microglia,Hif1a,Nutrient sensing / regulators,1.4121326208114624,,,,59,0
2387,Proliferating microglia,Epas1,Nutrient sensing / regulators,0.814573347568512,,,,59,0
2388,Proliferating microglia,Prkaa1,Nutrient sensing / regulators,0.5083079934120178,,,,59,0
2389,Proliferating microglia,Prkaa2,Nutrient sensing / regulators,0.09004219621419907,,,,59,0
2390,Proliferating microglia,Mtor,Nutrient sensing / regulators,0.49237751960754395,,,,59,0
2391,Proliferating microglia,Rptor,Nutrient sensing / regulators,0.4780923128128052,,,,59,0
2392,Proliferating microglia,Tsc2,Nutrient sensing / regulators,0.6309760808944702,,,,59,0
2393,Proliferating microglia,Ddit4,Nutrient sensing / regulators,0.4526028037071228,,,,59,0
2394,Proliferating microglia,Txnip,Nutrient sensing / regulators,1.2470759153366089,,,,59,0
2395,Proliferating microglia,Sirt1,Nutrient sensing / regulators,0.12403477728366852,,,,59,0
2396,Proliferating microglia,Sirt3,Nutrient sensing / regulators,0.11932767927646637,,,,59,0
2397,Proliferating microglia,Ppara,Nutrient sensing / regulators,0.02236090414226055,,,,59,0
2398,Proliferating microglia,Pparg,Nutrient sensing / regulators,0.007174172438681126,,,,59,0
2399,Proliferating microglia,Nfe2l2,Nutrient sensing / regulators,1.3467968702316284,,,,59,0
2400,Dendritic cells,Bdh1,Ketone body synthesis,0.12317383289337158,,,,53,0
2401,Dendritic cells,Acss1,Ketone body utilisation,0.11067654192447662,,,,53,0
2402,Dendritic cells,Acss2,Ketone body utilisation,0.10101104527711868,,,,53,0
2403,Dendritic cells,Hcar2,Ketone / SCFA receptors,0.02825368195772171,,,,53,0
2404,Dendritic cells,Ffar3,Ketone / SCFA receptors,0.00029348477255553007,,,,53,0
2405,Dendritic cells,Ffar2,Ketone / SCFA receptors,0.09922409057617188,,,,53,0
2406,Dendritic cells,Slc16a1,Monocarboxylate transporters,0.42883366346359253,,,,53,0
2407,Dendritic cells,Slc16a3,Monocarboxylate transporters,0.5389257669448853,,,,53,0
2408,Dendritic cells,Slc2a1,Glucose transporters,0.6510922908782959,,,,53,0
2409,Dendritic cells,Slc2a3,Glucose transporters,0.08166678994894028,,,,53,0
2410,Dendritic cells,Slc2a4,Glucose transporters,0.09023565798997879,,,,53,0
2411,Dendritic cells,Hk1,Glycolysis,0.4780803322792053,,,,53,0
2412,Dendritic cells,Hk2,Glycolysis,0.5230134725570679,,,,53,0
2413,Dendritic cells,Gpi1,Glycolysis,0.8799876570701599,,,,53,0
2414,Dendritic cells,Pfkl,Glycolysis,0.6978215575218201,,,,53,0
2415,Dendritic cells,Pfkp,Glycolysis,0.8710591793060303,,,,53,0
2416,Dendritic cells,Pfkfb2,Glycolysis,0.10321855545043945,,,,53,0
2417,Dendritic cells,Aldoa,Glycolysis,2.5883426666259766,,,,53,0
2418,Dendritic cells,Aldoc,Glycolysis,0.5216007828712463,,,,53,0
2419,Dendritic cells,Tpi1,Glycolysis,1.0338571071624756,,,,53,0
2420,Dendritic cells,Pgk1,Glycolysis,0.9914113283157349,,,,53,0
2421,Dendritic cells,Eno1,Glycolysis,0.25433093309402466,,,,53,0
2422,Dendritic cells,Eno2,Glycolysis,0.742975115776062,,,,53,0
2423,Dendritic cells,Pkm,Glycolysis,1.2770830392837524,,,,53,0
2424,Dendritic cells,Ldha,Glycolysis,0.9261905550956726,,,,53,0
2425,Dendritic cells,Ldhb,Glycolysis,0.5930745601654053,,,,53,0
2426,Dendritic cells,Pdk1,Pyruvate fate,0.18333236873149872,,,,53,0
2427,Dendritic cells,Pdk4,Pyruvate fate,0.058714233338832855,,,,53,0
2428,Dendritic cells,Mpc1,Pyruvate fate,0.5067237019538879,,,,53,0
2429,Dendritic cells,Mpc2,Pyruvate fate,0.211565300822258,,,,53,0
2430,Dendritic cells,Pcx,Pyruvate fate,0.12588611245155334,,,,53,0
2431,Dendritic cells,G6pdx,Pentose phosphate pathway,0.04204123467206955,,,,53,0
2432,Dendritic cells,Pygb,Glycogen,0.427259236574173,,,,53,0
2433,Dendritic cells,Agl,Glycogen,0.21438921988010406,,,,53,0
2434,Dendritic cells,Cs,TCA cycle,0.8628052473068237,,,,53,0
2435,Dendritic cells,Idh2,TCA cycle,0.33874765038490295,,,,53,0
2436,Dendritic cells,Ogdh,TCA cycle,0.7625190615653992,,,,53,0
2437,Dendritic cells,Sdha,TCA cycle,0.9285129904747009,,,,53,0
2438,Dendritic cells,Sdhb,TCA cycle,0.8992202877998352,,,,53,0
2439,Dendritic cells,Fh1,TCA cycle,0.2697659134864807,,,,53,0
2440,Dendritic cells,Got2,Anaplerosis / amino acids,0.387127548456192,,,,53,0
2441,Dendritic cells,Glud1,Anaplerosis / amino acids,0.7871670126914978,,,,53,0
2442,Dendritic cells,Idh1,Anaplerosis / amino acids,0.8003571033477783,,,,53,0
2443,Dendritic cells,Ndufs1,Oxidative phosphorylation,0.5604179501533508,,,,53,0
2444,Dendritic cells,Atp5o,Oxidative phosphorylation,1.1816765069961548,,,,53,0
2445,Dendritic cells,Ppargc1a,Mitochondrial biogenesis / dynamics,0.026779303327202797,,,,53,0
2446,Dendritic cells,Tfam,Mitochondrial biogenesis / dynamics,0.1757582575082779,,,,53,0
2447,Dendritic cells,Nrf1,Mitochondrial biogenesis / dynamics,0.2468567192554474,,,,53,0
2448,Dendritic cells,Opa1,Mitochondrial biogenesis / dynamics,0.2826930582523346,,,,53,0
2449,Dendritic cells,Mfn2,Mitochondrial biogenesis / dynamics,0.35638806223869324,,,,53,0
2450,Dendritic cells,Dnm1l,Mitochondrial biogenesis / dynamics,0.9095256924629211,,,,53,0
2451,Dendritic cells,Pink1,Mitochondrial biogenesis / dynamics,0.6390179991722107,,,,53,0
2452,Dendritic cells,Prkn,Mitochondrial biogenesis / dynamics,0.01558982115238905,,,,53,0
2453,Dendritic cells,Cd36,Fatty acid uptake / activation,0.07593632489442825,,,,53,0
2454,Dendritic cells,Fabp7,Fatty acid uptake / activation,0.38179895281791687,,,,53,0
2455,Dendritic cells,Acsl1,Fatty acid uptake / activation,0.34990087151527405,,,,53,0
2456,Dendritic cells,Acsl6,Fatty acid uptake / activation,0.14945021271705627,,,,53,0
2457,Dendritic cells,Cpt1a,Fatty acid beta-oxidation,0.3914172947406769,,,,53,0
2458,Dendritic cells,Cpt1c,Fatty acid beta-oxidation,0.18065319955348969,,,,53,0
2459,Dendritic cells,Cpt2,Fatty acid beta-oxidation,0.1428915113210678,,,,53,0
2460,Dendritic cells,Slc25a20,Fatty acid beta-oxidation,0.442889004945755,,,,53,0
2461,Dendritic cells,Hadhb,Fatty acid beta-oxidation,0.35404321551322937,,,,53,0
2462,Dendritic cells,Echs1,Fatty acid beta-oxidation,0.671985924243927,,,,53,0
2463,Dendritic cells,Acaa2,Fatty acid beta-oxidation,0.21492484211921692,,,,53,0
2464,Dendritic cells,Decr1,Fatty acid beta-oxidation,0.2881998121738434,,,,53,0
2465,Dendritic cells,Acox1,Fatty acid beta-oxidation,0.7972065210342407,,,,53,0
2466,Dendritic cells,Ehhadh,Fatty acid beta-oxidation,0.030006757006049156,,,,53,0
2467,Dendritic cells,Acly,Lipid synthesis,1.10165536403656,,,,53,0
2468,Dendritic cells,Acaca,Lipid synthesis,0.21961283683776855,,,,53,0
2469,Dendritic cells,Fasn,Lipid synthesis,0.336340069770813,,,,53,0
2470,Dendritic cells,Elovl1,Lipid synthesis,0.34776538610458374,,,,53,0
2471,Dendritic cells,Srebf1,Lipid synthesis,0.256565123796463,,,,53,0
2472,Dendritic cells,Mlxipl,Lipid synthesis,0.02538812905550003,,,,53,0
2473,Dendritic cells,Hmgcr,Cholesterol synthesis,0.6187511682510376,,,,53,0
2474,Dendritic cells,Lss,Cholesterol synthesis,0.11754272878170013,,,,53,0
2475,Dendritic cells,Srebf2,Cholesterol synthesis,0.9847256541252136,,,,53,0
2476,Dendritic cells,Ldlr,Cholesterol / lipid transport,0.29214298725128174,,,,53,0
2477,Dendritic cells,Abca1,Cholesterol / lipid transport,0.7882416248321533,,,,53,0
2478,Dendritic cells,Apod,Cholesterol / lipid transport,2.435579299926758,,,,53,0
2479,Dendritic cells,Lpl,Cholesterol / lipid transport,0.19688284397125244,,,,53,0
2480,Dendritic cells,Nr1h2,Cholesterol / lipid transport,0.40268340706825256,,,,53,0
2481,Dendritic cells,Nr1h3,Cholesterol / lipid transport,0.25740352272987366,,,,53,0
2482,Dendritic cells,Plin2,Cholesterol / lipid transport,0.8214614391326904,,,,53,0
2483,Dendritic cells,Plin4,Cholesterol / lipid transport,0.06471650302410126,,,,53,0
2484,Dendritic cells,Ugt8a,Myelin lipid synthesis,0.18600018322467804,,,,53,0
2485,Dendritic cells,Cers2,Myelin lipid synthesis,0.6458892226219177,,,,53,0
2486,Dendritic cells,Hif1a,Nutrient sensing / regulators,1.4554500579833984,,,,53,0
2487,Dendritic cells,Epas1,Nutrient sensing / regulators,1.1665637493133545,,,,53,0
2488,Dendritic cells,Prkaa1,Nutrient sensing / regulators,0.39231860637664795,,,,53,0
2489,Dendritic cells,Prkaa2,Nutrient sensing / regulators,0.019012905657291412,,,,53,0
2490,Dendritic cells,Mtor,Nutrient sensing / regulators,0.40664345026016235,,,,53,0
2491,Dendritic cells,Rptor,Nutrient sensing / regulators,0.616814136505127,,,,53,0
2492,Dendritic cells,Tsc2,Nutrient sensing / regulators,0.4653448164463043,,,,53,0
2493,Dendritic cells,Ddit4,Nutrient sensing / regulators,0.707933247089386,,,,53,0
2494,Dendritic cells,Txnip,Nutrient sensing / regulators,1.460684061050415,,,,53,0
2495,Dendritic cells,Sirt1,Nutrient sensing / regulators,0.21204330027103424,,,,53,0
2496,Dendritic cells,Sirt3,Nutrient sensing / regulators,0.05170074477791786,,,,53,0
2497,Dendritic cells,Ppara,Nutrient sensing / regulators,0.0232301764190197,,,,53,0
2498,Dendritic cells,Pparg,Nutrient sensing / regulators,0.010976872406899929,,,,53,0
2499,Dendritic cells,Nfe2l2,Nutrient sensing / regulators,0.9966826438903809,,,,53,0
2500,Ependymal cells,Bdh1,Ketone body synthesis,0.7033392190933228,0.6871128678321838,0.0336251946262317,0.5733134694981489,90,15
2501,Ependymal cells,Acss1,Ketone body utilisation,0.20754782855510712,0.21904592216014862,-0.07742634563727567,0.6503400326979454,90,15
2502,Ependymal cells,Acss2,Ketone body utilisation,0.34726330637931824,0.4174014925956726,-0.26470952212840876,0.028293668407462957,90,15
2503,Ependymal cells,Hcar2,Ketone / SCFA receptors,0.01207382045686245,0.0017303787171840668,2.2595078106978765,0.08922215619285684,90,15
2504,Ependymal cells,Ffar3,Ketone / SCFA receptors,0.00032342629856429994,0.0,0.4042778535741869,0.7031796984520566,90,15
2505,Ependymal cells,Ffar2,Ketone / SCFA receptors,0.0006666271365247667,0.002538148546591401,-1.0860632440045057,0.1580607742203134,90,15
2506,Ependymal cells,Slc16a1,Monocarboxylate transporters,1.0242477655410767,0.751686155796051,0.4458522581672115,0.0006048383662880244,90,15
2507,Ependymal cells,Slc16a3,Monocarboxylate transporters,0.03378450870513916,0.015319018624722958,1.091890643585069,0.2942168821925484,90,15
2508,Ependymal cells,Slc2a1,Glucose transporters,1.958574891090393,2.0833237171173096,-0.08903864958421144,0.32042994406870295,90,15
2509,Ependymal cells,Slc2a3,Glucose transporters,0.19545117020606995,0.19507350027561188,0.002776195968679373,0.9926935582979914,90,15
2510,Ependymal cells,Slc2a4,Glucose transporters,0.18642520904541016,0.23826536536216736,-0.35229656473456017,0.09449003273725312,90,15
2511,Ependymal cells,Hk1,Glycolysis,0.7928818464279175,0.8138371109962463,-0.03758738120707118,0.5921616184040598,90,15
2512,Ependymal cells,Hk2,Glycolysis,0.17398276925086975,0.09009022265672684,0.9418447522378098,0.00420852276104105,90,15
2513,Ependymal cells,Gpi1,Glycolysis,0.8930391073226929,1.0160036087036133,-0.18591495372411854,0.015430058458370841,90,15
2514,Ependymal cells,Pfkl,Glycolysis,0.9827565550804138,0.8564116358757019,0.1983133477793396,0.10407025673677713,90,15
2515,Ependymal cells,Pfkp,Glycolysis,0.3858766257762909,0.5303396582603455,-0.45776083006334634,0.008700927859700317,90,15
2516,Ependymal cells,Pfkfb2,Glycolysis,0.465188592672348,0.4500051438808441,0.0477698150555303,0.6177253402338747,90,15
2517,Ependymal cells,Aldoa,Glycolysis,3.6967101097106934,3.6649701595306396,0.01243708326162569,0.2580823201917537,90,15
2518,Ependymal cells,Aldoc,Glycolysis,2.6125292778015137,1.9689974784851074,0.4078055379427374,0.00011346507611092764,90,15
2519,Ependymal cells,Tpi1,Glycolysis,1.2409604787826538,1.4545624256134033,-0.2289574491805587,0.01226104112913933,90,15
2520,Ependymal cells,Pgk1,Glycolysis,2.2274696826934814,2.174349069595337,0.03480641081973745,0.34323744611031903,90,15
2521,Ependymal cells,Eno1,Glycolysis,0.36167222261428833,0.3680114150047302,-0.024999193073645506,0.5795645141443658,90,15
2522,Ependymal cells,Eno2,Glycolysis,1.050307035446167,1.3070957660675049,-0.3152840932132177,0.020764672609714496,90,15
2523,Ependymal cells,Pkm,Glycolysis,1.9058905839920044,1.8294485807418823,0.05902481785824333,0.18881836573470634,90,15
2524,Ependymal cells,Ldha,Glycolysis,0.9092821478843689,0.7598202228546143,0.2587581933359539,0.28193124381604906,90,15
2525,Ependymal cells,Ldhb,Glycolysis,2.1679155826568604,2.5572190284729004,-0.2381658872202688,0.0001584642376749772,90,15
2526,Ependymal cells,Pdk1,Pyruvate fate,0.2200506031513214,0.2672424614429474,-0.2791609559572978,0.05622187597864422,90,15
2527,Ependymal cells,Pdk4,Pyruvate fate,0.1111406534910202,0.12613947689533234,-0.181102675573289,0.3594484165086017,90,15
2528,Ependymal cells,Mpc1,Pyruvate fate,0.5708925127983093,0.6606677174568176,-0.2103628747313437,0.1544548150835935,90,15
2529,Ependymal cells,Mpc2,Pyruvate fate,0.511478066444397,0.6831828951835632,-0.416891776650934,0.0036437080165098545,90,15
2530,Ependymal cells,Pcx,Pyruvate fate,0.3893664479255676,0.4907122552394867,-0.33298525445900956,0.029639440154191978,90,15
2531,Ependymal cells,G6pdx,Pentose phosphate pathway,0.028559597209095955,0.026576928794384003,0.10016481609376461,0.8342669720562509,90,15
2532,Ependymal cells,Pygb,Glycogen,1.7025901079177856,1.6912678480148315,0.009620325086410945,0.7870506711412716,90,15
2533,Ependymal cells,Agl,Glycogen,0.37688514590263367,0.35808753967285156,0.07361221714253352,0.23566987597052858,90,15
2534,Ependymal cells,Cs,TCA cycle,0.9320395588874817,0.9285882115364075,0.005346476075834797,0.8367590053252179,90,15
2535,Ependymal cells,Idh2,TCA cycle,1.9927304983139038,2.009699583053589,-0.012227138665646837,0.8224806256289648,90,15
2536,Ependymal cells,Ogdh,TCA cycle,1.5768195390701294,1.69644296169281,-0.10543088860655543,0.4610199719844055,90,15
2537,Ependymal cells,Sdha,TCA cycle,1.8219153881072998,2.065988779067993,-0.18128295768504327,0.016636123809706527,90,15
2538,Ependymal cells,Sdhb,TCA cycle,1.1139304637908936,1.2019193172454834,-0.10958614600280032,0.28604693184817787,90,15
2539,Ependymal cells,Fh1,TCA cycle,0.4476398825645447,0.525778591632843,-0.23163883860296564,0.1598261684053649,90,15
2540,Ependymal cells,Got2,Anaplerosis / amino acids,0.41400256752967834,0.48654767870903015,-0.23242304899142305,0.20797913090371267,90,15
2541,Ependymal cells,Glud1,Anaplerosis / amino acids,1.0752276182174683,1.2075114250183105,-0.16724787720324427,0.11844549753361006,90,15
2542,Ependymal cells,Idh1,Anaplerosis / amino acids,0.5225058794021606,0.5319681167602539,-0.02584349070554543,0.9890405573138628,90,15
2543,Ependymal cells,Ndufs1,Oxidative phosphorylation,1.032057523727417,1.1664741039276123,-0.17646995945709731,0.04741539100839024,90,15
2544,Ependymal cells,Atp5o,Oxidative phosphorylation,1.9470362663269043,2.087414503097534,-0.10038754657201167,0.2542476909109165,90,15
2545,Ependymal cells,Ppargc1a,Mitochondrial biogenesis / dynamics,0.40365761518478394,0.4508688151836395,-0.1592022501909844,0.3969634564998138,90,15
2546,Ependymal cells,Tfam,Mitochondrial biogenesis / dynamics,0.32376769185066223,0.35498949885368347,-0.13242656531326052,0.4554706716320812,90,15
2547,Ependymal cells,Nrf1,Mitochondrial biogenesis / dynamics,0.343589723110199,0.3892703354358673,-0.17959413135292895,0.2046876163007516,90,15
2548,Ependymal cells,Opa1,Mitochondrial biogenesis / dynamics,0.39028048515319824,0.479970246553421,-0.2977444911556279,0.013942007730616424,90,15
2549,Ependymal cells,Mfn2,Mitochondrial biogenesis / dynamics,0.6892780065536499,0.7227680683135986,-0.06834994105812928,0.31159089608836876,90,15
2550,Ependymal cells,Dnm1l,Mitochondrial biogenesis / dynamics,0.8939582109451294,1.107605218887329,-0.3088534803477017,0.00018344565000506026,90,15
2551,Ependymal cells,Pink1,Mitochondrial biogenesis / dynamics,2.247488498687744,2.3227651119232178,-0.04750874286601406,0.4444856619055967,90,15
2552,Ependymal cells,Prkn,Mitochondrial biogenesis / dynamics,0.11088407039642334,0.1165277287364006,-0.07099653131629044,0.6768825919265713,90,15
2553,Ependymal cells,Cd36,Fatty acid uptake / activation,0.05067566782236099,0.023047668859362602,1.1035880798747464,0.24105564771227295,90,15
2554,Ependymal cells,Fabp7,Fatty acid uptake / activation,0.7955593466758728,0.6678100228309631,0.2521853840735916,0.22499540415364616,90,15
2555,Ependymal cells,Acsl1,Fatty acid uptake / activation,0.07714543491601944,0.09073784947395325,-0.23135549141937012,0.37319520824591723,90,15
2556,Ependymal cells,Acsl6,Fatty acid uptake / activation,0.7834819555282593,0.9241612553596497,-0.2379645858677654,0.01748544911995611,90,15
2557,Ependymal cells,Cpt1a,Fatty acid beta-oxidation,0.46067747473716736,0.3865536153316498,0.25248943399367835,0.20798030941952228,90,15
2558,Ependymal cells,Cpt1c,Fatty acid beta-oxidation,0.44892069697380066,0.44282445311546326,0.019681577427155393,0.9452441138414206,90,15
2559,Ependymal cells,Cpt2,Fatty acid beta-oxidation,0.1917358785867691,0.16075849533081055,0.25278367778519356,0.2678424881998278,90,15
2560,Ependymal cells,Slc25a20,Fatty acid beta-oxidation,0.5164912939071655,0.4013218283653259,0.36318457649726105,0.019777053009372582,90,15
2561,Ependymal cells,Hadhb,Fatty acid beta-oxidation,0.7256981730461121,0.7513825297355652,-0.05011007065964152,0.5858473530475725,90,15
2562,Ependymal cells,Echs1,Fatty acid beta-oxidation,1.203440546989441,1.156848669052124,0.05691647647188146,0.44995916774672484,90,15
2563,Ependymal cells,Acaa2,Fatty acid beta-oxidation,0.47387415170669556,0.49221378564834595,-0.05466789484696123,0.7312964990227406,90,15
2564,Ependymal cells,Decr1,Fatty acid beta-oxidation,0.4575079083442688,0.47486215829849243,-0.053597114847288053,0.5858473530475725,90,15
2565,Ependymal cells,Acox1,Fatty acid beta-oxidation,1.5300617218017578,1.4607421159744263,0.06684363343506852,0.21807372972733807,90,15
2566,Ependymal cells,Ehhadh,Fatty acid beta-oxidation,0.028725214302539825,0.029231419786810875,-0.024361524160073363,0.8108278214708231,90,15
2567,Ependymal cells,Acly,Lipid synthesis,1.2610348463058472,1.2515076398849487,0.010932342009445636,0.8510913659774484,90,15
2568,Ependymal cells,Acaca,Lipid synthesis,0.45381850004196167,0.5435826182365417,-0.25985999777672125,0.04741539100839024,90,15
2569,Ependymal cells,Fasn,Lipid synthesis,1.3331705331802368,1.3774555921554565,-0.04710970768538561,0.7312964990227406,90,15
2570,Ependymal cells,Elovl1,Lipid synthesis,0.1988295614719391,0.1672387421131134,0.24826005325526337,0.26982110002047033,90,15
2571,Ependymal cells,Srebf1,Lipid synthesis,1.8176418542861938,1.6474517583847046,0.1417497931309029,0.12963447149779608,90,15
2572,Ependymal cells,Mlxipl,Lipid synthesis,0.05641384795308113,0.045567866414785385,0.3020639660360008,0.6865309343271591,90,15
2573,Ependymal cells,Hmgcr,Cholesterol synthesis,0.7035558223724365,0.791411817073822,-0.1695363783605865,0.07341115665957382,90,15
2574,Ependymal cells,Lss,Cholesterol synthesis,0.30647334456443787,0.34279972314834595,-0.16110703709814905,0.23207261095689646,90,15
2575,Ependymal cells,Srebf2,Cholesterol synthesis,1.6468647718429565,1.7943130731582642,-0.12363759234861078,0.05862473174629264,90,15
2576,Ependymal cells,Ldlr,Cholesterol / lipid transport,0.11263535916805267,0.1306883692741394,-0.21271611365906776,0.3966132093065363,90,15
2577,Ependymal cells,Abca1,Cholesterol / lipid transport,1.1094859838485718,0.9507560729980469,0.22252740829819254,0.07051615998657265,90,15
2578,Ependymal cells,Apod,Cholesterol / lipid transport,0.6291629672050476,0.4546845555305481,0.46768949969296914,0.02342388770495009,90,15
2579,Ependymal cells,Lpl,Cholesterol / lipid transport,0.05433318391442299,0.027823593467473984,0.9408947309419391,0.04007082740452548,90,15
2580,Ependymal cells,Nr1h2,Cholesterol / lipid transport,0.33174026012420654,0.33713430166244507,-0.023199939660223642,0.843918725619526,90,15
2581,Ependymal cells,Nr1h3,Cholesterol / lipid transport,0.13087016344070435,0.07296649366617203,0.8341743890379921,0.007389224786174503,90,15
2582,Ependymal cells,Plin2,Cholesterol / lipid transport,0.498823344707489,0.40244370698928833,0.30905089891073784,0.021795012923528596,90,15
2583,Ependymal cells,Plin4,Cholesterol / lipid transport,0.6413933038711548,0.8063806295394897,-0.3297921197969787,0.012582103604045455,90,15
2584,Ependymal cells,Ugt8a,Myelin lipid synthesis,0.21953104436397552,0.325042724609375,-0.5640792678467759,0.005296473572632879,90,15
2585,Ependymal cells,Cers2,Myelin lipid synthesis,0.8728346824645996,0.9654406905174255,-0.14532083099664625,0.0719517327465569,90,15
2586,Ependymal cells,Hif1a,Nutrient sensing / regulators,0.7669477462768555,0.7506645321846008,0.030919217639596777,0.3969634564998138,90,15
2587,Ependymal cells,Epas1,Nutrient sensing / regulators,0.8180134892463684,0.8216652274131775,-0.0064182512443689286,0.7941040196251062,90,15
2588,Ependymal cells,Prkaa1,Nutrient sensing / regulators,0.6361780166625977,0.5529412031173706,0.2019636404898444,0.05862473174629264,90,15
2589,Ependymal cells,Prkaa2,Nutrient sensing / regulators,0.18109264969825745,0.235493466258049,-0.3771276378844318,0.0763950218126501,90,15
2590,Ependymal cells,Mtor,Nutrient sensing / regulators,0.5818548798561096,0.6680875420570374,-0.19905825890133833,0.04741539100839024,90,15
2591,Ependymal cells,Rptor,Nutrient sensing / regulators,0.5636115074157715,0.653997004032135,-0.2142297749223169,0.16256426142352065,90,15
2592,Ependymal cells,Tsc2,Nutrient sensing / regulators,0.8573071956634521,0.945452094078064,-0.14103539052075817,0.1416272987042312,90,15
2593,Ependymal cells,Ddit4,Nutrient sensing / regulators,0.8374052047729492,0.7732452154159546,0.1148571105333007,0.38683488941057476,90,15
2594,Ependymal cells,Txnip,Nutrient sensing / regulators,1.162963628768921,1.0947259664535522,0.0871589427158439,0.44995916774672484,90,15
2595,Ependymal cells,Sirt1,Nutrient sensing / regulators,0.18543241918087006,0.24832524359226227,-0.41937620418038885,0.022868148172210633,90,15
2596,Ependymal cells,Sirt3,Nutrient sensing / regulators,0.36665815114974976,0.3352225124835968,0.12894864400995773,0.3029128915319438,90,15
2597,Ependymal cells,Ppara,Nutrient sensing / regulators,0.027325574308633804,0.032299816608428955,-0.23340902461394622,0.4864519534090149,90,15
2598,Ependymal cells,Pparg,Nutrient sensing / regulators,0.004854402504861355,0.0,2.549521938060457,0.13791824768319821,90,15
2599,Ependymal cells,Nfe2l2,Nutrient sensing / regulators,0.460540235042572,0.4465038478374481,0.04455633378063035,0.5921616184040598,90,15
